param,Mean,MCSE,StdDev,MAD,5%,50%,95%,ESS_bulk,ESS_tail,ESS_bulk/s,R_hat,participant_id,model
lp__,404.497,0.0578228,2.05617,1.93631,400.588,404.823,407.193,1314.12,2253.66,5.69282,1.00039,2,c_only
c[1],-0.896313,0.00327481,0.105515,0.10913,-1.06531,-0.899481,-0.72208,1047.62,1859.88,4.53831,1.00282,2,c_only
c[2],0.0631328,0.00333135,0.107276,0.11073,-0.110973,0.0623315,0.242051,1050.63,1641.53,4.55139,1.00203,2,c_only
c[3],0.272394,0.00343557,0.106494,0.109776,0.0995361,0.27091,0.450244,981.935,1742.2,4.25378,1.00282,2,c_only
d,0.860244,0.0014886,0.0647726,0.0640717,0.757145,0.857402,0.968448,1923.41,2367.28,8.3323,1.00052,2,c_only
t0,0.0914382,0.00119795,0.0371373,0.0388942,0.0245656,0.0942917,0.147883,969.619,1445.39,4.20043,1.00329,2,c_only
B,4.25447,0.0180668,0.613213,0.63882,3.33501,4.21392,5.31937,1160.91,1783.46,5.02911,1.00193,2,c_only
r,16.2171,0.0377669,1.46673,1.42139,13.9501,16.1583,18.7291,1547.24,1854.56,6.70272,1.00098,2,c_only
p_lapse,0.166839,0.000460624,0.0225037,0.0228559,0.130524,0.166246,0.205079,2398.57,2452.39,10.3907,1.0009,2,c_only
c_vec[1],-0.896313,0.00327481,0.105515,0.10913,-1.06531,-0.899481,-0.72208,1047.62,1859.88,4.53831,1.00282,2,c_only
c_vec[2],0.0631328,0.00333135,0.107276,0.11073,-0.110973,0.0623315,0.242051,1050.63,1641.53,4.55139,1.00203,2,c_only
c_vec[3],0.272394,0.00343557,0.106494,0.109776,0.0995361,0.27091,0.450244,981.935,1742.2,4.25378,1.00282,2,c_only
d_vec[1],0.860244,0.0014886,0.0647726,0.0640717,0.757145,0.857402,0.968448,1923.41,2367.28,8.3323,1.00052,2,c_only
d_vec[2],0.860244,0.0014886,0.0647726,0.0640717,0.757145,0.857402,0.968448,1923.41,2367.28,8.3323,1.00052,2,c_only
d_vec[3],0.860244,0.0014886,0.0647726,0.0640717,0.757145,0.857402,0.968448,1923.41,2367.28,8.3323,1.00052,2,c_only
pk[1],0.906316,0.00055589,0.0186753,0.0185592,0.8739,0.908051,0.933615,1133.82,1910.3,4.91177,1.00272,2,c_only
pk[2],0.642426,0.00120044,0.0395715,0.040411,0.575384,0.643969,0.705313,1098.89,1867.83,4.76042,1.00219,2,c_only
pk[3],0.562341,0.00128722,0.0407662,0.0424992,0.495251,0.562969,0.628168,1011.28,1870.38,4.38089,1.00316,2,c_only
pf[1],0.67846,0.00122575,0.0394813,0.0403378,0.611623,0.679378,0.740559,1048.76,1805.53,4.54326,1.00243,2,c_only
pf[2],0.312119,0.00125714,0.0411719,0.0426787,0.244394,0.31136,0.380081,1084.12,1807.13,4.69647,1.00151,2,c_only
pf[3],0.242705,0.00114828,0.036585,0.0377768,0.183801,0.24234,0.303985,1030.64,1833.88,4.46476,1.00211,2,c_only
vk[1],14.6833,0.0288544,1.19219,1.1714,12.7937,14.6596,16.7287,1737.25,2053.48,7.52585,1.00083,2,c_only
vk[2],10.3954,0.0218579,0.904055,0.880079,8.94274,10.3508,11.9389,1728.24,2057.66,7.4868,1.00083,2,c_only
vk[3],9.09724,0.0211483,0.840937,0.825913,7.74946,9.07076,10.5031,1600.91,2155.54,6.93522,1.00105,2,c_only
vf[1],10.986,0.0254615,1.01293,0.964862,9.34545,10.9691,12.6792,1604.8,2316.25,6.95204,1.0012,2,c_only
vf[2],5.05381,0.0208674,0.758046,0.758844,3.84713,5.03565,6.31425,1326.01,1705.67,5.74432,1.00193,2,c_only
vf[3],3.9305,0.0187803,0.659409,0.661167,2.89076,3.90464,5.05152,1211.8,1938.45,5.24956,1.00106,2,c_only
sigma_k[1],1.16776,0.00410817,0.138839,0.141077,0.951193,1.16141,1.41263,1163.97,1596.35,5.04235,1.00222,2,c_only
sigma_k[2],1.92181,0.0031894,0.113619,0.112309,1.73774,1.92041,2.11091,1285.88,1728.23,5.5705,1.0017,2,c_only
sigma_k[3],1.98925,0.0026709,0.099115,0.0967035,1.82785,1.98839,2.15422,1398.01,1758.02,6.05624,1.00146,2,c_only
sigma_f[1],1.87207,0.00337274,0.116912,0.11635,1.68217,1.87087,2.07126,1219.89,1893.34,5.28462,1.00203,2,c_only
sigma_f[2],1.85503,0.00264385,0.101463,0.0974792,1.68567,1.85654,2.02109,1497.73,2010.92,6.48822,1.00099,2,c_only
sigma_f[3],1.71569,0.00312709,0.11247,0.109913,1.52709,1.71937,1.89716,1319.77,1766.36,5.7173,1.00183,2,c_only
log_lik[1],1.27642,0.00213323,0.113398,0.110861,1.08071,1.28291,1.44942,2882.89,3137.99,12.4888,1.00008,2,c_only
log_lik[2],1.01796,0.00108207,0.0625003,0.063096,0.913724,1.01923,1.11869,3375.95,3091.54,14.6248,1.00108,2,c_only
log_lik[3],1.04065,0.00103303,0.0605134,0.0607132,0.940022,1.04177,1.13837,3473.28,2977.82,15.0464,1.00106,2,c_only
log_lik[4],1.09412,0.000900782,0.0549489,0.0548477,1.00265,1.09482,1.18293,3788.83,3163.2,16.4134,1.00092,2,c_only
log_lik[5],0.350255,0.00189328,0.0956737,0.095296,0.189844,0.351139,0.503915,2609.55,2635.65,11.3047,1.0007,2,c_only
log_lik[6],0.870714,0.00133578,0.0726917,0.0737241,0.749664,0.871375,0.989536,2977.82,2626.01,12.9,1.00115,2,c_only
log_lik[7],1.12352,0.000709319,0.0366493,0.0362769,1.06253,1.12381,1.18326,2699.94,2875.65,11.6962,1.00056,2,c_only
log_lik[8],0.808396,0.00105374,0.0624521,0.0625233,0.700546,0.808777,0.909369,3556.64,3067.58,15.4075,1.0002,2,c_only
log_lik[9],1.28327,0.00212349,0.112777,0.110105,1.08869,1.28972,1.45549,2878.38,3125.23,12.4693,1.00009,2,c_only
log_lik[10],1.90681,0.000858649,0.0512954,0.0512201,1.82132,1.90678,1.99094,3563.31,3343.59,15.4364,1.0009,2,c_only
log_lik[11],0.817132,0.000976512,0.039324,0.0401406,0.751184,0.818323,0.880538,1617.02,2160.81,7.00501,1.00169,2,c_only
log_lik[12],0.32366,0.00188318,0.0972036,0.0974902,0.161278,0.325271,0.479573,2678.18,2658.43,11.602,1.00093,2,c_only
log_lik[13],0.751192,0.00118895,0.0679886,0.06773,0.633158,0.752658,0.859921,3304.26,3052.2,14.3142,0.999969,2,c_only
log_lik[14],1.93496,0.000817425,0.0508813,0.0507217,1.84981,1.93508,2.01831,3865.86,3150.18,16.7471,1.0009,2,c_only
log_lik[15],1.15377,0.000678128,0.0406666,0.0411046,1.08652,1.15388,1.21937,3631.31,3301.21,15.731,1.0004,2,c_only
log_lik[16],0.945036,0.000760601,0.0378037,0.03752,0.881439,0.946141,1.00673,2531.79,2960.57,10.9678,1.00154,2,c_only
log_lik[17],0.802313,0.00106886,0.0630762,0.0632642,0.693302,0.803067,0.903753,3523.54,3092.07,15.2641,1.00016,2,c_only
log_lik[18],0.973799,0.000927816,0.0394492,0.0402823,0.907259,0.974681,1.03684,1797.56,2610.42,7.7871,1.00175,2,c_only
log_lik[19],1.01503,0.00192864,0.114413,0.113974,0.822918,1.01879,1.19346,3527.46,3433.34,15.2811,1.0007,2,c_only
log_lik[20],0.748833,0.00100316,0.0421439,0.0435058,0.678207,0.750459,0.81598,1765.74,2362.97,7.64925,1.00154,2,c_only
log_lik[21],-1.36465,0.00280595,0.135874,0.137352,-1.59853,-1.35862,-1.14868,2403.38,2443.93,10.4116,1.00091,2,c_only
log_lik[22],0.792374,0.00109317,0.064076,0.0641207,0.681789,0.793394,0.894933,3474.41,3067.73,15.0513,1.00012,2,c_only
log_lik[23],1.56821,0.00132649,0.070061,0.0706271,1.44926,1.56951,1.68007,2805.54,3260.3,12.1537,1.00082,2,c_only
log_lik[24],0.988253,0.00114139,0.0648807,0.066228,0.87965,0.989096,1.09426,3262.69,2890.13,14.1341,1.00109,2,c_only
log_lik[25],0.782053,0.00111791,0.0650898,0.0649767,0.669795,0.78347,0.886507,3426.0,3068.25,14.8416,1.00001,2,c_only
log_lik[26],1.00573,0.00110712,0.0635075,0.0644276,0.899612,1.00689,1.10884,3329.29,3029.26,14.4226,1.00108,2,c_only
log_lik[27],1.92792,0.00082705,0.0509365,0.0507043,1.84318,1.92798,2.01131,3781.58,3254.29,16.382,1.0009,2,c_only
log_lik[28],0.803253,0.00142629,0.0764212,0.0770154,0.675169,0.804262,0.927447,2883.57,2463.62,12.4918,1.00112,2,c_only
log_lik[29],1.92518,0.00083084,0.0509682,0.0507012,1.84009,1.92515,2.00881,3749.89,3312.95,16.2447,1.0009,2,c_only
log_lik[30],1.50403,0.00140144,0.0748484,0.075218,1.37525,1.50584,1.62307,2869.61,3273.58,12.4313,1.00079,2,c_only
log_lik[31],1.66162,0.00152058,0.0792808,0.0797248,1.52516,1.66533,1.78329,2797.92,3096.96,12.1207,1.00038,2,c_only
log_lik[32],1.66827,0.00120379,0.0630936,0.0630649,1.5619,1.66807,1.77107,2763.17,3364.09,11.9702,1.00087,2,c_only
log_lik[33],-1.36104,0.00277644,0.134555,0.13552,-1.59453,-1.35563,-1.14805,2407.21,2453.06,10.4281,1.00092,2,c_only
log_lik[34],1.14594,0.000679526,0.0385371,0.0387102,1.08187,1.14624,1.20745,3243.85,3271.73,14.0525,1.0004,2,c_only
log_lik[35],0.910965,0.00127528,0.0702426,0.0710005,0.794339,0.911442,1.02542,3053.32,2764.35,13.2271,1.00116,2,c_only
log_lik[36],-0.0355001,0.00228937,0.114807,0.114373,-0.22371,-0.0332728,0.15039,2538.46,2721.79,10.9967,1.00032,2,c_only
log_lik[37],0.937291,0.000790651,0.0371182,0.0367688,0.875167,0.938574,0.998292,2253.31,2891.55,9.76145,1.00144,2,c_only
log_lik[38],0.916331,0.000757126,0.0488637,0.0488823,0.831547,0.916691,0.994762,4319.36,2804.33,18.7117,1.0004,2,c_only
log_lik[39],0.691472,0.0013152,0.0731336,0.0723629,0.565498,0.692568,0.810413,3121.35,2949.45,13.5218,0.999939,2,c_only
log_lik[40],-1.35962,0.00276581,0.134082,0.135221,-1.59268,-1.35441,-1.14654,2407.69,2469.82,10.4302,1.00092,2,c_only
log_lik[41],0.779071,0.00277338,0.157789,0.154777,0.504603,0.790252,1.02173,3256.37,3163.03,14.1067,0.999943,2,c_only
log_lik[42],0.899389,0.00080485,0.0514967,0.0512823,0.810931,0.899313,0.981838,4213.96,2988.31,18.255,1.00011,2,c_only
log_lik[43],1.15394,0.000678485,0.0407736,0.0412118,1.08667,1.15404,1.21975,3649.0,3301.21,15.8076,1.0004,2,c_only
log_lik[44],0.57227,0.00168919,0.0869939,0.0867799,0.424342,0.57377,0.712586,2702.52,2548.53,11.7074,1.00093,2,c_only
log_lik[45],1.03574,0.00104393,0.0609571,0.061391,0.934292,1.03675,1.13415,3450.77,3025.23,14.9489,1.00107,2,c_only
log_lik[46],0.552089,0.00170863,0.0878177,0.0869807,0.402729,0.553226,0.693567,2688.28,2582.6,11.6457,1.00092,2,c_only
log_lik[47],1.90597,0.000860036,0.0513143,0.0512283,1.82052,1.90588,1.99018,3556.79,3315.24,15.4082,1.0009,2,c_only
log_lik[48],0.620839,0.00164079,0.0849635,0.0849639,0.476963,0.622899,0.757208,2732.54,2590.91,11.8375,1.00099,2,c_only
log_lik[49],1.14912,0.000720311,0.0454752,0.0453835,1.07409,1.14917,1.22197,4022.04,3239.13,17.4237,1.00056,2,c_only
log_lik[50],1.79993,0.00102543,0.0553773,0.0548781,1.70844,1.79969,1.8901,2916.13,3323.32,12.6328,1.00091,2,c_only
log_lik[51],0.888908,0.00205773,0.124607,0.12386,0.680957,0.892451,1.08424,3684.9,3317.61,15.9631,1.00069,2,c_only
log_lik[52],1.03794,0.00103907,0.0607596,0.0610804,0.936943,1.03895,1.13599,3459.22,2977.82,14.9855,1.00106,2,c_only
log_lik[53],0.921305,0.000746869,0.0480148,0.0477091,0.838217,0.921546,0.998901,4279.48,2786.16,18.5389,1.00047,2,c_only
log_lik[54],0.936822,0.000718505,0.0449746,0.0440951,0.860213,0.937114,1.00975,4049.57,2870.53,17.5429,1.00054,2,c_only
log_lik[55],0.786446,0.00110744,0.0646613,0.0645844,0.674697,0.787561,0.890008,3446.85,3067.8,14.9319,1.00007,2,c_only
log_lik[56],0.949338,0.000736335,0.0387599,0.0382339,0.884222,0.950236,1.01306,2841.06,3020.62,12.3076,1.00131,2,c_only
log_lik[57],1.59195,0.0012981,0.0683456,0.0689087,1.47556,1.59313,1.70179,2788.2,3232.21,12.0786,1.00083,2,c_only
log_lik[58],0.774508,0.00105427,0.0504921,0.0507543,0.689556,0.776195,0.853176,2247.23,2831.11,9.73511,1.00194,2,c_only
log_lik[59],0.633409,0.00142581,0.0776755,0.076714,0.500039,0.63445,0.75972,2990.57,3027.89,12.9553,1.0004,2,c_only
log_lik[60],0.921674,0.000833126,0.0366884,0.0363165,0.86013,0.922475,0.981432,1961.05,2640.67,8.49537,1.00121,2,c_only
log_lik[61],-1.36637,0.00282183,0.136587,0.138267,-1.60111,-1.36074,-1.15098,2400.77,2460.06,10.4003,1.00091,2,c_only
log_lik[62],1.202,0.00173288,0.0990495,0.0991096,1.03291,1.20642,1.3571,3281.78,3413.71,14.2168,1.00071,2,c_only
log_lik[63],0.520404,0.0016141,0.0855534,0.0843372,0.37508,0.521313,0.657871,2823.95,2962.05,12.2335,1.0007,2,c_only
log_lik[64],-1.2795,0.00244906,0.122265,0.120596,-1.48256,-1.27631,-1.0855,2524.56,2645.9,10.9365,1.00116,2,c_only
log_lik[65],1.13048,0.000699309,0.0370113,0.0370702,1.06897,1.13057,1.19068,2840.3,2943.52,12.3043,1.0005,2,c_only
log_lik[66],1.14944,0.000718901,0.0453678,0.045313,1.07446,1.14945,1.22223,4019.22,3239.13,17.4114,1.00055,2,c_only
log_lik[67],-1.20301,0.0027454,0.137207,0.130554,-1.42467,-1.20249,-0.974441,2521.88,3046.01,10.9249,1.0013,2,c_only
log_lik[68],0.594934,0.00104374,0.0491559,0.0497525,0.512294,0.59619,0.672427,2228.19,2911.5,9.6526,1.00099,2,c_only
log_lik[69],0.647407,0.00161314,0.0838193,0.0835201,0.506474,0.649133,0.78216,2746.55,2563.7,11.8982,1.00101,2,c_only
log_lik[70],0.788488,0.00144455,0.077186,0.0774225,0.659274,0.789499,0.913896,2868.37,2464.13,12.4259,1.00112,2,c_only
log_lik[71],0.202189,0.00202674,0.103532,0.10362,0.030564,0.203618,0.370021,2628.51,2588.13,11.3868,1.00077,2,c_only
log_lik[72],1.06791,0.00187379,0.110083,0.109201,0.880412,1.07263,1.24027,3461.49,3494.34,14.9953,1.00071,2,c_only
log_lik[73],0.637453,0.00141845,0.0773715,0.076438,0.504557,0.638473,0.763402,2998.72,2946.12,12.9906,1.00037,2,c_only
log_lik[74],1.87207,0.00091533,0.052297,0.0519829,1.7837,1.87201,1.95765,3258.55,3293.79,14.1162,1.0009,2,c_only
log_lik[75],1.40039,0.00195201,0.102203,0.0996122,1.22455,1.40825,1.55808,2807.77,3097.01,12.1634,1.00016,2,c_only
log_lik[76],0.417928,0.00176153,0.0918834,0.0920309,0.263426,0.41873,0.566013,2734.86,2679.24,11.8475,1.00076,2,c_only
log_lik[77],1.54385,0.00135523,0.0718543,0.0720959,1.42084,1.54517,1.65852,2829.55,3360.15,12.2577,1.00082,2,c_only
log_lik[78],1.79319,0.00125991,0.0683117,0.0690213,1.67846,1.79618,1.8992,3022.19,3178.13,13.0922,1.00058,2,c_only
log_lik[79],-0.060848,0.00230455,0.111913,0.110725,-0.246738,-0.0583793,0.118801,2429.75,2479.88,10.5258,1.00035,2,c_only
log_lik[80],0.784612,0.000992393,0.0406276,0.0419578,0.716562,0.786307,0.850233,1673.8,2227.72,7.25099,1.00164,2,c_only
log_lik[81],-1.27436,0.00243915,0.122092,0.120683,-1.47735,-1.27189,-1.07964,2536.38,2701.14,10.9877,1.00118,2,c_only
log_lik[82],1.08175,0.000933869,0.0563834,0.055711,0.988309,1.08241,1.17241,3701.48,3039.41,16.035,1.00098,2,c_only
log_lik[83],-0.188632,0.00359644,0.215905,0.215072,-0.548605,-0.184853,0.158767,3626.77,3273.23,15.7113,1.00002,2,c_only
log_lik[84],0.968224,0.00117868,0.0663716,0.0675295,0.85756,0.968969,1.07703,3195.68,2827.58,13.8438,1.00112,2,c_only
log_lik[85],1.15433,0.00067966,0.0410734,0.0413385,1.08684,1.15454,1.22114,3688.61,3301.26,15.9792,1.0004,2,c_only
log_lik[86],0.927236,0.00081992,0.0367639,0.0361309,0.865756,0.927892,0.98719,2031.39,2615.43,8.80005,1.00117,2,c_only
log_lik[87],0.891799,0.000827083,0.0525808,0.0524699,0.801032,0.891897,0.976218,4153.97,3013.35,17.9952,1.00013,2,c_only
log_lik[88],0.54336,0.00239325,0.150634,0.151751,0.287551,0.546173,0.782169,3993.34,2893.43,17.2993,1.0007,2,c_only
log_lik[89],1.15481,0.000684752,0.0419908,0.0422949,1.08583,1.15487,1.22307,3795.16,3388.23,16.4408,1.00043,2,c_only
log_lik[90],0.80012,0.0014302,0.0765848,0.0772302,0.671704,0.801114,0.924195,2880.24,2463.62,12.4773,1.00112,2,c_only
log_lik[91],-1.15709,0.00281976,0.144108,0.136632,-1.38801,-1.15892,-0.914952,2635.6,3173.16,11.4175,1.00118,2,c_only
log_lik[92],1.12594,0.000805622,0.0505114,0.0500389,1.04096,1.12666,1.207,3998.13,3171.76,17.3201,1.00077,2,c_only
log_lik[93],-0.670296,0.00216034,0.133247,0.131542,-0.899158,-0.666472,-0.455746,3839.31,3291.58,16.6321,1.00034,2,c_only
log_lik[94],0.918415,0.00126346,0.0697671,0.0705403,0.802553,0.919163,1.03226,3069.72,2900.89,13.2982,1.00116,2,c_only
log_lik[95],0.879313,0.000863222,0.0542699,0.0541177,0.786207,0.879189,0.966448,4047.07,3116.15,17.5321,1.00019,2,c_only
log_lik[96],0.919409,0.000750724,0.0483436,0.0481455,0.835799,0.919722,0.997473,4301.41,2786.16,18.6339,1.00042,2,c_only
log_lik[97],1.30346,0.00162425,0.0907385,0.0914364,1.14805,1.30742,1.44549,3134.41,3427.14,13.5784,1.00075,2,c_only
log_lik[98],1.06055,0.000809558,0.0364138,0.0365365,0.999777,1.06088,1.11976,2026.85,2452.51,8.7804,1.00116,2,c_only
log_lik[99],1.15107,0.000711355,0.0447686,0.0447834,1.07667,1.15123,1.22348,3997.29,3295.94,17.3164,1.00052,2,c_only
log_lik[100],0.793804,0.00143803,0.0769125,0.0773274,0.664815,0.79477,0.918642,2874.22,2464.13,12.4513,1.00112,2,c_only
log_lik[101],1.14657,0.00067901,0.0386384,0.0387308,1.08205,1.14687,1.20812,3266.43,3271.73,14.1503,1.0004,2,c_only
log_lik[102],1.12689,0.000704467,0.0368083,0.0366209,1.06566,1.127,1.18727,2761.96,2897.88,11.9649,1.00053,2,c_only
log_lik[103],0.904427,0.00087148,0.036742,0.0367677,0.843073,0.904823,0.96381,1782.51,2424.94,7.72192,1.0014,2,c_only
log_lik[104],1.72889,0.00112464,0.0592829,0.0587046,1.62909,1.72809,1.82564,2787.29,3160.89,12.0746,1.00089,2,c_only
log_lik[105],1.41312,0.00150414,0.0819185,0.0818409,1.27251,1.41675,1.54239,2979.91,3428.69,12.9091,1.00077,2,c_only
log_lik[106],0.851843,0.000940152,0.057674,0.058079,0.752244,0.851642,0.944455,3830.95,3117.18,16.5958,1.00012,2,c_only
log_lik[107],0.810826,0.00273591,0.155061,0.151413,0.54184,0.821798,1.04866,3234.74,3238.77,14.013,0.999942,2,c_only
log_lik[108],0.886839,0.000841516,0.0532647,0.0529441,0.79542,0.886823,0.972032,4111.59,3012.55,17.8116,1.0002,2,c_only
log_lik[109],0.784612,0.000992393,0.0406276,0.0419578,0.716562,0.786307,0.850233,1673.8,2227.72,7.25099,1.00164,2,c_only
log_lik[110],1.23044,0.00170263,0.0967118,0.0976603,1.06518,1.2351,1.38159,3238.82,3354.14,14.0307,1.00072,2,c_only
log_lik[111],0.2052,0.00335805,0.200335,0.196646,-0.135665,0.213113,0.518468,3570.59,3279.17,15.468,0.999939,2,c_only
log_lik[112],1.62263,0.0012608,0.0661825,0.0667386,1.51048,1.62312,1.73013,2770.35,3184.41,12.0013,1.00085,2,c_only
log_lik[113],0.826746,0.000970454,0.0389581,0.0396581,0.761369,0.827816,0.889849,1609.31,2172.63,6.9716,1.00169,2,c_only
log_lik[114],0.688595,0.00132094,0.0733683,0.0726291,0.562099,0.689705,0.807804,3113.86,2997.45,13.4894,0.999966,2,c_only
log_lik[115],1.85151,0.00112738,0.0635545,0.0647278,1.74581,1.8533,1.9507,3259.93,3191.22,14.1222,1.00065,2,c_only
log_lik[116],0.490212,0.00165951,0.0874874,0.0860592,0.342365,0.491145,0.630994,2792.88,2830.77,12.0989,1.00072,2,c_only
log_lik[117],1.34333,0.00203683,0.107342,0.105066,1.15813,1.35029,1.50821,2839.75,2964.66,12.3019,1.00012,2,c_only
log_lik[118],0.929489,0.000731273,0.0465056,0.0457559,0.849015,0.929809,1.00521,4184.07,2982.41,18.1256,1.00045,2,c_only
log_lik[119],0.73847,0.0015094,0.0796645,0.0795565,0.605016,0.738979,0.867456,2823.15,2366.64,12.23,1.00108,2,c_only
log_lik[120],1.153,0.000677122,0.0402751,0.0406311,1.08607,1.15321,1.21817,3571.27,3243.14,15.4709,1.00039,2,c_only
log_lik[121],0.927349,0.000735157,0.0469164,0.0462144,0.846145,0.927671,1.00376,4211.23,2959.42,18.2432,1.00046,2,c_only
log_lik[122],-0.0588639,0.00353945,0.212585,0.211272,-0.414922,-0.0541717,0.280291,3622.45,3417.89,15.6926,0.999988,2,c_only
log_lik[123],0.722097,0.00152891,0.0804424,0.0803848,0.58681,0.722545,0.852174,2811.18,2411.88,12.1782,1.00107,2,c_only
log_lik[124],0.753022,0.00118486,0.0678218,0.0675223,0.635216,0.754433,0.861725,3309.78,3052.2,14.3381,1.00001,2,c_only
log_lik[125],1.64601,0.00154901,0.0806115,0.0807775,1.50699,1.65008,1.77007,2787.07,3109.23,12.0737,1.00037,2,c_only
log_lik[126],1.50004,0.00179696,0.0933168,0.0920979,1.33938,1.50604,1.644,2768.76,3176.72,11.9944,1.00023,2,c_only
log_lik[127],0.988118,0.000911808,0.0388169,0.0397459,0.922084,0.989206,1.05035,1802.8,2522.15,7.80981,1.00168,2,c_only
log_lik[128],-0.426217,0.00191447,0.123315,0.119789,-0.640612,-0.422071,-0.230017,4195.54,3356.51,18.1753,1.00038,2,c_only
log_lik[129],0.679035,0.00102301,0.0452496,0.0461503,0.603403,0.680368,0.749561,1966.66,2685.04,8.51965,1.00128,2,c_only
log_lik[130],0.537119,0.00239895,0.151066,0.152256,0.280679,0.540188,0.776706,3998.45,2873.1,17.3214,1.0007,2,c_only
log_lik[131],1.11693,0.000834371,0.0519186,0.0516069,1.03021,1.11755,1.2004,3948.35,3255.46,17.1044,1.00082,2,c_only
log_lik[132],1.04196,0.00083986,0.0368657,0.0373483,0.980172,1.04257,1.10215,1920.82,2455.51,8.32108,1.00131,2,c_only
log_lik[133],1.12578,0.000706054,0.0367532,0.0365004,1.06467,1.12598,1.18591,2740.73,2875.68,11.873,1.00054,2,c_only
log_lik[134],0.985685,0.000914613,0.0389217,0.0398562,0.919562,0.986735,1.04831,1800.98,2574.37,7.80193,1.00169,2,c_only
log_lik[135],1.32796,0.0015977,0.0887487,0.0891598,1.17687,1.33235,1.46731,3101.53,3397.36,13.4359,1.00075,2,c_only
log_lik[136],0.907865,0.00261866,0.14659,0.144,0.65309,0.917667,1.13142,3163.5,3213.69,13.7044,0.999957,2,c_only
log_lik[137],0.406719,0.00184196,0.0935204,0.0934021,0.249012,0.407125,0.557463,2626.41,2667.9,11.3777,1.00076,2,c_only
log_lik[138],1.62826,0.00125387,0.065793,0.0661554,1.51674,1.62879,1.73514,2769.8,3158.38,11.9989,1.00086,2,c_only
log_lik[139],1.14168,0.000750004,0.0474869,0.0472915,1.06273,1.14212,1.21882,4045.62,3127.83,17.5258,1.00064,2,c_only
log_lik[140],0.802825,0.00106759,0.063024,0.0631826,0.693774,0.803542,0.904209,3525.93,3092.07,15.2745,1.00015,2,c_only
log_lik[141],1.75384,0.0010907,0.0578327,0.057404,1.65694,1.75336,1.8481,2817.58,3269.42,12.2059,1.0009,2,c_only
log_lik[142],0.403102,0.00178144,0.0927486,0.0930708,0.247479,0.403813,0.552341,2725.4,2668.08,11.8066,1.00076,2,c_only
log_lik[143],0.946379,0.000708074,0.0423997,0.0414176,0.874071,0.946572,1.01603,3702.35,3059.04,16.0387,1.00037,2,c_only
log_lik[144],1.08424,0.000927342,0.0561034,0.0556203,0.991129,1.08485,1.17478,3718.68,3039.41,16.1095,1.00097,2,c_only
log_lik[145],1.77997,0.00128818,0.0693951,0.0701758,1.6637,1.78301,1.88807,2985.16,3081.28,12.9318,1.00054,2,c_only
log_lik[146],1.10967,0.000729161,0.03623,0.0361301,1.04911,1.10999,1.16846,2493.71,2701.65,10.8028,1.00068,2,c_only
log_lik[147],0.279652,0.0012645,0.0822712,0.0791666,0.134904,0.284548,0.408896,4266.06,3144.42,18.4808,1.00106,2,c_only
log_lik[148],0.73847,0.0015094,0.0796645,0.0795565,0.605016,0.738979,0.867456,2823.15,2366.64,12.23,1.00108,2,c_only
log_lik[149],1.8323,0.000977324,0.0538608,0.0535606,1.74185,1.83212,1.92017,3030.59,3408.6,13.1286,1.00092,2,c_only
log_lik[150],-1.30238,0.00267633,0.128509,0.128454,-1.51703,-1.29518,-1.09658,2334.05,2588.57,10.1112,1.00146,2,c_only
log_lik[151],1.03072,0.00105491,0.0614028,0.0616742,0.928596,1.03187,1.13001,3429.71,3025.71,14.8577,1.00107,2,c_only
log_lik[152],1.14955,0.00067706,0.0392175,0.0388245,1.08393,1.14983,1.21274,3381.12,3271.73,14.6471,1.0004,2,c_only
log_lik[153],0.918979,0.000751608,0.0484172,0.048317,0.835134,0.919341,0.997239,4307.01,2765.94,18.6582,1.00044,2,c_only
log_lik[154],1.45154,0.00187362,0.0976257,0.0956767,1.28334,1.45778,1.6021,2783.42,3123.75,12.0579,1.00019,2,c_only
log_lik[155],1.12667,0.000704782,0.0367971,0.0365869,1.06546,1.12678,1.18704,2757.1,2897.88,11.9439,1.00053,2,c_only
log_lik[156],0.897974,0.000809006,0.0517025,0.0516592,0.809341,0.897866,0.980543,4202.61,2966.01,18.2059,1.00013,2,c_only
log_lik[157],1.15368,0.000677964,0.0406135,0.0411496,1.08651,1.15376,1.21924,3621.66,3273.11,15.6892,1.0004,2,c_only
log_lik[158],0.896471,0.000886203,0.0368605,0.0367246,0.83423,0.896797,0.956239,1739.39,2489.35,7.53509,1.00148,2,c_only
log_lik[159],1.96193,0.00081169,0.0532357,0.0525312,1.87538,1.96249,2.04907,4344.16,2565.82,18.8191,1.00084,2,c_only
log_lik[160],0.970357,0.0011748,0.0662166,0.0672393,0.859885,0.971121,1.07934,3201.16,2827.58,13.8676,1.00112,2,c_only
log_lik[161],0.915179,0.000847168,0.0366671,0.036111,0.853889,0.915762,0.974573,1887.87,2504.18,8.17835,1.00131,2,c_only
log_lik[162],1.92724,0.000827983,0.0509438,0.0506816,1.84247,1.92728,2.01082,3774.71,3254.29,16.3522,1.0009,2,c_only
log_lik[163],1.05615,0.000997353,0.0590493,0.0592139,0.958422,1.05697,1.15114,3551.0,3074.31,15.3831,1.00103,2,c_only
log_lik[164],0.419057,0.00176,0.0918171,0.091951,0.264649,0.419848,0.566991,2735.48,2679.24,11.8502,1.00076,2,c_only
log_lik[165],1.15441,0.000691311,0.0428468,0.0432921,1.08375,1.15458,1.22398,3876.76,3386.83,16.7943,1.00045,2,c_only
log_lik[166],1.00659,0.00193736,0.115101,0.11457,0.813785,1.01039,1.18631,3538.07,3433.17,15.3271,1.0007,2,c_only
log_lik[167],1.96116,0.000788096,0.0513968,0.0505316,1.87665,1.96167,2.04619,4262.43,2978.84,18.465,1.00088,2,c_only
log_lik[168],0.962465,0.00118904,0.0667856,0.0680977,0.851311,0.962953,1.07186,3180.1,2729.05,13.7763,1.00113,2,c_only
log_lik[169],1.52196,0.00176149,0.091382,0.0904505,1.36388,1.52784,1.66274,2764.79,3229.44,11.9772,1.00024,2,c_only
log_lik[170],0.996477,0.00250799,0.138713,0.135719,0.755428,1.00543,1.20808,3092.77,3218.14,13.398,0.999982,2,c_only
log_lik[171],0.667103,0.00227708,0.141741,0.141719,0.426718,0.670585,0.890091,3905.78,2982.73,16.92,1.0007,2,c_only
log_lik[172],1.47754,0.00183282,0.095311,0.0934769,1.31392,1.4835,1.62397,2773.61,3150.13,12.0154,1.00021,2,c_only
log_lik[173],0.511605,0.00112992,0.06722,0.065097,0.39332,0.515123,0.616915,3520.69,2961.9,15.2518,1.00151,2,c_only
log_lik[174],0.650181,0.00139496,0.0764036,0.075284,0.519333,0.651402,0.774339,3024.11,2997.17,13.1006,1.00028,2,c_only
log_lik[175],1.14236,0.00068315,0.0380416,0.0383999,1.07921,1.1425,1.20309,3128.81,3213.33,13.5542,1.00041,2,c_only
log_lik[176],1.94442,0.00080499,0.050885,0.0505858,1.86035,1.94442,2.02848,3992.55,3138.87,17.2959,1.00089,2,c_only
log_lik[177],1.131,0.000788638,0.0496394,0.0492643,1.04757,1.13146,1.21136,4022.74,3132.17,17.4267,1.00074,2,c_only
log_lik[178],0.888952,0.000898858,0.0370086,0.0372017,0.826465,0.888999,0.949425,1702.22,2324.44,7.3741,1.00154,2,c_only
log_lik[179],1.33353,0.00205115,0.108228,0.106143,1.14659,1.34066,1.49946,2845.43,3101.38,12.3265,1.00011,2,c_only
log_lik[180],1.1069,0.000733061,0.0361816,0.0360485,1.04647,1.10713,1.16533,2460.39,2740.99,10.6585,1.0007,2,c_only
log_lik[181],-1.34387,0.00266794,0.129835,0.130406,-1.56751,-1.33851,-1.13858,2420.41,2521.5,10.4853,1.00095,2,c_only
log_lik[182],0.11493,0.00139,0.0927677,0.0908206,-0.0482675,0.11961,0.263172,4506.42,3053.11,19.522,1.00082,2,c_only
log_lik[183],0.779071,0.00277338,0.157789,0.154777,0.504603,0.790252,1.02173,3256.37,3163.03,14.1067,0.999943,2,c_only
log_lik[184],0.619413,0.00145092,0.0787141,0.0774806,0.484553,0.620561,0.74727,2965.25,3118.95,12.8456,1.00058,2,c_only
log_lik[185],0.947855,0.00070842,0.0418431,0.0408878,0.876943,0.948154,1.01635,3593.16,3102.75,15.5657,1.00066,2,c_only
log_lik[186],1.91384,0.000965589,0.0583561,0.0596317,1.81784,1.91466,2.00589,3734.87,2865.9,16.1796,1.00077,2,c_only
log_lik[187],0.987584,0.00114267,0.0649318,0.0661946,0.878969,0.988422,1.09374,3259.65,2890.13,14.1209,1.00109,2,c_only
log_lik[188],1.87362,0.00107299,0.0617434,0.0627318,1.77138,1.87519,1.97121,3396.35,2867.65,14.7131,1.00069,2,c_only
log_lik[189],1.93906,0.000811934,0.05087,0.0506172,1.85408,1.93897,2.02335,3917.79,3181.03,16.972,1.00088,2,c_only
log_lik[190],1.10174,0.000740266,0.0361165,0.035869,1.04106,1.10173,1.1599,2401.26,2671.67,10.4024,1.00076,2,c_only
log_lik[191],0.949884,0.00121113,0.0676692,0.0688375,0.837238,0.950685,1.0606,3148.69,2801.74,13.6402,1.00113,2,c_only
log_lik[192],1.78749,0.0010434,0.0560087,0.0556391,1.69446,1.78716,1.87833,2881.4,3257.22,12.4823,1.00091,2,c_only
log_lik[193],0.0363284,0.00113966,0.0780723,0.0772109,-0.0956592,0.0389411,0.163072,4745.0,3578.26,20.5556,1.00041,2,c_only
log_lik[194],0.499001,0.00105439,0.0537763,0.0530124,0.408186,0.500484,0.584168,2617.35,3244.53,11.3385,1.00109,2,c_only
log_lik[195],1.16523,0.00177179,0.102076,0.10172,0.990969,1.1694,1.32504,3330.46,3382.76,14.4277,1.00071,2,c_only
log_lik[196],-0.00462519,0.0014938,0.10016,0.0976856,-0.181984,-0.000532282,0.155805,4551.98,3179.6,19.7194,1.00069,2,c_only
log_lik[197],1.87922,0.000903828,0.0520583,0.0514894,1.79192,1.87913,1.96466,3313.29,3272.14,14.3533,1.00089,2,c_only
log_lik[198],1.42684,0.00148885,0.0808345,0.0806729,1.28838,1.43039,1.5548,2960.27,3428.95,12.824,1.00078,2,c_only
log_lik[199],1.1462,0.000732436,0.046351,0.046149,1.06933,1.14635,1.22082,4037.06,3152.92,17.4887,1.0006,2,c_only
log_lik[200],0.943218,0.000768544,0.0375816,0.0369372,0.880167,0.944229,1.00467,2445.98,2994.18,10.5961,1.0015,2,c_only
log_lik[201],1.65397,0.00122186,0.064043,0.0639916,1.5458,1.65396,1.75799,2763.4,3334.73,11.9712,1.00086,2,c_only
log_lik[202],0.865465,0.000902481,0.0560323,0.056411,0.768603,0.865214,0.955328,3938.17,3116.2,17.0603,1.00017,2,c_only
log_lik[203],1.11363,0.000844485,0.0523973,0.0521213,1.02644,1.11438,1.19764,3922.6,3227.92,16.9929,1.00083,2,c_only
log_lik[204],1.13905,0.000759982,0.0480713,0.0478507,1.05879,1.13922,1.21709,4044.34,3155.85,17.5203,1.00067,2,c_only
log_lik[205],0.642916,0.00103373,0.0469089,0.0474908,0.563661,0.64456,0.716037,2068.57,2750.69,8.96115,1.00115,2,c_only
log_lik[206],1.95874,0.000823695,0.0537695,0.0532134,1.87123,1.9591,2.04596,4307.98,2686.88,18.6623,1.00083,2,c_only
log_lik[207],0.599637,0.0029764,0.172664,0.169561,0.30345,0.609973,0.865036,3376.18,3062.78,14.6257,0.999925,2,c_only
log_lik[208],0.328071,0.00106486,0.0623971,0.0617678,0.223979,0.330178,0.428765,3466.59,3322.92,15.0174,1.0011,2,c_only
log_lik[209],1.1032,0.000738242,0.0361318,0.0359146,1.04275,1.10325,1.16133,2416.14,2693.09,10.4668,1.00075,2,c_only
log_lik[210],1.08987,0.000912338,0.0554544,0.0551187,0.997547,1.09051,1.17942,3760.21,3112.04,16.2894,1.00095,2,c_only
log_lik[211],0.938957,0.000784874,0.0372202,0.0367901,0.876444,0.940279,0.999994,2296.9,2981.27,9.95026,1.00157,2,c_only
log_lik[212],0.515246,0.00241881,0.152568,0.153679,0.257248,0.518135,0.757935,4008.5,2873.61,17.365,1.0007,2,c_only
log_lik[213],0.576927,0.00152387,0.0817511,0.0805162,0.437243,0.577556,0.708722,2897.54,3008.65,12.5523,1.00046,2,c_only
log_lik[214],0.911604,0.000854337,0.036679,0.0361749,0.850394,0.912149,0.971141,1851.4,2507.41,8.02034,1.00134,2,c_only
log_lik[215],0.863212,0.000908781,0.0563097,0.0567363,0.765885,0.862871,0.953295,3922.39,3116.2,16.992,1.00015,2,c_only
log_lik[216],0.941337,0.000711947,0.0438877,0.0429069,0.866599,0.941447,1.01312,3930.54,2892.69,17.0273,1.00061,2,c_only
log_lik[217],0.845997,0.000954111,0.0382628,0.0389472,0.781349,0.846683,0.907319,1605.31,2176.73,6.95429,1.00169,2,c_only
log_lik[218],0.784258,0.00111267,0.0648752,0.0648253,0.672253,0.785537,0.888153,3436.3,3068.25,14.8862,1.00005,2,c_only
log_lik[219],-0.244261,0.00288507,0.18478,0.185152,-0.548358,-0.246676,0.0581754,4190.3,2589.13,18.1526,1.00118,2,c_only
log_lik[220],0.606661,0.00104167,0.0486025,0.0490808,0.525421,0.607832,0.682861,2185.87,2910.85,9.46929,1.00102,2,c_only
log_lik[221],1.14933,0.000719368,0.0454035,0.0453074,1.07434,1.14937,1.22212,4019.67,3239.13,17.4134,1.00055,2,c_only
log_lik[222],0.738822,0.00100513,0.0425791,0.0439541,0.667561,0.740168,0.806084,1798.68,2419.99,7.79194,1.00151,2,c_only
log_lik[223],0.887155,0.000840597,0.0532216,0.0528965,0.795783,0.887145,0.972265,4114.18,3012.58,17.8228,1.00018,2,c_only
log_lik[224],0.808653,0.000981304,0.039655,0.040695,0.742385,0.809989,0.872551,1627.51,2172.07,7.05042,1.00169,2,c_only
log_lik[225],1.54855,0.00171771,0.0890466,0.0881901,1.39316,1.55363,1.68416,2760.06,3103.75,11.9567,1.00026,2,c_only
log_lik[226],1.13258,0.000783214,0.0493529,0.048966,1.04971,1.13279,1.2126,4029.07,3144.01,17.4541,1.00073,2,c_only
log_lik[227],1.11651,0.000719415,0.0363959,0.036009,1.05606,1.11667,1.17642,2585.67,2781.47,11.2012,1.00064,2,c_only
log_lik[228],0.949522,0.000734857,0.0388377,0.0384196,0.884461,0.950321,1.01342,2862.53,2986.69,12.4006,1.00133,2,c_only
log_lik[229],1.10377,0.000737437,0.0361385,0.0359308,1.04347,1.10383,1.16218,2422.45,2711.69,10.4942,1.00074,2,c_only
log_lik[230],1.10144,0.000740673,0.0361137,0.0359132,1.04075,1.10144,1.15963,2398.66,2671.42,10.3911,1.00076,2,c_only
log_lik[231],0.801056,0.00098519,0.0399573,0.0411458,0.734329,0.802617,0.865172,1640.3,2210.23,7.10584,1.00168,2,c_only
log_lik[232],0.923783,0.00202229,0.121812,0.120847,0.720009,0.926902,1.11415,3643.9,3378.14,15.7855,1.0007,2,c_only
log_lik[233],0.914032,0.000981927,0.0424167,0.0433646,0.84236,0.915503,0.981735,1850.12,2581.66,8.01478,1.00192,2,c_only
log_lik[234],1.95617,0.0007916,0.0511129,0.0502604,1.8721,1.95636,2.04057,4180.37,2928.22,18.1096,1.00087,2,c_only
log_lik[235],0.947673,0.00070831,0.0419173,0.0410522,0.876587,0.947853,1.01628,3606.45,3077.63,15.6233,1.00065,2,c_only
log_lik[236],0.85426,0.000933539,0.0573886,0.0578919,0.755495,0.85415,0.946385,3850.69,3066.88,16.6814,1.00013,2,c_only
log_lik[237],0.561033,0.00104861,0.0507698,0.0511394,0.475275,0.561909,0.641188,2357.42,3050.13,10.2124,1.00087,2,c_only
log_lik[238],0.586175,0.00104514,0.0495708,0.0501127,0.502721,0.587351,0.664437,2261.01,2911.14,9.79481,1.00095,2,c_only
log_lik[239],0.352564,0.00121577,0.0775547,0.0743318,0.216241,0.35667,0.473044,4090.43,3020.67,17.7199,1.00118,2,c_only
log_lik[240],0.906654,0.000987349,0.0428114,0.0438123,0.834717,0.907956,0.975028,1859.11,2599.85,8.05374,1.00194,2,c_only
log_lik[241],0.811524,0.00141583,0.0759854,0.0767646,0.684326,0.812509,0.934823,2893.26,2480.19,12.5337,1.00113,2,c_only
log_lik[242],0.787533,0.00110484,0.0645545,0.0644246,0.675966,0.788739,0.89087,3452.29,3067.73,14.9555,1.00009,2,c_only
log_lik[243],0.572106,0.00104718,0.0502403,0.0507531,0.487039,0.573104,0.651569,2314.21,2911.38,10.0252,1.00091,2,c_only
log_lik[244],1.15268,0.000703082,0.0440504,0.04414,1.08,1.1529,1.22431,3963.39,3355.42,17.1696,1.00049,2,c_only
log_lik[245],0.889201,0.000898456,0.0370032,0.0372341,0.826741,0.889281,0.949701,1703.18,2324.44,7.37825,1.00154,2,c_only
log_lik[246],-1.36565,0.00281493,0.136277,0.137448,-1.60043,-1.35993,-1.14923,2401.9,2460.06,10.4051,1.00091,2,c_only
log_lik[247],1.09036,0.000757483,0.0360709,0.0359722,1.02997,1.09033,1.14894,2289.88,2579.04,9.91986,1.00086,2,c_only
log_lik[248],1.83958,0.000966215,0.0535474,0.0529819,1.75022,1.83914,1.92736,3068.67,3344.83,13.2936,1.0009,2,c_only
log_lik[249],0.890423,0.00130684,0.0715166,0.0724275,0.77156,0.890843,1.00737,3012.47,2784.82,13.0501,1.00115,2,c_only
log_lik[250],-1.32852,0.00270429,0.129457,0.129424,-1.54747,-1.32252,-1.12336,2330.33,2489.65,10.0951,1.00153,2,c_only
log_lik[251],1.74308,0.00110545,0.0584488,0.0578279,1.64456,1.74224,1.83821,2801.93,3242.06,12.1381,1.0009,2,c_only
log_lik[252],1.15436,0.000679782,0.0411011,0.0413864,1.08669,1.15462,1.22116,3691.83,3301.26,15.9932,1.0004,2,c_only
log_lik[253],0.571057,0.00104732,0.0502904,0.0508121,0.485839,0.572038,0.650604,2317.86,2911.38,10.0411,1.00091,2,c_only
log_lik[254],0.605876,0.00108703,0.0611243,0.0599324,0.497937,0.608697,0.701528,3088.84,2818.83,13.381,1.00169,2,c_only
log_lik[255],1.91409,0.000846568,0.0511446,0.0510486,1.82899,1.914,1.99829,3632.94,3469.27,15.738,1.0009,2,c_only
log_lik[256],-0.00462519,0.0014938,0.10016,0.0976856,-0.181984,-0.000532282,0.155805,4551.98,3179.6,19.7194,1.00069,2,c_only
log_lik[257],0.867039,0.00134104,0.0729061,0.0738675,0.745723,0.8678,0.986018,2971.35,2626.01,12.872,1.00114,2,c_only
log_lik[258],1.7948,0.00125642,0.0681795,0.068938,1.6803,1.79777,1.90071,3027.25,3204.93,13.1142,1.00058,2,c_only
log_lik[259],1.1509,0.000712204,0.0448383,0.0448157,1.07646,1.15109,1.22333,3999.57,3238.89,17.3263,1.00053,2,c_only
log_lik[260],0.633553,0.00293921,0.169933,0.167308,0.341159,0.643815,0.893163,3352.62,3062.69,14.5237,0.999923,2,c_only
log_lik[261],0.928788,0.000732527,0.0466416,0.0460508,0.848182,0.929098,1.00478,4192.65,2959.42,18.1628,1.00047,2,c_only
log_lik[262],0.684971,0.00132813,0.0736625,0.0728821,0.557911,0.68615,0.804931,3105.11,3021.41,13.4515,1.00003,2,c_only
log_lik[263],-1.63144,0.00251931,0.125045,0.126362,-1.83716,-1.62899,-1.42829,2482.34,2717.92,10.7536,1.00159,2,c_only
log_lik[264],0.781499,0.00111922,0.0651435,0.0650831,0.669176,0.782985,0.886126,3423.35,3068.25,14.8301,0.999997,2,c_only
log_lik[265],0.818686,0.00102773,0.0613738,0.0617128,0.711921,0.818913,0.917735,3618.54,3143.24,15.6757,1.00017,2,c_only
log_lik[266],-0.528586,0.00286633,0.180854,0.181097,-0.816768,-0.533151,-0.221125,4119.18,2469.96,17.8444,1.00176,2,c_only
log_lik[267],-1.35113,0.00270928,0.131601,0.132604,-1.57811,-1.34605,-1.14172,2410.99,2564.71,10.4445,1.00095,2,c_only
log_lik[268],1.14699,0.000729264,0.0461292,0.0460084,1.07073,1.14711,1.22163,4034.92,3201.99,17.4795,1.00059,2,c_only
log_lik[269],1.34982,0.00202732,0.106757,0.104566,1.16539,1.35695,1.51412,2835.88,3025.3,12.2851,1.00013,2,c_only
log_lik[270],1.69934,0.00116376,0.0610934,0.0607863,1.59594,1.69887,1.79925,2767.58,3214.31,11.9893,1.00088,2,c_only
log_lik[271],1.15368,0.000677964,0.0406135,0.0411496,1.08651,1.15376,1.21924,3621.66,3273.11,15.6892,1.0004,2,c_only
log_lik[272],1.95892,0.000789325,0.0512418,0.0503852,1.87435,1.95904,2.04359,4224.76,2974.8,18.3018,1.00088,2,c_only
log_lik[273],-0.396404,0.00289341,0.184171,0.183434,-0.693687,-0.401652,-0.0890375,4160.99,2639.36,18.0256,1.00152,2,c_only
log_lik[274],1.47812,0.00143107,0.0768339,0.0771943,1.34708,1.48105,1.59988,2897.73,3301.36,12.5531,1.0008,2,c_only
log_lik[275],-0.353769,0.00145217,0.0997487,0.0987421,-0.52273,-0.350585,-0.194873,4791.57,3391.26,20.7573,1.00021,2,c_only
log_lik[276],1.13423,0.000694012,0.0372665,0.0375026,1.07213,1.13448,1.19478,2917.9,3086.89,12.6405,1.00047,2,c_only
log_lik[277],1.12578,0.000706054,0.0367532,0.0365004,1.06467,1.12598,1.18591,2740.73,2875.68,11.873,1.00054,2,c_only
log_lik[278],-1.49789,0.00290713,0.135663,0.136185,-1.71587,-1.4991,-1.27287,2239.01,2794.83,9.69948,1.00076,2,c_only
log_lik[279],0.491729,0.00105488,0.0541331,0.0534072,0.400436,0.493467,0.577907,2651.03,3290.41,11.4844,1.0011,2,c_only
log_lik[280],0.391774,0.00119122,0.075009,0.0725003,0.259844,0.396019,0.508386,3959.77,3083.52,17.1539,1.00126,2,c_only
log_lik[281],0.759603,0.00105896,0.0514073,0.0516075,0.673249,0.761271,0.839832,2305.55,2940.4,9.98774,1.00191,2,c_only
log_lik[282],0.850669,0.00094923,0.0381033,0.0384779,0.786129,0.851302,0.911858,1608.27,2176.58,6.9671,1.00168,2,c_only
log_lik[283],-0.436475,0.0019251,0.123797,0.120295,-0.651476,-0.43209,-0.239623,4179.82,3356.51,18.1072,1.00038,2,c_only
log_lik[284],0.491729,0.00105488,0.0541331,0.0534072,0.400436,0.493467,0.577907,2651.03,3290.41,11.4844,1.0011,2,c_only
log_lik[285],-0.0334172,0.00152022,0.101901,0.0990691,-0.214141,-0.0294921,0.129896,4554.31,3179.65,19.7294,1.00066,2,c_only
log_lik[286],0.504569,0.00105399,0.0535037,0.0528749,0.414458,0.506045,0.589171,2593.47,3217.08,11.235,1.00106,2,c_only
log_lik[287],-0.103252,0.00122271,0.0858373,0.0850967,-0.249707,-0.100463,0.0343312,5008.09,3480.56,21.6953,1.00021,2,c_only
log_lik[288],0.885174,0.00100194,0.0439874,0.0449254,0.812116,0.886545,0.95539,1901.26,2555.73,8.23632,1.00196,2,c_only
log_lik[289],1.9509,0.000797138,0.0509656,0.0499489,1.86704,1.9514,2.0349,4093.14,3048.81,17.7317,1.00087,2,c_only
log_lik[290],1.96236,0.000787872,0.0515145,0.0508648,1.87797,1.96282,2.04752,4286.08,2968.94,18.5675,1.00087,2,c_only
log_lik[291],-0.885421,0.00271273,0.15664,0.153072,-1.12632,-0.894623,-0.615156,3416.15,2625.96,14.7989,1.00149,2,c_only
log_lik[292],1.1244,0.000810665,0.050764,0.0503548,1.03898,1.12516,1.20611,3990.45,3173.12,17.2868,1.00077,2,c_only
log_lik[293],0.530415,0.00105186,0.0522453,0.0518386,0.442619,0.531393,0.612742,2481.62,3204.5,10.7505,1.00085,2,c_only
log_lik[294],0.773343,0.00217348,0.133693,0.133341,0.549332,0.776854,0.982188,3809.27,3288.62,16.5019,1.00069,2,c_only
log_lik[295],1.11484,0.000840777,0.0522227,0.0519296,1.02765,1.11559,1.19845,3932.8,3256.25,17.037,1.00083,2,c_only
log_lik[296],0.61624,0.00103981,0.0481525,0.0486125,0.535377,0.617517,0.691988,2153.13,2865.91,9.32746,1.00106,2,c_only
log_lik[297],1.01069,0.00109706,0.0631036,0.0640093,0.904848,1.01191,1.11271,3346.84,3066.45,14.4987,1.00108,2,c_only
log_lik[298],0.844736,0.000955389,0.0383066,0.0389144,0.780119,0.845425,0.906221,1604.74,2176.73,6.95178,1.00169,2,c_only
log_lik[299],0.844847,0.00210218,0.128106,0.127551,0.631763,0.848937,1.0438,3735.47,3314.47,16.1822,1.00069,2,c_only
log_lik[300],0.949053,0.000738455,0.0386535,0.0380594,0.884192,0.950063,1.01245,2810.35,2927.48,12.1746,1.00133,2,c_only
log_lik[301],0.497885,0.00105446,0.053831,0.0531536,0.407021,0.499411,0.583142,2622.45,3262.25,11.3606,1.00109,2,c_only
log_lik[302],0.297546,0.00106788,0.0639856,0.063237,0.191334,0.29934,0.401024,3625.17,3378.8,15.7044,1.00097,2,c_only
log_lik[303],0.413695,0.00117825,0.0735842,0.0712183,0.284236,0.417831,0.529395,3885.16,3108.65,16.8307,1.00131,2,c_only
log_lik[304],0.950501,0.000723037,0.0396047,0.0388963,0.883753,0.951144,1.01555,3081.99,3028.11,13.3513,1.00107,2,c_only
log_lik[305],-1.31282,0.00274377,0.135882,0.135312,-1.53279,-1.31312,-1.08557,2482.98,2867.76,10.7564,1.0005,2,c_only
log_lik[306],-0.387904,0.0018747,0.121474,0.118359,-0.599695,-0.383687,-0.193743,4246.54,3216.23,18.3962,1.0004,2,c_only
log_lik[307],-0.198145,0.00129847,0.0911387,0.090423,-0.351278,-0.195833,-0.0542978,4998.01,3546.13,21.6516,1.00039,2,c_only
log_lik[308],0.645829,0.00103298,0.046774,0.0473163,0.566693,0.647508,0.718936,2060.0,2731.37,8.92399,1.00116,2,c_only
log_lik[309],0.137657,0.00137143,0.0913374,0.0894105,-0.0233641,0.142578,0.283147,4485.47,3052.9,19.4313,1.00086,2,c_only
log_lik[310],-2.01837,0.0026376,0.126307,0.123173,-2.23751,-2.01304,-1.81907,2316.56,2568.49,10.0354,1.00118,2,c_only
log_lik[311],0.307561,0.00106681,0.0634629,0.0627792,0.201977,0.309516,0.409957,3573.68,3376.83,15.4813,1.00112,2,c_only
log_lik[312],-1.70765,0.00251659,0.123018,0.120939,-1.91461,-1.70394,-1.51138,2408.79,2632.26,10.435,1.00171,2,c_only
log_lik[313],0.314574,0.00124065,0.0800157,0.0771106,0.174063,0.318886,0.439617,4186.94,3011.61,18.138,1.00112,2,c_only
log_lik[314],0.819217,0.000975256,0.0392437,0.0400631,0.75335,0.820498,0.882434,1614.62,2160.81,6.99461,1.00169,2,c_only
log_lik[315],0.947915,0.000745813,0.0383245,0.0378813,0.883652,0.949158,1.01093,2712.71,2967.24,11.7516,1.00131,2,c_only
log_lik[316],1.65758,0.00121733,0.0638021,0.0635958,1.54979,1.6575,1.7614,2763.23,3334.67,11.9704,1.00086,2,c_only
log_lik[317],-0.744482,0.00198063,0.119545,0.120756,-0.947163,-0.74203,-0.551029,3743.33,3273.15,16.2162,1.00011,2,c_only
log_lik[318],-0.46254,0.00195207,0.124998,0.121782,-0.679517,-0.458288,-0.263389,4140.92,3357.75,17.9386,1.00037,2,c_only
log_lik[319],1.47155,0.00143854,0.0773414,0.0775412,1.33926,1.47467,1.59421,2903.83,3329.82,12.5795,1.0008,2,c_only
log_lik[320],0.825297,0.00101073,0.060665,0.061184,0.719749,0.825528,0.92279,3656.89,3169.09,15.8418,1.00015,2,c_only
log_lik[321],1.62639,0.00125618,0.0659223,0.0662887,1.51472,1.62681,1.73358,2768.11,3184.41,11.9916,1.00086,2,c_only
log_lik[322],0.817243,0.00103141,0.0615267,0.0617942,0.710345,0.817496,0.916686,3609.76,3169.31,15.6376,1.00018,2,c_only
log_lik[323],0.934811,0.000721952,0.0454175,0.0443559,0.857087,0.935162,1.00803,4093.52,2913.59,17.7333,1.00041,2,c_only
log_lik[324],1.14509,0.000736808,0.0466495,0.0463499,1.06787,1.14544,1.22028,4041.87,3087.99,17.5096,1.00061,2,c_only
log_lik[325],0.61354,0.0014613,0.079144,0.0778235,0.477887,0.614613,0.742207,2955.01,3098.17,12.8012,1.00052,2,c_only
log_lik[326],0.927713,0.000734484,0.0468474,0.0460687,0.8466,0.928047,1.00406,4207.0,2937.68,18.2249,1.00043,2,c_only
log_lik[327],-1.21147,0.00252911,0.138964,0.142867,-1.43893,-1.21128,-0.98093,3043.43,2895.44,13.1843,1.00074,2,c_only
log_lik[328],0.949342,0.000710547,0.0411306,0.040333,0.880003,0.949672,1.01633,3438.74,2943.77,14.8968,1.00071,2,c_only
log_lik[329],0.856248,0.000928076,0.057152,0.0576318,0.757875,0.856074,0.9479,3865.51,3116.62,16.7456,1.00014,2,c_only
log_lik[330],0.915651,0.000758562,0.0489765,0.0490116,0.830635,0.915982,0.994027,4316.13,2825.88,18.6976,1.00037,2,c_only
log_lik[331],1.10261,0.00073905,0.0361254,0.0358611,1.04217,1.10262,1.16072,2410.55,2729.59,10.4426,1.00075,2,c_only
log_lik[332],0.949568,0.00071119,0.0409946,0.0401599,0.880422,0.949945,1.01623,3407.28,2875.67,14.7605,1.00064,2,c_only
log_lik[333],0.0986559,0.00274274,0.176085,0.176628,-0.198338,0.0981762,0.380253,4185.35,2747.48,18.1311,1.00086,2,c_only
log_lik[334],1.0722,0.000958279,0.0574198,0.0569698,0.977007,1.07304,1.16459,3643.85,3049.91,15.7853,1.001,2,c_only
log_lik[335],0.418728,0.00117564,0.073257,0.0710348,0.290034,0.422755,0.534294,3868.38,3108.65,16.758,1.00132,2,c_only
log_lik[336],1.88803,0.000889543,0.0517859,0.051406,1.80081,1.88802,1.97327,3386.48,3273.91,14.6704,1.00089,2,c_only
log_lik[337],0.538853,0.00158544,0.0843397,0.0831087,0.395346,0.539625,0.674821,2846.64,3000.02,12.3318,1.00066,2,c_only
log_lik[338],0.807404,0.00142106,0.0762031,0.0769486,0.679772,0.808437,0.931431,2888.34,2463.62,12.5124,1.00112,2,c_only
log_lik[339],0.145616,0.00109765,0.0720847,0.0706414,0.023786,0.147695,0.263109,4347.7,3408.85,18.8344,1.00061,2,c_only
log_lik[340],0.892402,0.000893191,0.0369368,0.0369399,0.829935,0.892668,0.952815,1717.38,2331.03,7.43974,1.00152,2,c_only
log_lik[341],1.60743,0.00127937,0.0672462,0.0676887,1.49246,1.60823,1.71636,2779.85,3269.51,12.0424,1.00084,2,c_only
log_lik[342],0.239068,0.00129344,0.0848817,0.0814847,0.0901188,0.243639,0.373088,4344.0,3029.78,18.8184,1.00101,2,c_only
log_lik[343],0.132211,0.00137584,0.0916808,0.0898156,-0.0297135,0.137105,0.27818,4490.95,3028.57,19.455,1.00085,2,c_only
log_lik[344],0.801786,0.000984832,0.039928,0.041137,0.735044,0.803335,0.865836,1639.05,2210.23,7.10043,1.00168,2,c_only
log_lik[345],0.0839503,0.00111919,0.0754498,0.0741694,-0.044141,0.0864547,0.206682,4582.91,3514.44,19.8534,1.00051,2,c_only
log_lik[346],0.575249,0.00104675,0.0500905,0.0505107,0.490417,0.576202,0.654448,2302.02,2911.38,9.97244,1.00092,2,c_only
log_lik[347],0.838657,0.000961328,0.0385212,0.0389931,0.77358,0.839413,0.90054,1602.9,2194.38,6.94381,1.0017,2,c_only
log_lik[348],-0.168103,0.00164979,0.109793,0.106887,-0.361015,-0.163945,0.00652038,4491.03,3088.45,19.4553,1.00053,2,c_only
log_lik[349],0.987633,0.000912371,0.0388377,0.0398086,0.921599,0.988687,1.04993,1803.16,2573.31,7.81137,1.00168,2,c_only
log_lik[350],0.639016,0.00103471,0.0470898,0.0476015,0.559542,0.640549,0.71239,2080.71,2811.57,9.01374,1.00113,2,c_only
log_lik[351],-0.934899,0.00238528,0.139415,0.140256,-1.16973,-0.932691,-0.704946,3438.2,3129.12,14.8944,1.00047,2,c_only
log_lik[352],0.870596,0.000888046,0.0553914,0.0555455,0.775082,0.87056,0.959628,3978.23,3113.73,17.2339,1.00011,2,c_only
log_lik[353],-0.423724,0.00153111,0.103539,0.102885,-0.598698,-0.420669,-0.259178,4639.94,3453.28,20.1004,1.00033,2,c_only
log_lik[354],1.34007,0.00158451,0.0877682,0.0880902,1.1906,1.34439,1.47855,3083.64,3367.21,13.3585,1.00076,2,c_only
log_lik[355],0.5905,0.00109389,0.0621143,0.0609321,0.480798,0.593287,0.687507,3201.61,2808.36,13.8695,1.00165,2,c_only
log_lik[356],0.838806,0.000975284,0.0591739,0.0596157,0.736807,0.838783,0.93362,3744.69,3067.91,16.2222,1.00013,2,c_only
log_lik[357],0.996477,0.00250799,0.138713,0.135719,0.755428,1.00543,1.20808,3092.77,3218.14,13.398,0.999982,2,c_only
log_lik[358],0.928966,0.000815509,0.0368014,0.0360454,0.867559,0.929765,0.989242,2063.8,2667.92,8.94047,1.00111,2,c_only
log_lik[359],1.93291,0.000909078,0.0566321,0.0573478,1.83972,1.93337,2.02348,3972.97,2772.68,17.2111,1.00078,2,c_only
log_lik[360],-0.279437,0.00289046,0.184919,0.185435,-0.581897,-0.283357,0.0242984,4182.07,2639.27,18.1169,1.00108,2,c_only
log_lik[361],1.12769,0.000799844,0.0502186,0.049732,1.0432,1.12824,1.20843,4006.84,3170.76,17.3578,1.00076,2,c_only
log_lik[362],1.93016,0.000917524,0.0568895,0.0573946,1.83651,1.93064,2.02088,3932.83,2802.91,17.0372,1.00078,2,c_only
log_lik[363],0.911197,0.000855128,0.0366812,0.0362074,0.850047,0.911685,0.970721,1847.76,2517.83,8.00458,1.00134,2,c_only
log_lik[364],1.03277,0.000853698,0.0371394,0.037749,0.970702,1.03365,1.09287,1886.45,2421.67,8.17216,1.00141,2,c_only
log_lik[365],0.349988,0.00121742,0.0777218,0.074602,0.213319,0.354131,0.470787,4098.02,3020.67,17.7528,1.00118,2,c_only
log_lik[366],0.95587,0.00094628,0.0402895,0.0411988,0.888291,0.957136,1.02042,1801.5,2640.59,7.80416,1.00181,2,c_only
log_lik[367],0.870958,0.000925096,0.0374668,0.0379978,0.807776,0.871354,0.931358,1640.94,2236.04,7.10864,1.00162,2,c_only
log_lik[368],0.928611,0.000732847,0.0466758,0.0460613,0.847929,0.928924,1.00468,4195.41,2959.42,18.1747,1.00046,2,c_only
log_lik[369],0.949558,0.000734565,0.0388534,0.0384468,0.884483,0.950351,1.01358,2866.21,2986.69,12.4166,1.00135,2,c_only
log_lik[370],0.336215,0.00122634,0.0786146,0.0758084,0.198359,0.340342,0.458489,4133.49,2987.26,17.9065,1.00115,2,c_only
log_lik[371],-0.484324,0.00160335,0.106759,0.1063,-0.663966,-0.480647,-0.315453,4505.09,3460.54,19.5163,1.00028,2,c_only
log_lik[372],0.243875,0.00264389,0.16916,0.170062,-0.0429191,0.246519,0.51256,4146.29,2789.71,17.9619,1.00073,2,c_only
log_lik[373],-1.37777,0.00255419,0.134823,0.138259,-1.59404,-1.37865,-1.15436,2805.83,2896.69,12.155,1.00106,2,c_only
log_lik[374],0.818577,0.00103744,0.0478316,0.0484453,0.737851,0.820075,0.894072,2088.53,2599.79,9.04762,1.00196,2,c_only
log_lik[375],-1.76732,0.00286187,0.129884,0.128012,-1.97809,-1.76758,-1.55506,2077.36,2642.81,8.9992,1.00108,2,c_only
log_lik[376],-0.066784,0.00119765,0.0838011,0.0828737,-0.208116,-0.0641643,0.0673658,4968.77,3399.34,21.5249,1.00024,2,c_only
log_lik[377],0.607168,0.00104157,0.0485787,0.0490614,0.5259,0.608322,0.683358,2183.87,2888.61,9.46062,1.00102,2,c_only
log_lik[378],0.276749,0.00107039,0.0650758,0.0642453,0.167735,0.278721,0.382058,3734.5,3289.43,16.178,1.00081,2,c_only
log_lik[379],1.00474,0.000891777,0.0381344,0.038634,0.939678,1.00585,1.06601,1818.98,2390.81,7.87988,1.00159,2,c_only
log_lik[380],0.949338,0.000736335,0.0387599,0.0382339,0.884222,0.950236,1.01306,2841.06,3020.62,12.3076,1.00131,2,c_only
log_lik[381],1.12623,0.000705416,0.036775,0.036548,1.06508,1.12642,1.18649,2749.53,2875.68,11.9111,1.00054,2,c_only
log_lik[382],0.819861,0.00103688,0.0477552,0.0485096,0.73916,0.821378,0.895258,2084.64,2617.47,9.03074,1.00196,2,c_only
log_lik[383],1.66818,0.00150851,0.0787235,0.0790019,1.53282,1.67158,1.78912,2801.53,3096.96,12.1363,1.00039,2,c_only
log_lik[384],0.874472,0.00100859,0.0445868,0.0456161,0.800494,0.875783,0.945344,1927.95,2607.64,8.35195,1.00196,2,c_only
log_lik[385],-0.151256,0.00125918,0.0885201,0.0872052,-0.30134,-0.148403,-0.010942,5022.34,3513.05,21.757,1.00031,2,c_only
log_lik[386],0.653916,0.00160622,0.0835349,0.0832408,0.51349,0.655672,0.788015,2752.26,2598.5,11.9229,1.00101,2,c_only
log_lik[387],1.9498,0.000853464,0.0549075,0.054456,1.86031,1.94968,2.03786,4205.94,2661.23,18.2203,1.00083,2,c_only
log_lik[388],0.62423,0.00103813,0.0477785,0.0484039,0.543959,0.625502,0.699387,2126.25,2843.85,9.21102,1.00109,2,c_only
log_lik[389],0.683513,0.00133101,0.0737803,0.0730559,0.556257,0.684753,0.803558,3101.16,3021.41,13.4344,1.00005,2,c_only
log_lik[390],0.841234,0.000958855,0.0384295,0.0390002,0.776156,0.841784,0.903129,1602.47,2201.94,6.94197,1.00169,2,c_only
log_lik[391],1.1433,0.000743684,0.0471034,0.0469013,1.06529,1.14369,1.21947,4046.78,3078.4,17.5308,1.00063,2,c_only
log_lik[392],1.03404,0.000851826,0.0370998,0.0377208,0.972022,1.03491,1.09423,1891.79,2420.75,8.19533,1.0014,2,c_only
log_lik[393],-0.817967,0.00209535,0.122731,0.12401,-1.02597,-0.815543,-0.618141,3518.68,3164.62,15.2431,1.00024,2,c_only
log_lik[394],0.950621,0.000951378,0.0405446,0.0414959,0.882979,0.952068,1.01565,1805.44,2571.91,7.82123,1.00183,2,c_only
log_lik[395],0.82843,0.00096932,0.0388951,0.0395097,0.763227,0.829422,0.891301,1607.3,2185.36,6.96291,1.00169,2,c_only
log_lik[396],0.969735,0.00197529,0.118099,0.116963,0.773728,0.973713,1.1547,3584.76,3551.09,15.5293,1.0007,2,c_only
log_lik[397],1.78993,0.00126693,0.0685782,0.0692167,1.67488,1.79297,1.89661,3013.54,3132.32,13.0548,1.00058,2,c_only
log_lik[398],1.96218,0.000787876,0.0514941,0.0508758,1.87773,1.9626,2.04727,4282.39,2967.79,18.5515,1.00087,2,c_only
log_lik[399],0.628731,0.00294453,0.170323,0.167758,0.336073,0.638835,0.889098,3356.43,3062.69,14.5402,0.999924,2,c_only
log_lik[400],1.15345,0.000698539,0.0436184,0.0438311,1.08143,1.15354,1.22439,3935.15,3356.7,17.0472,1.00047,2,c_only
log_lik[401],1.14693,0.000678723,0.0387,0.038785,1.08225,1.1472,1.20882,3279.32,3271.64,14.2062,1.0004,2,c_only
log_lik[402],0.812369,0.00104376,0.0620392,0.0621857,0.704871,0.812669,0.912745,3578.76,3117.91,15.5033,1.00027,2,c_only
log_lik[403],0.796641,0.000987281,0.0401352,0.0414559,0.729763,0.798256,0.861128,1649.41,2213.27,7.1453,1.00167,2,c_only
log_lik[404],1.71758,0.00113975,0.0599644,0.0593313,1.61699,1.71681,1.81559,2776.85,3299.12,12.0294,1.00089,2,c_only
log_lik[405],1.13366,0.000694814,0.0372243,0.0373531,1.07168,1.13399,1.19415,2905.47,3087.09,12.5866,1.00048,2,c_only
log_lik[406],1.10318,0.000875322,0.0538155,0.0536934,1.01398,1.10351,1.1894,3847.79,3189.37,16.6688,1.00089,2,c_only
log_lik[407],1.74618,0.00110122,0.0582698,0.0576829,1.64799,1.74545,1.84093,2805.68,3242.06,12.1543,1.0009,2,c_only
log_lik[408],1.08547,0.000766528,0.0360862,0.0360698,1.02495,1.08542,1.14403,2240.94,2495.43,9.70786,1.00092,2,c_only
log_lik[409],1.89013,0.00103044,0.0603753,0.0613728,1.79058,1.89159,1.98652,3511.69,2677.75,15.2128,1.00072,2,c_only
log_lik[410],1.86893,0.00108477,0.0621295,0.0632405,1.76592,1.87078,1.96676,3364.06,2955.73,14.5733,1.00068,2,c_only
log_lik[411],1.62451,0.00125849,0.0660521,0.0664624,1.51273,1.62506,1.73173,2768.89,3184.41,11.9949,1.00086,2,c_only
log_lik[412],1.13452,0.000776418,0.0489878,0.0487189,1.05233,1.13459,1.21391,4033.09,3195.89,17.4715,1.00072,2,c_only
log_lik[413],0.662139,0.00102842,0.0460221,0.0465164,0.584478,0.663487,0.734051,2011.93,2743.23,8.71578,1.00123,2,c_only
log_lik[414],1.46935,0.00144103,0.0775116,0.0776905,1.33709,1.47251,1.59241,2907.05,3329.82,12.5935,1.0008,2,c_only
log_lik[415],0.96319,0.00118774,0.0667338,0.0680228,0.852097,0.963738,1.0724,3182.0,2729.05,13.7845,1.00113,2,c_only
log_lik[416],1.95903,0.000822684,0.0537264,0.0530267,1.87153,1.95932,2.04629,4312.54,2632.8,18.6821,1.00083,2,c_only
log_lik[417],1.26259,0.00215278,0.114652,0.112107,1.06489,1.26873,1.43675,2891.3,3100.85,12.5252,1.00007,2,c_only
log_lik[418],0.950475,0.000717198,0.0401433,0.0392242,0.883268,0.951078,1.01603,3209.2,2920.35,13.9024,1.00096,2,c_only
log_lik[419],0.584621,0.00104538,0.0496446,0.050048,0.500992,0.585661,0.663016,2266.97,2934.81,9.82059,1.00095,2,c_only
log_lik[420],-0.173246,0.00127716,0.0897487,0.0887336,-0.324543,-0.170404,-0.0315196,5011.96,3545.65,21.712,1.00031,2,c_only
log_lik[421],1.25561,0.00216259,0.115285,0.11269,1.05652,1.26188,1.43013,2896.08,3101.4,12.546,1.00007,2,c_only
log_lik[422],1.81327,0.00100585,0.0547293,0.0543334,1.72227,1.81281,1.90288,2958.49,3383.37,12.8163,1.00092,2,c_only
log_lik[423],0.751521,0.00280552,0.160135,0.157075,0.473332,0.762758,0.997892,3277.64,3186.42,14.1989,0.999943,2,c_only
log_lik[424],-0.861546,0.0023296,0.138279,0.138443,-1.09503,-0.859188,-0.633639,3547.67,3239.41,15.3687,1.00042,2,c_only
log_lik[425],1.93311,0.000819931,0.0508917,0.0507538,1.84799,1.93331,2.01672,3841.56,3206.72,16.6418,1.00091,2,c_only
log_lik[426],1.0449,0.00102342,0.0601207,0.0604261,0.945169,1.04602,1.14197,3494.73,2977.82,15.1393,1.00106,2,c_only
log_lik[427],1.9368,0.000896851,0.0562585,0.0567572,1.84459,1.93717,2.02673,4030.21,2797.25,17.459,1.00079,2,c_only
log_lik[428],0.898571,0.000882458,0.036825,0.0365866,0.836594,0.898846,0.957832,1749.51,2496.06,7.57894,1.00146,2,c_only
log_lik[429],1.12421,0.000708328,0.0366796,0.0363158,1.06318,1.12441,1.18421,2712.91,2875.65,11.7525,1.00055,2,c_only
log_lik[430],0.728191,0.0010068,0.0430456,0.0442769,0.655978,0.729616,0.795767,1833.48,2489.56,7.9427,1.00146,2,c_only
log_lik[431],1.86041,0.00110581,0.0628274,0.0637728,1.75635,1.86229,1.95894,3311.92,3026.62,14.3474,1.00066,2,c_only
log_lik[432],0.457615,0.00170661,0.0895083,0.0889534,0.306803,0.458507,0.601747,2764.81,2707.82,11.9773,1.0008,2,c_only
log_lik[433],0.880655,0.000859368,0.0540933,0.0538275,0.78779,0.880552,0.967451,4060.55,3112.15,17.5905,1.00021,2,c_only
log_lik[434],0.88753,0.00100043,0.0438566,0.0446777,0.814571,0.888927,0.957499,1896.09,2505.44,8.21394,1.00197,2,c_only
log_lik[435],0.875646,0.00091875,0.0373358,0.0379305,0.812484,0.875917,0.93617,1655.53,2207.83,7.17182,1.0016,2,c_only
log_lik[436],-0.790398,0.00278025,0.165364,0.162741,-1.04962,-0.798937,-0.506247,3656.42,2625.72,15.8398,1.00157,2,c_only
log_lik[437],0.691454,0.00107511,0.0556638,0.0553732,0.595598,0.693935,0.778463,2623.12,2859.69,11.3635,1.00183,2,c_only
log_lik[438],0.691451,0.00101855,0.0446865,0.0457393,0.616527,0.692809,0.76121,1935.33,2675.79,8.38394,1.00133,2,c_only
log_lik[439],1.81355,0.00121518,0.0666481,0.0671154,1.70063,1.81626,1.9176,3089.84,3205.99,13.3853,1.0006,2,c_only
log_lik[440],1.96316,0.000806246,0.0529714,0.0521338,1.87671,1.96361,2.04963,4359.07,2672.18,18.8837,1.00084,2,c_only
log_lik[441],-0.407129,0.00151192,0.102646,0.101697,-0.580218,-0.403777,-0.244281,4686.08,3453.75,20.3003,1.00028,2,c_only
log_lik[442],-1.2589,0.00269161,0.135342,0.1349,-1.47786,-1.25985,-1.03551,2561.21,2957.38,11.0953,1.00042,2,c_only
log_lik[443],1.81064,0.00100974,0.0548545,0.0544663,1.71967,1.81022,1.90027,2950.79,3384.25,12.783,1.00092,2,c_only
log_lik[444],1.74308,0.00110545,0.0584488,0.0578279,1.64456,1.74224,1.83821,2801.93,3242.06,12.1381,1.0009,2,c_only
log_lik[445],1.06578,0.00097418,0.0580868,0.0578221,0.969224,1.06672,1.1592,3604.95,3099.57,15.6168,1.00101,2,c_only
log_lik[446],1.46029,0.00185997,0.0968457,0.0950887,1.29432,1.46656,1.60925,2780.83,3124.17,12.0467,1.0002,2,c_only
log_lik[447],1.58427,0.00165748,0.0859308,0.0855227,1.4353,1.58881,1.7161,2762.2,2936.6,11.9659,1.0003,2,c_only
log_lik[448],0.855852,0.000943536,0.0379314,0.0386418,0.791939,0.856351,0.916693,1614.07,2175.44,6.99222,1.00166,2,c_only
log_lik[449],-0.210978,0.00130983,0.0918543,0.0909871,-0.36437,-0.208608,-0.065756,4993.61,3545.96,21.6325,1.00041,2,c_only
log_lik[450],-0.905165,0.00236345,0.139012,0.13931,-1.14069,-0.902461,-0.676039,3481.72,3181.94,15.083,1.00045,2,c_only
log_lik[451],0.554122,0.00104943,0.0511014,0.0511315,0.468053,0.554981,0.634666,2385.56,3100.07,10.3344,1.00085,2,c_only
log_lik[452],1.96452,0.000798575,0.0525549,0.0518257,1.87916,1.96486,2.0506,4370.78,2962.82,18.9344,1.00084,2,c_only
log_lik[453],1.61825,0.00159851,0.082992,0.0822996,1.47599,1.62267,1.7462,2773.09,2981.21,12.0131,1.00033,2,c_only
log_lik[454],-0.07168,0.00120088,0.0840743,0.083099,-0.213838,-0.06906,0.0630449,4976.72,3399.34,21.5594,1.00028,2,c_only
log_lik[455],-0.472785,0.00158935,0.106151,0.105563,-0.651371,-0.469256,-0.305071,4529.2,3460.37,19.6207,1.00033,2,c_only
log_lik[456],-1.20926,0.00239606,0.123272,0.122368,-1.41206,-1.20927,-1.00846,2673.89,2852.56,11.5834,1.00133,2,c_only
log_lik[457],1.91298,0.000968029,0.058431,0.0597395,1.81692,1.91375,2.00506,3726.61,2865.9,16.1438,1.00077,2,c_only
log_lik[458],1.84433,0.000958913,0.0533491,0.0526739,1.75464,1.84405,1.93177,3090.51,3344.42,13.3882,1.0009,2,c_only
log_lik[459],1.93985,0.000887075,0.0559584,0.0564086,1.84772,1.94024,2.02986,4071.21,2904.55,17.6367,1.0008,2,c_only
log_lik[460],-0.817272,0.00209427,0.122702,0.123952,-1.02526,-0.814853,-0.617462,3520.59,3164.62,15.2513,1.00024,2,c_only
log_lik[461],0.639505,0.00103459,0.0470672,0.0475764,0.560008,0.641035,0.712841,2079.14,2811.57,9.00692,1.00114,2,c_only
log_lik[462],-1.49101,0.00254503,0.130604,0.132758,-1.70121,-1.49082,-1.27304,2655.2,2682.94,11.5024,1.00129,2,c_only
log_lik[463],0.93375,0.000723868,0.0456431,0.0444925,0.855449,0.934059,1.00744,4119.17,2982.8,17.8444,1.00038,2,c_only
log_lik[464],1.13904,0.000687428,0.0376798,0.0383096,1.07675,1.13912,1.19944,3036.21,3086.85,13.153,1.00044,2,c_only
log_lik[465],1.15379,0.000696276,0.0433898,0.0437159,1.08222,1.15396,1.22453,3919.0,3356.54,16.9773,1.00047,2,c_only
log_lik[466],1.11145,0.000851054,0.0527043,0.0523013,1.02379,1.1121,1.19571,3908.92,3034.82,16.9336,1.00085,2,c_only
log_lik[467],-0.75184,0.00280162,0.168438,0.16533,-1.01462,-0.760818,-0.463679,3722.08,2626.53,16.1242,1.00168,2,c_only
log_lik[468],1.94734,0.000801351,0.0509112,0.050326,1.86348,1.94747,2.0314,4036.6,3138.79,17.4867,1.00089,2,c_only
log_lik[469],1.63384,0.00124697,0.0654085,0.0657672,1.52311,1.63439,1.74014,2767.64,3208.62,11.9895,1.00086,2,c_only
log_lik[470],0.528781,0.00105201,0.0523245,0.0518644,0.440859,0.529734,0.611135,2488.17,3205.82,10.7789,1.00086,2,c_only
log_lik[471],0.662322,0.00290722,0.167584,0.164635,0.37365,0.672732,0.918521,3334.89,3133.41,14.4469,0.999932,2,c_only
log_lik[472],0.313797,0.00106619,0.0631381,0.0624187,0.208567,0.31586,0.415738,3540.29,3323.13,15.3367,1.00113,2,c_only
log_lik[473],0.372236,0.00120331,0.0762781,0.0733028,0.238033,0.376282,0.491304,4026.47,3045.45,17.4428,1.00123,2,c_only
log_lik[474],0.817935,0.00103772,0.0478698,0.0484592,0.737091,0.81942,0.893475,2090.28,2599.79,9.05518,1.00196,2,c_only
log_lik[475],0.844847,0.00210218,0.128106,0.127551,0.631763,0.848937,1.0438,3735.47,3314.47,16.1822,1.00069,2,c_only
log_lik[476],1.74462,0.0013612,0.0723113,0.0725541,1.62277,1.74785,1.85734,2908.35,3206.66,12.5991,1.0005,2,c_only
log_lik[477],1.11368,0.000723465,0.0363186,0.036073,1.05346,1.11369,1.17307,2545.74,2781.48,11.0282,1.00065,2,c_only
log_lik[478],0.355799,0.00184294,0.0954359,0.095549,0.19586,0.357098,0.509019,2697.48,2593.63,11.6856,1.00081,2,c_only
log_lik[479],0.660713,0.00102884,0.0460876,0.0466506,0.58308,0.662184,0.732853,2016.03,2746.07,8.73354,1.00122,2,c_only
log_lik[480],0.413695,0.00117825,0.0735842,0.0712183,0.284236,0.417831,0.529395,3885.16,3108.65,16.8307,1.00131,2,c_only
log_lik[481],1.05749,0.000814777,0.0364777,0.0363923,0.99686,1.05779,1.11689,2005.48,2404.86,8.6878,1.00119,2,c_only
log_lik[482],1.89728,0.000874384,0.0515276,0.0513634,1.81137,1.8974,1.98196,3469.14,3298.29,15.0285,1.00089,2,c_only
log_lik[483],0.450256,0.00313288,0.18413,0.182049,0.134042,0.460434,0.73475,3460.06,3040.04,14.9891,0.999926,2,c_only
log_lik[484],1.15317,0.000677282,0.0403521,0.0409004,1.08624,1.15351,1.2184,3584.47,3272.96,15.5281,1.00039,2,c_only
log_lik[485],0.347405,0.00323274,0.191385,0.188266,0.0183323,0.356419,0.645501,3511.36,2982.73,15.2113,0.999931,2,c_only
log_lik[486],1.01855,0.00108082,0.0624502,0.0630797,0.91437,1.0198,1.11936,3378.19,3091.54,14.6345,1.00108,2,c_only
log_lik[487],-1.35378,0.00272585,0.132321,0.133365,-1.58364,-1.34858,-1.14295,2409.68,2570.53,10.4388,1.00093,2,c_only
log_lik[488],0.725638,0.00152476,0.0802754,0.080376,0.59055,0.726097,0.855701,2814.27,2432.51,12.1916,1.00107,2,c_only
log_lik[489],0.822958,0.00101677,0.0609172,0.0613383,0.716784,0.823157,0.92083,3643.38,3143.24,15.7833,1.00018,2,c_only
log_lik[490],0.971772,0.00117222,0.0661134,0.0671317,0.861565,0.972529,1.08061,3205.74,2914.29,13.8874,1.00112,2,c_only
log_lik[491],0.899219,0.00262928,0.147352,0.144542,0.643217,0.909028,1.12361,3169.51,3188.55,13.7305,0.999958,2,c_only
log_lik[492],1.09785,0.000745604,0.0360869,0.0360996,1.03737,1.09787,1.1561,2363.4,2669.65,10.2384,1.00079,2,c_only
log_lik[493],1.02268,0.00107214,0.0620999,0.0627465,0.919072,1.02386,1.12368,3394.81,3067.06,14.7065,1.00107,2,c_only
log_lik[494],1.31368,0.00207994,0.110023,0.107772,1.1245,1.32063,1.48097,2857.42,3024.59,12.3784,1.0001,2,c_only
log_lik[495],-0.142761,0.00125244,0.0880453,0.0869567,-0.292251,-0.140055,-0.0028733,5021.7,3546.09,21.7542,1.00029,2,c_only
log_lik[496],0.0249937,0.00146717,0.0983515,0.0959069,-0.149226,0.0291832,0.182066,4549.59,3076.57,19.709,1.00071,2,c_only
log_lik[497],0.505856,0.00242727,0.153207,0.154606,0.247308,0.508608,0.749268,4016.65,2875.01,17.4003,1.0007,2,c_only
log_lik[498],1.154,0.000694738,0.0432283,0.0435125,1.08266,1.15422,1.2242,3906.18,3386.09,16.9217,1.00047,2,c_only
log_lik[499],0.565614,0.00110508,0.0637208,0.0617946,0.453005,0.568808,0.665524,3298.69,2808.72,14.2901,1.00161,2,c_only
log_lik[500],1.07964,0.000939352,0.0566177,0.0561359,0.985947,1.08033,1.1707,3687.37,3039.41,15.9738,1.00098,2,c_only
log_lik[501],0.615738,0.00103991,0.048176,0.0487101,0.534827,0.617023,0.691455,2155.3,2865.91,9.33683,1.00106,2,c_only
log_lik[502],1.38484,0.00197538,0.103601,0.101651,1.20641,1.3926,1.54481,2814.76,3072.43,12.1936,1.00015,2,c_only
log_lik[503],-0.403804,0.00189121,0.122246,0.118669,-0.616839,-0.399531,-0.208856,4225.89,3285.74,18.3067,1.00039,2,c_only
log_lik[504],0.416912,0.00105904,0.0578565,0.0574038,0.318934,0.418807,0.510354,3008.66,3236.51,13.0336,1.00121,2,c_only
log_lik[505],-0.474616,0.00196454,0.125543,0.122494,-0.692603,-0.470445,-0.27475,4123.2,3351.21,17.8619,1.00036,2,c_only
log_lik[506],0.535845,0.00105135,0.0519824,0.0517009,0.448364,0.536641,0.617571,2459.59,3125.48,10.655,1.00077,2,c_only
log_lik[507],1.62297,0.00159019,0.0825864,0.0818689,1.48154,1.62745,1.75018,2775.44,3006.24,12.0233,1.00034,2,c_only
log_lik[508],0.694624,0.00225055,0.139689,0.13977,0.458526,0.698038,0.91412,3880.14,2959.37,16.8089,1.0007,2,c_only
log_lik[509],1.92946,0.000919672,0.0569549,0.0574983,1.83566,1.92988,2.02034,3922.22,2845.74,16.9912,1.00078,2,c_only
log_lik[510],0.818524,0.000975678,0.0392703,0.0401069,0.752652,0.819769,0.881808,1615.38,2160.81,6.99791,1.00169,2,c_only
log_lik[511],0.617314,0.00108487,0.0603893,0.059521,0.511096,0.61999,0.711963,3022.24,2870.43,13.0925,1.0017,2,c_only
log_lik[512],1.01676,0.00108456,0.0626006,0.0631467,0.912429,1.0181,1.11776,3370.46,3091.54,14.601,1.00108,2,c_only
log_lik[513],1.1032,0.000738242,0.0361318,0.0359146,1.04275,1.10325,1.16133,2416.14,2693.09,10.4668,1.00075,2,c_only
log_lik[514],0.949986,0.000730611,0.0390799,0.038421,0.884327,0.950742,1.01422,2930.62,2997.36,12.6956,1.0012,2,c_only
log_lik[515],0.4457,0.00172336,0.0902308,0.0897532,0.29333,0.446554,0.590574,2756.26,2661.58,11.9402,1.00083,2,c_only
log_lik[516],0.901764,0.000876575,0.0367767,0.0366757,0.839925,0.9021,0.961171,1764.8,2497.09,7.64519,1.00143,2,c_only
log_lik[517],0.384172,0.00106084,0.0595151,0.0592143,0.284578,0.386013,0.480965,3172.87,3294.82,13.745,1.00132,2,c_only
log_lik[518],1.13213,0.000784751,0.0494345,0.0489967,1.04913,1.13238,1.21224,4026.93,3144.13,17.4448,1.00073,2,c_only
log_lik[519],1.16523,0.00177179,0.102076,0.10172,0.990969,1.1694,1.32504,3330.46,3382.76,14.4277,1.00071,2,c_only
log_lik[520],1.11722,0.000833464,0.0518753,0.0514442,1.03055,1.11795,1.20068,3949.98,3255.46,17.1115,1.00081,2,c_only
log_lik[521],0.902659,0.000874881,0.0367644,0.0367496,0.841069,0.903008,0.962137,1772.22,2471.57,7.67734,1.00142,2,c_only
log_lik[522],0.276116,0.00107047,0.0651091,0.0642388,0.167043,0.278102,0.381502,3737.48,3289.43,16.1909,1.0008,2,c_only
log_lik[523],1.1548,0.000685567,0.0421101,0.0424376,1.08559,1.15485,1.22324,3806.12,3357.77,16.4883,1.00043,2,c_only
log_lik[524],1.08144,0.000773775,0.0361125,0.0362503,1.02093,1.08148,1.14047,2199.26,2462.25,9.52729,1.00096,2,c_only
log_lik[525],1.01571,0.000877563,0.0377192,0.0383947,0.951962,1.01672,1.07647,1839.18,2392.14,7.96742,1.00154,2,c_only
log_lik[526],1.88803,0.00103596,0.0605506,0.0614097,1.78839,1.88945,1.98486,3495.27,2715.7,15.1417,1.00073,2,c_only
log_lik[527],1.07201,0.000790072,0.036217,0.0362436,1.0109,1.07207,1.1315,2110.15,2482.86,9.14124,1.00105,2,c_only
log_lik[528],-2.09212,0.00270537,0.130774,0.126962,-2.32033,-2.08669,-1.88859,2381.86,2501.53,10.3183,1.00107,2,c_only
log_lik[529],1.14145,0.000684292,0.0379347,0.0382943,1.07839,1.14162,1.20198,3102.45,3216.79,13.44,1.00042,2,c_only
log_lik[530],0.41789,0.00117607,0.0733115,0.071016,0.289177,0.421968,0.533486,3870.98,3108.65,16.7693,1.00132,2,c_only
log_lik[531],-2.07326,0.00267568,0.129061,0.124247,-2.29668,-2.06786,-1.87278,2365.47,2604.81,10.2473,1.00111,2,c_only
log_lik[532],1.96407,0.000801517,0.0527228,0.052191,1.8786,1.96455,2.05036,4369.85,2861.56,18.9304,1.00083,2,c_only
log_lik[533],0.148272,0.00109684,0.0719407,0.0706896,0.0267444,0.15031,0.265653,4337.1,3408.85,18.7885,1.00058,2,c_only
log_lik[534],-0.236718,0.0017188,0.113621,0.110649,-0.436474,-0.232385,-0.0555826,4431.52,3165.21,19.1975,1.00048,2,c_only
log_lik[535],0.878613,0.000914565,0.0372567,0.0377035,0.815379,0.878952,0.939236,1662.79,2311.79,7.20327,1.00159,2,c_only
log_lik[536],0.528442,0.00112207,0.0661276,0.063843,0.412456,0.531666,0.632168,3454.48,3055.0,14.965,1.00153,2,c_only
log_lik[537],-1.25274,0.00253992,0.138204,0.142109,-1.47706,-1.2529,-1.0218,2984.77,2934.96,12.9301,1.00081,2,c_only
log_lik[538],1.15359,0.000677809,0.0405607,0.0410906,1.08651,1.15372,1.2191,3613.63,3273.11,15.6544,1.0004,2,c_only
log_lik[539],1.78829,0.00127045,0.0687126,0.0693714,1.67301,1.79126,1.89506,3009.05,3132.32,13.0353,1.00057,2,c_only
log_lik[540],0.446706,0.0010575,0.0563625,0.0558032,0.351813,0.44856,0.537229,2862.11,3209.11,12.3988,1.00127,2,c_only
log_lik[541],1.96476,0.000790968,0.0520155,0.0515035,1.87873,1.96459,2.05011,4347.84,2897.48,18.835,1.00087,2,c_only
log_lik[542],0.801717,0.00104443,0.0488407,0.0491514,0.71889,0.803344,0.878146,2150.51,2940.84,9.31608,1.00194,2,c_only
log_lik[543],-0.14839,0.00163028,0.108667,0.105816,-0.339418,-0.14456,0.0244391,4510.05,3087.76,19.5377,1.00056,2,c_only
log_lik[544],0.847634,0.00102361,0.0461231,0.0472007,0.771209,0.848805,0.920789,1997.16,2654.84,8.6518,1.00197,2,c_only
log_lik[545],-1.33575,0.00262738,0.128159,0.128817,-1.55565,-1.33088,-1.13486,2428.5,2496.69,10.5204,1.00097,2,c_only
log_lik[546],1.15317,0.000700234,0.0437834,0.0438967,1.08087,1.15337,1.22449,3946.16,3269.41,17.0949,1.00048,2,c_only
log_lik[547],0.795809,0.00104671,0.049197,0.0495719,0.712428,0.797601,0.872551,2171.74,2963.47,9.40806,1.00194,2,c_only
log_lik[548],0.950104,0.000713533,0.0405996,0.0396788,0.881687,0.950556,1.01602,3321.35,2943.63,14.3882,1.0009,2,c_only
log_lik[549],1.849,0.000951696,0.0531593,0.0525684,1.75931,1.84862,1.93664,3114.33,3337.79,13.4914,1.00091,2,c_only
log_lik[550],-0.957461,0.00230659,0.128065,0.12863,-1.17322,-0.955614,-0.746967,3142.51,3052.4,13.6135,1.00042,2,c_only
log_lik[551],0.114921,0.0011077,0.073755,0.0724173,-0.0102949,0.117191,0.234898,4468.58,3405.44,19.3581,1.00061,2,c_only
log_lik[552],1.14437,0.000739625,0.0468378,0.0465641,1.06681,1.14476,1.21983,4043.7,3103.53,17.5175,1.00062,2,c_only
log_lik[553],0.567961,0.00110402,0.063569,0.0618509,0.455322,0.571091,0.667509,3289.53,2808.72,14.2504,1.00161,2,c_only
log_lik[554],0.712232,0.00107103,0.0543551,0.0543725,0.619148,0.71484,0.797552,2524.08,2935.3,10.9344,1.00185,2,c_only
log_lik[555],0.268819,0.003304,0.196502,0.192974,-0.0678002,0.277351,0.574892,3546.32,3000.97,15.3628,0.999931,2,c_only
log_lik[556],1.23092,0.00219708,0.117525,0.114709,1.02747,1.23756,1.40848,2913.88,3129.28,12.6231,1.00007,2,c_only
log_lik[557],0.927349,0.000735157,0.0469164,0.0462144,0.846145,0.927671,1.00376,4211.23,2959.42,18.2432,1.00046,2,c_only
log_lik[558],-0.2274,0.00132474,0.0927692,0.0923738,-0.382324,-0.224815,-0.0806925,4986.97,3482.14,21.6038,1.00042,2,c_only
log_lik[559],0.417051,0.00117651,0.073366,0.0710566,0.288303,0.421187,0.532676,3873.82,3108.65,16.7815,1.00131,2,c_only
log_lik[560],-0.267753,0.00175048,0.115302,0.112398,-0.470543,-0.263411,-0.0834563,4399.61,3273.14,19.0593,1.00046,2,c_only
log_lik[561],0.762328,0.00105814,0.0512394,0.051382,0.676095,0.763997,0.842032,2296.15,2963.21,9.94703,1.00192,2,c_only
log_lik[562],1.58427,0.00165748,0.0859308,0.0855227,1.4353,1.58881,1.7161,2762.2,2936.6,11.9659,1.0003,2,c_only
log_lik[563],0.584973,0.00151042,0.0811886,0.0801108,0.445868,0.58577,0.716095,2908.67,3093.83,12.6005,1.00044,2,c_only
log_lik[564],-0.210978,0.00130983,0.0918543,0.0909871,-0.36437,-0.208608,-0.065756,4993.61,3545.96,21.6325,1.00041,2,c_only
log_lik[565],0.383572,0.00106088,0.0595457,0.0592283,0.283987,0.385401,0.480389,3176.03,3294.82,13.7587,1.0013,2,c_only
log_lik[566],0.425733,0.00105858,0.0574126,0.0569844,0.328306,0.427519,0.518105,2962.82,3237.33,12.8351,1.00127,2,c_only
log_lik[567],0.223961,0.00130454,0.08585,0.0827051,0.0734491,0.228452,0.359472,4372.07,3029.47,18.94,1.00099,2,c_only
log_lik[568],0.432101,0.00116876,0.0723874,0.0702375,0.304853,0.436097,0.545465,3819.82,3096.76,16.5476,1.00134,2,c_only
log_lik[569],1.02106,0.000870316,0.0375281,0.0381484,0.957706,1.02207,1.08163,1851.71,2375.76,8.02167,1.0015,2,c_only
log_lik[570],-0.203134,0.00130285,0.0914169,0.0906175,-0.356577,-0.200798,-0.0585548,4994.18,3546.13,21.635,1.00041,2,c_only
log_lik[571],-2.12837,0.00280896,0.135979,0.136547,-2.36227,-2.12229,-1.91385,2401.22,2452.78,10.4022,1.00092,2,c_only
log_lik[572],0.0967749,0.00111426,0.0747469,0.0732477,-0.030364,0.0990204,0.218554,4535.56,3437.2,19.6483,1.00052,2,c_only
log_lik[573],1.94872,0.000799684,0.050929,0.0502547,1.86483,1.94908,2.03288,4057.33,3164.29,17.5765,1.00089,2,c_only
log_lik[574],1.75988,0.00108234,0.0574935,0.0569355,1.6641,1.75946,1.85379,2827.29,3356.66,12.2479,1.00091,2,c_only
log_lik[575],-0.16377,0.00286557,0.18388,0.184496,-0.46616,-0.165618,0.136273,4197.06,2553.85,18.1818,1.00116,2,c_only
log_lik[576],0.914269,0.000761501,0.0492036,0.0492713,0.828752,0.914514,0.993091,4308.74,2913.33,18.6656,1.00033,2,c_only
log_lik[577],0.272314,0.00107097,0.0653091,0.0645711,0.162872,0.274303,0.378156,3757.77,3318.14,16.2788,1.00084,2,c_only
log_lik[578],-0.292607,0.00138782,0.096387,0.0959194,-0.452792,-0.289499,-0.138166,4900.76,3421.47,21.2303,1.00032,2,c_only
log_lik[579],0.471956,0.00105611,0.055108,0.0541175,0.378686,0.473776,0.559997,2741.77,3168.14,11.8775,1.00118,2,c_only
log_lik[580],-1.65522,0.00251669,0.12427,0.125011,-1.86326,-1.65144,-1.45343,2456.48,2737.29,10.6416,1.00164,2,c_only
log_lik[581],1.90399,0.000993146,0.0592061,0.0605919,1.80689,1.90486,1.99776,3641.84,2802.53,15.7766,1.00075,2,c_only
log_lik[582],-0.399129,0.00188635,0.12202,0.118522,-0.611972,-0.394815,-0.204204,4231.91,3285.74,18.3328,1.00039,2,c_only
log_lik[583],-2.10916,0.00274405,0.132821,0.131034,-2.3396,-2.10415,-1.90101,2393.11,2452.1,10.367,1.001,2,c_only
log_lik[584],-0.45417,0.00194342,0.124616,0.121306,-0.670049,-0.450272,-0.255678,4153.81,3356.51,17.9945,1.00037,2,c_only
log_lik[585],-0.307699,0.00140326,0.0972199,0.0969145,-0.470371,-0.304483,-0.151866,4877.29,3452.55,21.1286,1.00035,2,c_only
log_lik[586],-1.06563,0.00245933,0.131427,0.133283,-1.28597,-1.06456,-0.85014,2906.28,2910.17,12.5901,1.00046,2,c_only
log_lik[587],-1.30581,0.00254935,0.136961,0.141075,-1.52606,-1.30571,-1.07788,2908.61,2964.79,12.6002,1.00091,2,c_only
log_lik[588],1.15445,0.00068016,0.0411845,0.0414098,1.08654,1.15471,1.2213,3702.19,3329.75,16.0381,1.0004,2,c_only
log_lik[589],0.296284,0.00125302,0.0811979,0.0780639,0.153839,0.300989,0.423586,4230.72,3114.92,18.3277,1.00108,2,c_only
log_lik[590],1.14013,0.00075592,0.0478363,0.0475174,1.06038,1.14046,1.21784,4045.35,3103.51,17.5246,1.00066,2,c_only
log_lik[591],0.1049,0.00139832,0.0933966,0.091357,-0.0593768,0.109664,0.254035,4514.03,3028.67,19.555,1.00081,2,c_only
log_lik[592],0.61351,0.00108363,0.0606336,0.0598048,0.506479,0.616234,0.70837,3045.95,2871.83,13.1952,1.00169,2,c_only
log_lik[593],1.10261,0.00073905,0.0361254,0.0358611,1.04217,1.10262,1.16072,2410.55,2729.59,10.4426,1.00075,2,c_only
log_lik[594],1.15209,0.000676646,0.0399237,0.0399346,1.08539,1.15226,1.21664,3514.03,3270.36,15.2229,1.00039,2,c_only
log_lik[595],0.950527,0.000722127,0.0396788,0.0388136,0.883803,0.951132,1.01565,3101.32,3004.17,13.435,1.00109,2,c_only
log_lik[596],1.25341,0.00167809,0.0948274,0.095318,1.09127,1.25764,1.40236,3206.86,3426.52,13.8922,1.00073,2,c_only
log_lik[597],1.12818,0.000702604,0.0368772,0.0367663,1.06659,1.12842,1.18846,2788.3,2898.23,12.079,1.00052,2,c_only
log_lik[598],1.05361,0.000821268,0.0365652,0.0367987,0.992753,1.05392,1.11363,1980.71,2383.76,8.58052,1.00122,2,c_only
log_lik[599],-0.235263,0.00133202,0.0932068,0.0928043,-0.390655,-0.232328,-0.0877836,4980.42,3482.14,21.5754,1.0004,2,c_only
log_lik[600],0.797381,0.000986939,0.0401053,0.0413329,0.730401,0.798996,0.861776,1648.65,2222.92,7.14202,1.00167,2,c_only
log_lik[601],0.808295,0.000981496,0.0396691,0.0406504,0.742004,0.80955,0.872242,1627.7,2171.83,7.05129,1.00169,2,c_only
log_lik[602],0.72862,0.00100674,0.0430267,0.044257,0.656455,0.730061,0.796251,1831.81,2489.56,7.93547,1.00147,2,c_only
log_lik[603],-1.64185,0.00294642,0.133242,0.133827,-1.85573,-1.64285,-1.41974,2089.82,2699.01,9.05317,1.00093,2,c_only
log_lik[604],1.96231,0.000810061,0.0531586,0.0525938,1.87627,1.96296,2.04893,4348.99,2639.43,18.84,1.00085,2,c_only
log_lik[605],0.92852,0.000970625,0.0416573,0.0425223,0.858636,0.930186,0.994864,1831.0,2564.7,7.93195,1.00188,2,c_only
log_lik[606],0.917594,0.00126478,0.0698199,0.0705896,0.801689,0.918342,1.03152,3067.78,2900.89,13.2898,1.00116,2,c_only
log_lik[607],0.946739,0.000752303,0.0380761,0.0376779,0.882856,0.947794,1.00915,2633.66,2949.36,11.4091,1.00149,2,c_only
log_lik[608],0.685699,0.00132669,0.0736036,0.0729094,0.55874,0.686881,0.805509,3106.86,3021.41,13.4591,1.00003,2,c_only
log_lik[609],0.576544,0.00110015,0.0630146,0.0615158,0.465314,0.579486,0.67529,3253.06,2767.81,14.0924,1.00162,2,c_only
log_lik[610],0.950537,0.000721681,0.0397162,0.0387852,0.883703,0.951113,1.01557,3109.99,3004.17,13.4726,1.00106,2,c_only
log_lik[611],0.650179,0.00103182,0.0465729,0.0471385,0.571429,0.651899,0.723191,2047.03,2710.68,8.86782,1.00118,2,c_only
log_lik[612],-1.1583,0.00257849,0.133669,0.134555,-1.37821,-1.15787,-0.938107,2725.91,3005.57,11.8087,1.00036,2,c_only
log_lik[613],0.773392,0.000996444,0.0410956,0.0423378,0.70512,0.775248,0.839642,1699.99,2267.56,7.36442,1.00161,2,c_only
log_lik[614],0.653546,0.0010309,0.0464175,0.0469627,0.575166,0.655138,0.726361,2037.16,2746.07,8.82507,1.00119,2,c_only
log_lik[615],0.908365,0.000986111,0.0427194,0.0436797,0.836594,0.909722,0.976693,1857.66,2599.85,8.04744,1.00194,2,c_only
log_lik[616],1.81204,0.00121857,0.0667719,0.0671839,1.69895,1.81476,1.91635,3084.27,3179.03,13.3612,1.00061,2,c_only
log_lik[617],0.616554,0.00108494,0.0604381,0.0596324,0.510172,0.619279,0.711251,3026.12,2870.43,13.1093,1.0017,2,c_only
log_lik[618],1.18017,0.00226683,0.122132,0.120509,0.968315,1.1868,1.36431,2950.44,3139.54,12.7814,1.00005,2,c_only
log_lik[619],0.0157488,0.00114958,0.0792109,0.0785386,-0.117403,0.0185458,0.143928,4803.45,3578.93,20.8088,1.00024,2,c_only
log_lik[620],-0.815461,0.00229168,0.137328,0.137568,-1.0476,-0.813183,-0.590277,3619.56,3214.98,15.6801,1.00039,2,c_only
log_lik[621],0.743146,0.00120679,0.0687149,0.0684399,0.623985,0.744534,0.853122,3277.4,3065.27,14.1978,0.999956,2,c_only
log_lik[622],0.833426,0.000965823,0.0387106,0.0392313,0.768219,0.834295,0.895762,1605.51,2208.1,6.95512,1.00169,2,c_only
log_lik[623],0.60056,0.00104277,0.04889,0.0492734,0.518396,0.60179,0.677561,2207.92,2910.85,9.5648,1.001,2,c_only
log_lik[624],0.915423,0.000759045,0.0490142,0.0490411,0.830307,0.915654,0.993859,4313.75,2825.88,18.6873,1.00035,2,c_only
log_lik[625],0.314574,0.00124065,0.0800157,0.0771106,0.174063,0.318886,0.439617,4186.94,3011.61,18.138,1.00112,2,c_only
log_lik[626],0.925938,0.000823133,0.0367406,0.0361799,0.864538,0.926612,0.985876,2013.11,2671.13,8.72087,1.00121,2,c_only
log_lik[627],1.54795,0.00135041,0.0715501,0.0718792,1.42594,1.54929,1.66226,2823.58,3360.15,12.2319,1.00082,2,c_only
log_lik[628],-1.38124,0.0025542,0.134708,0.138069,-1.59766,-1.38217,-1.15779,2801.79,2896.69,12.1375,1.00106,2,c_only
log_lik[629],1.14974,0.000676974,0.0392626,0.0387925,1.08408,1.15003,1.21305,3390.46,3271.73,14.6876,1.0004,2,c_only
log_lik[630],0.945888,0.000756576,0.0379302,0.0376978,0.882371,0.947124,1.00754,2578.62,2903.7,11.1707,1.00141,2,c_only
log_lik[631],1.11424,0.000842627,0.0523099,0.0520917,1.02709,1.11496,1.19803,3927.41,3256.25,17.0137,1.00083,2,c_only
log_lik[632],0.945663,0.000757664,0.037895,0.0377413,0.882212,0.946894,1.00727,2566.42,2948.82,11.1178,1.00144,2,c_only
log_lik[633],1.14031,0.000755252,0.0477973,0.0474429,1.06065,1.14068,1.21798,4045.77,3103.51,17.5264,1.00066,2,c_only
log_lik[634],0.851843,0.000940152,0.057674,0.058079,0.752244,0.851642,0.944455,3830.95,3117.18,16.5958,1.00012,2,c_only
log_lik[635],0.815199,0.00213188,0.130437,0.129704,0.597038,0.81888,1.01807,3768.48,3346.06,16.3252,1.00069,2,c_only
log_lik[636],-1.3614,0.00277927,0.134681,0.135723,-1.59511,-1.35587,-1.14816,2406.71,2421.9,10.426,1.00092,2,c_only
log_lik[637],1.76971,0.00130974,0.0702383,0.0712406,1.65198,1.77261,1.87964,2958.75,3127.89,12.8174,1.00054,2,c_only
log_lik[638],0.853817,0.00102035,0.0457653,0.0466994,0.777778,0.855012,0.92659,1979.01,2654.84,8.57316,1.00197,2,c_only
log_lik[639],0.659512,0.00137742,0.0756825,0.0746069,0.529246,0.660858,0.782071,3044.44,3046.01,13.1887,1.00025,2,c_only
log_lik[640],-1.6618,0.00251619,0.124074,0.124147,-1.8697,-1.65747,-1.46091,2449.41,2695.24,10.6109,1.00166,2,c_only
log_lik[641],0.0266319,0.0027844,0.178887,0.179465,-0.272632,0.0262217,0.313641,4198.64,2696.7,18.1887,1.00113,2,c_only
log_lik[642],0.644859,0.00103323,0.0468189,0.0473725,0.565637,0.646464,0.717988,2062.6,2750.69,8.93528,1.00116,2,c_only
log_lik[643],1.12842,0.000797403,0.0500938,0.0497014,1.04419,1.12886,1.20886,4011.23,3144.86,17.3768,1.00076,2,c_only
log_lik[644],0.908296,0.000860792,0.0367021,0.0364969,0.846835,0.908722,0.96782,1809.98,2473.44,7.8409,1.00136,2,c_only
log_lik[645],1.88417,0.000895819,0.0519023,0.0512919,1.79668,1.88406,1.96944,3353.95,3215.4,14.5295,1.00088,2,c_only
log_lik[646],0.0376969,0.00113902,0.0779967,0.0770998,-0.0940764,0.0402967,0.164326,4741.01,3578.83,20.5382,1.00042,2,c_only
log_lik[647],1.96304,0.000787992,0.0515993,0.0508358,1.87825,1.96341,2.04829,4300.99,3013.39,18.6321,1.00086,2,c_only
log_lik[648],0.949592,0.000734274,0.0388692,0.0384592,0.884485,0.950383,1.01369,2870.61,2998.13,12.4356,1.00133,2,c_only
log_lik[649],1.24323,0.00168897,0.0956617,0.0961399,1.07995,1.24787,1.39318,3220.57,3366.64,13.9517,1.00072,2,c_only
log_lik[650],0.102834,0.00111202,0.0744153,0.072765,-0.0235289,0.105001,0.224158,4514.31,3466.27,19.5562,1.00051,2,c_only
log_lik[651],1.02918,0.00246625,0.13578,0.132625,0.794711,1.03758,1.23661,3065.1,3192.44,13.2781,0.999991,2,c_only
log_lik[652],0.902645,0.000990205,0.0430279,0.0440777,0.830302,0.904077,0.971393,1865.73,2625.88,8.08241,1.00195,2,c_only
log_lik[653],-0.0601624,0.00282702,0.181626,0.181579,-0.360665,-0.0608081,0.232806,4200.03,2629.99,18.1947,1.00136,2,c_only
log_lik[654],0.949496,0.000710968,0.0410397,0.040176,0.880188,0.949912,1.01617,3418.1,2875.67,14.8074,1.00063,2,c_only
log_lik[655],-1.36443,0.00280395,0.135785,0.137224,-1.5981,-1.35846,-1.1486,2403.69,2397.26,10.4129,1.00091,2,c_only
log_lik[656],0.626046,0.00143909,0.0782243,0.0771504,0.491569,0.627146,0.753148,2977.35,3119.67,12.898,1.00052,2,c_only
log_lik[657],1.96397,0.000788731,0.0517597,0.0512691,1.87889,1.96415,2.04973,4322.71,2943.37,18.7262,1.00086,2,c_only
log_lik[658],0.925111,0.000825129,0.0367276,0.0362082,0.863822,0.925798,0.985018,2001.88,2709.36,8.67222,1.00124,2,c_only
log_lik[659],0.248732,0.00107443,0.0665543,0.0653153,0.137391,0.250625,0.35702,3875.54,3318.14,16.789,1.00067,2,c_only
log_lik[660],-0.185331,0.00128738,0.0904235,0.0895171,-0.33753,-0.182758,-0.0426182,5007.48,3579.48,21.6926,1.00035,2,c_only
log_lik[661],0.769617,0.00114705,0.0662806,0.0657635,0.655343,0.770575,0.876227,3374.54,3068.25,14.6187,1.0,2,c_only
log_lik[662],0.681813,0.00102205,0.0451233,0.0460528,0.606453,0.683186,0.75207,1959.76,2675.9,8.48975,1.00129,2,c_only
log_lik[663],-1.39326,0.00255407,0.1343,0.137815,-1.6083,-1.39422,-1.16974,2784.77,2875.22,12.0637,1.00108,2,c_only
log_lik[664],1.96471,0.000790681,0.0519886,0.0514414,1.87872,1.96464,2.04989,4346.71,2876.21,18.8301,1.00087,2,c_only
log_lik[665],0.28244,0.00106966,0.0647769,0.0641712,0.17398,0.284392,0.387156,3702.94,3289.43,16.0413,1.00085,2,c_only
log_lik[666],0.626046,0.00143909,0.0782243,0.0771504,0.491569,0.627146,0.753148,2977.35,3119.67,12.898,1.00052,2,c_only
log_lik[667],-1.36738,0.00283249,0.137064,0.138841,-1.6032,-1.36174,-1.15188,2399.59,2468.32,10.3951,1.0009,2,c_only
log_lik[668],1.64306,0.00123552,0.0647792,0.0651445,1.53331,1.64332,1.74798,2764.8,3365.39,11.9772,1.00086,2,c_only
log_lik[669],0.355715,0.00106268,0.0609708,0.0604993,0.254011,0.357831,0.454524,3322.61,3322.43,14.3937,1.00115,2,c_only
log_lik[670],0.411175,0.00117957,0.0737481,0.0712189,0.281081,0.415284,0.526996,3893.84,3084.21,16.8683,1.0013,2,c_only
log_lik[671],1.0175,0.000875157,0.0376543,0.0382415,0.953972,1.01855,1.07807,1843.69,2376.57,7.98696,1.00153,2,c_only
log_lik[672],-1.3541,0.00272784,0.132408,0.133497,-1.5839,-1.34878,-1.14329,2409.85,2570.53,10.4396,1.00093,2,c_only
log_lik[673],0.946954,0.000708077,0.0421939,0.0412474,0.875137,0.94715,1.01609,3662.02,3077.98,15.864,1.00047,2,c_only
log_lik[674],0.42124,0.00117433,0.0730936,0.0709203,0.292512,0.425258,0.536205,3858.43,3108.4,16.7149,1.00133,2,c_only
log_lik[675],0.19454,0.00336677,0.200948,0.197475,-0.146969,0.202564,0.509138,3572.04,3279.17,15.4742,0.999943,2,c_only
log_lik[676],0.776524,0.00105359,0.0503689,0.0507792,0.691791,0.778145,0.855039,2239.28,2810.34,9.70066,1.00194,2,c_only
log_lik[677],1.96427,0.000800296,0.0526547,0.0520421,1.87888,1.96472,2.05047,4371.61,2862.35,18.938,1.00083,2,c_only
log_lik[678],-0.588653,0.00173719,0.11212,0.112367,-0.778145,-0.584643,-0.410742,4241.83,3372.02,18.3758,1.00007,2,c_only
log_lik[679],0.790526,0.00104868,0.0495167,0.0497161,0.706684,0.792382,0.867748,2189.47,2831.28,9.48489,1.00194,2,c_only
log_lik[680],0.179212,0.00133849,0.0887055,0.0861994,0.0232488,0.184098,0.320343,4439.39,3053.71,19.2316,1.00092,2,c_only
log_lik[681],-0.624465,0.00179267,0.113896,0.114193,-0.816291,-0.621204,-0.4425,4150.18,3342.69,17.9788,1.00006,2,c_only
log_lik[682],0.948624,0.000709182,0.0415039,0.0406046,0.878475,0.948971,1.01629,3525.27,3014.6,15.2716,1.00073,2,c_only
log_lik[683],0.297707,0.00260292,0.16621,0.167163,0.0162358,0.299879,0.561006,4122.71,2819.26,17.8597,1.00074,2,c_only
log_lik[684],1.91637,0.000958351,0.0581343,0.0590139,1.82095,1.91734,2.00831,3760.65,2891.53,16.2913,1.00078,2,c_only
log_lik[685],1.00377,0.00194026,0.115331,0.114963,0.810849,1.00764,1.18411,3541.31,3433.17,15.3411,1.0007,2,c_only
log_lik[686],-1.91081,0.00280113,0.13551,0.136012,-2.14354,-1.90479,-1.69731,2397.81,2469.75,10.3874,1.00099,2,c_only
log_lik[687],0.527145,0.00105216,0.0524039,0.0519331,0.439086,0.528083,0.609574,2494.82,3205.6,10.8077,1.00087,2,c_only
log_lik[688],0.920767,0.00260276,0.14545,0.143019,0.667874,0.930533,1.14179,3154.95,3158.24,13.6674,0.99996,2,c_only
log_lik[689],-0.541551,0.0028618,0.180375,0.180268,-0.829347,-0.546628,-0.234236,4113.32,2468.06,17.8191,1.00178,2,c_only
log_lik[690],-1.88773,0.00271231,0.131162,0.129624,-2.11502,-1.88132,-1.68165,2397.41,2438.09,10.3857,1.00123,2,c_only
log_lik[691],1.89823,0.00100883,0.0596949,0.0607991,1.8001,1.89951,1.99325,3583.88,2795.73,15.5255,1.00073,2,c_only
log_lik[692],0.641456,0.0010341,0.0469766,0.0475426,0.562046,0.643074,0.71464,2072.78,2750.69,8.97937,1.00114,2,c_only
log_lik[693],0.868991,0.000927665,0.0375238,0.0380257,0.805808,0.869434,0.929337,1636.12,2248.43,7.08774,1.00162,2,c_only
log_lik[694],0.261507,0.00107248,0.0658788,0.0650379,0.151423,0.263427,0.368518,3812.16,3317.9,16.5144,1.00078,2,c_only
log_lik[695],0.296284,0.00125302,0.0811979,0.0780639,0.153839,0.300989,0.423586,4230.72,3114.92,18.3277,1.00108,2,c_only
log_lik[696],1.04805,0.00083029,0.0367016,0.0371391,0.986905,1.0484,1.1079,1949.19,2427.97,8.44398,1.00126,2,c_only
log_lik[697],1.08347,0.000770151,0.0360978,0.0362827,1.02284,1.08341,1.14229,2220.18,2463.29,9.61791,1.00093,2,c_only
log_lik[698],-0.86915,0.00233565,0.138419,0.138669,-1.10252,-0.867004,-0.640378,3537.1,3233.97,15.3229,1.00043,2,c_only
log_lik[699],0.938211,0.00200757,0.120649,0.119623,0.73764,0.941275,1.12623,3623.32,3407.7,15.6964,1.0007,2,c_only
log_lik[700],0.614734,0.00104011,0.0482231,0.0487531,0.533848,0.616061,0.69045,2158.47,2845.04,9.35057,1.00106,2,c_only
log_lik[701],0.952578,0.00199288,0.119489,0.118482,0.753913,0.956101,1.13973,3604.72,3453.55,15.6158,1.0007,2,c_only
log_lik[702],1.15383,0.000695963,0.0433574,0.0436095,1.08226,1.15405,1.22446,3916.24,3356.66,16.9653,1.00047,2,c_only
log_lik[703],0.783848,0.000992691,0.0406592,0.041991,0.715787,0.785575,0.849368,1675.88,2227.72,7.25998,1.00164,2,c_only
log_lik[704],0.228156,0.00107795,0.067647,0.0665922,0.114549,0.230274,0.338591,3974.5,3412.76,17.2177,1.00061,2,c_only
log_lik[705],1.13608,0.000691439,0.0374127,0.0378701,1.07375,1.13628,1.1965,2959.99,3086.91,12.8228,1.00046,2,c_only
log_lik[706],0.277382,0.0010703,0.0650425,0.0641979,0.168427,0.279356,0.382614,3731.51,3289.43,16.1651,1.00081,2,c_only
log_lik[707],-1.16079,0.00258151,0.133721,0.134419,-1.38048,-1.16035,-0.94047,2721.13,3005.57,11.788,1.00034,2,c_only
log_lik[708],0.914596,0.000981503,0.0423867,0.0434016,0.842899,0.916084,0.982265,1849.14,2581.66,8.01055,1.00192,2,c_only
log_lik[709],-0.523959,0.00165221,0.108826,0.108724,-0.707505,-0.520215,-0.351631,4404.25,3512.36,19.0794,1.00018,2,c_only
log_lik[710],1.59779,0.00129106,0.0679292,0.0681969,1.48142,1.59879,1.70734,2783.89,3232.21,12.0599,1.00083,2,c_only
log_lik[711],-0.342919,0.00182801,0.11923,0.116006,-0.5507,-0.338168,-0.151527,4305.9,3149.94,18.6533,1.00042,2,c_only
log_lik[712],1.11472,0.000721979,0.0363455,0.0359115,1.05452,1.1147,1.17425,2560.07,2761.56,11.0904,1.00065,2,c_only
log_lik[713],0.554199,0.00159752,0.0937453,0.0936381,0.393578,0.556565,0.70182,3521.34,3362.53,15.2546,1.00189,2,c_only
log_lik[714],-1.63628,0.00250694,0.146945,0.148043,-1.87135,-1.64269,-1.3849,3442.01,3263.7,14.9109,0.99999,2,c_only
log_lik[715],-1.56197,0.00262772,0.153042,0.154484,-1.80699,-1.56709,-1.30217,3402.78,3163.01,14.741,0.999953,2,c_only
log_lik[716],-1.38701,0.0027448,0.152742,0.153972,-1.64195,-1.3882,-1.13623,3132.66,2950.06,13.5708,1.00001,2,c_only
log_lik[717],0.461007,0.00149051,0.0847887,0.0827552,0.317777,0.462982,0.597972,3294.03,2956.21,14.2699,1.00208,2,c_only
log_lik[718],-1.51586,0.00228441,0.129191,0.128497,-1.72582,-1.51881,-1.2965,3216.9,2902.07,13.9358,1.00045,2,c_only
log_lik[719],-1.13573,0.00261231,0.154317,0.156791,-1.38981,-1.13692,-0.880966,3494.24,2872.34,15.1372,1.00061,2,c_only
log_lik[720],-1.45812,0.00139804,0.0796855,0.0810657,-1.59267,-1.45457,-1.33154,3254.37,2913.65,14.0981,1.00152,2,c_only
log_lik[721],-1.21457,0.00213892,0.110481,0.110388,-1.39933,-1.21236,-1.03916,2690.58,2697.25,11.6557,1.00138,2,c_only
log_lik[722],-0.311232,0.00244933,0.112525,0.114341,-0.49789,-0.310111,-0.134028,2138.98,2674.44,9.26615,1.00028,2,c_only
log_lik[723],-2.10913,0.00264814,0.128286,0.129832,-2.32981,-2.10504,-1.90417,2396.43,2323.47,10.3814,1.00092,2,c_only
log_lik[724],-1.9485,0.00216264,0.113636,0.113169,-2.13834,-1.9458,-1.76443,2801.12,2913.14,12.1346,1.00137,2,c_only
log_lik[725],-1.78206,0.00237965,0.115304,0.115059,-1.97397,-1.77803,-1.59499,2365.6,2694.39,10.2479,1.00116,2,c_only
log_lik[726],-1.3675,0.00283389,0.137126,0.13879,-1.60371,-1.36179,-1.15188,2398.67,2452.39,10.3911,1.0009,2,c_only
log_lik[727],-1.82432,0.00220659,0.125144,0.122249,-2.02223,-1.82885,-1.61709,3237.83,3002.84,14.0264,1.0007,2,c_only
log_lik[728],-2.04733,0.0023551,0.116086,0.117194,-2.24446,-2.04296,-1.86315,2469.6,2272.62,10.6984,1.00154,2,c_only
log_lik[729],0.0370297,0.00198825,0.108383,0.107333,-0.147615,0.0407131,0.20955,3028.63,3022.43,13.1202,0.999875,2,c_only
log_lik[730],0.309271,0.00183868,0.107543,0.106594,0.126842,0.311996,0.478954,3496.55,2980.73,15.1472,0.999845,2,c_only
log_lik[731],-1.42532,0.00235976,0.137664,0.137824,-1.65217,-1.42953,-1.1913,3408.09,2610.09,14.764,1.00055,2,c_only
log_lik[732],-1.33171,0.00245109,0.145421,0.1476,-1.56797,-1.335,-1.08874,3518.65,2463.3,15.2429,1.0002,2,c_only
log_lik[733],0.53599,0.00172608,0.102798,0.102711,0.36054,0.538516,0.699709,3631.18,2928.3,15.7304,1.0014,2,c_only
log_lik[734],-1.06396,0.00263548,0.153463,0.157241,-1.31608,-1.06372,-0.812906,3394.57,2897.69,14.7054,1.00044,2,c_only
log_lik[735],0.103766,0.00145001,0.0818426,0.0824528,-0.0354888,0.105268,0.235989,3215.29,2605.18,13.9288,1.00077,2,c_only
log_lik[736],-1.3649,0.00224922,0.118676,0.118137,-1.564,-1.36313,-1.1754,2819.28,2735.85,12.2132,1.0,2,c_only
log_lik[737],0.502978,0.00175684,0.104633,0.104102,0.325223,0.505417,0.668996,3626.57,3100.34,15.7104,1.00106,2,c_only
log_lik[738],-1.02696,0.00262757,0.151459,0.155744,-1.27551,-1.02583,-0.778298,3334.3,2718.1,14.4443,1.00049,2,c_only
log_lik[739],-1.64377,0.00249397,0.146213,0.147795,-1.87764,-1.64972,-1.39354,3443.05,3263.41,14.9155,1.0,2,c_only
log_lik[740],0.36938,0.00181758,0.107189,0.107192,0.185915,0.371657,0.538571,3553.91,2889.64,15.3957,1.00005,2,c_only
log_lik[741],0.522077,0.00154287,0.0893482,0.0882855,0.371498,0.524765,0.664838,3421.74,3274.47,14.8231,1.00203,2,c_only
log_lik[742],-1.19644,0.00209371,0.109269,0.109715,-1.3775,-1.1954,-1.02229,2736.18,2660.2,11.8533,1.00142,2,c_only
log_lik[743],-2.0136,0.00226144,0.113378,0.11358,-2.20459,-2.01069,-1.83456,2551.34,2686.59,11.0525,1.0011,2,c_only
log_lik[744],-0.0181225,0.00203555,0.108712,0.10797,-0.203136,-0.0144135,0.155274,2902.49,2931.62,12.5737,0.999895,2,c_only
log_lik[745],0.319023,0.00144263,0.080343,0.0802552,0.185455,0.320876,0.446728,3142.36,2791.36,13.6128,1.00102,2,c_only
log_lik[746],-1.11195,0.0019439,0.105934,0.106141,-1.28805,-1.11141,-0.942864,2996.69,2785.06,12.9818,1.00152,2,c_only
log_lik[747],-1.42112,0.00236372,0.138042,0.137824,-1.64846,-1.42558,-1.18657,3413.36,2624.55,14.7868,1.00048,2,c_only
log_lik[748],-1.70431,0.00228398,0.11512,0.112795,-1.89295,-1.70262,-1.51502,2558.43,2617.83,11.0832,1.00099,2,c_only
log_lik[749],-1.81746,0.00244986,0.117691,0.11768,-2.01496,-1.81262,-1.62828,2330.64,2670.04,10.0964,1.00127,2,c_only
log_lik[750],-1.13023,0.00261538,0.154358,0.15694,-1.3847,-1.13152,-0.875788,3488.36,2870.62,15.1117,1.00063,2,c_only
log_lik[751],-0.948073,0.00235231,0.127451,0.129514,-1.16352,-0.945004,-0.744534,2976.07,2677.02,12.8924,1.00035,2,c_only
log_lik[752],0.562058,0.00166874,0.0989863,0.0995571,0.393208,0.563882,0.718505,3596.63,3181.96,15.5808,1.00143,2,c_only
log_lik[753],-2.07819,0.00247947,0.12082,0.1225,-2.28448,-2.07459,-1.8838,2420.69,2302.64,10.4865,1.00113,2,c_only
log_lik[754],-1.14237,0.00161721,0.0854423,0.0839675,-1.28671,-1.14072,-1.00528,2823.57,2726.88,12.2318,1.00048,2,c_only
log_lik[755],0.56299,0.00166192,0.0985074,0.0990005,0.395704,0.564556,0.718439,3590.64,3181.96,15.5548,1.00136,2,c_only
log_lik[756],0.187238,0.00144001,0.080428,0.0790477,0.0521702,0.189398,0.316656,3157.89,2481.87,13.6801,1.00067,2,c_only
log_lik[757],-0.59719,0.00161747,0.102675,0.104108,-0.76622,-0.596883,-0.429017,4096.91,2924.21,17.748,1.00135,2,c_only
log_lik[758],-1.52213,0.00228055,0.128597,0.127628,-1.73118,-1.5247,-1.30311,3199.88,2867.86,13.862,1.00045,2,c_only
log_lik[759],0.153893,0.00144316,0.0808903,0.0808673,0.0175893,0.156165,0.283498,3178.52,2377.19,13.7695,1.0007,2,c_only
log_lik[760],-0.220256,0.00231342,0.110945,0.110669,-0.406568,-0.218288,-0.0459615,2339.56,2759.14,10.1351,1.00013,2,c_only
log_lik[761],-1.38186,0.00273873,0.152035,0.153393,-1.63651,-1.38272,-1.1328,3118.2,2919.2,13.5082,0.999983,2,c_only
log_lik[762],-0.0863898,0.00212118,0.109274,0.108446,-0.271655,-0.0829578,0.0871792,2705.04,2998.2,11.7183,0.999956,2,c_only
log_lik[763],0.183704,0.00189253,0.107891,0.10588,-7.42031e-05,0.188824,0.352541,3317.81,2860.4,14.3729,0.999828,2,c_only
log_lik[764],-1.31638,0.00250844,0.1231,0.123832,-1.52666,-1.31107,-1.12262,2458.82,2495.29,10.6517,1.00107,2,c_only
log_lik[765],-1.15374,0.00260105,0.154084,0.15694,-1.40719,-1.15501,-0.899403,3514.21,2806.72,15.2237,1.00057,2,c_only
log_lik[766],0.562238,0.00162845,0.0960869,0.0961873,0.398994,0.564578,0.713898,3561.08,3237.52,15.4267,1.00139,2,c_only
log_lik[767],-1.12838,0.00164858,0.0867972,0.0855168,-1.27407,-1.12689,-0.98975,2800.15,2521.65,12.1304,1.00053,2,c_only
log_lik[768],-1.01086,0.00261729,0.150067,0.153722,-1.25598,-1.01069,-0.763676,3302.83,2608.83,14.308,1.00047,2,c_only
log_lik[769],0.504122,0.00152362,0.0877135,0.0864908,0.354985,0.506568,0.645424,3377.88,3160.82,14.6331,1.00202,2,c_only
log_lik[770],-0.066307,0.00209547,0.10909,0.108555,-0.25033,-0.0622428,0.107393,2763.11,3070.53,11.9699,0.999936,2,c_only
log_lik[771],-1.34454,0.00257394,0.13876,0.137714,-1.57656,-1.34239,-1.12431,2947.93,2975.91,12.7706,0.999969,2,c_only
log_lik[772],-2.12714,0.00279534,0.135427,0.136607,-2.36033,-2.12071,-1.91314,2405.82,2468.68,10.4221,1.00093,2,c_only
log_lik[773],0.541141,0.00157006,0.0915793,0.0905419,0.38505,0.543772,0.685726,3476.12,3303.44,15.0587,1.00183,2,c_only
log_lik[774],0.56218,0.00166798,0.0989336,0.0994965,0.393496,0.563924,0.718504,3595.68,3181.96,15.5766,1.00144,2,c_only
log_lik[775],-0.618365,0.00293831,0.119797,0.12025,-0.821219,-0.615123,-0.429218,1686.52,2502.98,7.30609,1.0008,2,c_only
log_lik[776],-0.94719,0.00242011,0.132437,0.135012,-1.17095,-0.944622,-0.734615,3035.29,2586.06,13.149,1.0004,2,c_only
log_lik[777],-0.306397,0.00244174,0.112433,0.114334,-0.492877,-0.305117,-0.128693,2148.43,2674.57,9.30707,1.00027,2,c_only
log_lik[778],-0.166329,0.00223194,0.110178,0.109781,-0.352319,-0.164704,0.00970796,2479.31,2856.18,10.7405,1.00005,2,c_only
log_lik[779],-1.39393,0.00207737,0.108758,0.107538,-1.57693,-1.39181,-1.22079,2773.25,2717.05,12.0138,1.00014,2,c_only
log_lik[780],-1.54602,0.00153731,0.0847957,0.0871133,-1.68731,-1.54326,-1.4129,3060.16,2957.9,13.2567,1.00183,2,c_only
log_lik[781],-1.34366,0.00265676,0.129261,0.130283,-1.56648,-1.33861,-1.13848,2420.11,2547.6,10.484,1.00097,2,c_only
log_lik[782],-1.77638,0.0022693,0.131005,0.130382,-1.98302,-1.78055,-1.55594,3351.41,3126.82,14.5185,1.00044,2,c_only
log_lik[783],-1.34373,0.00251172,0.134583,0.132735,-1.5685,-1.34167,-1.13071,2912.42,2952.76,12.6167,0.999966,2,c_only
log_lik[784],-1.20463,0.00256534,0.152677,0.153932,-1.45302,-1.20671,-0.952826,3550.71,2739.7,15.3818,1.00047,2,c_only
log_lik[785],-1.1179,0.00195094,0.106074,0.106406,-1.2937,-1.11703,-0.948907,2985.27,2666.46,12.9323,1.00152,2,c_only
log_lik[786],-0.0181225,0.00203555,0.108712,0.10797,-0.203136,-0.0144135,0.155274,2902.49,2931.62,12.5737,0.999895,2,c_only
log_lik[787],-0.0354902,0.00205779,0.108838,0.108273,-0.220451,-0.0312349,0.137931,2863.22,3085.12,12.4036,0.99991,2,c_only
log_lik[788],-1.59784,0.00224937,0.121757,0.119406,-1.79415,-1.59847,-1.39563,2954.66,2840.71,12.7997,1.0008,2,c_only
log_lik[789],0.551685,0.00170142,0.101209,0.101559,0.378739,0.554578,0.713538,3630.92,3013.37,15.7293,1.00116,2,c_only
log_lik[790],0.379958,0.00181388,0.107099,0.107613,0.19672,0.382422,0.549106,3563.77,2957.18,15.4384,1.00007,2,c_only
log_lik[791],0.545693,0.00171235,0.101924,0.102279,0.371727,0.548053,0.707995,3634.8,2989.67,15.7461,1.00132,2,c_only
log_lik[792],-0.20845,0.00229517,0.110766,0.11062,-0.394625,-0.206385,-0.0337062,2369.23,2835.45,10.2636,1.00011,2,c_only
log_lik[793],0.562058,0.00166874,0.0989863,0.0995571,0.393208,0.563882,0.718505,3596.63,3181.96,15.5808,1.00143,2,c_only
log_lik[794],0.542243,0.00171767,0.102266,0.102667,0.367628,0.544867,0.704719,3633.64,2921.69,15.7411,1.00131,2,c_only
log_lik[795],0.386426,0.00181159,0.107039,0.107318,0.203243,0.388844,0.555455,3567.76,2907.32,15.4557,1.00017,2,c_only
log_lik[796],-0.209192,0.00152335,0.0916469,0.0926065,-0.361309,-0.206231,-0.062314,3661.71,3163.69,15.8627,1.00108,2,c_only
log_lik[797],-1.66025,0.00246515,0.144538,0.144992,-1.89118,-1.66647,-1.41285,3443.82,3319.41,14.9188,1.00008,2,c_only
log_lik[798],0.55926,0.00168139,0.0998609,0.0997644,0.388707,0.562132,0.717601,3608.69,3064.84,15.633,1.00135,2,c_only
log_lik[799],-1.39015,0.00134339,0.0774826,0.0783349,-1.52003,-1.38726,-1.26681,3327.96,3060.31,14.4169,1.00116,2,c_only
log_lik[800],-0.391539,0.00257805,0.114194,0.115495,-0.580905,-0.389101,-0.211414,1990.6,2828.67,8.62338,1.00041,2,c_only
log_lik[801],-1.54952,0.00264582,0.153821,0.155864,-1.79664,-1.55403,-1.28883,3390.4,3216.03,14.6874,0.99989,2,c_only
log_lik[802],-1.46677,0.0023222,0.133839,0.132591,-1.68696,-1.47032,-1.23883,3337.45,2933.79,14.458,1.00041,2,c_only
log_lik[803],0.217628,0.00187595,0.107815,0.106051,0.0341784,0.222275,0.387362,3376.71,2865.08,14.628,0.999823,2,c_only
log_lik[804],-1.47606,0.002732,0.156547,0.158708,-1.73359,-1.47926,-1.21209,3300.92,3110.8,14.2997,0.999931,2,c_only
log_lik[805],0.502218,0.00175738,0.104664,0.104057,0.324419,0.504691,0.668253,3626.46,3100.34,15.71,1.00105,2,c_only
log_lik[806],0.52601,0.00173725,0.103487,0.103186,0.350007,0.528285,0.691351,3631.38,3067.22,15.7313,1.00138,2,c_only
log_lik[807],-1.48954,0.00271946,0.156324,0.158422,-1.74603,-1.49321,-1.22651,3322.95,3137.24,14.3952,0.999919,2,c_only
log_lik[808],-1.38248,0.00213912,0.112214,0.110664,-1.57161,-1.38069,-1.20394,2791.08,2736.77,12.0911,1.00008,2,c_only
log_lik[809],0.479746,0.00150316,0.0859235,0.0841821,0.334984,0.481659,0.618817,3327.32,2986.21,14.4141,1.00186,2,c_only
log_lik[810],0.335964,0.00182919,0.107413,0.106655,0.153522,0.338622,0.504807,3527.1,2911.45,15.2795,0.999893,2,c_only
log_lik[811],-1.43501,0.00189454,0.0989784,0.0973698,-1.6046,-1.43338,-1.27708,2753.6,2669.53,11.9287,1.00031,2,c_only
log_lik[812],0.473697,0.00149883,0.0855372,0.0835742,0.329,0.475673,0.612513,3316.7,2986.21,14.3681,1.00194,2,c_only
log_lik[813],0.265044,0.00185551,0.107697,0.106508,0.0818008,0.267973,0.432745,3446.13,2923.28,14.9288,0.999824,2,c_only
log_lik[814],0.15031,0.00191072,0.107971,0.105963,-0.0333238,0.154674,0.319915,3259.68,2838.79,14.1211,0.999832,2,c_only
log_lik[815],-1.31134,0.0024843,0.122144,0.122992,-1.51885,-1.30583,-1.11894,2467.25,2512.68,10.6882,1.00109,2,c_only
log_lik[816],0.531191,0.00173174,0.103149,0.103014,0.355271,0.533469,0.695707,3629.76,2972.23,15.7243,1.00135,2,c_only
log_lik[817],-1.36493,0.00280849,0.135975,0.136902,-1.59893,-1.35903,-1.14935,2402.68,2444.36,10.4085,1.00091,2,c_only
log_lik[818],-1.50334,0.0014607,0.0820119,0.0834278,-1.6409,-1.50035,-1.37481,3162.71,3002.48,13.701,1.00171,2,c_only
log_lik[819],-1.0263,0.00262725,0.15141,0.155793,-1.27465,-1.02514,-0.777587,3332.72,2718.1,14.4375,1.0005,2,c_only
log_lik[820],0.55741,0.00160704,0.0944768,0.0941997,0.395925,0.560001,0.705878,3534.36,3333.64,15.311,1.00178,2,c_only
log_lik[821],0.556412,0.00160386,0.0942339,0.0941234,0.394466,0.559082,0.704474,3529.44,3333.16,15.2897,1.00182,2,c_only
log_lik[822],0.530706,0.00155402,0.0902741,0.089526,0.377773,0.533299,0.674645,3444.15,3301.17,14.9202,1.002,2,c_only
log_lik[823],-0.951715,0.00230112,0.123881,0.126285,-1.15974,-0.949459,-0.755508,2937.67,2641.39,12.7261,1.00032,2,c_only
log_lik[824],0.448058,0.00178751,0.106183,0.106378,0.266633,0.45061,0.615652,3608.75,2864.38,15.6332,1.00058,2,c_only
log_lik[825],0.561155,0.00162212,0.0956159,0.0960341,0.398172,0.563553,0.711564,3553.77,3238.34,15.3951,1.00161,2,c_only
log_lik[826],-0.220256,0.00231342,0.110945,0.110669,-0.406568,-0.218288,-0.0459615,2339.56,2759.14,10.1351,1.00013,2,c_only
log_lik[827],0.56107,0.00167399,0.0993513,0.0998476,0.391692,0.563118,0.718411,3601.4,3139.65,15.6014,1.00134,2,c_only
log_lik[828],0.563669,0.00165193,0.0977976,0.0981471,0.398731,0.565724,0.717825,3583.64,3236.73,15.5245,1.00126,2,c_only
log_lik[829],-0.995618,0.00260184,0.148322,0.152209,-1.2399,-0.994826,-0.75132,3262.42,2547.57,14.133,1.00047,2,c_only
log_lik[830],0.559779,0.00161577,0.0951395,0.0953594,0.39694,0.562296,0.709576,3542.77,3276.66,15.3474,1.00178,2,c_only
log_lik[831],-0.184973,0.00225955,0.110429,0.111036,-0.37147,-0.183296,-0.0092918,2427.72,2815.73,10.517,1.00007,2,c_only
log_lik[832],-1.61911,0.00148254,0.07962,0.0786573,-1.75354,-1.61688,-1.49215,2947.82,2813.3,12.7701,1.00066,2,c_only
log_lik[833],-0.217233,0.0015255,0.0919298,0.0929463,-0.369683,-0.214175,-0.0692436,3673.69,3165.21,15.9146,1.00108,2,c_only
log_lik[834],0.0480657,0.00146002,0.0832007,0.0818844,-0.0937231,0.0507566,0.181116,3275.09,2690.55,14.1878,1.00085,2,c_only
log_lik[835],-2.1306,0.00281539,0.136312,0.137205,-2.36565,-2.12391,-1.91507,2402.02,2452.51,10.4056,1.00092,2,c_only
log_lik[836],0.386164,0.00145714,0.0816943,0.0804632,0.24899,0.387736,0.516443,3182.34,2699.03,13.786,1.00186,2,c_only
log_lik[837],0.224592,0.00187276,0.107799,0.106195,0.0417808,0.229138,0.393097,3387.93,2865.08,14.6766,0.999823,2,c_only
log_lik[838],0.251817,0.00186093,0.107733,0.106514,0.067973,0.254879,0.420153,3427.68,2900.76,14.8489,0.999823,2,c_only
log_lik[839],-1.36711,0.00282947,0.136926,0.138878,-1.60263,-1.36148,-1.15132,2399.53,2468.32,10.3949,1.0009,2,c_only
log_lik[840],-0.724675,0.00308061,0.122455,0.123095,-0.932835,-0.72118,-0.529181,1603.87,2592.93,6.94805,1.00095,2,c_only
log_lik[841],-0.122587,0.00216973,0.10965,0.109373,-0.308042,-0.120448,0.0522978,2598.9,2947.24,11.2585,0.999994,2,c_only
log_lik[842],0.354376,0.00182279,0.1073,0.107035,0.171198,0.356909,0.524035,3542.7,2911.78,15.3471,0.999995,2,c_only
log_lik[843],0.528936,0.00173421,0.103301,0.103083,0.353084,0.531481,0.693682,3630.2,3019.44,15.7262,1.00136,2,c_only
log_lik[844],-1.09026,0.00174213,0.0911233,0.0897713,-1.24305,-1.08822,-0.946008,2764.7,2504.24,11.9768,1.0004,2,c_only
log_lik[845],0.315322,0.0018365,0.107517,0.106685,0.132625,0.317755,0.484872,3503.47,3004.23,15.1772,0.999845,2,c_only
log_lik[846],-0.922356,0.00323894,0.126257,0.127858,-1.13559,-0.916056,-0.724304,1536.96,2626.27,6.65819,1.00115,2,c_only
log_lik[847],0.382559,0.00181296,0.107076,0.107444,0.199114,0.385061,0.551886,3564.45,2957.18,15.4414,1.0001,2,c_only
log_lik[848],0.155959,0.00190751,0.107957,0.106057,-0.0277486,0.16064,0.3255,3269.69,2838.79,14.1644,0.999834,2,c_only
log_lik[849],0.508888,0.00175241,0.104382,0.103663,0.331376,0.511205,0.674979,3629.35,3047.65,15.7225,1.00113,2,c_only
