param,Mean,MCSE,StdDev,MAD,5%,50%,95%,ESS_bulk,ESS_tail,ESS_bulk/s,R_hat,participant_id,model
lp__,404.497,0.0578228,2.05617,1.93631,400.588,404.823,407.193,1314.12,2253.66,5.69282,1.00039,2,c_only
c[1],-0.896313,0.00327481,0.105515,0.10913,-1.06531,-0.899481,-0.72208,1047.62,1859.88,4.53831,1.00282,2,c_only
c[2],0.0631328,0.00333135,0.107276,0.11073,-0.110973,0.0623315,0.242051,1050.63,1641.53,4.55139,1.00203,2,c_only
c[3],0.272394,0.00343557,0.106494,0.109776,0.0995361,0.27091,0.450244,981.935,1742.2,4.25378,1.00282,2,c_only
d,0.860244,0.0014886,0.0647726,0.0640717,0.757145,0.857402,0.968448,1923.41,2367.28,8.3323,1.00052,2,c_only
t0,0.0914382,0.00119795,0.0371373,0.0388942,0.0245656,0.0942917,0.147883,969.619,1445.39,4.20043,1.00329,2,c_only
B,4.25447,0.0180668,0.613213,0.63882,3.33501,4.21392,5.31937,1160.91,1783.46,5.02911,1.00193,2,c_only
r,16.2171,0.0377669,1.46673,1.42139,13.9501,16.1583,18.7291,1547.24,1854.56,6.70272,1.00098,2,c_only
p_lapse,0.166839,0.000460624,0.0225037,0.0228559,0.130524,0.166246,0.205079,2398.57,2452.39,10.3907,1.0009,2,c_only
c_vec[1],-0.896313,0.00327481,0.105515,0.10913,-1.06531,-0.899481,-0.72208,1047.62,1859.88,4.53831,1.00282,2,c_only
c_vec[2],0.0631328,0.00333135,0.107276,0.11073,-0.110973,0.0623315,0.242051,1050.63,1641.53,4.55139,1.00203,2,c_only
c_vec[3],0.272394,0.00343557,0.106494,0.109776,0.0995361,0.27091,0.450244,981.935,1742.2,4.25378,1.00282,2,c_only
d_vec[1],0.860244,0.0014886,0.0647726,0.0640717,0.757145,0.857402,0.968448,1923.41,2367.28,8.3323,1.00052,2,c_only
d_vec[2],0.860244,0.0014886,0.0647726,0.0640717,0.757145,0.857402,0.968448,1923.41,2367.28,8.3323,1.00052,2,c_only
d_vec[3],0.860244,0.0014886,0.0647726,0.0640717,0.757145,0.857402,0.968448,1923.41,2367.28,8.3323,1.00052,2,c_only
pk[1],0.906316,0.00055589,0.0186753,0.0185592,0.8739,0.908051,0.933615,1133.82,1910.3,4.91177,1.00272,2,c_only
pk[2],0.642426,0.00120044,0.0395715,0.040411,0.575384,0.643969,0.705313,1098.89,1867.83,4.76042,1.00219,2,c_only
pk[3],0.562341,0.00128722,0.0407662,0.0424992,0.495251,0.562969,0.628168,1011.28,1870.38,4.38089,1.00316,2,c_only
pf[1],0.67846,0.00122575,0.0394813,0.0403378,0.611623,0.679378,0.740559,1048.76,1805.53,4.54326,1.00243,2,c_only
pf[2],0.312119,0.00125714,0.0411719,0.0426787,0.244394,0.31136,0.380081,1084.12,1807.13,4.69647,1.00151,2,c_only
pf[3],0.242705,0.00114828,0.036585,0.0377768,0.183801,0.24234,0.303985,1030.64,1833.88,4.46476,1.00211,2,c_only
vk[1],14.6833,0.0288544,1.19219,1.1714,12.7937,14.6596,16.7287,1737.25,2053.48,7.52585,1.00083,2,c_only
vk[2],10.3954,0.0218579,0.904055,0.880079,8.94274,10.3508,11.9389,1728.24,2057.66,7.4868,1.00083,2,c_only
vk[3],9.09724,0.0211483,0.840937,0.825913,7.74946,9.07076,10.5031,1600.91,2155.54,6.93522,1.00105,2,c_only
vf[1],10.986,0.0254615,1.01293,0.964862,9.34545,10.9691,12.6792,1604.8,2316.25,6.95204,1.0012,2,c_only
vf[2],5.05381,0.0208674,0.758046,0.758844,3.84713,5.03565,6.31425,1326.01,1705.67,5.74432,1.00193,2,c_only
vf[3],3.9305,0.0187803,0.659409,0.661167,2.89076,3.90464,5.05152,1211.8,1938.45,5.24956,1.00106,2,c_only
sigma_k[1],1.16776,0.00410817,0.138839,0.141077,0.951193,1.16141,1.41263,1163.97,1596.35,5.04235,1.00222,2,c_only
sigma_k[2],1.92181,0.0031894,0.113619,0.112309,1.73774,1.92041,2.11091,1285.88,1728.23,5.5705,1.0017,2,c_only
sigma_k[3],1.98925,0.0026709,0.099115,0.0967035,1.82785,1.98839,2.15422,1398.01,1758.02,6.05624,1.00146,2,c_only
sigma_f[1],1.87207,0.00337274,0.116912,0.11635,1.68217,1.87087,2.07126,1219.89,1893.34,5.28462,1.00203,2,c_only
sigma_f[2],1.85503,0.00264385,0.101463,0.0974792,1.68567,1.85654,2.02109,1497.73,2010.92,6.48822,1.00099,2,c_only
sigma_f[3],1.71569,0.00312709,0.11247,0.109913,1.52709,1.71937,1.89716,1319.77,1766.36,5.7173,1.00183,2,c_only
log_lik[1],1.27642,0.00213323,0.113398,0.110861,1.08071,1.28291,1.44942,2882.89,3137.99,12.4888,1.00008,2,c_only
log_lik[2],1.01796,0.00108207,0.0625003,0.063096,0.913724,1.01923,1.11869,3375.95,3091.54,14.6248,1.00108,2,c_only
log_lik[3],1.04065,0.00103303,0.0605134,0.0607132,0.940022,1.04177,1.13837,3473.28,2977.82,15.0464,1.00106,2,c_only
log_lik[4],1.09412,0.000900782,0.0549489,0.0548477,1.00265,1.09482,1.18293,3788.83,3163.2,16.4134,1.00092,2,c_only
log_lik[5],0.350255,0.00189328,0.0956737,0.095296,0.189844,0.351139,0.503915,2609.55,2635.65,11.3047,1.0007,2,c_only
log_lik[6],0.870714,0.00133578,0.0726917,0.0737241,0.749664,0.871375,0.989536,2977.82,2626.01,12.9,1.00115,2,c_only
log_lik[7],1.12352,0.000709319,0.0366493,0.0362769,1.06253,1.12381,1.18326,2699.94,2875.65,11.6962,1.00056,2,c_only
log_lik[8],0.808396,0.00105374,0.0624521,0.0625233,0.700546,0.808777,0.909369,3556.64,3067.58,15.4075,1.0002,2,c_only
log_lik[9],1.28327,0.00212349,0.112777,0.110105,1.08869,1.28972,1.45549,2878.38,3125.23,12.4693,1.00009,2,c_only
log_lik[10],1.90681,0.000858649,0.0512954,0.0512201,1.82132,1.90678,1.99094,3563.31,3343.59,15.4364,1.0009,2,c_only
log_lik[11],0.817132,0.000976512,0.039324,0.0401406,0.751184,0.818323,0.880538,1617.02,2160.81,7.00501,1.00169,2,c_only
log_lik[12],0.32366,0.00188318,0.0972036,0.0974902,0.161278,0.325271,0.479573,2678.18,2658.43,11.602,1.00093,2,c_only
log_lik[13],0.751192,0.00118895,0.0679886,0.06773,0.633158,0.752658,0.859921,3304.26,3052.2,14.3142,0.999969,2,c_only
log_lik[14],1.93496,0.000817425,0.0508813,0.0507217,1.84981,1.93508,2.01831,3865.86,3150.18,16.7471,1.0009,2,c_only
log_lik[15],1.15377,0.000678128,0.0406666,0.0411046,1.08652,1.15388,1.21937,3631.31,3301.21,15.731,1.0004,2,c_only
log_lik[16],0.945036,0.000760601,0.0378037,0.03752,0.881439,0.946141,1.00673,2531.79,2960.57,10.9678,1.00154,2,c_only
log_lik[17],0.802313,0.00106886,0.0630762,0.0632642,0.693302,0.803067,0.903753,3523.54,3092.07,15.2641,1.00016,2,c_only
log_lik[18],0.973799,0.000927816,0.0394492,0.0402823,0.907259,0.974681,1.03684,1797.56,2610.42,7.7871,1.00175,2,c_only
log_lik[19],1.01503,0.00192864,0.114413,0.113974,0.822918,1.01879,1.19346,3527.46,3433.34,15.2811,1.0007,2,c_only
log_lik[20],0.748833,0.00100316,0.0421439,0.0435058,0.678207,0.750459,0.81598,1765.74,2362.97,7.64925,1.00154,2,c_only
log_lik[21],-1.36465,0.00280595,0.135874,0.137352,-1.59853,-1.35862,-1.14868,2403.38,2443.93,10.4116,1.00091,2,c_only
log_lik[22],0.792374,0.00109317,0.064076,0.0641207,0.681789,0.793394,0.894933,3474.41,3067.73,15.0513,1.00012,2,c_only
log_lik[23],1.56821,0.00132649,0.070061,0.0706271,1.44926,1.56951,1.68007,2805.54,3260.3,12.1537,1.00082,2,c_only
log_lik[24],0.988253,0.00114139,0.0648807,0.066228,0.87965,0.989096,1.09426,3262.69,2890.13,14.1341,1.00109,2,c_only
log_lik[25],0.782053,0.00111791,0.0650898,0.0649767,0.669795,0.78347,0.886507,3426.0,3068.25,14.8416,1.00001,2,c_only
log_lik[26],1.00573,0.00110712,0.0635075,0.0644276,0.899612,1.00689,1.10884,3329.29,3029.26,14.4226,1.00108,2,c_only
log_lik[27],1.92792,0.00082705,0.0509365,0.0507043,1.84318,1.92798,2.01131,3781.58,3254.29,16.382,1.0009,2,c_only
log_lik[28],0.803253,0.00142629,0.0764212,0.0770154,0.675169,0.804262,0.927447,2883.57,2463.62,12.4918,1.00112,2,c_only
log_lik[29],1.92518,0.00083084,0.0509682,0.0507012,1.84009,1.92515,2.00881,3749.89,3312.95,16.2447,1.0009,2,c_only
log_lik[30],1.50403,0.00140144,0.0748484,0.075218,1.37525,1.50584,1.62307,2869.61,3273.58,12.4313,1.00079,2,c_only
log_lik[31],1.66162,0.00152058,0.0792808,0.0797248,1.52516,1.66533,1.78329,2797.92,3096.96,12.1207,1.00038,2,c_only
log_lik[32],1.66827,0.00120379,0.0630936,0.0630649,1.5619,1.66807,1.77107,2763.17,3364.09,11.9702,1.00087,2,c_only
log_lik[33],-1.36104,0.00277644,0.134555,0.13552,-1.59453,-1.35563,-1.14805,2407.21,2453.06,10.4281,1.00092,2,c_only
log_lik[34],1.14594,0.000679526,0.0385371,0.0387102,1.08187,1.14624,1.20745,3243.85,3271.73,14.0525,1.0004,2,c_only
log_lik[35],0.910965,0.00127528,0.0702426,0.0710005,0.794339,0.911442,1.02542,3053.32,2764.35,13.2271,1.00116,2,c_only
log_lik[36],-0.0355001,0.00228937,0.114807,0.114373,-0.22371,-0.0332728,0.15039,2538.46,2721.79,10.9967,1.00032,2,c_only
log_lik[37],0.937291,0.000790651,0.0371182,0.0367688,0.875167,0.938574,0.998292,2253.31,2891.55,9.76145,1.00144,2,c_only
log_lik[38],0.916331,0.000757126,0.0488637,0.0488823,0.831547,0.916691,0.994762,4319.36,2804.33,18.7117,1.0004,2,c_only
log_lik[39],0.691472,0.0013152,0.0731336,0.0723629,0.565498,0.692568,0.810413,3121.35,2949.45,13.5218,0.999939,2,c_only
log_lik[40],-1.35962,0.00276581,0.134082,0.135221,-1.59268,-1.35441,-1.14654,2407.69,2469.82,10.4302,1.00092,2,c_only
log_lik[41],0.779071,0.00277338,0.157789,0.154777,0.504603,0.790252,1.02173,3256.37,3163.03,14.1067,0.999943,2,c_only
log_lik[42],0.899389,0.00080485,0.0514967,0.0512823,0.810931,0.899313,0.981838,4213.96,2988.31,18.255,1.00011,2,c_only
log_lik[43],1.15394,0.000678485,0.0407736,0.0412118,1.08667,1.15404,1.21975,3649.0,3301.21,15.8076,1.0004,2,c_only
log_lik[44],0.57227,0.00168919,0.0869939,0.0867799,0.424342,0.57377,0.712586,2702.52,2548.53,11.7074,1.00093,2,c_only
log_lik[45],1.03574,0.00104393,0.0609571,0.061391,0.934292,1.03675,1.13415,3450.77,3025.23,14.9489,1.00107,2,c_only
log_lik[46],0.552089,0.00170863,0.0878177,0.0869807,0.402729,0.553226,0.693567,2688.28,2582.6,11.6457,1.00092,2,c_only
log_lik[47],1.90597,0.000860036,0.0513143,0.0512283,1.82052,1.90588,1.99018,3556.79,3315.24,15.4082,1.0009,2,c_only
log_lik[48],0.620839,0.00164079,0.0849635,0.0849639,0.476963,0.622899,0.757208,2732.54,2590.91,11.8375,1.00099,2,c_only
log_lik[49],1.14912,0.000720311,0.0454752,0.0453835,1.07409,1.14917,1.22197,4022.04,3239.13,17.4237,1.00056,2,c_only
log_lik[50],1.79993,0.00102543,0.0553773,0.0548781,1.70844,1.79969,1.8901,2916.13,3323.32,12.6328,1.00091,2,c_only
log_lik[51],0.888908,0.00205773,0.124607,0.12386,0.680957,0.892451,1.08424,3684.9,3317.61,15.9631,1.00069,2,c_only
log_lik[52],1.03794,0.00103907,0.0607596,0.0610804,0.936943,1.03895,1.13599,3459.22,2977.82,14.9855,1.00106,2,c_only
log_lik[53],0.921305,0.000746869,0.0480148,0.0477091,0.838217,0.921546,0.998901,4279.48,2786.16,18.5389,1.00047,2,c_only
log_lik[54],0.936822,0.000718505,0.0449746,0.0440951,0.860213,0.937114,1.00975,4049.57,2870.53,17.5429,1.00054,2,c_only
log_lik[55],0.786446,0.00110744,0.0646613,0.0645844,0.674697,0.787561,0.890008,3446.85,3067.8,14.9319,1.00007,2,c_only
log_lik[56],0.949338,0.000736335,0.0387599,0.0382339,0.884222,0.950236,1.01306,2841.06,3020.62,12.3076,1.00131,2,c_only
log_lik[57],1.59195,0.0012981,0.0683456,0.0689087,1.47556,1.59313,1.70179,2788.2,3232.21,12.0786,1.00083,2,c_only
log_lik[58],0.774508,0.00105427,0.0504921,0.0507543,0.689556,0.776195,0.853176,2247.23,2831.11,9.73511,1.00194,2,c_only
log_lik[59],0.633409,0.00142581,0.0776755,0.076714,0.500039,0.63445,0.75972,2990.57,3027.89,12.9553,1.0004,2,c_only
log_lik[60],0.921674,0.000833126,0.0366884,0.0363165,0.86013,0.922475,0.981432,1961.05,2640.67,8.49537,1.00121,2,c_only
log_lik[61],-1.36637,0.00282183,0.136587,0.138267,-1.60111,-1.36074,-1.15098,2400.77,2460.06,10.4003,1.00091,2,c_only
log_lik[62],1.202,0.00173288,0.0990495,0.0991096,1.03291,1.20642,1.3571,3281.78,3413.71,14.2168,1.00071,2,c_only
log_lik[63],0.520404,0.0016141,0.0855534,0.0843372,0.37508,0.521313,0.657871,2823.95,2962.05,12.2335,1.0007,2,c_only
log_lik[64],-1.2795,0.00244906,0.122265,0.120596,-1.48256,-1.27631,-1.0855,2524.56,2645.9,10.9365,1.00116,2,c_only
log_lik[65],1.13048,0.000699309,0.0370113,0.0370702,1.06897,1.13057,1.19068,2840.3,2943.52,12.3043,1.0005,2,c_only
log_lik[66],1.14944,0.000718901,0.0453678,0.045313,1.07446,1.14945,1.22223,4019.22,3239.13,17.4114,1.00055,2,c_only
log_lik[67],-1.20301,0.0027454,0.137207,0.130554,-1.42467,-1.20249,-0.974441,2521.88,3046.01,10.9249,1.0013,2,c_only
log_lik[68],0.594934,0.00104374,0.0491559,0.0497525,0.512294,0.59619,0.672427,2228.19,2911.5,9.6526,1.00099,2,c_only
log_lik[69],0.647407,0.00161314,0.0838193,0.0835201,0.506474,0.649133,0.78216,2746.55,2563.7,11.8982,1.00101,2,c_only
log_lik[70],0.788488,0.00144455,0.077186,0.0774225,0.659274,0.789499,0.913896,2868.37,2464.13,12.4259,1.00112,2,c_only
log_lik[71],0.202189,0.00202674,0.103532,0.10362,0.030564,0.203618,0.370021,2628.51,2588.13,11.3868,1.00077,2,c_only
log_lik[72],1.06791,0.00187379,0.110083,0.109201,0.880412,1.07263,1.24027,3461.49,3494.34,14.9953,1.00071,2,c_only
log_lik[73],0.637453,0.00141845,0.0773715,0.076438,0.504557,0.638473,0.763402,2998.72,2946.12,12.9906,1.00037,2,c_only
log_lik[74],1.87207,0.00091533,0.052297,0.0519829,1.7837,1.87201,1.95765,3258.55,3293.79,14.1162,1.0009,2,c_only
log_lik[75],1.40039,0.00195201,0.102203,0.0996122,1.22455,1.40825,1.55808,2807.77,3097.01,12.1634,1.00016,2,c_only
log_lik[76],0.417928,0.00176153,0.0918834,0.0920309,0.263426,0.41873,0.566013,2734.86,2679.24,11.8475,1.00076,2,c_only
log_lik[77],1.54385,0.00135523,0.0718543,0.0720959,1.42084,1.54517,1.65852,2829.55,3360.15,12.2577,1.00082,2,c_only
log_lik[78],1.79319,0.00125991,0.0683117,0.0690213,1.67846,1.79618,1.8992,3022.19,3178.13,13.0922,1.00058,2,c_only
log_lik[79],-0.060848,0.00230455,0.111913,0.110725,-0.246738,-0.0583793,0.118801,2429.75,2479.88,10.5258,1.00035,2,c_only
log_lik[80],0.784612,0.000992393,0.0406276,0.0419578,0.716562,0.786307,0.850233,1673.8,2227.72,7.25099,1.00164,2,c_only
log_lik[81],-1.27436,0.00243915,0.122092,0.120683,-1.47735,-1.27189,-1.07964,2536.38,2701.14,10.9877,1.00118,2,c_only
log_lik[82],1.08175,0.000933869,0.0563834,0.055711,0.988309,1.08241,1.17241,3701.48,3039.41,16.035,1.00098,2,c_only
log_lik[83],-0.188632,0.00359644,0.215905,0.215072,-0.548605,-0.184853,0.158767,3626.77,3273.23,15.7113,1.00002,2,c_only
log_lik[84],0.968224,0.00117868,0.0663716,0.0675295,0.85756,0.968969,1.07703,3195.68,2827.58,13.8438,1.00112,2,c_only
log_lik[85],1.15433,0.00067966,0.0410734,0.0413385,1.08684,1.15454,1.22114,3688.61,3301.26,15.9792,1.0004,2,c_only
log_lik[86],0.927236,0.00081992,0.0367639,0.0361309,0.865756,0.927892,0.98719,2031.39,2615.43,8.80005,1.00117,2,c_only
log_lik[87],0.891799,0.000827083,0.0525808,0.0524699,0.801032,0.891897,0.976218,4153.97,3013.35,17.9952,1.00013,2,c_only
log_lik[88],0.54336,0.00239325,0.150634,0.151751,0.287551,0.546173,0.782169,3993.34,2893.43,17.2993,1.0007,2,c_only
log_lik[89],1.15481,0.000684752,0.0419908,0.0422949,1.08583,1.15487,1.22307,3795.16,3388.23,16.4408,1.00043,2,c_only
log_lik[90],0.80012,0.0014302,0.0765848,0.0772302,0.671704,0.801114,0.924195,2880.24,2463.62,12.4773,1.00112,2,c_only
log_lik[91],-1.15709,0.00281976,0.144108,0.136632,-1.38801,-1.15892,-0.914952,2635.6,3173.16,11.4175,1.00118,2,c_only
log_lik[92],1.12594,0.000805622,0.0505114,0.0500389,1.04096,1.12666,1.207,3998.13,3171.76,17.3201,1.00077,2,c_only
log_lik[93],-0.670296,0.00216034,0.133247,0.131542,-0.899158,-0.666472,-0.455746,3839.31,3291.58,16.6321,1.00034,2,c_only
log_lik[94],0.918415,0.00126346,0.0697671,0.0705403,0.802553,0.919163,1.03226,3069.72,2900.89,13.2982,1.00116,2,c_only
log_lik[95],0.879313,0.000863222,0.0542699,0.0541177,0.786207,0.879189,0.966448,4047.07,3116.15,17.5321,1.00019,2,c_only
log_lik[96],0.919409,0.000750724,0.0483436,0.0481455,0.835799,0.919722,0.997473,4301.41,2786.16,18.6339,1.00042,2,c_only
log_lik[97],1.30346,0.00162425,0.0907385,0.0914364,1.14805,1.30742,1.44549,3134.41,3427.14,13.5784,1.00075,2,c_only
log_lik[98],1.06055,0.000809558,0.0364138,0.0365365,0.999777,1.06088,1.11976,2026.85,2452.51,8.7804,1.00116,2,c_only
log_lik[99],1.15107,0.000711355,0.0447686,0.0447834,1.07667,1.15123,1.22348,3997.29,3295.94,17.3164,1.00052,2,c_only
log_lik[100],0.793804,0.00143803,0.0769125,0.0773274,0.664815,0.79477,0.918642,2874.22,2464.13,12.4513,1.00112,2,c_only
log_lik[101],1.14657,0.00067901,0.0386384,0.0387308,1.08205,1.14687,1.20812,3266.43,3271.73,14.1503,1.0004,2,c_only
log_lik[102],1.12689,0.000704467,0.0368083,0.0366209,1.06566,1.127,1.18727,2761.96,2897.88,11.9649,1.00053,2,c_only
log_lik[103],0.904427,0.00087148,0.036742,0.0367677,0.843073,0.904823,0.96381,1782.51,2424.94,7.72192,1.0014,2,c_only
log_lik[104],1.72889,0.00112464,0.0592829,0.0587046,1.62909,1.72809,1.82564,2787.29,3160.89,12.0746,1.00089,2,c_only
log_lik[105],1.41312,0.00150414,0.0819185,0.0818409,1.27251,1.41675,1.54239,2979.91,3428.69,12.9091,1.00077,2,c_only
log_lik[106],0.851843,0.000940152,0.057674,0.058079,0.752244,0.851642,0.944455,3830.95,3117.18,16.5958,1.00012,2,c_only
log_lik[107],0.810826,0.00273591,0.155061,0.151413,0.54184,0.821798,1.04866,3234.74,3238.77,14.013,0.999942,2,c_only
log_lik[108],0.886839,0.000841516,0.0532647,0.0529441,0.79542,0.886823,0.972032,4111.59,3012.55,17.8116,1.0002,2,c_only
log_lik[109],0.784612,0.000992393,0.0406276,0.0419578,0.716562,0.786307,0.850233,1673.8,2227.72,7.25099,1.00164,2,c_only
log_lik[110],1.23044,0.00170263,0.0967118,0.0976603,1.06518,1.2351,1.38159,3238.82,3354.14,14.0307,1.00072,2,c_only
log_lik[111],0.2052,0.00335805,0.200335,0.196646,-0.135665,0.213113,0.518468,3570.59,3279.17,15.468,0.999939,2,c_only
log_lik[112],1.62263,0.0012608,0.0661825,0.0667386,1.51048,1.62312,1.73013,2770.35,3184.41,12.0013,1.00085,2,c_only
log_lik[113],0.826746,0.000970454,0.0389581,0.0396581,0.761369,0.827816,0.889849,1609.31,2172.63,6.9716,1.00169,2,c_only
log_lik[114],0.688595,0.00132094,0.0733683,0.0726291,0.562099,0.689705,0.807804,3113.86,2997.45,13.4894,0.999966,2,c_only
log_lik[115],1.85151,0.00112738,0.0635545,0.0647278,1.74581,1.8533,1.9507,3259.93,3191.22,14.1222,1.00065,2,c_only
log_lik[116],0.490212,0.00165951,0.0874874,0.0860592,0.342365,0.491145,0.630994,2792.88,2830.77,12.0989,1.00072,2,c_only
log_lik[117],1.34333,0.00203683,0.107342,0.105066,1.15813,1.35029,1.50821,2839.75,2964.66,12.3019,1.00012,2,c_only
log_lik[118],0.929489,0.000731273,0.0465056,0.0457559,0.849015,0.929809,1.00521,4184.07,2982.41,18.1256,1.00045,2,c_only
log_lik[119],0.73847,0.0015094,0.0796645,0.0795565,0.605016,0.738979,0.867456,2823.15,2366.64,12.23,1.00108,2,c_only
log_lik[120],1.153,0.000677122,0.0402751,0.0406311,1.08607,1.15321,1.21817,3571.27,3243.14,15.4709,1.00039,2,c_only
log_lik[121],0.927349,0.000735157,0.0469164,0.0462144,0.846145,0.927671,1.00376,4211.23,2959.42,18.2432,1.00046,2,c_only
log_lik[122],-0.0588639,0.00353945,0.212585,0.211272,-0.414922,-0.0541717,0.280291,3622.45,3417.89,15.6926,0.999988,2,c_only
log_lik[123],0.722097,0.00152891,0.0804424,0.0803848,0.58681,0.722545,0.852174,2811.18,2411.88,12.1782,1.00107,2,c_only
log_lik[124],0.753022,0.00118486,0.0678218,0.0675223,0.635216,0.754433,0.861725,3309.78,3052.2,14.3381,1.00001,2,c_only
log_lik[125],1.64601,0.00154901,0.0806115,0.0807775,1.50699,1.65008,1.77007,2787.07,3109.23,12.0737,1.00037,2,c_only
log_lik[126],1.50004,0.00179696,0.0933168,0.0920979,1.33938,1.50604,1.644,2768.76,3176.72,11.9944,1.00023,2,c_only
log_lik[127],0.988118,0.000911808,0.0388169,0.0397459,0.922084,0.989206,1.05035,1802.8,2522.15,7.80981,1.00168,2,c_only
log_lik[128],-0.426217,0.00191447,0.123315,0.119789,-0.640612,-0.422071,-0.230017,4195.54,3356.51,18.1753,1.00038,2,c_only
log_lik[129],0.679035,0.00102301,0.0452496,0.0461503,0.603403,0.680368,0.749561,1966.66,2685.04,8.51965,1.00128,2,c_only
log_lik[130],0.537119,0.00239895,0.151066,0.152256,0.280679,0.540188,0.776706,3998.45,2873.1,17.3214,1.0007,2,c_only
log_lik[131],1.11693,0.000834371,0.0519186,0.0516069,1.03021,1.11755,1.2004,3948.35,3255.46,17.1044,1.00082,2,c_only
log_lik[132],1.04196,0.00083986,0.0368657,0.0373483,0.980172,1.04257,1.10215,1920.82,2455.51,8.32108,1.00131,2,c_only
log_lik[133],1.12578,0.000706054,0.0367532,0.0365004,1.06467,1.12598,1.18591,2740.73,2875.68,11.873,1.00054,2,c_only
log_lik[134],0.985685,0.000914613,0.0389217,0.0398562,0.919562,0.986735,1.04831,1800.98,2574.37,7.80193,1.00169,2,c_only
log_lik[135],1.32796,0.0015977,0.0887487,0.0891598,1.17687,1.33235,1.46731,3101.53,3397.36,13.4359,1.00075,2,c_only
log_lik[136],0.907865,0.00261866,0.14659,0.144,0.65309,0.917667,1.13142,3163.5,3213.69,13.7044,0.999957,2,c_only
log_lik[137],0.406719,0.00184196,0.0935204,0.0934021,0.249012,0.407125,0.557463,2626.41,2667.9,11.3777,1.00076,2,c_only
log_lik[138],1.62826,0.00125387,0.065793,0.0661554,1.51674,1.62879,1.73514,2769.8,3158.38,11.9989,1.00086,2,c_only
log_lik[139],1.14168,0.000750004,0.0474869,0.0472915,1.06273,1.14212,1.21882,4045.62,3127.83,17.5258,1.00064,2,c_only
log_lik[140],0.802825,0.00106759,0.063024,0.0631826,0.693774,0.803542,0.904209,3525.93,3092.07,15.2745,1.00015,2,c_only
log_lik[141],1.75384,0.0010907,0.0578327,0.057404,1.65694,1.75336,1.8481,2817.58,3269.42,12.2059,1.0009,2,c_only
log_lik[142],0.403102,0.00178144,0.0927486,0.0930708,0.247479,0.403813,0.552341,2725.4,2668.08,11.8066,1.00076,2,c_only
log_lik[143],0.946379,0.000708074,0.0423997,0.0414176,0.874071,0.946572,1.01603,3702.35,3059.04,16.0387,1.00037,2,c_only
log_lik[144],1.08424,0.000927342,0.0561034,0.0556203,0.991129,1.08485,1.17478,3718.68,3039.41,16.1095,1.00097,2,c_only
log_lik[145],1.77997,0.00128818,0.0693951,0.0701758,1.6637,1.78301,1.88807,2985.16,3081.28,12.9318,1.00054,2,c_only
log_lik[146],1.10967,0.000729161,0.03623,0.0361301,1.04911,1.10999,1.16846,2493.71,2701.65,10.8028,1.00068,2,c_only
log_lik[147],0.279652,0.0012645,0.0822712,0.0791666,0.134904,0.284548,0.408896,4266.06,3144.42,18.4808,1.00106,2,c_only
log_lik[148],0.73847,0.0015094,0.0796645,0.0795565,0.605016,0.738979,0.867456,2823.15,2366.64,12.23,1.00108,2,c_only
log_lik[149],1.8323,0.000977324,0.0538608,0.0535606,1.74185,1.83212,1.92017,3030.59,3408.6,13.1286,1.00092,2,c_only
log_lik[150],-1.30238,0.00267633,0.128509,0.128454,-1.51703,-1.29518,-1.09658,2334.05,2588.57,10.1112,1.00146,2,c_only
log_lik[151],1.03072,0.00105491,0.0614028,0.0616742,0.928596,1.03187,1.13001,3429.71,3025.71,14.8577,1.00107,2,c_only
log_lik[152],1.14955,0.00067706,0.0392175,0.0388245,1.08393,1.14983,1.21274,3381.12,3271.73,14.6471,1.0004,2,c_only
log_lik[153],0.918979,0.000751608,0.0484172,0.048317,0.835134,0.919341,0.997239,4307.01,2765.94,18.6582,1.00044,2,c_only
log_lik[154],1.45154,0.00187362,0.0976257,0.0956767,1.28334,1.45778,1.6021,2783.42,3123.75,12.0579,1.00019,2,c_only
log_lik[155],1.12667,0.000704782,0.0367971,0.0365869,1.06546,1.12678,1.18704,2757.1,2897.88,11.9439,1.00053,2,c_only
log_lik[156],0.897974,0.000809006,0.0517025,0.0516592,0.809341,0.897866,0.980543,4202.61,2966.01,18.2059,1.00013,2,c_only
log_lik[157],1.15368,0.000677964,0.0406135,0.0411496,1.08651,1.15376,1.21924,3621.66,3273.11,15.6892,1.0004,2,c_only
log_lik[158],0.896471,0.000886203,0.0368605,0.0367246,0.83423,0.896797,0.956239,1739.39,2489.35,7.53509,1.00148,2,c_only
log_lik[159],1.96193,0.00081169,0.0532357,0.0525312,1.87538,1.96249,2.04907,4344.16,2565.82,18.8191,1.00084,2,c_only
log_lik[160],0.970357,0.0011748,0.0662166,0.0672393,0.859885,0.971121,1.07934,3201.16,2827.58,13.8676,1.00112,2,c_only
log_lik[161],0.915179,0.000847168,0.0366671,0.036111,0.853889,0.915762,0.974573,1887.87,2504.18,8.17835,1.00131,2,c_only
log_lik[162],1.92724,0.000827983,0.0509438,0.0506816,1.84247,1.92728,2.01082,3774.71,3254.29,16.3522,1.0009,2,c_only
log_lik[163],1.05615,0.000997353,0.0590493,0.0592139,0.958422,1.05697,1.15114,3551.0,3074.31,15.3831,1.00103,2,c_only
log_lik[164],0.419057,0.00176,0.0918171,0.091951,0.264649,0.419848,0.566991,2735.48,2679.24,11.8502,1.00076,2,c_only
log_lik[165],1.15441,0.000691311,0.0428468,0.0432921,1.08375,1.15458,1.22398,3876.76,3386.83,16.7943,1.00045,2,c_only
log_lik[166],1.00659,0.00193736,0.115101,0.11457,0.813785,1.01039,1.18631,3538.07,3433.17,15.3271,1.0007,2,c_only
log_lik[167],1.96116,0.000788096,0.0513968,0.0505316,1.87665,1.96167,2.04619,4262.43,2978.84,18.465,1.00088,2,c_only
log_lik[168],0.962465,0.00118904,0.0667856,0.0680977,0.851311,0.962953,1.07186,3180.1,2729.05,13.7763,1.00113,2,c_only
log_lik[169],1.52196,0.00176149,0.091382,0.0904505,1.36388,1.52784,1.66274,2764.79,3229.44,11.9772,1.00024,2,c_only
log_lik[170],0.996477,0.00250799,0.138713,0.135719,0.755428,1.00543,1.20808,3092.77,3218.14,13.398,0.999982,2,c_only
log_lik[171],0.667103,0.00227708,0.141741,0.141719,0.426718,0.670585,0.890091,3905.78,2982.73,16.92,1.0007,2,c_only
log_lik[172],1.47754,0.00183282,0.095311,0.0934769,1.31392,1.4835,1.62397,2773.61,3150.13,12.0154,1.00021,2,c_only
log_lik[173],0.511605,0.00112992,0.06722,0.065097,0.39332,0.515123,0.616915,3520.69,2961.9,15.2518,1.00151,2,c_only
log_lik[174],0.650181,0.00139496,0.0764036,0.075284,0.519333,0.651402,0.774339,3024.11,2997.17,13.1006,1.00028,2,c_only
log_lik[175],1.14236,0.00068315,0.0380416,0.0383999,1.07921,1.1425,1.20309,3128.81,3213.33,13.5542,1.00041,2,c_only
log_lik[176],1.94442,0.00080499,0.050885,0.0505858,1.86035,1.94442,2.02848,3992.55,3138.87,17.2959,1.00089,2,c_only
log_lik[177],1.131,0.000788638,0.0496394,0.0492643,1.04757,1.13146,1.21136,4022.74,3132.17,17.4267,1.00074,2,c_only
log_lik[178],0.888952,0.000898858,0.0370086,0.0372017,0.826465,0.888999,0.949425,1702.22,2324.44,7.3741,1.00154,2,c_only
log_lik[179],1.33353,0.00205115,0.108228,0.106143,1.14659,1.34066,1.49946,2845.43,3101.38,12.3265,1.00011,2,c_only
log_lik[180],1.1069,0.000733061,0.0361816,0.0360485,1.04647,1.10713,1.16533,2460.39,2740.99,10.6585,1.0007,2,c_only
log_lik[181],-1.34387,0.00266794,0.129835,0.130406,-1.56751,-1.33851,-1.13858,2420.41,2521.5,10.4853,1.00095,2,c_only
log_lik[182],0.11493,0.00139,0.0927677,0.0908206,-0.0482675,0.11961,0.263172,4506.42,3053.11,19.522,1.00082,2,c_only
log_lik[183],0.779071,0.00277338,0.157789,0.154777,0.504603,0.790252,1.02173,3256.37,3163.03,14.1067,0.999943,2,c_only
log_lik[184],0.619413,0.00145092,0.0787141,0.0774806,0.484553,0.620561,0.74727,2965.25,3118.95,12.8456,1.00058,2,c_only
log_lik[185],0.947855,0.00070842,0.0418431,0.0408878,0.876943,0.948154,1.01635,3593.16,3102.75,15.5657,1.00066,2,c_only
log_lik[186],1.91384,0.000965589,0.0583561,0.0596317,1.81784,1.91466,2.00589,3734.87,2865.9,16.1796,1.00077,2,c_only
log_lik[187],0.987584,0.00114267,0.0649318,0.0661946,0.878969,0.988422,1.09374,3259.65,2890.13,14.1209,1.00109,2,c_only
log_lik[188],1.87362,0.00107299,0.0617434,0.0627318,1.77138,1.87519,1.97121,3396.35,2867.65,14.7131,1.00069,2,c_only
log_lik[189],1.93906,0.000811934,0.05087,0.0506172,1.85408,1.93897,2.02335,3917.79,3181.03,16.972,1.00088,2,c_only
log_lik[190],1.10174,0.000740266,0.0361165,0.035869,1.04106,1.10173,1.1599,2401.26,2671.67,10.4024,1.00076,2,c_only
log_lik[191],0.949884,0.00121113,0.0676692,0.0688375,0.837238,0.950685,1.0606,3148.69,2801.74,13.6402,1.00113,2,c_only
log_lik[192],1.78749,0.0010434,0.0560087,0.0556391,1.69446,1.78716,1.87833,2881.4,3257.22,12.4823,1.00091,2,c_only
log_lik[193],0.0363284,0.00113966,0.0780723,0.0772109,-0.0956592,0.0389411,0.163072,4745.0,3578.26,20.5556,1.00041,2,c_only
log_lik[194],0.499001,0.00105439,0.0537763,0.0530124,0.408186,0.500484,0.584168,2617.35,3244.53,11.3385,1.00109,2,c_only
log_lik[195],1.16523,0.00177179,0.102076,0.10172,0.990969,1.1694,1.32504,3330.46,3382.76,14.4277,1.00071,2,c_only
log_lik[196],-0.00462519,0.0014938,0.10016,0.0976856,-0.181984,-0.000532282,0.155805,4551.98,3179.6,19.7194,1.00069,2,c_only
log_lik[197],1.87922,0.000903828,0.0520583,0.0514894,1.79192,1.87913,1.96466,3313.29,3272.14,14.3533,1.00089,2,c_only
log_lik[198],1.42684,0.00148885,0.0808345,0.0806729,1.28838,1.43039,1.5548,2960.27,3428.95,12.824,1.00078,2,c_only
log_lik[199],1.1462,0.000732436,0.046351,0.046149,1.06933,1.14635,1.22082,4037.06,3152.92,17.4887,1.0006,2,c_only
log_lik[200],0.943218,0.000768544,0.0375816,0.0369372,0.880167,0.944229,1.00467,2445.98,2994.18,10.5961,1.0015,2,c_only
log_lik[201],1.65397,0.00122186,0.064043,0.0639916,1.5458,1.65396,1.75799,2763.4,3334.73,11.9712,1.00086,2,c_only
log_lik[202],0.865465,0.000902481,0.0560323,0.056411,0.768603,0.865214,0.955328,3938.17,3116.2,17.0603,1.00017,2,c_only
log_lik[203],1.11363,0.000844485,0.0523973,0.0521213,1.02644,1.11438,1.19764,3922.6,3227.92,16.9929,1.00083,2,c_only
log_lik[204],1.13905,0.000759982,0.0480713,0.0478507,1.05879,1.13922,1.21709,4044.34,3155.85,17.5203,1.00067,2,c_only
log_lik[205],0.642916,0.00103373,0.0469089,0.0474908,0.563661,0.64456,0.716037,2068.57,2750.69,8.96115,1.00115,2,c_only
log_lik[206],1.95874,0.000823695,0.0537695,0.0532134,1.87123,1.9591,2.04596,4307.98,2686.88,18.6623,1.00083,2,c_only
log_lik[207],0.599637,0.0029764,0.172664,0.169561,0.30345,0.609973,0.865036,3376.18,3062.78,14.6257,0.999925,2,c_only
log_lik[208],0.328071,0.00106486,0.0623971,0.0617678,0.223979,0.330178,0.428765,3466.59,3322.92,15.0174,1.0011,2,c_only
log_lik[209],1.1032,0.000738242,0.0361318,0.0359146,1.04275,1.10325,1.16133,2416.14,2693.09,10.4668,1.00075,2,c_only
log_lik[210],1.08987,0.000912338,0.0554544,0.0551187,0.997547,1.09051,1.17942,3760.21,3112.04,16.2894,1.00095,2,c_only
log_lik[211],0.938957,0.000784874,0.0372202,0.0367901,0.876444,0.940279,0.999994,2296.9,2981.27,9.95026,1.00157,2,c_only
log_lik[212],0.515246,0.00241881,0.152568,0.153679,0.257248,0.518135,0.757935,4008.5,2873.61,17.365,1.0007,2,c_only
log_lik[213],0.576927,0.00152387,0.0817511,0.0805162,0.437243,0.577556,0.708722,2897.54,3008.65,12.5523,1.00046,2,c_only
log_lik[214],0.911604,0.000854337,0.036679,0.0361749,0.850394,0.912149,0.971141,1851.4,2507.41,8.02034,1.00134,2,c_only
log_lik[215],0.863212,0.000908781,0.0563097,0.0567363,0.765885,0.862871,0.953295,3922.39,3116.2,16.992,1.00015,2,c_only
log_lik[216],0.941337,0.000711947,0.0438877,0.0429069,0.866599,0.941447,1.01312,3930.54,2892.69,17.0273,1.00061,2,c_only
log_lik[217],0.845997,0.000954111,0.0382628,0.0389472,0.781349,0.846683,0.907319,1605.31,2176.73,6.95429,1.00169,2,c_only
log_lik[218],0.784258,0.00111267,0.0648752,0.0648253,0.672253,0.785537,0.888153,3436.3,3068.25,14.8862,1.00005,2,c_only
log_lik[219],-0.244261,0.00288507,0.18478,0.185152,-0.548358,-0.246676,0.0581754,4190.3,2589.13,18.1526,1.00118,2,c_only
log_lik[220],0.606661,0.00104167,0.0486025,0.0490808,0.525421,0.607832,0.682861,2185.87,2910.85,9.46929,1.00102,2,c_only
log_lik[221],1.14933,0.000719368,0.0454035,0.0453074,1.07434,1.14937,1.22212,4019.67,3239.13,17.4134,1.00055,2,c_only
log_lik[222],0.738822,0.00100513,0.0425791,0.0439541,0.667561,0.740168,0.806084,1798.68,2419.99,7.79194,1.00151,2,c_only
log_lik[223],0.887155,0.000840597,0.0532216,0.0528965,0.795783,0.887145,0.972265,4114.18,3012.58,17.8228,1.00018,2,c_only
log_lik[224],0.808653,0.000981304,0.039655,0.040695,0.742385,0.809989,0.872551,1627.51,2172.07,7.05042,1.00169,2,c_only
log_lik[225],1.54855,0.00171771,0.0890466,0.0881901,1.39316,1.55363,1.68416,2760.06,3103.75,11.9567,1.00026,2,c_only
log_lik[226],1.13258,0.000783214,0.0493529,0.048966,1.04971,1.13279,1.2126,4029.07,3144.01,17.4541,1.00073,2,c_only
log_lik[227],1.11651,0.000719415,0.0363959,0.036009,1.05606,1.11667,1.17642,2585.67,2781.47,11.2012,1.00064,2,c_only
log_lik[228],0.949522,0.000734857,0.0388377,0.0384196,0.884461,0.950321,1.01342,2862.53,2986.69,12.4006,1.00133,2,c_only
log_lik[229],1.10377,0.000737437,0.0361385,0.0359308,1.04347,1.10383,1.16218,2422.45,2711.69,10.4942,1.00074,2,c_only
log_lik[230],1.10144,0.000740673,0.0361137,0.0359132,1.04075,1.10144,1.15963,2398.66,2671.42,10.3911,1.00076,2,c_only
log_lik[231],0.801056,0.00098519,0.0399573,0.0411458,0.734329,0.802617,0.865172,1640.3,2210.23,7.10584,1.00168,2,c_only
log_lik[232],0.923783,0.00202229,0.121812,0.120847,0.720009,0.926902,1.11415,3643.9,3378.14,15.7855,1.0007,2,c_only
log_lik[233],0.914032,0.000981927,0.0424167,0.0433646,0.84236,0.915503,0.981735,1850.12,2581.66,8.01478,1.00192,2,c_only
log_lik[234],1.95617,0.0007916,0.0511129,0.0502604,1.8721,1.95636,2.04057,4180.37,2928.22,18.1096,1.00087,2,c_only
log_lik[235],0.947673,0.00070831,0.0419173,0.0410522,0.876587,0.947853,1.01628,3606.45,3077.63,15.6233,1.00065,2,c_only
log_lik[236],0.85426,0.000933539,0.0573886,0.0578919,0.755495,0.85415,0.946385,3850.69,3066.88,16.6814,1.00013,2,c_only
log_lik[237],0.561033,0.00104861,0.0507698,0.0511394,0.475275,0.561909,0.641188,2357.42,3050.13,10.2124,1.00087,2,c_only
log_lik[238],0.586175,0.00104514,0.0495708,0.0501127,0.502721,0.587351,0.664437,2261.01,2911.14,9.79481,1.00095,2,c_only
log_lik[239],0.352564,0.00121577,0.0775547,0.0743318,0.216241,0.35667,0.473044,4090.43,3020.67,17.7199,1.00118,2,c_only
log_lik[240],0.906654,0.000987349,0.0428114,0.0438123,0.834717,0.907956,0.975028,1859.11,2599.85,8.05374,1.00194,2,c_only
log_lik[241],0.811524,0.00141583,0.0759854,0.0767646,0.684326,0.812509,0.934823,2893.26,2480.19,12.5337,1.00113,2,c_only
log_lik[242],0.787533,0.00110484,0.0645545,0.0644246,0.675966,0.788739,0.89087,3452.29,3067.73,14.9555,1.00009,2,c_only
log_lik[243],0.572106,0.00104718,0.0502403,0.0507531,0.487039,0.573104,0.651569,2314.21,2911.38,10.0252,1.00091,2,c_only
log_lik[244],1.15268,0.000703082,0.0440504,0.04414,1.08,1.1529,1.22431,3963.39,3355.42,17.1696,1.00049,2,c_only
log_lik[245],0.889201,0.000898456,0.0370032,0.0372341,0.826741,0.889281,0.949701,1703.18,2324.44,7.37825,1.00154,2,c_only
log_lik[246],-1.36565,0.00281493,0.136277,0.137448,-1.60043,-1.35993,-1.14923,2401.9,2460.06,10.4051,1.00091,2,c_only
log_lik[247],1.09036,0.000757483,0.0360709,0.0359722,1.02997,1.09033,1.14894,2289.88,2579.04,9.91986,1.00086,2,c_only
log_lik[248],1.83958,0.000966215,0.0535474,0.0529819,1.75022,1.83914,1.92736,3068.67,3344.83,13.2936,1.0009,2,c_only
log_lik[249],0.890423,0.00130684,0.0715166,0.0724275,0.77156,0.890843,1.00737,3012.47,2784.82,13.0501,1.00115,2,c_only
log_lik[250],-1.32852,0.00270429,0.129457,0.129424,-1.54747,-1.32252,-1.12336,2330.33,2489.65,10.0951,1.00153,2,c_only
log_lik[251],1.74308,0.00110545,0.0584488,0.0578279,1.64456,1.74224,1.83821,2801.93,3242.06,12.1381,1.0009,2,c_only
log_lik[252],1.15436,0.000679782,0.0411011,0.0413864,1.08669,1.15462,1.22116,3691.83,3301.26,15.9932,1.0004,2,c_only
log_lik[253],0.571057,0.00104732,0.0502904,0.0508121,0.485839,0.572038,0.650604,2317.86,2911.38,10.0411,1.00091,2,c_only
log_lik[254],0.605876,0.00108703,0.0611243,0.0599324,0.497937,0.608697,0.701528,3088.84,2818.83,13.381,1.00169,2,c_only
log_lik[255],1.91409,0.000846568,0.0511446,0.0510486,1.82899,1.914,1.99829,3632.94,3469.27,15.738,1.0009,2,c_only
log_lik[256],-0.00462519,0.0014938,0.10016,0.0976856,-0.181984,-0.000532282,0.155805,4551.98,3179.6,19.7194,1.00069,2,c_only
log_lik[257],0.867039,0.00134104,0.0729061,0.0738675,0.745723,0.8678,0.986018,2971.35,2626.01,12.872,1.00114,2,c_only
log_lik[258],1.7948,0.00125642,0.0681795,0.068938,1.6803,1.79777,1.90071,3027.25,3204.93,13.1142,1.00058,2,c_only
log_lik[259],1.1509,0.000712204,0.0448383,0.0448157,1.07646,1.15109,1.22333,3999.57,3238.89,17.3263,1.00053,2,c_only
log_lik[260],0.633553,0.00293921,0.169933,0.167308,0.341159,0.643815,0.893163,3352.62,3062.69,14.5237,0.999923,2,c_only
log_lik[261],0.928788,0.000732527,0.0466416,0.0460508,0.848182,0.929098,1.00478,4192.65,2959.42,18.1628,1.00047,2,c_only
log_lik[262],0.684971,0.00132813,0.0736625,0.0728821,0.557911,0.68615,0.804931,3105.11,3021.41,13.4515,1.00003,2,c_only
log_lik[263],-1.63144,0.00251931,0.125045,0.126362,-1.83716,-1.62899,-1.42829,2482.34,2717.92,10.7536,1.00159,2,c_only
log_lik[264],0.781499,0.00111922,0.0651435,0.0650831,0.669176,0.782985,0.886126,3423.35,3068.25,14.8301,0.999997,2,c_only
log_lik[265],0.818686,0.00102773,0.0613738,0.0617128,0.711921,0.818913,0.917735,3618.54,3143.24,15.6757,1.00017,2,c_only
log_lik[266],-0.528586,0.00286633,0.180854,0.181097,-0.816768,-0.533151,-0.221125,4119.18,2469.96,17.8444,1.00176,2,c_only
log_lik[267],-1.35113,0.00270928,0.131601,0.132604,-1.57811,-1.34605,-1.14172,2410.99,2564.71,10.4445,1.00095,2,c_only
log_lik[268],1.14699,0.000729264,0.0461292,0.0460084,1.07073,1.14711,1.22163,4034.92,3201.99,17.4795,1.00059,2,c_only
log_lik[269],1.34982,0.00202732,0.106757,0.104566,1.16539,1.35695,1.51412,2835.88,3025.3,12.2851,1.00013,2,c_only
log_lik[270],1.69934,0.00116376,0.0610934,0.0607863,1.59594,1.69887,1.79925,2767.58,3214.31,11.9893,1.00088,2,c_only
log_lik[271],1.15368,0.000677964,0.0406135,0.0411496,1.08651,1.15376,1.21924,3621.66,3273.11,15.6892,1.0004,2,c_only
log_lik[272],1.95892,0.000789325,0.0512418,0.0503852,1.87435,1.95904,2.04359,4224.76,2974.8,18.3018,1.00088,2,c_only
log_lik[273],-0.396404,0.00289341,0.184171,0.183434,-0.693687,-0.401652,-0.0890375,4160.99,2639.36,18.0256,1.00152,2,c_only
log_lik[274],1.47812,0.00143107,0.0768339,0.0771943,1.34708,1.48105,1.59988,2897.73,3301.36,12.5531,1.0008,2,c_only
log_lik[275],-0.353769,0.00145217,0.0997487,0.0987421,-0.52273,-0.350585,-0.194873,4791.57,3391.26,20.7573,1.00021,2,c_only
log_lik[276],1.13423,0.000694012,0.0372665,0.0375026,1.07213,1.13448,1.19478,2917.9,3086.89,12.6405,1.00047,2,c_only
log_lik[277],1.12578,0.000706054,0.0367532,0.0365004,1.06467,1.12598,1.18591,2740.73,2875.68,11.873,1.00054,2,c_only
log_lik[278],-1.49789,0.00290713,0.135663,0.136185,-1.71587,-1.4991,-1.27287,2239.01,2794.83,9.69948,1.00076,2,c_only
log_lik[279],0.491729,0.00105488,0.0541331,0.0534072,0.400436,0.493467,0.577907,2651.03,3290.41,11.4844,1.0011,2,c_only
log_lik[280],0.391774,0.00119122,0.075009,0.0725003,0.259844,0.396019,0.508386,3959.77,3083.52,17.1539,1.00126,2,c_only
log_lik[281],0.759603,0.00105896,0.0514073,0.0516075,0.673249,0.761271,0.839832,2305.55,2940.4,9.98774,1.00191,2,c_only
log_lik[282],0.850669,0.00094923,0.0381033,0.0384779,0.786129,0.851302,0.911858,1608.27,2176.58,6.9671,1.00168,2,c_only
log_lik[283],-0.436475,0.0019251,0.123797,0.120295,-0.651476,-0.43209,-0.239623,4179.82,3356.51,18.1072,1.00038,2,c_only
log_lik[284],0.491729,0.00105488,0.0541331,0.0534072,0.400436,0.493467,0.577907,2651.03,3290.41,11.4844,1.0011,2,c_only
log_lik[285],-0.0334172,0.00152022,0.101901,0.0990691,-0.214141,-0.0294921,0.129896,4554.31,3179.65,19.7294,1.00066,2,c_only
log_lik[286],0.504569,0.00105399,0.0535037,0.0528749,0.414458,0.506045,0.589171,2593.47,3217.08,11.235,1.00106,2,c_only
log_lik[287],-0.103252,0.00122271,0.0858373,0.0850967,-0.249707,-0.100463,0.0343312,5008.09,3480.56,21.6953,1.00021,2,c_only
log_lik[288],0.885174,0.00100194,0.0439874,0.0449254,0.812116,0.886545,0.95539,1901.26,2555.73,8.23632,1.00196,2,c_only
log_lik[289],1.9509,0.000797138,0.0509656,0.0499489,1.86704,1.9514,2.0349,4093.14,3048.81,17.7317,1.00087,2,c_only
log_lik[290],1.96236,0.000787872,0.0515145,0.0508648,1.87797,1.96282,2.04752,4286.08,2968.94,18.5675,1.00087,2,c_only
log_lik[291],-0.885421,0.00271273,0.15664,0.153072,-1.12632,-0.894623,-0.615156,3416.15,2625.96,14.7989,1.00149,2,c_only
log_lik[292],1.1244,0.000810665,0.050764,0.0503548,1.03898,1.12516,1.20611,3990.45,3173.12,17.2868,1.00077,2,c_only
log_lik[293],0.530415,0.00105186,0.0522453,0.0518386,0.442619,0.531393,0.612742,2481.62,3204.5,10.7505,1.00085,2,c_only
log_lik[294],0.773343,0.00217348,0.133693,0.133341,0.549332,0.776854,0.982188,3809.27,3288.62,16.5019,1.00069,2,c_only
log_lik[295],1.11484,0.000840777,0.0522227,0.0519296,1.02765,1.11559,1.19845,3932.8,3256.25,17.037,1.00083,2,c_only
log_lik[296],0.61624,0.00103981,0.0481525,0.0486125,0.535377,0.617517,0.691988,2153.13,2865.91,9.32746,1.00106,2,c_only
log_lik[297],1.01069,0.00109706,0.0631036,0.0640093,0.904848,1.01191,1.11271,3346.84,3066.45,14.4987,1.00108,2,c_only
log_lik[298],0.844736,0.000955389,0.0383066,0.0389144,0.780119,0.845425,0.906221,1604.74,2176.73,6.95178,1.00169,2,c_only
log_lik[299],0.844847,0.00210218,0.128106,0.127551,0.631763,0.848937,1.0438,3735.47,3314.47,16.1822,1.00069,2,c_only
log_lik[300],0.949053,0.000738455,0.0386535,0.0380594,0.884192,0.950063,1.01245,2810.35,2927.48,12.1746,1.00133,2,c_only
log_lik[301],0.497885,0.00105446,0.053831,0.0531536,0.407021,0.499411,0.583142,2622.45,3262.25,11.3606,1.00109,2,c_only
log_lik[302],0.297546,0.00106788,0.0639856,0.063237,0.191334,0.29934,0.401024,3625.17,3378.8,15.7044,1.00097,2,c_only
log_lik[303],0.413695,0.00117825,0.0735842,0.0712183,0.284236,0.417831,0.529395,3885.16,3108.65,16.8307,1.00131,2,c_only
log_lik[304],0.950501,0.000723037,0.0396047,0.0388963,0.883753,0.951144,1.01555,3081.99,3028.11,13.3513,1.00107,2,c_only
log_lik[305],-1.31282,0.00274377,0.135882,0.135312,-1.53279,-1.31312,-1.08557,2482.98,2867.76,10.7564,1.0005,2,c_only
log_lik[306],-0.387904,0.0018747,0.121474,0.118359,-0.599695,-0.383687,-0.193743,4246.54,3216.23,18.3962,1.0004,2,c_only
log_lik[307],-0.198145,0.00129847,0.0911387,0.090423,-0.351278,-0.195833,-0.0542978,4998.01,3546.13,21.6516,1.00039,2,c_only
log_lik[308],0.645829,0.00103298,0.046774,0.0473163,0.566693,0.647508,0.718936,2060.0,2731.37,8.92399,1.00116,2,c_only
log_lik[309],0.137657,0.00137143,0.0913374,0.0894105,-0.0233641,0.142578,0.283147,4485.47,3052.9,19.4313,1.00086,2,c_only
log_lik[310],-2.01837,0.0026376,0.126307,0.123173,-2.23751,-2.01304,-1.81907,2316.56,2568.49,10.0354,1.00118,2,c_only
log_lik[311],0.307561,0.00106681,0.0634629,0.0627792,0.201977,0.309516,0.409957,3573.68,3376.83,15.4813,1.00112,2,c_only
log_lik[312],-1.70765,0.00251659,0.123018,0.120939,-1.91461,-1.70394,-1.51138,2408.79,2632.26,10.435,1.00171,2,c_only
log_lik[313],0.314574,0.00124065,0.0800157,0.0771106,0.174063,0.318886,0.439617,4186.94,3011.61,18.138,1.00112,2,c_only
log_lik[314],0.819217,0.000975256,0.0392437,0.0400631,0.75335,0.820498,0.882434,1614.62,2160.81,6.99461,1.00169,2,c_only
log_lik[315],0.947915,0.000745813,0.0383245,0.0378813,0.883652,0.949158,1.01093,2712.71,2967.24,11.7516,1.00131,2,c_only
log_lik[316],1.65758,0.00121733,0.0638021,0.0635958,1.54979,1.6575,1.7614,2763.23,3334.67,11.9704,1.00086,2,c_only
log_lik[317],-0.744482,0.00198063,0.119545,0.120756,-0.947163,-0.74203,-0.551029,3743.33,3273.15,16.2162,1.00011,2,c_only
log_lik[318],-0.46254,0.00195207,0.124998,0.121782,-0.679517,-0.458288,-0.263389,4140.92,3357.75,17.9386,1.00037,2,c_only
log_lik[319],1.47155,0.00143854,0.0773414,0.0775412,1.33926,1.47467,1.59421,2903.83,3329.82,12.5795,1.0008,2,c_only
log_lik[320],0.825297,0.00101073,0.060665,0.061184,0.719749,0.825528,0.92279,3656.89,3169.09,15.8418,1.00015,2,c_only
log_lik[321],1.62639,0.00125618,0.0659223,0.0662887,1.51472,1.62681,1.73358,2768.11,3184.41,11.9916,1.00086,2,c_only
log_lik[322],0.817243,0.00103141,0.0615267,0.0617942,0.710345,0.817496,0.916686,3609.76,3169.31,15.6376,1.00018,2,c_only
log_lik[323],0.934811,0.000721952,0.0454175,0.0443559,0.857087,0.935162,1.00803,4093.52,2913.59,17.7333,1.00041,2,c_only
log_lik[324],1.14509,0.000736808,0.0466495,0.0463499,1.06787,1.14544,1.22028,4041.87,3087.99,17.5096,1.00061,2,c_only
log_lik[325],0.61354,0.0014613,0.079144,0.0778235,0.477887,0.614613,0.742207,2955.01,3098.17,12.8012,1.00052,2,c_only
log_lik[326],0.927713,0.000734484,0.0468474,0.0460687,0.8466,0.928047,1.00406,4207.0,2937.68,18.2249,1.00043,2,c_only
log_lik[327],-1.21147,0.00252911,0.138964,0.142867,-1.43893,-1.21128,-0.98093,3043.43,2895.44,13.1843,1.00074,2,c_only
log_lik[328],0.949342,0.000710547,0.0411306,0.040333,0.880003,0.949672,1.01633,3438.74,2943.77,14.8968,1.00071,2,c_only
log_lik[329],0.856248,0.000928076,0.057152,0.0576318,0.757875,0.856074,0.9479,3865.51,3116.62,16.7456,1.00014,2,c_only
log_lik[330],0.915651,0.000758562,0.0489765,0.0490116,0.830635,0.915982,0.994027,4316.13,2825.88,18.6976,1.00037,2,c_only
log_lik[331],1.10261,0.00073905,0.0361254,0.0358611,1.04217,1.10262,1.16072,2410.55,2729.59,10.4426,1.00075,2,c_only
log_lik[332],0.949568,0.00071119,0.0409946,0.0401599,0.880422,0.949945,1.01623,3407.28,2875.67,14.7605,1.00064,2,c_only
log_lik[333],0.0986559,0.00274274,0.176085,0.176628,-0.198338,0.0981762,0.380253,4185.35,2747.48,18.1311,1.00086,2,c_only
log_lik[334],1.0722,0.000958279,0.0574198,0.0569698,0.977007,1.07304,1.16459,3643.85,3049.91,15.7853,1.001,2,c_only
log_lik[335],0.418728,0.00117564,0.073257,0.0710348,0.290034,0.422755,0.534294,3868.38,3108.65,16.758,1.00132,2,c_only
log_lik[336],1.88803,0.000889543,0.0517859,0.051406,1.80081,1.88802,1.97327,3386.48,3273.91,14.6704,1.00089,2,c_only
log_lik[337],0.538853,0.00158544,0.0843397,0.0831087,0.395346,0.539625,0.674821,2846.64,3000.02,12.3318,1.00066,2,c_only
log_lik[338],0.807404,0.00142106,0.0762031,0.0769486,0.679772,0.808437,0.931431,2888.34,2463.62,12.5124,1.00112,2,c_only
log_lik[339],0.145616,0.00109765,0.0720847,0.0706414,0.023786,0.147695,0.263109,4347.7,3408.85,18.8344,1.00061,2,c_only
log_lik[340],0.892402,0.000893191,0.0369368,0.0369399,0.829935,0.892668,0.952815,1717.38,2331.03,7.43974,1.00152,2,c_only
log_lik[341],1.60743,0.00127937,0.0672462,0.0676887,1.49246,1.60823,1.71636,2779.85,3269.51,12.0424,1.00084,2,c_only
log_lik[342],0.239068,0.00129344,0.0848817,0.0814847,0.0901188,0.243639,0.373088,4344.0,3029.78,18.8184,1.00101,2,c_only
log_lik[343],0.132211,0.00137584,0.0916808,0.0898156,-0.0297135,0.137105,0.27818,4490.95,3028.57,19.455,1.00085,2,c_only
log_lik[344],0.801786,0.000984832,0.039928,0.041137,0.735044,0.803335,0.865836,1639.05,2210.23,7.10043,1.00168,2,c_only
log_lik[345],0.0839503,0.00111919,0.0754498,0.0741694,-0.044141,0.0864547,0.206682,4582.91,3514.44,19.8534,1.00051,2,c_only
log_lik[346],0.575249,0.00104675,0.0500905,0.0505107,0.490417,0.576202,0.654448,2302.02,2911.38,9.97244,1.00092,2,c_only
log_lik[347],0.838657,0.000961328,0.0385212,0.0389931,0.77358,0.839413,0.90054,1602.9,2194.38,6.94381,1.0017,2,c_only
log_lik[348],-0.168103,0.00164979,0.109793,0.106887,-0.361015,-0.163945,0.00652038,4491.03,3088.45,19.4553,1.00053,2,c_only
log_lik[349],0.987633,0.000912371,0.0388377,0.0398086,0.921599,0.988687,1.04993,1803.16,2573.31,7.81137,1.00168,2,c_only
log_lik[350],0.639016,0.00103471,0.0470898,0.0476015,0.559542,0.640549,0.71239,2080.71,2811.57,9.01374,1.00113,2,c_only
log_lik[351],-0.934899,0.00238528,0.139415,0.140256,-1.16973,-0.932691,-0.704946,3438.2,3129.12,14.8944,1.00047,2,c_only
log_lik[352],0.870596,0.000888046,0.0553914,0.0555455,0.775082,0.87056,0.959628,3978.23,3113.73,17.2339,1.00011,2,c_only
log_lik[353],-0.423724,0.00153111,0.103539,0.102885,-0.598698,-0.420669,-0.259178,4639.94,3453.28,20.1004,1.00033,2,c_only
log_lik[354],1.34007,0.00158451,0.0877682,0.0880902,1.1906,1.34439,1.47855,3083.64,3367.21,13.3585,1.00076,2,c_only
log_lik[355],0.5905,0.00109389,0.0621143,0.0609321,0.480798,0.593287,0.687507,3201.61,2808.36,13.8695,1.00165,2,c_only
log_lik[356],0.838806,0.000975284,0.0591739,0.0596157,0.736807,0.838783,0.93362,3744.69,3067.91,16.2222,1.00013,2,c_only
log_lik[357],0.996477,0.00250799,0.138713,0.135719,0.755428,1.00543,1.20808,3092.77,3218.14,13.398,0.999982,2,c_only
log_lik[358],0.928966,0.000815509,0.0368014,0.0360454,0.867559,0.929765,0.989242,2063.8,2667.92,8.94047,1.00111,2,c_only
log_lik[359],1.93291,0.000909078,0.0566321,0.0573478,1.83972,1.93337,2.02348,3972.97,2772.68,17.2111,1.00078,2,c_only
log_lik[360],-0.279437,0.00289046,0.184919,0.185435,-0.581897,-0.283357,0.0242984,4182.07,2639.27,18.1169,1.00108,2,c_only
log_lik[361],1.12769,0.000799844,0.0502186,0.049732,1.0432,1.12824,1.20843,4006.84,3170.76,17.3578,1.00076,2,c_only
log_lik[362],1.93016,0.000917524,0.0568895,0.0573946,1.83651,1.93064,2.02088,3932.83,2802.91,17.0372,1.00078,2,c_only
log_lik[363],0.911197,0.000855128,0.0366812,0.0362074,0.850047,0.911685,0.970721,1847.76,2517.83,8.00458,1.00134,2,c_only
log_lik[364],1.03277,0.000853698,0.0371394,0.037749,0.970702,1.03365,1.09287,1886.45,2421.67,8.17216,1.00141,2,c_only
log_lik[365],0.349988,0.00121742,0.0777218,0.074602,0.213319,0.354131,0.470787,4098.02,3020.67,17.7528,1.00118,2,c_only
log_lik[366],0.95587,0.00094628,0.0402895,0.0411988,0.888291,0.957136,1.02042,1801.5,2640.59,7.80416,1.00181,2,c_only
log_lik[367],0.870958,0.000925096,0.0374668,0.0379978,0.807776,0.871354,0.931358,1640.94,2236.04,7.10864,1.00162,2,c_only
log_lik[368],0.928611,0.000732847,0.0466758,0.0460613,0.847929,0.928924,1.00468,4195.41,2959.42,18.1747,1.00046,2,c_only
log_lik[369],0.949558,0.000734565,0.0388534,0.0384468,0.884483,0.950351,1.01358,2866.21,2986.69,12.4166,1.00135,2,c_only
log_lik[370],0.336215,0.00122634,0.0786146,0.0758084,0.198359,0.340342,0.458489,4133.49,2987.26,17.9065,1.00115,2,c_only
log_lik[371],-0.484324,0.00160335,0.106759,0.1063,-0.663966,-0.480647,-0.315453,4505.09,3460.54,19.5163,1.00028,2,c_only
log_lik[372],0.243875,0.00264389,0.16916,0.170062,-0.0429191,0.246519,0.51256,4146.29,2789.71,17.9619,1.00073,2,c_only
log_lik[373],-1.37777,0.00255419,0.134823,0.138259,-1.59404,-1.37865,-1.15436,2805.83,2896.69,12.155,1.00106,2,c_only
log_lik[374],0.818577,0.00103744,0.0478316,0.0484453,0.737851,0.820075,0.894072,2088.53,2599.79,9.04762,1.00196,2,c_only
log_lik[375],-1.76732,0.00286187,0.129884,0.128012,-1.97809,-1.76758,-1.55506,2077.36,2642.81,8.9992,1.00108,2,c_only
log_lik[376],-0.066784,0.00119765,0.0838011,0.0828737,-0.208116,-0.0641643,0.0673658,4968.77,3399.34,21.5249,1.00024,2,c_only
log_lik[377],0.607168,0.00104157,0.0485787,0.0490614,0.5259,0.608322,0.683358,2183.87,2888.61,9.46062,1.00102,2,c_only
log_lik[378],0.276749,0.00107039,0.0650758,0.0642453,0.167735,0.278721,0.382058,3734.5,3289.43,16.178,1.00081,2,c_only
log_lik[379],1.00474,0.000891777,0.0381344,0.038634,0.939678,1.00585,1.06601,1818.98,2390.81,7.87988,1.00159,2,c_only
log_lik[380],0.949338,0.000736335,0.0387599,0.0382339,0.884222,0.950236,1.01306,2841.06,3020.62,12.3076,1.00131,2,c_only
log_lik[381],1.12623,0.000705416,0.036775,0.036548,1.06508,1.12642,1.18649,2749.53,2875.68,11.9111,1.00054,2,c_only
log_lik[382],0.819861,0.00103688,0.0477552,0.0485096,0.73916,0.821378,0.895258,2084.64,2617.47,9.03074,1.00196,2,c_only
log_lik[383],1.66818,0.00150851,0.0787235,0.0790019,1.53282,1.67158,1.78912,2801.53,3096.96,12.1363,1.00039,2,c_only
log_lik[384],0.874472,0.00100859,0.0445868,0.0456161,0.800494,0.875783,0.945344,1927.95,2607.64,8.35195,1.00196,2,c_only
log_lik[385],-0.151256,0.00125918,0.0885201,0.0872052,-0.30134,-0.148403,-0.010942,5022.34,3513.05,21.757,1.00031,2,c_only
log_lik[386],0.653916,0.00160622,0.0835349,0.0832408,0.51349,0.655672,0.788015,2752.26,2598.5,11.9229,1.00101,2,c_only
log_lik[387],1.9498,0.000853464,0.0549075,0.054456,1.86031,1.94968,2.03786,4205.94,2661.23,18.2203,1.00083,2,c_only
log_lik[388],0.62423,0.00103813,0.0477785,0.0484039,0.543959,0.625502,0.699387,2126.25,2843.85,9.21102,1.00109,2,c_only
log_lik[389],0.683513,0.00133101,0.0737803,0.0730559,0.556257,0.684753,0.803558,3101.16,3021.41,13.4344,1.00005,2,c_only
log_lik[390],0.841234,0.000958855,0.0384295,0.0390002,0.776156,0.841784,0.903129,1602.47,2201.94,6.94197,1.00169,2,c_only
log_lik[391],1.1433,0.000743684,0.0471034,0.0469013,1.06529,1.14369,1.21947,4046.78,3078.4,17.5308,1.00063,2,c_only
log_lik[392],1.03404,0.000851826,0.0370998,0.0377208,0.972022,1.03491,1.09423,1891.79,2420.75,8.19533,1.0014,2,c_only
log_lik[393],-0.817967,0.00209535,0.122731,0.12401,-1.02597,-0.815543,-0.618141,3518.68,3164.62,15.2431,1.00024,2,c_only
log_lik[394],0.950621,0.000951378,0.0405446,0.0414959,0.882979,0.952068,1.01565,1805.44,2571.91,7.82123,1.00183,2,c_only
log_lik[395],0.82843,0.00096932,0.0388951,0.0395097,0.763227,0.829422,0.891301,1607.3,2185.36,6.96291,1.00169,2,c_only
log_lik[396],0.969735,0.00197529,0.118099,0.116963,0.773728,0.973713,1.1547,3584.76,3551.09,15.5293,1.0007,2,c_only
log_lik[397],1.78993,0.00126693,0.0685782,0.0692167,1.67488,1.79297,1.89661,3013.54,3132.32,13.0548,1.00058,2,c_only
log_lik[398],1.96218,0.000787876,0.0514941,0.0508758,1.87773,1.9626,2.04727,4282.39,2967.79,18.5515,1.00087,2,c_only
log_lik[399],0.628731,0.00294453,0.170323,0.167758,0.336073,0.638835,0.889098,3356.43,3062.69,14.5402,0.999924,2,c_only
log_lik[400],1.15345,0.000698539,0.0436184,0.0438311,1.08143,1.15354,1.22439,3935.15,3356.7,17.0472,1.00047,2,c_only
log_lik[401],1.14693,0.000678723,0.0387,0.038785,1.08225,1.1472,1.20882,3279.32,3271.64,14.2062,1.0004,2,c_only
log_lik[402],0.812369,0.00104376,0.0620392,0.0621857,0.704871,0.812669,0.912745,3578.76,3117.91,15.5033,1.00027,2,c_only
log_lik[403],0.796641,0.000987281,0.0401352,0.0414559,0.729763,0.798256,0.861128,1649.41,2213.27,7.1453,1.00167,2,c_only
log_lik[404],1.71758,0.00113975,0.0599644,0.0593313,1.61699,1.71681,1.81559,2776.85,3299.12,12.0294,1.00089,2,c_only
log_lik[405],1.13366,0.000694814,0.0372243,0.0373531,1.07168,1.13399,1.19415,2905.47,3087.09,12.5866,1.00048,2,c_only
log_lik[406],1.10318,0.000875322,0.0538155,0.0536934,1.01398,1.10351,1.1894,3847.79,3189.37,16.6688,1.00089,2,c_only
log_lik[407],1.74618,0.00110122,0.0582698,0.0576829,1.64799,1.74545,1.84093,2805.68,3242.06,12.1543,1.0009,2,c_only
log_lik[408],1.08547,0.000766528,0.0360862,0.0360698,1.02495,1.08542,1.14403,2240.94,2495.43,9.70786,1.00092,2,c_only
log_lik[409],1.89013,0.00103044,0.0603753,0.0613728,1.79058,1.89159,1.98652,3511.69,2677.75,15.2128,1.00072,2,c_only
log_lik[410],1.86893,0.00108477,0.0621295,0.0632405,1.76592,1.87078,1.96676,3364.06,2955.73,14.5733,1.00068,2,c_only
log_lik[411],1.62451,0.00125849,0.0660521,0.0664624,1.51273,1.62506,1.73173,2768.89,3184.41,11.9949,1.00086,2,c_only
log_lik[412],1.13452,0.000776418,0.0489878,0.0487189,1.05233,1.13459,1.21391,4033.09,3195.89,17.4715,1.00072,2,c_only
log_lik[413],0.662139,0.00102842,0.0460221,0.0465164,0.584478,0.663487,0.734051,2011.93,2743.23,8.71578,1.00123,2,c_only
log_lik[414],1.46935,0.00144103,0.0775116,0.0776905,1.33709,1.47251,1.59241,2907.05,3329.82,12.5935,1.0008,2,c_only
log_lik[415],0.96319,0.00118774,0.0667338,0.0680228,0.852097,0.963738,1.0724,3182.0,2729.05,13.7845,1.00113,2,c_only
log_lik[416],1.95903,0.000822684,0.0537264,0.0530267,1.87153,1.95932,2.04629,4312.54,2632.8,18.6821,1.00083,2,c_only
log_lik[417],1.26259,0.00215278,0.114652,0.112107,1.06489,1.26873,1.43675,2891.3,3100.85,12.5252,1.00007,2,c_only
log_lik[418],0.950475,0.000717198,0.0401433,0.0392242,0.883268,0.951078,1.01603,3209.2,2920.35,13.9024,1.00096,2,c_only
log_lik[419],0.584621,0.00104538,0.0496446,0.050048,0.500992,0.585661,0.663016,2266.97,2934.81,9.82059,1.00095,2,c_only
log_lik[420],-0.173246,0.00127716,0.0897487,0.0887336,-0.324543,-0.170404,-0.0315196,5011.96,3545.65,21.712,1.00031,2,c_only
log_lik[421],1.25561,0.00216259,0.115285,0.11269,1.05652,1.26188,1.43013,2896.08,3101.4,12.546,1.00007,2,c_only
log_lik[422],1.81327,0.00100585,0.0547293,0.0543334,1.72227,1.81281,1.90288,2958.49,3383.37,12.8163,1.00092,2,c_only
log_lik[423],0.751521,0.00280552,0.160135,0.157075,0.473332,0.762758,0.997892,3277.64,3186.42,14.1989,0.999943,2,c_only
log_lik[424],-0.861546,0.0023296,0.138279,0.138443,-1.09503,-0.859188,-0.633639,3547.67,3239.41,15.3687,1.00042,2,c_only
log_lik[425],1.93311,0.000819931,0.0508917,0.0507538,1.84799,1.93331,2.01672,3841.56,3206.72,16.6418,1.00091,2,c_only
log_lik[426],1.0449,0.00102342,0.0601207,0.0604261,0.945169,1.04602,1.14197,3494.73,2977.82,15.1393,1.00106,2,c_only
log_lik[427],1.9368,0.000896851,0.0562585,0.0567572,1.84459,1.93717,2.02673,4030.21,2797.25,17.459,1.00079,2,c_only
log_lik[428],0.898571,0.000882458,0.036825,0.0365866,0.836594,0.898846,0.957832,1749.51,2496.06,7.57894,1.00146,2,c_only
log_lik[429],1.12421,0.000708328,0.0366796,0.0363158,1.06318,1.12441,1.18421,2712.91,2875.65,11.7525,1.00055,2,c_only
log_lik[430],0.728191,0.0010068,0.0430456,0.0442769,0.655978,0.729616,0.795767,1833.48,2489.56,7.9427,1.00146,2,c_only
log_lik[431],1.86041,0.00110581,0.0628274,0.0637728,1.75635,1.86229,1.95894,3311.92,3026.62,14.3474,1.00066,2,c_only
log_lik[432],0.457615,0.00170661,0.0895083,0.0889534,0.306803,0.458507,0.601747,2764.81,2707.82,11.9773,1.0008,2,c_only
log_lik[433],0.880655,0.000859368,0.0540933,0.0538275,0.78779,0.880552,0.967451,4060.55,3112.15,17.5905,1.00021,2,c_only
log_lik[434],0.88753,0.00100043,0.0438566,0.0446777,0.814571,0.888927,0.957499,1896.09,2505.44,8.21394,1.00197,2,c_only
log_lik[435],0.875646,0.00091875,0.0373358,0.0379305,0.812484,0.875917,0.93617,1655.53,2207.83,7.17182,1.0016,2,c_only
log_lik[436],-0.790398,0.00278025,0.165364,0.162741,-1.04962,-0.798937,-0.506247,3656.42,2625.72,15.8398,1.00157,2,c_only
log_lik[437],0.691454,0.00107511,0.0556638,0.0553732,0.595598,0.693935,0.778463,2623.12,2859.69,11.3635,1.00183,2,c_only
log_lik[438],0.691451,0.00101855,0.0446865,0.0457393,0.616527,0.692809,0.76121,1935.33,2675.79,8.38394,1.00133,2,c_only
log_lik[439],1.81355,0.00121518,0.0666481,0.0671154,1.70063,1.81626,1.9176,3089.84,3205.99,13.3853,1.0006,2,c_only
log_lik[440],1.96316,0.000806246,0.0529714,0.0521338,1.87671,1.96361,2.04963,4359.07,2672.18,18.8837,1.00084,2,c_only
log_lik[441],-0.407129,0.00151192,0.102646,0.101697,-0.580218,-0.403777,-0.244281,4686.08,3453.75,20.3003,1.00028,2,c_only
log_lik[442],-1.2589,0.00269161,0.135342,0.1349,-1.47786,-1.25985,-1.03551,2561.21,2957.38,11.0953,1.00042,2,c_only
log_lik[443],1.81064,0.00100974,0.0548545,0.0544663,1.71967,1.81022,1.90027,2950.79,3384.25,12.783,1.00092,2,c_only
log_lik[444],1.74308,0.00110545,0.0584488,0.0578279,1.64456,1.74224,1.83821,2801.93,3242.06,12.1381,1.0009,2,c_only
log_lik[445],1.06578,0.00097418,0.0580868,0.0578221,0.969224,1.06672,1.1592,3604.95,3099.57,15.6168,1.00101,2,c_only
log_lik[446],1.46029,0.00185997,0.0968457,0.0950887,1.29432,1.46656,1.60925,2780.83,3124.17,12.0467,1.0002,2,c_only
log_lik[447],1.58427,0.00165748,0.0859308,0.0855227,1.4353,1.58881,1.7161,2762.2,2936.6,11.9659,1.0003,2,c_only
log_lik[448],0.855852,0.000943536,0.0379314,0.0386418,0.791939,0.856351,0.916693,1614.07,2175.44,6.99222,1.00166,2,c_only
log_lik[449],-0.210978,0.00130983,0.0918543,0.0909871,-0.36437,-0.208608,-0.065756,4993.61,3545.96,21.6325,1.00041,2,c_only
log_lik[450],-0.905165,0.00236345,0.139012,0.13931,-1.14069,-0.902461,-0.676039,3481.72,3181.94,15.083,1.00045,2,c_only
log_lik[451],0.554122,0.00104943,0.0511014,0.0511315,0.468053,0.554981,0.634666,2385.56,3100.07,10.3344,1.00085,2,c_only
log_lik[452],1.96452,0.000798575,0.0525549,0.0518257,1.87916,1.96486,2.0506,4370.78,2962.82,18.9344,1.00084,2,c_only
log_lik[453],1.61825,0.00159851,0.082992,0.0822996,1.47599,1.62267,1.7462,2773.09,2981.21,12.0131,1.00033,2,c_only
log_lik[454],-0.07168,0.00120088,0.0840743,0.083099,-0.213838,-0.06906,0.0630449,4976.72,3399.34,21.5594,1.00028,2,c_only
log_lik[455],-0.472785,0.00158935,0.106151,0.105563,-0.651371,-0.469256,-0.305071,4529.2,3460.37,19.6207,1.00033,2,c_only
log_lik[456],-1.20926,0.00239606,0.123272,0.122368,-1.41206,-1.20927,-1.00846,2673.89,2852.56,11.5834,1.00133,2,c_only
log_lik[457],1.91298,0.000968029,0.058431,0.0597395,1.81692,1.91375,2.00506,3726.61,2865.9,16.1438,1.00077,2,c_only
log_lik[458],1.84433,0.000958913,0.0533491,0.0526739,1.75464,1.84405,1.93177,3090.51,3344.42,13.3882,1.0009,2,c_only
log_lik[459],1.93985,0.000887075,0.0559584,0.0564086,1.84772,1.94024,2.02986,4071.21,2904.55,17.6367,1.0008,2,c_only
log_lik[460],-0.817272,0.00209427,0.122702,0.123952,-1.02526,-0.814853,-0.617462,3520.59,3164.62,15.2513,1.00024,2,c_only
log_lik[461],0.639505,0.00103459,0.0470672,0.0475764,0.560008,0.641035,0.712841,2079.14,2811.57,9.00692,1.00114,2,c_only
log_lik[462],-1.49101,0.00254503,0.130604,0.132758,-1.70121,-1.49082,-1.27304,2655.2,2682.94,11.5024,1.00129,2,c_only
log_lik[463],0.93375,0.000723868,0.0456431,0.0444925,0.855449,0.934059,1.00744,4119.17,2982.8,17.8444,1.00038,2,c_only
log_lik[464],1.13904,0.000687428,0.0376798,0.0383096,1.07675,1.13912,1.19944,3036.21,3086.85,13.153,1.00044,2,c_only
log_lik[465],1.15379,0.000696276,0.0433898,0.0437159,1.08222,1.15396,1.22453,3919.0,3356.54,16.9773,1.00047,2,c_only
log_lik[466],1.11145,0.000851054,0.0527043,0.0523013,1.02379,1.1121,1.19571,3908.92,3034.82,16.9336,1.00085,2,c_only
log_lik[467],-0.75184,0.00280162,0.168438,0.16533,-1.01462,-0.760818,-0.463679,3722.08,2626.53,16.1242,1.00168,2,c_only
log_lik[468],1.94734,0.000801351,0.0509112,0.050326,1.86348,1.94747,2.0314,4036.6,3138.79,17.4867,1.00089,2,c_only
log_lik[469],1.63384,0.00124697,0.0654085,0.0657672,1.52311,1.63439,1.74014,2767.64,3208.62,11.9895,1.00086,2,c_only
log_lik[470],0.528781,0.00105201,0.0523245,0.0518644,0.440859,0.529734,0.611135,2488.17,3205.82,10.7789,1.00086,2,c_only
log_lik[471],0.662322,0.00290722,0.167584,0.164635,0.37365,0.672732,0.918521,3334.89,3133.41,14.4469,0.999932,2,c_only
log_lik[472],0.313797,0.00106619,0.0631381,0.0624187,0.208567,0.31586,0.415738,3540.29,3323.13,15.3367,1.00113,2,c_only
log_lik[473],0.372236,0.00120331,0.0762781,0.0733028,0.238033,0.376282,0.491304,4026.47,3045.45,17.4428,1.00123,2,c_only
log_lik[474],0.817935,0.00103772,0.0478698,0.0484592,0.737091,0.81942,0.893475,2090.28,2599.79,9.05518,1.00196,2,c_only
log_lik[475],0.844847,0.00210218,0.128106,0.127551,0.631763,0.848937,1.0438,3735.47,3314.47,16.1822,1.00069,2,c_only
log_lik[476],1.74462,0.0013612,0.0723113,0.0725541,1.62277,1.74785,1.85734,2908.35,3206.66,12.5991,1.0005,2,c_only
log_lik[477],1.11368,0.000723465,0.0363186,0.036073,1.05346,1.11369,1.17307,2545.74,2781.48,11.0282,1.00065,2,c_only
log_lik[478],0.355799,0.00184294,0.0954359,0.095549,0.19586,0.357098,0.509019,2697.48,2593.63,11.6856,1.00081,2,c_only
log_lik[479],0.660713,0.00102884,0.0460876,0.0466506,0.58308,0.662184,0.732853,2016.03,2746.07,8.73354,1.00122,2,c_only
log_lik[480],0.413695,0.00117825,0.0735842,0.0712183,0.284236,0.417831,0.529395,3885.16,3108.65,16.8307,1.00131,2,c_only
log_lik[481],1.05749,0.000814777,0.0364777,0.0363923,0.99686,1.05779,1.11689,2005.48,2404.86,8.6878,1.00119,2,c_only
log_lik[482],1.89728,0.000874384,0.0515276,0.0513634,1.81137,1.8974,1.98196,3469.14,3298.29,15.0285,1.00089,2,c_only
log_lik[483],0.450256,0.00313288,0.18413,0.182049,0.134042,0.460434,0.73475,3460.06,3040.04,14.9891,0.999926,2,c_only
log_lik[484],1.15317,0.000677282,0.0403521,0.0409004,1.08624,1.15351,1.2184,3584.47,3272.96,15.5281,1.00039,2,c_only
log_lik[485],0.347405,0.00323274,0.191385,0.188266,0.0183323,0.356419,0.645501,3511.36,2982.73,15.2113,0.999931,2,c_only
log_lik[486],1.01855,0.00108082,0.0624502,0.0630797,0.91437,1.0198,1.11936,3378.19,3091.54,14.6345,1.00108,2,c_only
log_lik[487],-1.35378,0.00272585,0.132321,0.133365,-1.58364,-1.34858,-1.14295,2409.68,2570.53,10.4388,1.00093,2,c_only
log_lik[488],0.725638,0.00152476,0.0802754,0.080376,0.59055,0.726097,0.855701,2814.27,2432.51,12.1916,1.00107,2,c_only
log_lik[489],0.822958,0.00101677,0.0609172,0.0613383,0.716784,0.823157,0.92083,3643.38,3143.24,15.7833,1.00018,2,c_only
log_lik[490],0.971772,0.00117222,0.0661134,0.0671317,0.861565,0.972529,1.08061,3205.74,2914.29,13.8874,1.00112,2,c_only
log_lik[491],0.899219,0.00262928,0.147352,0.144542,0.643217,0.909028,1.12361,3169.51,3188.55,13.7305,0.999958,2,c_only
log_lik[492],1.09785,0.000745604,0.0360869,0.0360996,1.03737,1.09787,1.1561,2363.4,2669.65,10.2384,1.00079,2,c_only
log_lik[493],1.02268,0.00107214,0.0620999,0.0627465,0.919072,1.02386,1.12368,3394.81,3067.06,14.7065,1.00107,2,c_only
log_lik[494],1.31368,0.00207994,0.110023,0.107772,1.1245,1.32063,1.48097,2857.42,3024.59,12.3784,1.0001,2,c_only
log_lik[495],-0.142761,0.00125244,0.0880453,0.0869567,-0.292251,-0.140055,-0.0028733,5021.7,3546.09,21.7542,1.00029,2,c_only
log_lik[496],0.0249937,0.00146717,0.0983515,0.0959069,-0.149226,0.0291832,0.182066,4549.59,3076.57,19.709,1.00071,2,c_only
log_lik[497],0.505856,0.00242727,0.153207,0.154606,0.247308,0.508608,0.749268,4016.65,2875.01,17.4003,1.0007,2,c_only
log_lik[498],1.154,0.000694738,0.0432283,0.0435125,1.08266,1.15422,1.2242,3906.18,3386.09,16.9217,1.00047,2,c_only
log_lik[499],0.565614,0.00110508,0.0637208,0.0617946,0.453005,0.568808,0.665524,3298.69,2808.72,14.2901,1.00161,2,c_only
log_lik[500],1.07964,0.000939352,0.0566177,0.0561359,0.985947,1.08033,1.1707,3687.37,3039.41,15.9738,1.00098,2,c_only
log_lik[501],0.615738,0.00103991,0.048176,0.0487101,0.534827,0.617023,0.691455,2155.3,2865.91,9.33683,1.00106,2,c_only
log_lik[502],1.38484,0.00197538,0.103601,0.101651,1.20641,1.3926,1.54481,2814.76,3072.43,12.1936,1.00015,2,c_only
log_lik[503],-0.403804,0.00189121,0.122246,0.118669,-0.616839,-0.399531,-0.208856,4225.89,3285.74,18.3067,1.00039,2,c_only
log_lik[504],0.416912,0.00105904,0.0578565,0.0574038,0.318934,0.418807,0.510354,3008.66,3236.51,13.0336,1.00121,2,c_only
log_lik[505],-0.474616,0.00196454,0.125543,0.122494,-0.692603,-0.470445,-0.27475,4123.2,3351.21,17.8619,1.00036,2,c_only
log_lik[506],0.535845,0.00105135,0.0519824,0.0517009,0.448364,0.536641,0.617571,2459.59,3125.48,10.655,1.00077,2,c_only
log_lik[507],1.62297,0.00159019,0.0825864,0.0818689,1.48154,1.62745,1.75018,2775.44,3006.24,12.0233,1.00034,2,c_only
log_lik[508],0.694624,0.00225055,0.139689,0.13977,0.458526,0.698038,0.91412,3880.14,2959.37,16.8089,1.0007,2,c_only
log_lik[509],1.92946,0.000919672,0.0569549,0.0574983,1.83566,1.92988,2.02034,3922.22,2845.74,16.9912,1.00078,2,c_only
log_lik[510],0.818524,0.000975678,0.0392703,0.0401069,0.752652,0.819769,0.881808,1615.38,2160.81,6.99791,1.00169,2,c_only
log_lik[511],0.617314,0.00108487,0.0603893,0.059521,0.511096,0.61999,0.711963,3022.24,2870.43,13.0925,1.0017,2,c_only
log_lik[512],1.01676,0.00108456,0.0626006,0.0631467,0.912429,1.0181,1.11776,3370.46,3091.54,14.601,1.00108,2,c_only
log_lik[513],1.1032,0.000738242,0.0361318,0.0359146,1.04275,1.10325,1.16133,2416.14,2693.09,10.4668,1.00075,2,c_only
log_lik[514],0.949986,0.000730611,0.0390799,0.038421,0.884327,0.950742,1.01422,2930.62,2997.36,12.6956,1.0012,2,c_only
log_lik[515],0.4457,0.00172336,0.0902308,0.0897532,0.29333,0.446554,0.590574,2756.26,2661.58,11.9402,1.00083,2,c_only
log_lik[516],0.901764,0.000876575,0.0367767,0.0366757,0.839925,0.9021,0.961171,1764.8,2497.09,7.64519,1.00143,2,c_only
log_lik[517],0.384172,0.00106084,0.0595151,0.0592143,0.284578,0.386013,0.480965,3172.87,3294.82,13.745,1.00132,2,c_only
log_lik[518],1.13213,0.000784751,0.0494345,0.0489967,1.04913,1.13238,1.21224,4026.93,3144.13,17.4448,1.00073,2,c_only
log_lik[519],1.16523,0.00177179,0.102076,0.10172,0.990969,1.1694,1.32504,3330.46,3382.76,14.4277,1.00071,2,c_only
log_lik[520],1.11722,0.000833464,0.0518753,0.0514442,1.03055,1.11795,1.20068,3949.98,3255.46,17.1115,1.00081,2,c_only
log_lik[521],0.902659,0.000874881,0.0367644,0.0367496,0.841069,0.903008,0.962137,1772.22,2471.57,7.67734,1.00142,2,c_only
log_lik[522],0.276116,0.00107047,0.0651091,0.0642388,0.167043,0.278102,0.381502,3737.48,3289.43,16.1909,1.0008,2,c_only
log_lik[523],1.1548,0.000685567,0.0421101,0.0424376,1.08559,1.15485,1.22324,3806.12,3357.77,16.4883,1.00043,2,c_only
log_lik[524],1.08144,0.000773775,0.0361125,0.0362503,1.02093,1.08148,1.14047,2199.26,2462.25,9.52729,1.00096,2,c_only
log_lik[525],1.01571,0.000877563,0.0377192,0.0383947,0.951962,1.01672,1.07647,1839.18,2392.14,7.96742,1.00154,2,c_only
log_lik[526],1.88803,0.00103596,0.0605506,0.0614097,1.78839,1.88945,1.98486,3495.27,2715.7,15.1417,1.00073,2,c_only
log_lik[527],1.07201,0.000790072,0.036217,0.0362436,1.0109,1.07207,1.1315,2110.15,2482.86,9.14124,1.00105,2,c_only
log_lik[528],-2.09212,0.00270537,0.130774,0.126962,-2.32033,-2.08669,-1.88859,2381.86,2501.53,10.3183,1.00107,2,c_only
log_lik[529],1.14145,0.000684292,0.0379347,0.0382943,1.07839,1.14162,1.20198,3102.45,3216.79,13.44,1.00042,2,c_only
log_lik[530],0.41789,0.00117607,0.0733115,0.071016,0.289177,0.421968,0.533486,3870.98,3108.65,16.7693,1.00132,2,c_only
log_lik[531],-2.07326,0.00267568,0.129061,0.124247,-2.29668,-2.06786,-1.87278,2365.47,2604.81,10.2473,1.00111,2,c_only
log_lik[532],1.96407,0.000801517,0.0527228,0.052191,1.8786,1.96455,2.05036,4369.85,2861.56,18.9304,1.00083,2,c_only
log_lik[533],0.148272,0.00109684,0.0719407,0.0706896,0.0267444,0.15031,0.265653,4337.1,3408.85,18.7885,1.00058,2,c_only
log_lik[534],-0.236718,0.0017188,0.113621,0.110649,-0.436474,-0.232385,-0.0555826,4431.52,3165.21,19.1975,1.00048,2,c_only
log_lik[535],0.878613,0.000914565,0.0372567,0.0377035,0.815379,0.878952,0.939236,1662.79,2311.79,7.20327,1.00159,2,c_only
log_lik[536],0.528442,0.00112207,0.0661276,0.063843,0.412456,0.531666,0.632168,3454.48,3055.0,14.965,1.00153,2,c_only
log_lik[537],-1.25274,0.00253992,0.138204,0.142109,-1.47706,-1.2529,-1.0218,2984.77,2934.96,12.9301,1.00081,2,c_only
log_lik[538],1.15359,0.000677809,0.0405607,0.0410906,1.08651,1.15372,1.2191,3613.63,3273.11,15.6544,1.0004,2,c_only
log_lik[539],1.78829,0.00127045,0.0687126,0.0693714,1.67301,1.79126,1.89506,3009.05,3132.32,13.0353,1.00057,2,c_only
log_lik[540],0.446706,0.0010575,0.0563625,0.0558032,0.351813,0.44856,0.537229,2862.11,3209.11,12.3988,1.00127,2,c_only
log_lik[541],1.96476,0.000790968,0.0520155,0.0515035,1.87873,1.96459,2.05011,4347.84,2897.48,18.835,1.00087,2,c_only
log_lik[542],0.801717,0.00104443,0.0488407,0.0491514,0.71889,0.803344,0.878146,2150.51,2940.84,9.31608,1.00194,2,c_only
log_lik[543],-0.14839,0.00163028,0.108667,0.105816,-0.339418,-0.14456,0.0244391,4510.05,3087.76,19.5377,1.00056,2,c_only
log_lik[544],0.847634,0.00102361,0.0461231,0.0472007,0.771209,0.848805,0.920789,1997.16,2654.84,8.6518,1.00197,2,c_only
log_lik[545],-1.33575,0.00262738,0.128159,0.128817,-1.55565,-1.33088,-1.13486,2428.5,2496.69,10.5204,1.00097,2,c_only
log_lik[546],1.15317,0.000700234,0.0437834,0.0438967,1.08087,1.15337,1.22449,3946.16,3269.41,17.0949,1.00048,2,c_only
log_lik[547],0.795809,0.00104671,0.049197,0.0495719,0.712428,0.797601,0.872551,2171.74,2963.47,9.40806,1.00194,2,c_only
log_lik[548],0.950104,0.000713533,0.0405996,0.0396788,0.881687,0.950556,1.01602,3321.35,2943.63,14.3882,1.0009,2,c_only
log_lik[549],1.849,0.000951696,0.0531593,0.0525684,1.75931,1.84862,1.93664,3114.33,3337.79,13.4914,1.00091,2,c_only
log_lik[550],-0.957461,0.00230659,0.128065,0.12863,-1.17322,-0.955614,-0.746967,3142.51,3052.4,13.6135,1.00042,2,c_only
log_lik[551],0.114921,0.0011077,0.073755,0.0724173,-0.0102949,0.117191,0.234898,4468.58,3405.44,19.3581,1.00061,2,c_only
log_lik[552],1.14437,0.000739625,0.0468378,0.0465641,1.06681,1.14476,1.21983,4043.7,3103.53,17.5175,1.00062,2,c_only
log_lik[553],0.567961,0.00110402,0.063569,0.0618509,0.455322,0.571091,0.667509,3289.53,2808.72,14.2504,1.00161,2,c_only
log_lik[554],0.712232,0.00107103,0.0543551,0.0543725,0.619148,0.71484,0.797552,2524.08,2935.3,10.9344,1.00185,2,c_only
log_lik[555],0.268819,0.003304,0.196502,0.192974,-0.0678002,0.277351,0.574892,3546.32,3000.97,15.3628,0.999931,2,c_only
log_lik[556],1.23092,0.00219708,0.117525,0.114709,1.02747,1.23756,1.40848,2913.88,3129.28,12.6231,1.00007,2,c_only
log_lik[557],0.927349,0.000735157,0.0469164,0.0462144,0.846145,0.927671,1.00376,4211.23,2959.42,18.2432,1.00046,2,c_only
log_lik[558],-0.2274,0.00132474,0.0927692,0.0923738,-0.382324,-0.224815,-0.0806925,4986.97,3482.14,21.6038,1.00042,2,c_only
log_lik[559],0.417051,0.00117651,0.073366,0.0710566,0.288303,0.421187,0.532676,3873.82,3108.65,16.7815,1.00131,2,c_only
log_lik[560],-0.267753,0.00175048,0.115302,0.112398,-0.470543,-0.263411,-0.0834563,4399.61,3273.14,19.0593,1.00046,2,c_only
log_lik[561],0.762328,0.00105814,0.0512394,0.051382,0.676095,0.763997,0.842032,2296.15,2963.21,9.94703,1.00192,2,c_only
log_lik[562],1.58427,0.00165748,0.0859308,0.0855227,1.4353,1.58881,1.7161,2762.2,2936.6,11.9659,1.0003,2,c_only
log_lik[563],0.584973,0.00151042,0.0811886,0.0801108,0.445868,0.58577,0.716095,2908.67,3093.83,12.6005,1.00044,2,c_only
log_lik[564],-0.210978,0.00130983,0.0918543,0.0909871,-0.36437,-0.208608,-0.065756,4993.61,3545.96,21.6325,1.00041,2,c_only
log_lik[565],0.383572,0.00106088,0.0595457,0.0592283,0.283987,0.385401,0.480389,3176.03,3294.82,13.7587,1.0013,2,c_only
log_lik[566],0.425733,0.00105858,0.0574126,0.0569844,0.328306,0.427519,0.518105,2962.82,3237.33,12.8351,1.00127,2,c_only
log_lik[567],0.223961,0.00130454,0.08585,0.0827051,0.0734491,0.228452,0.359472,4372.07,3029.47,18.94,1.00099,2,c_only
log_lik[568],0.432101,0.00116876,0.0723874,0.0702375,0.304853,0.436097,0.545465,3819.82,3096.76,16.5476,1.00134,2,c_only
log_lik[569],1.02106,0.000870316,0.0375281,0.0381484,0.957706,1.02207,1.08163,1851.71,2375.76,8.02167,1.0015,2,c_only
log_lik[570],-0.203134,0.00130285,0.0914169,0.0906175,-0.356577,-0.200798,-0.0585548,4994.18,3546.13,21.635,1.00041,2,c_only
log_lik[571],-2.12837,0.00280896,0.135979,0.136547,-2.36227,-2.12229,-1.91385,2401.22,2452.78,10.4022,1.00092,2,c_only
log_lik[572],0.0967749,0.00111426,0.0747469,0.0732477,-0.030364,0.0990204,0.218554,4535.56,3437.2,19.6483,1.00052,2,c_only
log_lik[573],1.94872,0.000799684,0.050929,0.0502547,1.86483,1.94908,2.03288,4057.33,3164.29,17.5765,1.00089,2,c_only
log_lik[574],1.75988,0.00108234,0.0574935,0.0569355,1.6641,1.75946,1.85379,2827.29,3356.66,12.2479,1.00091,2,c_only
log_lik[575],-0.16377,0.00286557,0.18388,0.184496,-0.46616,-0.165618,0.136273,4197.06,2553.85,18.1818,1.00116,2,c_only
log_lik[576],0.914269,0.000761501,0.0492036,0.0492713,0.828752,0.914514,0.993091,4308.74,2913.33,18.6656,1.00033,2,c_only
log_lik[577],0.272314,0.00107097,0.0653091,0.0645711,0.162872,0.274303,0.378156,3757.77,3318.14,16.2788,1.00084,2,c_only
log_lik[578],-0.292607,0.00138782,0.096387,0.0959194,-0.452792,-0.289499,-0.138166,4900.76,3421.47,21.2303,1.00032,2,c_only
log_lik[579],0.471956,0.00105611,0.055108,0.0541175,0.378686,0.473776,0.559997,2741.77,3168.14,11.8775,1.00118,2,c_only
log_lik[580],-1.65522,0.00251669,0.12427,0.125011,-1.86326,-1.65144,-1.45343,2456.48,2737.29,10.6416,1.00164,2,c_only
log_lik[581],1.90399,0.000993146,0.0592061,0.0605919,1.80689,1.90486,1.99776,3641.84,2802.53,15.7766,1.00075,2,c_only
log_lik[582],-0.399129,0.00188635,0.12202,0.118522,-0.611972,-0.394815,-0.204204,4231.91,3285.74,18.3328,1.00039,2,c_only
log_lik[583],-2.10916,0.00274405,0.132821,0.131034,-2.3396,-2.10415,-1.90101,2393.11,2452.1,10.367,1.001,2,c_only
log_lik[584],-0.45417,0.00194342,0.124616,0.121306,-0.670049,-0.450272,-0.255678,4153.81,3356.51,17.9945,1.00037,2,c_only
log_lik[585],-0.307699,0.00140326,0.0972199,0.0969145,-0.470371,-0.304483,-0.151866,4877.29,3452.55,21.1286,1.00035,2,c_only
log_lik[586],-1.06563,0.00245933,0.131427,0.133283,-1.28597,-1.06456,-0.85014,2906.28,2910.17,12.5901,1.00046,2,c_only
log_lik[587],-1.30581,0.00254935,0.136961,0.141075,-1.52606,-1.30571,-1.07788,2908.61,2964.79,12.6002,1.00091,2,c_only
log_lik[588],1.15445,0.00068016,0.0411845,0.0414098,1.08654,1.15471,1.2213,3702.19,3329.75,16.0381,1.0004,2,c_only
log_lik[589],0.296284,0.00125302,0.0811979,0.0780639,0.153839,0.300989,0.423586,4230.72,3114.92,18.3277,1.00108,2,c_only
log_lik[590],1.14013,0.00075592,0.0478363,0.0475174,1.06038,1.14046,1.21784,4045.35,3103.51,17.5246,1.00066,2,c_only
log_lik[591],0.1049,0.00139832,0.0933966,0.091357,-0.0593768,0.109664,0.254035,4514.03,3028.67,19.555,1.00081,2,c_only
log_lik[592],0.61351,0.00108363,0.0606336,0.0598048,0.506479,0.616234,0.70837,3045.95,2871.83,13.1952,1.00169,2,c_only
log_lik[593],1.10261,0.00073905,0.0361254,0.0358611,1.04217,1.10262,1.16072,2410.55,2729.59,10.4426,1.00075,2,c_only
log_lik[594],1.15209,0.000676646,0.0399237,0.0399346,1.08539,1.15226,1.21664,3514.03,3270.36,15.2229,1.00039,2,c_only
log_lik[595],0.950527,0.000722127,0.0396788,0.0388136,0.883803,0.951132,1.01565,3101.32,3004.17,13.435,1.00109,2,c_only
log_lik[596],1.25341,0.00167809,0.0948274,0.095318,1.09127,1.25764,1.40236,3206.86,3426.52,13.8922,1.00073,2,c_only
log_lik[597],1.12818,0.000702604,0.0368772,0.0367663,1.06659,1.12842,1.18846,2788.3,2898.23,12.079,1.00052,2,c_only
log_lik[598],1.05361,0.000821268,0.0365652,0.0367987,0.992753,1.05392,1.11363,1980.71,2383.76,8.58052,1.00122,2,c_only
log_lik[599],-0.235263,0.00133202,0.0932068,0.0928043,-0.390655,-0.232328,-0.0877836,4980.42,3482.14,21.5754,1.0004,2,c_only
log_lik[600],0.797381,0.000986939,0.0401053,0.0413329,0.730401,0.798996,0.861776,1648.65,2222.92,7.14202,1.00167,2,c_only
log_lik[601],0.808295,0.000981496,0.0396691,0.0406504,0.742004,0.80955,0.872242,1627.7,2171.83,7.05129,1.00169,2,c_only
log_lik[602],0.72862,0.00100674,0.0430267,0.044257,0.656455,0.730061,0.796251,1831.81,2489.56,7.93547,1.00147,2,c_only
log_lik[603],-1.64185,0.00294642,0.133242,0.133827,-1.85573,-1.64285,-1.41974,2089.82,2699.01,9.05317,1.00093,2,c_only
log_lik[604],1.96231,0.000810061,0.0531586,0.0525938,1.87627,1.96296,2.04893,4348.99,2639.43,18.84,1.00085,2,c_only
log_lik[605],0.92852,0.000970625,0.0416573,0.0425223,0.858636,0.930186,0.994864,1831.0,2564.7,7.93195,1.00188,2,c_only
log_lik[606],0.917594,0.00126478,0.0698199,0.0705896,0.801689,0.918342,1.03152,3067.78,2900.89,13.2898,1.00116,2,c_only
log_lik[607],0.946739,0.000752303,0.0380761,0.0376779,0.882856,0.947794,1.00915,2633.66,2949.36,11.4091,1.00149,2,c_only
log_lik[608],0.685699,0.00132669,0.0736036,0.0729094,0.55874,0.686881,0.805509,3106.86,3021.41,13.4591,1.00003,2,c_only
log_lik[609],0.576544,0.00110015,0.0630146,0.0615158,0.465314,0.579486,0.67529,3253.06,2767.81,14.0924,1.00162,2,c_only
log_lik[610],0.950537,0.000721681,0.0397162,0.0387852,0.883703,0.951113,1.01557,3109.99,3004.17,13.4726,1.00106,2,c_only
log_lik[611],0.650179,0.00103182,0.0465729,0.0471385,0.571429,0.651899,0.723191,2047.03,2710.68,8.86782,1.00118,2,c_only
log_lik[612],-1.1583,0.00257849,0.133669,0.134555,-1.37821,-1.15787,-0.938107,2725.91,3005.57,11.8087,1.00036,2,c_only
log_lik[613],0.773392,0.000996444,0.0410956,0.0423378,0.70512,0.775248,0.839642,1699.99,2267.56,7.36442,1.00161,2,c_only
log_lik[614],0.653546,0.0010309,0.0464175,0.0469627,0.575166,0.655138,0.726361,2037.16,2746.07,8.82507,1.00119,2,c_only
log_lik[615],0.908365,0.000986111,0.0427194,0.0436797,0.836594,0.909722,0.976693,1857.66,2599.85,8.04744,1.00194,2,c_only
log_lik[616],1.81204,0.00121857,0.0667719,0.0671839,1.69895,1.81476,1.91635,3084.27,3179.03,13.3612,1.00061,2,c_only
log_lik[617],0.616554,0.00108494,0.0604381,0.0596324,0.510172,0.619279,0.711251,3026.12,2870.43,13.1093,1.0017,2,c_only
log_lik[618],1.18017,0.00226683,0.122132,0.120509,0.968315,1.1868,1.36431,2950.44,3139.54,12.7814,1.00005,2,c_only
log_lik[619],0.0157488,0.00114958,0.0792109,0.0785386,-0.117403,0.0185458,0.143928,4803.45,3578.93,20.8088,1.00024,2,c_only
log_lik[620],-0.815461,0.00229168,0.137328,0.137568,-1.0476,-0.813183,-0.590277,3619.56,3214.98,15.6801,1.00039,2,c_only
log_lik[621],0.743146,0.00120679,0.0687149,0.0684399,0.623985,0.744534,0.853122,3277.4,3065.27,14.1978,0.999956,2,c_only
log_lik[622],0.833426,0.000965823,0.0387106,0.0392313,0.768219,0.834295,0.895762,1605.51,2208.1,6.95512,1.00169,2,c_only
log_lik[623],0.60056,0.00104277,0.04889,0.0492734,0.518396,0.60179,0.677561,2207.92,2910.85,9.5648,1.001,2,c_only
log_lik[624],0.915423,0.000759045,0.0490142,0.0490411,0.830307,0.915654,0.993859,4313.75,2825.88,18.6873,1.00035,2,c_only
log_lik[625],0.314574,0.00124065,0.0800157,0.0771106,0.174063,0.318886,0.439617,4186.94,3011.61,18.138,1.00112,2,c_only
log_lik[626],0.925938,0.000823133,0.0367406,0.0361799,0.864538,0.926612,0.985876,2013.11,2671.13,8.72087,1.00121,2,c_only
log_lik[627],1.54795,0.00135041,0.0715501,0.0718792,1.42594,1.54929,1.66226,2823.58,3360.15,12.2319,1.00082,2,c_only
log_lik[628],-1.38124,0.0025542,0.134708,0.138069,-1.59766,-1.38217,-1.15779,2801.79,2896.69,12.1375,1.00106,2,c_only
log_lik[629],1.14974,0.000676974,0.0392626,0.0387925,1.08408,1.15003,1.21305,3390.46,3271.73,14.6876,1.0004,2,c_only
log_lik[630],0.945888,0.000756576,0.0379302,0.0376978,0.882371,0.947124,1.00754,2578.62,2903.7,11.1707,1.00141,2,c_only
log_lik[631],1.11424,0.000842627,0.0523099,0.0520917,1.02709,1.11496,1.19803,3927.41,3256.25,17.0137,1.00083,2,c_only
log_lik[632],0.945663,0.000757664,0.037895,0.0377413,0.882212,0.946894,1.00727,2566.42,2948.82,11.1178,1.00144,2,c_only
log_lik[633],1.14031,0.000755252,0.0477973,0.0474429,1.06065,1.14068,1.21798,4045.77,3103.51,17.5264,1.00066,2,c_only
log_lik[634],0.851843,0.000940152,0.057674,0.058079,0.752244,0.851642,0.944455,3830.95,3117.18,16.5958,1.00012,2,c_only
log_lik[635],0.815199,0.00213188,0.130437,0.129704,0.597038,0.81888,1.01807,3768.48,3346.06,16.3252,1.00069,2,c_only
log_lik[636],-1.3614,0.00277927,0.134681,0.135723,-1.59511,-1.35587,-1.14816,2406.71,2421.9,10.426,1.00092,2,c_only
log_lik[637],1.76971,0.00130974,0.0702383,0.0712406,1.65198,1.77261,1.87964,2958.75,3127.89,12.8174,1.00054,2,c_only
log_lik[638],0.853817,0.00102035,0.0457653,0.0466994,0.777778,0.855012,0.92659,1979.01,2654.84,8.57316,1.00197,2,c_only
log_lik[639],0.659512,0.00137742,0.0756825,0.0746069,0.529246,0.660858,0.782071,3044.44,3046.01,13.1887,1.00025,2,c_only
log_lik[640],-1.6618,0.00251619,0.124074,0.124147,-1.8697,-1.65747,-1.46091,2449.41,2695.24,10.6109,1.00166,2,c_only
log_lik[641],0.0266319,0.0027844,0.178887,0.179465,-0.272632,0.0262217,0.313641,4198.64,2696.7,18.1887,1.00113,2,c_only
log_lik[642],0.644859,0.00103323,0.0468189,0.0473725,0.565637,0.646464,0.717988,2062.6,2750.69,8.93528,1.00116,2,c_only
log_lik[643],1.12842,0.000797403,0.0500938,0.0497014,1.04419,1.12886,1.20886,4011.23,3144.86,17.3768,1.00076,2,c_only
log_lik[644],0.908296,0.000860792,0.0367021,0.0364969,0.846835,0.908722,0.96782,1809.98,2473.44,7.8409,1.00136,2,c_only
log_lik[645],1.88417,0.000895819,0.0519023,0.0512919,1.79668,1.88406,1.96944,3353.95,3215.4,14.5295,1.00088,2,c_only
log_lik[646],0.0376969,0.00113902,0.0779967,0.0770998,-0.0940764,0.0402967,0.164326,4741.01,3578.83,20.5382,1.00042,2,c_only
log_lik[647],1.96304,0.000787992,0.0515993,0.0508358,1.87825,1.96341,2.04829,4300.99,3013.39,18.6321,1.00086,2,c_only
log_lik[648],0.949592,0.000734274,0.0388692,0.0384592,0.884485,0.950383,1.01369,2870.61,2998.13,12.4356,1.00133,2,c_only
log_lik[649],1.24323,0.00168897,0.0956617,0.0961399,1.07995,1.24787,1.39318,3220.57,3366.64,13.9517,1.00072,2,c_only
log_lik[650],0.102834,0.00111202,0.0744153,0.072765,-0.0235289,0.105001,0.224158,4514.31,3466.27,19.5562,1.00051,2,c_only
log_lik[651],1.02918,0.00246625,0.13578,0.132625,0.794711,1.03758,1.23661,3065.1,3192.44,13.2781,0.999991,2,c_only
log_lik[652],0.902645,0.000990205,0.0430279,0.0440777,0.830302,0.904077,0.971393,1865.73,2625.88,8.08241,1.00195,2,c_only
log_lik[653],-0.0601624,0.00282702,0.181626,0.181579,-0.360665,-0.0608081,0.232806,4200.03,2629.99,18.1947,1.00136,2,c_only
log_lik[654],0.949496,0.000710968,0.0410397,0.040176,0.880188,0.949912,1.01617,3418.1,2875.67,14.8074,1.00063,2,c_only
log_lik[655],-1.36443,0.00280395,0.135785,0.137224,-1.5981,-1.35846,-1.1486,2403.69,2397.26,10.4129,1.00091,2,c_only
log_lik[656],0.626046,0.00143909,0.0782243,0.0771504,0.491569,0.627146,0.753148,2977.35,3119.67,12.898,1.00052,2,c_only
log_lik[657],1.96397,0.000788731,0.0517597,0.0512691,1.87889,1.96415,2.04973,4322.71,2943.37,18.7262,1.00086,2,c_only
log_lik[658],0.925111,0.000825129,0.0367276,0.0362082,0.863822,0.925798,0.985018,2001.88,2709.36,8.67222,1.00124,2,c_only
log_lik[659],0.248732,0.00107443,0.0665543,0.0653153,0.137391,0.250625,0.35702,3875.54,3318.14,16.789,1.00067,2,c_only
log_lik[660],-0.185331,0.00128738,0.0904235,0.0895171,-0.33753,-0.182758,-0.0426182,5007.48,3579.48,21.6926,1.00035,2,c_only
log_lik[661],0.769617,0.00114705,0.0662806,0.0657635,0.655343,0.770575,0.876227,3374.54,3068.25,14.6187,1.0,2,c_only
log_lik[662],0.681813,0.00102205,0.0451233,0.0460528,0.606453,0.683186,0.75207,1959.76,2675.9,8.48975,1.00129,2,c_only
log_lik[663],-1.39326,0.00255407,0.1343,0.137815,-1.6083,-1.39422,-1.16974,2784.77,2875.22,12.0637,1.00108,2,c_only
log_lik[664],1.96471,0.000790681,0.0519886,0.0514414,1.87872,1.96464,2.04989,4346.71,2876.21,18.8301,1.00087,2,c_only
log_lik[665],0.28244,0.00106966,0.0647769,0.0641712,0.17398,0.284392,0.387156,3702.94,3289.43,16.0413,1.00085,2,c_only
log_lik[666],0.626046,0.00143909,0.0782243,0.0771504,0.491569,0.627146,0.753148,2977.35,3119.67,12.898,1.00052,2,c_only
log_lik[667],-1.36738,0.00283249,0.137064,0.138841,-1.6032,-1.36174,-1.15188,2399.59,2468.32,10.3951,1.0009,2,c_only
log_lik[668],1.64306,0.00123552,0.0647792,0.0651445,1.53331,1.64332,1.74798,2764.8,3365.39,11.9772,1.00086,2,c_only
log_lik[669],0.355715,0.00106268,0.0609708,0.0604993,0.254011,0.357831,0.454524,3322.61,3322.43,14.3937,1.00115,2,c_only
log_lik[670],0.411175,0.00117957,0.0737481,0.0712189,0.281081,0.415284,0.526996,3893.84,3084.21,16.8683,1.0013,2,c_only
log_lik[671],1.0175,0.000875157,0.0376543,0.0382415,0.953972,1.01855,1.07807,1843.69,2376.57,7.98696,1.00153,2,c_only
log_lik[672],-1.3541,0.00272784,0.132408,0.133497,-1.5839,-1.34878,-1.14329,2409.85,2570.53,10.4396,1.00093,2,c_only
log_lik[673],0.946954,0.000708077,0.0421939,0.0412474,0.875137,0.94715,1.01609,3662.02,3077.98,15.864,1.00047,2,c_only
log_lik[674],0.42124,0.00117433,0.0730936,0.0709203,0.292512,0.425258,0.536205,3858.43,3108.4,16.7149,1.00133,2,c_only
log_lik[675],0.19454,0.00336677,0.200948,0.197475,-0.146969,0.202564,0.509138,3572.04,3279.17,15.4742,0.999943,2,c_only
log_lik[676],0.776524,0.00105359,0.0503689,0.0507792,0.691791,0.778145,0.855039,2239.28,2810.34,9.70066,1.00194,2,c_only
log_lik[677],1.96427,0.000800296,0.0526547,0.0520421,1.87888,1.96472,2.05047,4371.61,2862.35,18.938,1.00083,2,c_only
log_lik[678],-0.588653,0.00173719,0.11212,0.112367,-0.778145,-0.584643,-0.410742,4241.83,3372.02,18.3758,1.00007,2,c_only
log_lik[679],0.790526,0.00104868,0.0495167,0.0497161,0.706684,0.792382,0.867748,2189.47,2831.28,9.48489,1.00194,2,c_only
log_lik[680],0.179212,0.00133849,0.0887055,0.0861994,0.0232488,0.184098,0.320343,4439.39,3053.71,19.2316,1.00092,2,c_only
log_lik[681],-0.624465,0.00179267,0.113896,0.114193,-0.816291,-0.621204,-0.4425,4150.18,3342.69,17.9788,1.00006,2,c_only
log_lik[682],0.948624,0.000709182,0.0415039,0.0406046,0.878475,0.948971,1.01629,3525.27,3014.6,15.2716,1.00073,2,c_only
log_lik[683],0.297707,0.00260292,0.16621,0.167163,0.0162358,0.299879,0.561006,4122.71,2819.26,17.8597,1.00074,2,c_only
log_lik[684],1.91637,0.000958351,0.0581343,0.0590139,1.82095,1.91734,2.00831,3760.65,2891.53,16.2913,1.00078,2,c_only
log_lik[685],1.00377,0.00194026,0.115331,0.114963,0.810849,1.00764,1.18411,3541.31,3433.17,15.3411,1.0007,2,c_only
log_lik[686],-1.91081,0.00280113,0.13551,0.136012,-2.14354,-1.90479,-1.69731,2397.81,2469.75,10.3874,1.00099,2,c_only
log_lik[687],0.527145,0.00105216,0.0524039,0.0519331,0.439086,0.528083,0.609574,2494.82,3205.6,10.8077,1.00087,2,c_only
log_lik[688],0.920767,0.00260276,0.14545,0.143019,0.667874,0.930533,1.14179,3154.95,3158.24,13.6674,0.99996,2,c_only
log_lik[689],-0.541551,0.0028618,0.180375,0.180268,-0.829347,-0.546628,-0.234236,4113.32,2468.06,17.8191,1.00178,2,c_only
log_lik[690],-1.88773,0.00271231,0.131162,0.129624,-2.11502,-1.88132,-1.68165,2397.41,2438.09,10.3857,1.00123,2,c_only
log_lik[691],1.89823,0.00100883,0.0596949,0.0607991,1.8001,1.89951,1.99325,3583.88,2795.73,15.5255,1.00073,2,c_only
log_lik[692],0.641456,0.0010341,0.0469766,0.0475426,0.562046,0.643074,0.71464,2072.78,2750.69,8.97937,1.00114,2,c_only
log_lik[693],0.868991,0.000927665,0.0375238,0.0380257,0.805808,0.869434,0.929337,1636.12,2248.43,7.08774,1.00162,2,c_only
log_lik[694],0.261507,0.00107248,0.0658788,0.0650379,0.151423,0.263427,0.368518,3812.16,3317.9,16.5144,1.00078,2,c_only
log_lik[695],0.296284,0.00125302,0.0811979,0.0780639,0.153839,0.300989,0.423586,4230.72,3114.92,18.3277,1.00108,2,c_only
log_lik[696],1.04805,0.00083029,0.0367016,0.0371391,0.986905,1.0484,1.1079,1949.19,2427.97,8.44398,1.00126,2,c_only
log_lik[697],1.08347,0.000770151,0.0360978,0.0362827,1.02284,1.08341,1.14229,2220.18,2463.29,9.61791,1.00093,2,c_only
log_lik[698],-0.86915,0.00233565,0.138419,0.138669,-1.10252,-0.867004,-0.640378,3537.1,3233.97,15.3229,1.00043,2,c_only
log_lik[699],0.938211,0.00200757,0.120649,0.119623,0.73764,0.941275,1.12623,3623.32,3407.7,15.6964,1.0007,2,c_only
log_lik[700],0.614734,0.00104011,0.0482231,0.0487531,0.533848,0.616061,0.69045,2158.47,2845.04,9.35057,1.00106,2,c_only
log_lik[701],0.952578,0.00199288,0.119489,0.118482,0.753913,0.956101,1.13973,3604.72,3453.55,15.6158,1.0007,2,c_only
log_lik[702],1.15383,0.000695963,0.0433574,0.0436095,1.08226,1.15405,1.22446,3916.24,3356.66,16.9653,1.00047,2,c_only
log_lik[703],0.783848,0.000992691,0.0406592,0.041991,0.715787,0.785575,0.849368,1675.88,2227.72,7.25998,1.00164,2,c_only
log_lik[704],0.228156,0.00107795,0.067647,0.0665922,0.114549,0.230274,0.338591,3974.5,3412.76,17.2177,1.00061,2,c_only
log_lik[705],1.13608,0.000691439,0.0374127,0.0378701,1.07375,1.13628,1.1965,2959.99,3086.91,12.8228,1.00046,2,c_only
log_lik[706],0.277382,0.0010703,0.0650425,0.0641979,0.168427,0.279356,0.382614,3731.51,3289.43,16.1651,1.00081,2,c_only
log_lik[707],-1.16079,0.00258151,0.133721,0.134419,-1.38048,-1.16035,-0.94047,2721.13,3005.57,11.788,1.00034,2,c_only
log_lik[708],0.914596,0.000981503,0.0423867,0.0434016,0.842899,0.916084,0.982265,1849.14,2581.66,8.01055,1.00192,2,c_only
log_lik[709],-0.523959,0.00165221,0.108826,0.108724,-0.707505,-0.520215,-0.351631,4404.25,3512.36,19.0794,1.00018,2,c_only
log_lik[710],1.59779,0.00129106,0.0679292,0.0681969,1.48142,1.59879,1.70734,2783.89,3232.21,12.0599,1.00083,2,c_only
log_lik[711],-0.342919,0.00182801,0.11923,0.116006,-0.5507,-0.338168,-0.151527,4305.9,3149.94,18.6533,1.00042,2,c_only
log_lik[712],1.11472,0.000721979,0.0363455,0.0359115,1.05452,1.1147,1.17425,2560.07,2761.56,11.0904,1.00065,2,c_only
log_lik[713],0.554199,0.00159752,0.0937453,0.0936381,0.393578,0.556565,0.70182,3521.34,3362.53,15.2546,1.00189,2,c_only
log_lik[714],-1.63628,0.00250694,0.146945,0.148043,-1.87135,-1.64269,-1.3849,3442.01,3263.7,14.9109,0.99999,2,c_only
log_lik[715],-1.56197,0.00262772,0.153042,0.154484,-1.80699,-1.56709,-1.30217,3402.78,3163.01,14.741,0.999953,2,c_only
log_lik[716],-1.38701,0.0027448,0.152742,0.153972,-1.64195,-1.3882,-1.13623,3132.66,2950.06,13.5708,1.00001,2,c_only
log_lik[717],0.461007,0.00149051,0.0847887,0.0827552,0.317777,0.462982,0.597972,3294.03,2956.21,14.2699,1.00208,2,c_only
log_lik[718],-1.51586,0.00228441,0.129191,0.128497,-1.72582,-1.51881,-1.2965,3216.9,2902.07,13.9358,1.00045,2,c_only
log_lik[719],-1.13573,0.00261231,0.154317,0.156791,-1.38981,-1.13692,-0.880966,3494.24,2872.34,15.1372,1.00061,2,c_only
log_lik[720],-1.45812,0.00139804,0.0796855,0.0810657,-1.59267,-1.45457,-1.33154,3254.37,2913.65,14.0981,1.00152,2,c_only
log_lik[721],-1.21457,0.00213892,0.110481,0.110388,-1.39933,-1.21236,-1.03916,2690.58,2697.25,11.6557,1.00138,2,c_only
log_lik[722],-0.311232,0.00244933,0.112525,0.114341,-0.49789,-0.310111,-0.134028,2138.98,2674.44,9.26615,1.00028,2,c_only
log_lik[723],-2.10913,0.00264814,0.128286,0.129832,-2.32981,-2.10504,-1.90417,2396.43,2323.47,10.3814,1.00092,2,c_only
log_lik[724],-1.9485,0.00216264,0.113636,0.113169,-2.13834,-1.9458,-1.76443,2801.12,2913.14,12.1346,1.00137,2,c_only
log_lik[725],-1.78206,0.00237965,0.115304,0.115059,-1.97397,-1.77803,-1.59499,2365.6,2694.39,10.2479,1.00116,2,c_only
log_lik[726],-1.3675,0.00283389,0.137126,0.13879,-1.60371,-1.36179,-1.15188,2398.67,2452.39,10.3911,1.0009,2,c_only
log_lik[727],-1.82432,0.00220659,0.125144,0.122249,-2.02223,-1.82885,-1.61709,3237.83,3002.84,14.0264,1.0007,2,c_only
log_lik[728],-2.04733,0.0023551,0.116086,0.117194,-2.24446,-2.04296,-1.86315,2469.6,2272.62,10.6984,1.00154,2,c_only
log_lik[729],0.0370297,0.00198825,0.108383,0.107333,-0.147615,0.0407131,0.20955,3028.63,3022.43,13.1202,0.999875,2,c_only
log_lik[730],0.309271,0.00183868,0.107543,0.106594,0.126842,0.311996,0.478954,3496.55,2980.73,15.1472,0.999845,2,c_only
log_lik[731],-1.42532,0.00235976,0.137664,0.137824,-1.65217,-1.42953,-1.1913,3408.09,2610.09,14.764,1.00055,2,c_only
log_lik[732],-1.33171,0.00245109,0.145421,0.1476,-1.56797,-1.335,-1.08874,3518.65,2463.3,15.2429,1.0002,2,c_only
log_lik[733],0.53599,0.00172608,0.102798,0.102711,0.36054,0.538516,0.699709,3631.18,2928.3,15.7304,1.0014,2,c_only
log_lik[734],-1.06396,0.00263548,0.153463,0.157241,-1.31608,-1.06372,-0.812906,3394.57,2897.69,14.7054,1.00044,2,c_only
log_lik[735],0.103766,0.00145001,0.0818426,0.0824528,-0.0354888,0.105268,0.235989,3215.29,2605.18,13.9288,1.00077,2,c_only
log_lik[736],-1.3649,0.00224922,0.118676,0.118137,-1.564,-1.36313,-1.1754,2819.28,2735.85,12.2132,1.0,2,c_only
log_lik[737],0.502978,0.00175684,0.104633,0.104102,0.325223,0.505417,0.668996,3626.57,3100.34,15.7104,1.00106,2,c_only
log_lik[738],-1.02696,0.00262757,0.151459,0.155744,-1.27551,-1.02583,-0.778298,3334.3,2718.1,14.4443,1.00049,2,c_only
log_lik[739],-1.64377,0.00249397,0.146213,0.147795,-1.87764,-1.64972,-1.39354,3443.05,3263.41,14.9155,1.0,2,c_only
log_lik[740],0.36938,0.00181758,0.107189,0.107192,0.185915,0.371657,0.538571,3553.91,2889.64,15.3957,1.00005,2,c_only
log_lik[741],0.522077,0.00154287,0.0893482,0.0882855,0.371498,0.524765,0.664838,3421.74,3274.47,14.8231,1.00203,2,c_only
log_lik[742],-1.19644,0.00209371,0.109269,0.109715,-1.3775,-1.1954,-1.02229,2736.18,2660.2,11.8533,1.00142,2,c_only
log_lik[743],-2.0136,0.00226144,0.113378,0.11358,-2.20459,-2.01069,-1.83456,2551.34,2686.59,11.0525,1.0011,2,c_only
log_lik[744],-0.0181225,0.00203555,0.108712,0.10797,-0.203136,-0.0144135,0.155274,2902.49,2931.62,12.5737,0.999895,2,c_only
log_lik[745],0.319023,0.00144263,0.080343,0.0802552,0.185455,0.320876,0.446728,3142.36,2791.36,13.6128,1.00102,2,c_only
log_lik[746],-1.11195,0.0019439,0.105934,0.106141,-1.28805,-1.11141,-0.942864,2996.69,2785.06,12.9818,1.00152,2,c_only
log_lik[747],-1.42112,0.00236372,0.138042,0.137824,-1.64846,-1.42558,-1.18657,3413.36,2624.55,14.7868,1.00048,2,c_only
log_lik[748],-1.70431,0.00228398,0.11512,0.112795,-1.89295,-1.70262,-1.51502,2558.43,2617.83,11.0832,1.00099,2,c_only
log_lik[749],-1.81746,0.00244986,0.117691,0.11768,-2.01496,-1.81262,-1.62828,2330.64,2670.04,10.0964,1.00127,2,c_only
log_lik[750],-1.13023,0.00261538,0.154358,0.15694,-1.3847,-1.13152,-0.875788,3488.36,2870.62,15.1117,1.00063,2,c_only
log_lik[751],-0.948073,0.00235231,0.127451,0.129514,-1.16352,-0.945004,-0.744534,2976.07,2677.02,12.8924,1.00035,2,c_only
log_lik[752],0.562058,0.00166874,0.0989863,0.0995571,0.393208,0.563882,0.718505,3596.63,3181.96,15.5808,1.00143,2,c_only
log_lik[753],-2.07819,0.00247947,0.12082,0.1225,-2.28448,-2.07459,-1.8838,2420.69,2302.64,10.4865,1.00113,2,c_only
log_lik[754],-1.14237,0.00161721,0.0854423,0.0839675,-1.28671,-1.14072,-1.00528,2823.57,2726.88,12.2318,1.00048,2,c_only
log_lik[755],0.56299,0.00166192,0.0985074,0.0990005,0.395704,0.564556,0.718439,3590.64,3181.96,15.5548,1.00136,2,c_only
log_lik[756],0.187238,0.00144001,0.080428,0.0790477,0.0521702,0.189398,0.316656,3157.89,2481.87,13.6801,1.00067,2,c_only
log_lik[757],-0.59719,0.00161747,0.102675,0.104108,-0.76622,-0.596883,-0.429017,4096.91,2924.21,17.748,1.00135,2,c_only
log_lik[758],-1.52213,0.00228055,0.128597,0.127628,-1.73118,-1.5247,-1.30311,3199.88,2867.86,13.862,1.00045,2,c_only
log_lik[759],0.153893,0.00144316,0.0808903,0.0808673,0.0175893,0.156165,0.283498,3178.52,2377.19,13.7695,1.0007,2,c_only
log_lik[760],-0.220256,0.00231342,0.110945,0.110669,-0.406568,-0.218288,-0.0459615,2339.56,2759.14,10.1351,1.00013,2,c_only
log_lik[761],-1.38186,0.00273873,0.152035,0.153393,-1.63651,-1.38272,-1.1328,3118.2,2919.2,13.5082,0.999983,2,c_only
log_lik[762],-0.0863898,0.00212118,0.109274,0.108446,-0.271655,-0.0829578,0.0871792,2705.04,2998.2,11.7183,0.999956,2,c_only
log_lik[763],0.183704,0.00189253,0.107891,0.10588,-7.42031e-05,0.188824,0.352541,3317.81,2860.4,14.3729,0.999828,2,c_only
log_lik[764],-1.31638,0.00250844,0.1231,0.123832,-1.52666,-1.31107,-1.12262,2458.82,2495.29,10.6517,1.00107,2,c_only
log_lik[765],-1.15374,0.00260105,0.154084,0.15694,-1.40719,-1.15501,-0.899403,3514.21,2806.72,15.2237,1.00057,2,c_only
log_lik[766],0.562238,0.00162845,0.0960869,0.0961873,0.398994,0.564578,0.713898,3561.08,3237.52,15.4267,1.00139,2,c_only
log_lik[767],-1.12838,0.00164858,0.0867972,0.0855168,-1.27407,-1.12689,-0.98975,2800.15,2521.65,12.1304,1.00053,2,c_only
log_lik[768],-1.01086,0.00261729,0.150067,0.153722,-1.25598,-1.01069,-0.763676,3302.83,2608.83,14.308,1.00047,2,c_only
log_lik[769],0.504122,0.00152362,0.0877135,0.0864908,0.354985,0.506568,0.645424,3377.88,3160.82,14.6331,1.00202,2,c_only
log_lik[770],-0.066307,0.00209547,0.10909,0.108555,-0.25033,-0.0622428,0.107393,2763.11,3070.53,11.9699,0.999936,2,c_only
log_lik[771],-1.34454,0.00257394,0.13876,0.137714,-1.57656,-1.34239,-1.12431,2947.93,2975.91,12.7706,0.999969,2,c_only
log_lik[772],-2.12714,0.00279534,0.135427,0.136607,-2.36033,-2.12071,-1.91314,2405.82,2468.68,10.4221,1.00093,2,c_only
log_lik[773],0.541141,0.00157006,0.0915793,0.0905419,0.38505,0.543772,0.685726,3476.12,3303.44,15.0587,1.00183,2,c_only
log_lik[774],0.56218,0.00166798,0.0989336,0.0994965,0.393496,0.563924,0.718504,3595.68,3181.96,15.5766,1.00144,2,c_only
log_lik[775],-0.618365,0.00293831,0.119797,0.12025,-0.821219,-0.615123,-0.429218,1686.52,2502.98,7.30609,1.0008,2,c_only
log_lik[776],-0.94719,0.00242011,0.132437,0.135012,-1.17095,-0.944622,-0.734615,3035.29,2586.06,13.149,1.0004,2,c_only
log_lik[777],-0.306397,0.00244174,0.112433,0.114334,-0.492877,-0.305117,-0.128693,2148.43,2674.57,9.30707,1.00027,2,c_only
log_lik[778],-0.166329,0.00223194,0.110178,0.109781,-0.352319,-0.164704,0.00970796,2479.31,2856.18,10.7405,1.00005,2,c_only
log_lik[779],-1.39393,0.00207737,0.108758,0.107538,-1.57693,-1.39181,-1.22079,2773.25,2717.05,12.0138,1.00014,2,c_only
log_lik[780],-1.54602,0.00153731,0.0847957,0.0871133,-1.68731,-1.54326,-1.4129,3060.16,2957.9,13.2567,1.00183,2,c_only
log_lik[781],-1.34366,0.00265676,0.129261,0.130283,-1.56648,-1.33861,-1.13848,2420.11,2547.6,10.484,1.00097,2,c_only
log_lik[782],-1.77638,0.0022693,0.131005,0.130382,-1.98302,-1.78055,-1.55594,3351.41,3126.82,14.5185,1.00044,2,c_only
log_lik[783],-1.34373,0.00251172,0.134583,0.132735,-1.5685,-1.34167,-1.13071,2912.42,2952.76,12.6167,0.999966,2,c_only
log_lik[784],-1.20463,0.00256534,0.152677,0.153932,-1.45302,-1.20671,-0.952826,3550.71,2739.7,15.3818,1.00047,2,c_only
log_lik[785],-1.1179,0.00195094,0.106074,0.106406,-1.2937,-1.11703,-0.948907,2985.27,2666.46,12.9323,1.00152,2,c_only
log_lik[786],-0.0181225,0.00203555,0.108712,0.10797,-0.203136,-0.0144135,0.155274,2902.49,2931.62,12.5737,0.999895,2,c_only
log_lik[787],-0.0354902,0.00205779,0.108838,0.108273,-0.220451,-0.0312349,0.137931,2863.22,3085.12,12.4036,0.99991,2,c_only
log_lik[788],-1.59784,0.00224937,0.121757,0.119406,-1.79415,-1.59847,-1.39563,2954.66,2840.71,12.7997,1.0008,2,c_only
log_lik[789],0.551685,0.00170142,0.101209,0.101559,0.378739,0.554578,0.713538,3630.92,3013.37,15.7293,1.00116,2,c_only
log_lik[790],0.379958,0.00181388,0.107099,0.107613,0.19672,0.382422,0.549106,3563.77,2957.18,15.4384,1.00007,2,c_only
log_lik[791],0.545693,0.00171235,0.101924,0.102279,0.371727,0.548053,0.707995,3634.8,2989.67,15.7461,1.00132,2,c_only
log_lik[792],-0.20845,0.00229517,0.110766,0.11062,-0.394625,-0.206385,-0.0337062,2369.23,2835.45,10.2636,1.00011,2,c_only
log_lik[793],0.562058,0.00166874,0.0989863,0.0995571,0.393208,0.563882,0.718505,3596.63,3181.96,15.5808,1.00143,2,c_only
log_lik[794],0.542243,0.00171767,0.102266,0.102667,0.367628,0.544867,0.704719,3633.64,2921.69,15.7411,1.00131,2,c_only
log_lik[795],0.386426,0.00181159,0.107039,0.107318,0.203243,0.388844,0.555455,3567.76,2907.32,15.4557,1.00017,2,c_only
log_lik[796],-0.209192,0.00152335,0.0916469,0.0926065,-0.361309,-0.206231,-0.062314,3661.71,3163.69,15.8627,1.00108,2,c_only
log_lik[797],-1.66025,0.00246515,0.144538,0.144992,-1.89118,-1.66647,-1.41285,3443.82,3319.41,14.9188,1.00008,2,c_only
log_lik[798],0.55926,0.00168139,0.0998609,0.0997644,0.388707,0.562132,0.717601,3608.69,3064.84,15.633,1.00135,2,c_only
log_lik[799],-1.39015,0.00134339,0.0774826,0.0783349,-1.52003,-1.38726,-1.26681,3327.96,3060.31,14.4169,1.00116,2,c_only
log_lik[800],-0.391539,0.00257805,0.114194,0.115495,-0.580905,-0.389101,-0.211414,1990.6,2828.67,8.62338,1.00041,2,c_only
log_lik[801],-1.54952,0.00264582,0.153821,0.155864,-1.79664,-1.55403,-1.28883,3390.4,3216.03,14.6874,0.99989,2,c_only
log_lik[802],-1.46677,0.0023222,0.133839,0.132591,-1.68696,-1.47032,-1.23883,3337.45,2933.79,14.458,1.00041,2,c_only
log_lik[803],0.217628,0.00187595,0.107815,0.106051,0.0341784,0.222275,0.387362,3376.71,2865.08,14.628,0.999823,2,c_only
log_lik[804],-1.47606,0.002732,0.156547,0.158708,-1.73359,-1.47926,-1.21209,3300.92,3110.8,14.2997,0.999931,2,c_only
log_lik[805],0.502218,0.00175738,0.104664,0.104057,0.324419,0.504691,0.668253,3626.46,3100.34,15.71,1.00105,2,c_only
log_lik[806],0.52601,0.00173725,0.103487,0.103186,0.350007,0.528285,0.691351,3631.38,3067.22,15.7313,1.00138,2,c_only
log_lik[807],-1.48954,0.00271946,0.156324,0.158422,-1.74603,-1.49321,-1.22651,3322.95,3137.24,14.3952,0.999919,2,c_only
log_lik[808],-1.38248,0.00213912,0.112214,0.110664,-1.57161,-1.38069,-1.20394,2791.08,2736.77,12.0911,1.00008,2,c_only
log_lik[809],0.479746,0.00150316,0.0859235,0.0841821,0.334984,0.481659,0.618817,3327.32,2986.21,14.4141,1.00186,2,c_only
log_lik[810],0.335964,0.00182919,0.107413,0.106655,0.153522,0.338622,0.504807,3527.1,2911.45,15.2795,0.999893,2,c_only
log_lik[811],-1.43501,0.00189454,0.0989784,0.0973698,-1.6046,-1.43338,-1.27708,2753.6,2669.53,11.9287,1.00031,2,c_only
log_lik[812],0.473697,0.00149883,0.0855372,0.0835742,0.329,0.475673,0.612513,3316.7,2986.21,14.3681,1.00194,2,c_only
log_lik[813],0.265044,0.00185551,0.107697,0.106508,0.0818008,0.267973,0.432745,3446.13,2923.28,14.9288,0.999824,2,c_only
log_lik[814],0.15031,0.00191072,0.107971,0.105963,-0.0333238,0.154674,0.319915,3259.68,2838.79,14.1211,0.999832,2,c_only
log_lik[815],-1.31134,0.0024843,0.122144,0.122992,-1.51885,-1.30583,-1.11894,2467.25,2512.68,10.6882,1.00109,2,c_only
log_lik[816],0.531191,0.00173174,0.103149,0.103014,0.355271,0.533469,0.695707,3629.76,2972.23,15.7243,1.00135,2,c_only
log_lik[817],-1.36493,0.00280849,0.135975,0.136902,-1.59893,-1.35903,-1.14935,2402.68,2444.36,10.4085,1.00091,2,c_only
log_lik[818],-1.50334,0.0014607,0.0820119,0.0834278,-1.6409,-1.50035,-1.37481,3162.71,3002.48,13.701,1.00171,2,c_only
log_lik[819],-1.0263,0.00262725,0.15141,0.155793,-1.27465,-1.02514,-0.777587,3332.72,2718.1,14.4375,1.0005,2,c_only
log_lik[820],0.55741,0.00160704,0.0944768,0.0941997,0.395925,0.560001,0.705878,3534.36,3333.64,15.311,1.00178,2,c_only
log_lik[821],0.556412,0.00160386,0.0942339,0.0941234,0.394466,0.559082,0.704474,3529.44,3333.16,15.2897,1.00182,2,c_only
log_lik[822],0.530706,0.00155402,0.0902741,0.089526,0.377773,0.533299,0.674645,3444.15,3301.17,14.9202,1.002,2,c_only
log_lik[823],-0.951715,0.00230112,0.123881,0.126285,-1.15974,-0.949459,-0.755508,2937.67,2641.39,12.7261,1.00032,2,c_only
log_lik[824],0.448058,0.00178751,0.106183,0.106378,0.266633,0.45061,0.615652,3608.75,2864.38,15.6332,1.00058,2,c_only
log_lik[825],0.561155,0.00162212,0.0956159,0.0960341,0.398172,0.563553,0.711564,3553.77,3238.34,15.3951,1.00161,2,c_only
log_lik[826],-0.220256,0.00231342,0.110945,0.110669,-0.406568,-0.218288,-0.0459615,2339.56,2759.14,10.1351,1.00013,2,c_only
log_lik[827],0.56107,0.00167399,0.0993513,0.0998476,0.391692,0.563118,0.718411,3601.4,3139.65,15.6014,1.00134,2,c_only
log_lik[828],0.563669,0.00165193,0.0977976,0.0981471,0.398731,0.565724,0.717825,3583.64,3236.73,15.5245,1.00126,2,c_only
log_lik[829],-0.995618,0.00260184,0.148322,0.152209,-1.2399,-0.994826,-0.75132,3262.42,2547.57,14.133,1.00047,2,c_only
log_lik[830],0.559779,0.00161577,0.0951395,0.0953594,0.39694,0.562296,0.709576,3542.77,3276.66,15.3474,1.00178,2,c_only
log_lik[831],-0.184973,0.00225955,0.110429,0.111036,-0.37147,-0.183296,-0.0092918,2427.72,2815.73,10.517,1.00007,2,c_only
log_lik[832],-1.61911,0.00148254,0.07962,0.0786573,-1.75354,-1.61688,-1.49215,2947.82,2813.3,12.7701,1.00066,2,c_only
log_lik[833],-0.217233,0.0015255,0.0919298,0.0929463,-0.369683,-0.214175,-0.0692436,3673.69,3165.21,15.9146,1.00108,2,c_only
log_lik[834],0.0480657,0.00146002,0.0832007,0.0818844,-0.0937231,0.0507566,0.181116,3275.09,2690.55,14.1878,1.00085,2,c_only
log_lik[835],-2.1306,0.00281539,0.136312,0.137205,-2.36565,-2.12391,-1.91507,2402.02,2452.51,10.4056,1.00092,2,c_only
log_lik[836],0.386164,0.00145714,0.0816943,0.0804632,0.24899,0.387736,0.516443,3182.34,2699.03,13.786,1.00186,2,c_only
log_lik[837],0.224592,0.00187276,0.107799,0.106195,0.0417808,0.229138,0.393097,3387.93,2865.08,14.6766,0.999823,2,c_only
log_lik[838],0.251817,0.00186093,0.107733,0.106514,0.067973,0.254879,0.420153,3427.68,2900.76,14.8489,0.999823,2,c_only
log_lik[839],-1.36711,0.00282947,0.136926,0.138878,-1.60263,-1.36148,-1.15132,2399.53,2468.32,10.3949,1.0009,2,c_only
log_lik[840],-0.724675,0.00308061,0.122455,0.123095,-0.932835,-0.72118,-0.529181,1603.87,2592.93,6.94805,1.00095,2,c_only
log_lik[841],-0.122587,0.00216973,0.10965,0.109373,-0.308042,-0.120448,0.0522978,2598.9,2947.24,11.2585,0.999994,2,c_only
log_lik[842],0.354376,0.00182279,0.1073,0.107035,0.171198,0.356909,0.524035,3542.7,2911.78,15.3471,0.999995,2,c_only
log_lik[843],0.528936,0.00173421,0.103301,0.103083,0.353084,0.531481,0.693682,3630.2,3019.44,15.7262,1.00136,2,c_only
log_lik[844],-1.09026,0.00174213,0.0911233,0.0897713,-1.24305,-1.08822,-0.946008,2764.7,2504.24,11.9768,1.0004,2,c_only
log_lik[845],0.315322,0.0018365,0.107517,0.106685,0.132625,0.317755,0.484872,3503.47,3004.23,15.1772,0.999845,2,c_only
log_lik[846],-0.922356,0.00323894,0.126257,0.127858,-1.13559,-0.916056,-0.724304,1536.96,2626.27,6.65819,1.00115,2,c_only
log_lik[847],0.382559,0.00181296,0.107076,0.107444,0.199114,0.385061,0.551886,3564.45,2957.18,15.4414,1.0001,2,c_only
log_lik[848],0.155959,0.00190751,0.107957,0.106057,-0.0277486,0.16064,0.3255,3269.69,2838.79,14.1644,0.999834,2,c_only
log_lik[849],0.508888,0.00175241,0.104382,0.103663,0.331376,0.511205,0.674979,3629.35,3047.65,15.7225,1.00113,2,c_only
lp__,272.96,0.0465234,1.91976,1.80236,269.43,273.262,275.469,1772.11,2154.68,15.6583,1.00147,2,d_only
d[1],3.31485,0.00520552,0.253716,0.251719,2.90085,3.31453,3.72651,2404.25,2284.53,21.2438,1.00066,2,d_only
d[2],2.4723,0.00425544,0.194967,0.191987,2.1648,2.46851,2.80189,2108.72,2527.13,18.6326,1.00166,2,d_only
d[3],1.79733,0.00359354,0.15079,0.148497,1.56171,1.79562,2.05159,1837.24,2207.69,16.2337,1.00545,2,d_only
c,0.0558175,0.00263667,0.0909629,0.0872421,-0.0803361,0.0484266,0.215871,1231.27,1569.5,10.8794,1.00411,2,d_only
t0,0.039657,0.00115231,0.0360714,0.0291934,0.00216936,0.0290191,0.113551,1213.61,1176.03,10.7234,1.00293,2,d_only
B,1.83268,0.00539919,0.16733,0.135782,1.48698,1.87783,2.01815,1174.12,1074.45,10.3745,1.00304,2,d_only
p_lapse,0.317293,0.000438221,0.0232945,0.0234766,0.278791,0.317005,0.355934,2863.49,2530.64,25.3016,1.00079,2,d_only
c_vec[1],0.0558175,0.00263667,0.0909629,0.0872421,-0.0803361,0.0484266,0.215871,1231.27,1569.5,10.8794,1.00411,2,d_only
c_vec[2],0.0558175,0.00263667,0.0909629,0.0872421,-0.0803361,0.0484266,0.215871,1231.27,1569.5,10.8794,1.00411,2,d_only
c_vec[3],0.0558175,0.00263667,0.0909629,0.0872421,-0.0803361,0.0484266,0.215871,1231.27,1569.5,10.8794,1.00411,2,d_only
d_vec[1],3.31485,0.00520552,0.253716,0.251719,2.90085,3.31453,3.72651,2404.25,2284.53,21.2438,1.00066,2,d_only
d_vec[2],2.4723,0.00425544,0.194967,0.191987,2.1648,2.46851,2.80189,2108.72,2527.13,18.6326,1.00166,2,d_only
d_vec[3],1.79733,0.00359354,0.15079,0.148497,1.56171,1.79562,2.05159,1837.24,2207.69,16.2337,1.00545,2,d_only
pk[1],0.944055,0.000395668,0.0147395,0.0118803,0.917065,0.946626,0.961626,1804.92,1402.57,15.9482,0.999774,2,d_only
pk[2],0.880051,0.000400312,0.0187611,0.0181597,0.84773,0.881332,0.908145,2386.59,2194.72,21.0878,1.00103,2,d_only
pk[3],0.79943,0.000583447,0.0249688,0.0237925,0.754914,0.801283,0.8371,1952.72,2016.0,17.2541,1.00112,2,d_only
pf[1],0.0459988,0.000398565,0.0176403,0.0169782,0.021632,0.0435808,0.0771177,1995.61,2512.06,17.6331,1.0023,2,d_only
pf[2],0.101133,0.000720971,0.0278172,0.0284854,0.0572731,0.100136,0.147518,1473.45,1719.64,13.0194,1.00339,2,d_only
pf[3],0.172326,0.000980695,0.03506,0.0356468,0.114319,0.172718,0.23005,1316.19,1871.28,11.6298,1.00601,2,d_only
r,5.0,,0.0,0.0,5.0,5.0,5.0,,,,,2,d_only
vk[1],4.72027,0.00197834,0.0736973,0.0594014,4.58533,4.73313,4.80813,1804.92,1402.57,15.9482,0.999774,2,d_only
vk[2],4.40026,0.00200156,0.0938053,0.0907985,4.23865,4.40666,4.54072,2386.59,2194.72,21.0878,1.00103,2,d_only
vk[3],3.99715,0.00291723,0.124844,0.118963,3.77457,4.00642,4.1855,1952.72,2016.0,17.2541,1.00111,2,d_only
vf[1],0.229994,0.00199282,0.0882016,0.0848911,0.10816,0.217904,0.385589,1995.61,2512.06,17.6331,1.0023,2,d_only
vf[2],0.505666,0.00360486,0.139086,0.142427,0.286366,0.500679,0.737588,1473.45,1719.64,13.0194,1.00339,2,d_only
vf[3],0.861628,0.00490347,0.1753,0.178234,0.571596,0.863589,1.15025,1316.19,1871.28,11.6298,1.00601,2,d_only
sigma_k[1],0.509413,0.00152002,0.0590808,0.0529208,0.429543,0.502617,0.616671,1804.92,1402.57,15.9482,0.999774,2,d_only
sigma_k[2],0.723675,0.00101076,0.0483915,0.0479147,0.645824,0.723138,0.80338,2386.59,2194.72,21.0878,1.001,2,d_only
sigma_k[3],0.892701,0.000936275,0.0409461,0.0400671,0.825723,0.892268,0.961819,1952.72,2016.0,17.2541,1.00101,2,d_only
sigma_f[1],0.459134,0.00188917,0.0840052,0.0863009,0.3253,0.456517,0.596534,1995.61,2512.06,17.6331,1.0023,2,d_only
sigma_f[2],0.666009,0.00221986,0.0842132,0.0842597,0.519581,0.671225,0.792957,1473.45,1719.64,13.0194,1.00339,2,d_only
sigma_f[3],0.837898,0.00198759,0.070222,0.0687334,0.711514,0.845241,0.941081,1316.2,1871.28,11.6298,1.00601,2,d_only
log_lik[1],0.561213,0.00208191,0.1236,0.126358,0.360475,0.561694,0.762738,3544.31,3290.36,31.3173,1.00041,2,d_only
log_lik[2],1.09468,0.00123103,0.0677485,0.0660701,0.983015,1.09401,1.20629,3135.82,2894.11,27.708,1.00124,2,d_only
log_lik[3],1.10249,0.00125409,0.0690208,0.0677522,0.989371,1.10173,1.21596,3138.07,2923.86,27.7279,1.00121,2,d_only
log_lik[4],1.11495,0.00130057,0.0717318,0.0702056,0.996415,1.11466,1.23255,3159.92,2837.92,27.9209,1.00111,2,d_only
log_lik[5],0.719232,0.00120104,0.0698791,0.0649852,0.597815,0.723996,0.822578,3474.62,2960.21,30.7015,1.00018,2,d_only
log_lik[6],1.0277,0.00106351,0.0598908,0.0592743,0.929262,1.02789,1.12509,3194.51,2857.94,28.2265,1.0014,2,d_only
log_lik[7],0.981294,0.00108784,0.0630448,0.0627158,0.879932,0.980481,1.08526,3465.32,2891.24,30.6194,1.0009,2,d_only
log_lik[8],0.814978,0.00123809,0.065154,0.0632779,0.711125,0.814072,0.921524,2841.01,2644.51,25.103,1.0007,2,d_only
log_lik[9],0.565882,0.00208072,0.123559,0.126331,0.365717,0.566336,0.767044,3540.64,3194.66,31.2849,1.00041,2,d_only
log_lik[10],1.44214,0.00206919,0.113947,0.117046,1.25808,1.44179,1.6315,3055.06,2748.59,26.9944,1.00005,2,d_only
log_lik[11],0.460589,0.000705372,0.0385754,0.0388842,0.397019,0.46055,0.524907,3057.89,2853.9,27.0194,1.00172,2,d_only
log_lik[12],0.69749,0.00121899,0.0609151,0.0590158,0.600603,0.695288,0.79566,2616.73,2396.63,23.1213,1.0005,2,d_only
log_lik[13],0.81077,0.00126816,0.0656501,0.0636916,0.705128,0.809459,0.919354,2760.67,2575.47,24.3932,1.00056,2,d_only
log_lik[14],1.41116,0.00209108,0.115732,0.118393,1.22436,1.40926,1.60544,3066.91,2697.45,27.0991,1.00004,2,d_only
log_lik[15],1.06244,0.0012286,0.069826,0.0696711,0.949377,1.06134,1.1777,3349.34,2743.37,29.5946,1.00094,2,d_only
log_lik[16],0.686383,0.000847661,0.0503667,0.0492702,0.603705,0.686451,0.768274,3649.87,2511.15,32.25,1.00086,2,d_only
log_lik[17],0.814816,0.00124207,0.065238,0.0634069,0.710623,0.813844,0.921725,2831.42,2644.51,25.0183,1.00063,2,d_only
log_lik[18],0.757815,0.000821482,0.0486448,0.0489411,0.679699,0.757852,0.839386,3495.03,3025.22,30.8819,1.00062,2,d_only
log_lik[19],1.51537,0.00135275,0.0680992,0.0688078,1.39851,1.51966,1.61926,2658.87,2392.31,23.4936,0.999523,2,d_only
log_lik[20],0.375664,0.000719723,0.038178,0.0383589,0.312436,0.375465,0.439168,2880.64,3074.75,25.4532,1.0016,2,d_only
log_lik[21],-0.248477,0.00418069,0.203445,0.218014,-0.564494,-0.258337,0.101102,2482.61,2075.18,21.9363,1.00025,2,d_only
log_lik[22],0.814386,0.00124812,0.0653573,0.0632225,0.709807,0.813577,0.921938,2816.83,2607.56,24.8894,1.00065,2,d_only
log_lik[23],1.54234,0.00182199,0.0957548,0.0980773,1.3833,1.54362,1.6961,2832.18,2369.39,25.025,0.999957,2,d_only
log_lik[24],1.08307,0.00119808,0.0660585,0.0650025,0.973761,1.08255,1.19198,3143.23,2902.01,27.7734,1.00126,2,d_only
log_lik[25],0.813741,0.00125387,0.0654593,0.0633714,0.708898,0.812869,0.922034,2800.02,2589.48,24.7408,1.00068,2,d_only
log_lik[26],1.09007,0.00121778,0.0670533,0.0657043,0.979368,1.08932,1.20062,3135.03,2899.31,27.701,1.00124,2,d_only
log_lik[27],1.42033,0.00208421,0.115263,0.117892,1.2344,1.41872,1.61378,3064.33,2740.62,27.0762,1.00005,2,d_only
log_lik[28],0.991794,0.00100136,0.0572402,0.0565105,0.89723,0.992213,1.085,3289.98,3146.91,29.0701,1.00135,2,d_only
log_lik[29],1.42358,0.00208159,0.115086,0.117824,1.23768,1.42218,1.61604,3061.85,2740.62,27.0544,1.00008,2,d_only
log_lik[30],1.54537,0.00176708,0.0924167,0.0953083,1.3908,1.54733,1.69143,2818.62,2321.26,24.9052,0.999874,2,d_only
log_lik[31],0.860101,0.00210612,0.121461,0.125277,0.663135,0.858767,1.06116,3350.72,3185.6,29.6068,0.999802,2,d_only
log_lik[32],1.53187,0.00190413,0.100991,0.103877,1.36642,1.53213,1.69595,2873.2,2342.61,25.3875,1.00015,2,d_only
log_lik[33],-0.119886,0.00432347,0.216317,0.231177,-0.471359,-0.122586,0.235457,2556.81,2107.58,22.5919,1.00011,2,d_only
log_lik[34],1.03218,0.00117458,0.0673276,0.0663792,0.923593,1.03089,1.14256,3393.57,2744.5,29.9854,1.00094,2,d_only
log_lik[35],1.04793,0.00110443,0.0618389,0.0609226,0.945651,1.04716,1.14841,3169.06,2817.37,28.0016,1.0014,2,d_only
log_lik[36],0.561699,0.00103074,0.0563072,0.0547686,0.470953,0.560339,0.656832,3083.09,2448.39,27.2421,1.00067,2,d_only
log_lik[37],0.661315,0.00080973,0.0483735,0.0472483,0.581458,0.660912,0.739875,3690.91,2461.05,32.6127,1.00098,2,d_only
log_lik[38],0.79346,0.00109592,0.0610765,0.0591581,0.693426,0.793466,0.894892,3165.52,2448.7,27.9704,1.00086,2,d_only
log_lik[39],0.801603,0.00128558,0.0656436,0.0637226,0.696115,0.800093,0.908571,2696.15,2587.97,23.8231,1.00044,2,d_only
log_lik[40],-0.0853276,0.00433738,0.218458,0.233264,-0.444595,-0.0844886,0.271092,2573.59,2127.38,22.7401,1.00012,2,d_only
log_lik[41],0.260768,0.00212748,0.125545,0.125911,0.0533095,0.26079,0.461414,3580.89,3103.88,31.6406,1.00141,2,d_only
log_lik[42],0.802207,0.00113254,0.0622732,0.0604552,0.70065,0.802184,0.905832,3084.48,2488.82,27.2543,1.00086,2,d_only
log_lik[43],1.06363,0.00123075,0.0699212,0.069671,0.950198,1.06262,1.17926,3344.86,2743.37,29.555,1.00095,2,d_only
log_lik[44],0.857404,0.000940618,0.0567916,0.0562156,0.761701,0.859708,0.947737,3651.95,3439.13,32.2684,1.00092,2,d_only
log_lik[45],1.10089,0.0012493,0.0687488,0.0676105,0.988322,1.10034,1.21381,3137.75,2980.42,27.725,1.00121,2,d_only
log_lik[46],0.845114,0.000953497,0.057478,0.0566252,0.747861,0.847645,0.936266,3644.63,3452.77,32.2038,1.00119,2,d_only
log_lik[47],1.44288,0.00206867,0.113897,0.116907,1.25869,1.44259,1.63214,3054.67,2690.38,26.9909,1.00004,2,d_only
log_lik[48],0.886697,0.0009229,0.0556196,0.055394,0.794139,0.889218,0.977383,3645.58,3278.63,32.2122,1.00094,2,d_only
log_lik[49],1.09895,0.00129407,0.0724398,0.0714782,0.98228,1.09831,1.21841,3256.95,2684.48,28.7783,1.001,2,d_only
log_lik[50],1.50096,0.00199863,0.107973,0.111149,1.32555,1.50034,1.67868,2970.1,2581.56,26.2436,1.00021,2,d_only
log_lik[51],1.49786,0.00125725,0.0625269,0.0622084,1.39126,1.50204,1.59188,2591.48,2422.67,22.8982,0.999494,2,d_only
log_lik[52],1.10161,0.00125146,0.0688708,0.067808,0.988766,1.10101,1.2148,3138.78,2980.82,27.7341,1.00121,2,d_only
log_lik[53],0.78998,0.00108312,0.0606333,0.0589346,0.690601,0.789952,0.890233,3198.59,2480.81,28.2626,1.00087,2,d_only
log_lik[54],0.774126,0.00103249,0.0587573,0.0571407,0.677299,0.774514,0.869551,3305.65,2438.73,29.2086,1.0009,2,d_only
log_lik[55],0.814039,0.00125149,0.0654184,0.0631744,0.709151,0.813173,0.922101,2807.09,2589.48,24.8034,1.00069,2,d_only
log_lik[56],0.708457,0.000888892,0.0522557,0.0507992,0.623113,0.709173,0.793224,3589.99,2525.69,31.721,1.00076,2,d_only
log_lik[57],1.54056,0.00184225,0.0969939,0.0993816,1.3797,1.54149,1.69721,2841.51,2369.18,25.1075,0.999968,2,d_only
log_lik[58],0.517725,0.000835295,0.0499636,0.0485585,0.434243,0.519042,0.598021,3593.91,3054.79,31.7556,1.00027,2,d_only
log_lik[59],0.78957,0.00129231,0.0652987,0.0635697,0.685215,0.788156,0.896373,2650.65,2446.46,23.421,1.00046,2,d_only
log_lik[60],0.624273,0.000771143,0.0457196,0.0448161,0.549432,0.624224,0.699019,3606.4,2550.39,31.866,1.00117,2,d_only
log_lik[61],-0.36664,0.00389465,0.183745,0.19315,-0.634998,-0.383568,-0.0381645,2384.73,2068.65,21.0713,1.00054,2,d_only
log_lik[62],1.53517,0.00150842,0.0770479,0.0786925,1.40188,1.53991,1.65289,2730.25,2411.68,24.1244,0.999533,2,d_only
log_lik[63],0.760234,0.00128349,0.064024,0.0623858,0.657872,0.758361,0.864641,2598.94,2331.71,22.9641,1.00058,2,d_only
log_lik[64],0.441174,0.00361778,0.199193,0.200006,0.0753097,0.467992,0.72588,2909.12,2539.04,25.7048,0.999823,2,d_only
log_lik[65],0.995292,0.00111109,0.0642157,0.0638668,0.891844,0.99428,1.10086,3446.31,2890.18,30.4514,1.00091,2,d_only
log_lik[66],1.09842,0.00129315,0.0724104,0.0715622,0.981698,1.09784,1.21771,3260.02,2684.48,28.8054,1.001,2,d_only
log_lik[67],-0.587268,0.00140877,0.0773838,0.0769054,-0.713835,-0.588353,-0.457819,3082.28,3202.36,27.2349,0.999933,2,d_only
log_lik[68],0.206712,0.000802616,0.0434662,0.0437908,0.133803,0.208517,0.27477,3007.8,3050.25,26.5767,1.00079,2,d_only
log_lik[69],0.902531,0.00092302,0.0552715,0.0554181,0.810528,0.904341,0.992854,3599.63,3563.63,31.8062,1.00103,2,d_only
log_lik[70],0.983668,0.00098941,0.056785,0.055955,0.890213,0.984176,1.07557,3313.83,3079.02,29.2809,1.00134,2,d_only
log_lik[71],0.653964,0.00115846,0.0589556,0.0573402,0.559911,0.652084,0.751661,2706.71,2348.09,23.9164,1.00056,2,d_only
log_lik[72],1.52177,0.00139659,0.0705619,0.071477,1.40034,1.52675,1.63004,2685.1,2413.08,23.7254,0.999528,2,d_only
log_lik[73],0.790487,0.00129212,0.0653311,0.0635097,0.686072,0.789089,0.897454,2653.72,2478.37,23.4482,1.00042,2,d_only
log_lik[74],1.46759,0.00204702,0.111932,0.11421,1.28616,1.46739,1.65208,3029.57,2706.2,26.7691,1.00026,2,d_only
log_lik[75],0.648556,0.00209038,0.122854,0.124781,0.448627,0.648258,0.848131,3489.64,3290.48,30.8343,1.00009,2,d_only
log_lik[76],0.728988,0.00125627,0.0624736,0.0608611,0.629142,0.72686,0.831876,2590.15,2426.02,22.8865,1.00046,2,d_only
log_lik[77],1.54378,0.00180116,0.0944857,0.0970787,1.38646,1.54514,1.69412,2826.48,2354.16,24.9747,0.999974,2,d_only
log_lik[78],0.991669,0.00212063,0.120975,0.123614,0.795753,0.989271,1.19375,3276.87,3146.28,28.9543,0.999712,2,d_only
log_lik[79],0.452562,0.00222317,0.112407,0.100313,0.253543,0.468133,0.605525,3004.51,2482.19,26.5477,0.999908,2,d_only
log_lik[80],0.419032,0.000708553,0.0380905,0.038416,0.356411,0.419363,0.482746,2950.13,2894.41,26.0672,1.0017,2,d_only
log_lik[81],0.455808,0.00357966,0.197554,0.198069,0.0920361,0.482931,0.735674,2921.8,2538.87,25.8168,0.999867,2,d_only
log_lik[82],1.1131,0.0012915,0.0711671,0.0692197,0.995382,1.1128,1.22879,3153.18,2891.26,27.8613,1.00112,2,d_only
log_lik[83],-0.185776,0.00203099,0.11626,0.116718,-0.375816,-0.185855,0.00274119,3405.89,2981.7,30.0943,1.0015,2,d_only
log_lik[84],1.07455,0.0011746,0.0649266,0.0637848,0.967271,1.07353,1.18232,3155.41,2814.64,27.881,1.00129,2,d_only
log_lik[85],1.06684,0.00123655,0.0701761,0.0701314,0.953023,1.06587,1.18344,3337.05,2724.36,29.486,1.00096,2,d_only
log_lik[86],0.636355,0.000781624,0.0465467,0.0455883,0.559823,0.636097,0.712443,3635.8,2550.32,32.1258,1.00111,2,d_only
log_lik[87],0.805025,0.00114641,0.0626972,0.0609483,0.703205,0.805018,0.909851,3052.0,2472.32,26.9673,1.00074,2,d_only
log_lik[88],1.43607,0.00103968,0.0509249,0.0493159,1.35137,1.43754,1.51655,2470.53,2602.16,21.8295,1.00125,2,d_only
log_lik[89],1.07565,0.00125249,0.0708586,0.0706533,0.961347,1.07484,1.19371,3314.16,2724.06,29.2837,1.00097,2,d_only
log_lik[90],0.990077,0.000998766,0.0571395,0.0562859,0.895832,0.990522,1.08307,3294.9,3126.81,29.1136,1.00135,2,d_only
log_lik[91],-0.565305,0.00145109,0.0800342,0.0788629,-0.696145,-0.566873,-0.430155,3114.0,2775.45,27.5152,0.999897,2,d_only
log_lik[92],1.11414,0.00131358,0.0727865,0.0715561,0.996098,1.1135,1.23491,3188.3,2764.33,28.1717,1.00107,2,d_only
log_lik[93],-0.730569,0.00180843,0.116796,0.116686,-0.923828,-0.731281,-0.537257,4199.55,2999.66,37.107,1.00111,2,d_only
log_lik[94],1.05155,0.0011137,0.0622229,0.0613449,0.948661,1.05073,1.15315,3166.05,2794.5,27.9751,1.00138,2,d_only
log_lik[95],0.808627,0.00116676,0.0632879,0.0615513,0.706768,0.808299,0.913794,3000.13,2472.22,26.509,1.00089,2,d_only
log_lik[96],0.791371,0.00108814,0.0608086,0.0588072,0.691854,0.791353,0.891796,3188.5,2480.81,28.1734,1.00088,2,d_only
log_lik[97],1.54217,0.00159497,0.0821247,0.0846198,1.40157,1.5461,1.66851,2766.31,2366.53,24.443,0.999437,2,d_only
log_lik[98],0.877308,0.000933136,0.0550433,0.0565821,0.788319,0.876372,0.968219,3522.28,3079.23,31.1227,1.00085,2,d_only
log_lik[99],1.09527,0.00128766,0.072226,0.0716962,0.978649,1.09451,1.21423,3267.47,2704.1,28.8712,1.00099,2,d_only
log_lik[100],0.986603,0.00099363,0.0569432,0.0561736,0.892665,0.987081,1.07893,3304.18,3053.96,29.1956,1.00135,2,d_only
log_lik[101],1.034,0.00117778,0.0674803,0.066455,0.925127,1.0327,1.14481,3390.96,2724.81,29.9623,1.00094,2,d_only
log_lik[102],0.987936,0.00109881,0.063599,0.0634646,0.885615,0.987268,1.09299,3454.09,2912.32,30.5202,1.0009,2,d_only
log_lik[103],0.591037,0.000751723,0.0436419,0.0433542,0.519095,0.590919,0.662975,3430.8,2602.97,30.3144,1.00131,2,d_only
log_lik[104],1.52082,0.00194848,0.104187,0.107856,1.35048,1.52053,1.69087,2913.88,2496.16,25.7469,1.00018,2,d_only
log_lik[105],1.54596,0.00168906,0.0877202,0.0908758,1.39688,1.54894,1.68246,2794.82,2336.09,24.6949,0.999635,2,d_only
log_lik[106],0.813318,0.0012026,0.0642489,0.0620239,0.710211,0.812663,0.920271,2919.81,2553.99,25.7993,1.00086,2,d_only
log_lik[107],0.27808,0.00212691,0.125514,0.126368,0.070364,0.277844,0.479174,3574.03,3103.62,31.58,1.00124,2,d_only
log_lik[108],0.806595,0.00115483,0.0629463,0.0612704,0.704769,0.806366,0.912099,3033.21,2425.18,26.8013,1.00087,2,d_only
log_lik[109],0.419032,0.000708553,0.0380905,0.038416,0.356411,0.419363,0.482746,2950.13,2894.41,26.0672,1.0017,2,d_only
log_lik[110],1.53743,0.0015326,0.0784589,0.080339,1.40151,1.54201,1.65659,2742.16,2396.35,24.2296,0.999508,2,d_only
log_lik[111],-0.0200856,0.00210863,0.122693,0.123743,-0.221477,-0.0190598,0.177814,3537.64,3082.12,31.2584,1.00182,2,d_only
log_lik[112],1.53766,0.00186839,0.098598,0.101604,1.37452,1.53855,1.69723,2850.13,2357.58,25.1836,1.00008,2,d_only
log_lik[113],0.473367,0.000706055,0.0388376,0.039133,0.409323,0.473406,0.537444,3099.95,2887.7,27.391,1.00171,2,d_only
log_lik[114],0.80107,0.00128613,0.0656333,0.0635895,0.695537,0.799507,0.908111,2693.69,2557.0,23.8013,1.00045,2,d_only
log_lik[115],1.06147,0.00212936,0.120778,0.124044,0.867091,1.05933,1.26237,3236.59,3022.11,28.5984,0.99966,2,d_only
log_lik[116],0.75141,0.00127714,0.0635941,0.0620518,0.650417,0.749829,0.856502,2593.64,2330.95,22.9173,1.00041,2,d_only
log_lik[117],0.607555,0.00208863,0.123198,0.125013,0.407064,0.608146,0.807523,3516.74,3261.14,31.0738,1.00029,2,d_only
log_lik[118],0.782842,0.00105901,0.0597639,0.0583126,0.684305,0.783005,0.880679,3251.34,2502.92,28.7287,1.00094,2,d_only
log_lik[119],0.95556,0.000954901,0.0556327,0.0569304,0.863125,0.956038,1.0463,3413.84,3366.74,30.1645,1.00127,2,d_only
log_lik[120],1.05787,0.00122036,0.0694575,0.0690655,0.945492,1.05674,1.17177,3357.16,2724.26,29.6637,1.00094,2,d_only
log_lik[121],0.784916,0.00106576,0.0600117,0.0585671,0.68573,0.785168,0.883359,3232.21,2497.39,28.5597,1.00091,2,d_only
log_lik[122],-0.133055,0.00206603,0.118824,0.119671,-0.327125,-0.132795,0.0604063,3461.05,2828.27,30.5817,1.00145,2,d_only
log_lik[123],0.946186,0.000945939,0.0553958,0.0565119,0.853688,0.947153,1.03703,3449.97,3365.15,30.4837,1.00125,2,d_only
log_lik[124],0.810985,0.00126742,0.065643,0.0635912,0.705443,0.809717,0.919229,2762.94,2575.71,24.4132,1.00057,2,d_only
log_lik[125],0.845991,0.00210473,0.12153,0.125462,0.648832,0.844804,1.04593,3361.97,3206.59,29.7062,0.999812,2,d_only
log_lik[126],0.723999,0.00209467,0.122272,0.124165,0.527413,0.7239,0.923047,3441.5,3193.53,30.4089,0.999904,2,d_only
log_lik[127],0.776575,0.000833796,0.049382,0.0501321,0.697154,0.776571,0.859132,3520.53,3049.36,31.1072,1.00067,2,d_only
log_lik[128],-0.569287,0.00185559,0.119394,0.11874,-0.771722,-0.567514,-0.376793,4178.39,3100.98,36.92,1.00127,2,d_only
log_lik[129],0.296156,0.000756928,0.039797,0.0406261,0.229742,0.296565,0.360465,2858.09,3064.05,25.2539,1.00126,2,d_only
log_lik[130],1.43478,0.00103666,0.0507882,0.0493331,1.34999,1.43622,1.51519,2471.37,2630.17,21.8369,1.00118,2,d_only
log_lik[131],1.11553,0.001312,0.0725735,0.0711665,0.996785,1.11515,1.2355,3171.02,2764.24,28.019,1.00109,2,d_only
log_lik[132],0.850287,0.00089929,0.0532739,0.0546692,0.763777,0.849482,0.93872,3516.51,3104.04,31.0717,1.00079,2,d_only
log_lik[133],0.985738,0.00109517,0.0634153,0.0630695,0.883767,0.984998,1.09016,3459.82,2935.55,30.5708,1.0009,2,d_only
log_lik[134],0.773366,0.000831557,0.049248,0.0498451,0.693945,0.773363,0.855475,3521.0,3012.88,31.1114,1.00066,2,d_only
log_lik[135],1.54339,0.00161596,0.0833665,0.0859075,1.40067,1.54728,1.67193,2770.91,2381.51,24.4836,0.999526,2,d_only
log_lik[136],0.332369,0.00212496,0.12532,0.125415,0.125864,0.333552,0.532732,3565.8,3237.85,31.5072,1.00114,2,d_only
log_lik[137],0.754911,0.00111258,0.0655228,0.0613842,0.642039,0.758592,0.853983,3532.09,3296.66,31.2094,1.00046,2,d_only
log_lik[138],1.53704,0.00187318,0.0988925,0.10221,1.37364,1.53803,1.69703,2851.55,2357.58,25.1961,1.00009,2,d_only
log_lik[139],1.10715,0.00130765,0.0728075,0.0715584,0.989465,1.10633,1.22711,3228.81,2704.6,28.5297,1.00103,2,d_only
log_lik[140],0.814833,0.00124174,0.0652313,0.0634104,0.71072,0.813868,0.921703,2832.31,2644.51,25.0262,1.00065,2,d_only
log_lik[141],1.51486,0.00196634,0.10551,0.109043,1.34257,1.51425,1.68761,2931.83,2528.79,25.9055,1.00014,2,d_only
log_lik[142],0.724189,0.0012511,0.0622327,0.0606673,0.624709,0.721733,0.82619,2591.93,2410.5,22.9021,1.00047,2,d_only
log_lik[143],0.754901,0.000983675,0.0566876,0.0551079,0.661512,0.75547,0.847023,3403.91,2466.87,30.0768,1.00063,2,d_only
log_lik[144],1.11354,0.00129345,0.0712852,0.0694173,0.99564,1.11326,1.22943,3155.26,2891.63,27.8797,1.00113,2,d_only
log_lik[145],0.977131,0.00211877,0.121018,0.124256,0.781391,0.974736,1.17818,3285.01,3183.65,29.0262,0.999727,2,d_only
log_lik[146],0.955758,0.00104677,0.0609476,0.0615365,0.857771,0.954513,1.05613,3487.88,3053.42,30.8188,1.0009,2,d_only
log_lik[147],0.00928538,0.00142739,0.0894442,0.0857787,-0.146283,0.0143689,0.142393,3969.34,3447.59,35.0729,1.0002,2,d_only
log_lik[148],0.95556,0.000954901,0.0556327,0.0569304,0.863125,0.956038,1.0463,3413.84,3366.74,30.1645,1.00127,2,d_only
log_lik[149],1.48823,0.0020207,0.109727,0.112651,1.31022,1.48822,1.66891,2993.64,2663.84,26.4516,1.00036,2,d_only
log_lik[150],-0.643748,0.00132943,0.0717755,0.0720456,-0.762592,-0.643071,-0.527027,2963.76,2937.02,26.1877,1.00006,2,d_only
log_lik[151],1.09921,0.00124428,0.0684685,0.0673195,0.986686,1.0986,1.21138,3138.71,2980.42,27.7335,1.00122,2,d_only
log_lik[152],1.0435,0.00119463,0.0682755,0.0679125,0.933563,1.04232,1.15541,3381.31,2724.02,29.8771,1.00092,2,d_only
log_lik[153],0.791675,0.00108925,0.0608472,0.0587278,0.692042,0.791718,0.892122,3185.9,2480.81,28.1505,1.00089,2,d_only
log_lik[154],0.686618,0.00209236,0.122551,0.124498,0.488054,0.686705,0.887054,3465.61,3193.86,30.622,0.999989,2,d_only
log_lik[155],0.987498,0.00109808,0.0635623,0.0633998,0.885245,0.986812,1.09241,3455.73,2912.32,30.5346,1.0009,2,d_only
log_lik[156],0.802774,0.00113522,0.0623566,0.0605543,0.701049,0.802797,0.906776,3080.07,2504.78,27.2153,1.00084,2,d_only
log_lik[157],1.06184,0.00122752,0.069778,0.0694807,0.948965,1.06069,1.17704,3350.27,2743.37,29.6028,1.00095,2,d_only
log_lik[158],0.577126,0.000745755,0.0428611,0.0423436,0.507133,0.576586,0.647969,3388.22,2639.29,29.9381,1.00137,2,d_only
log_lik[159],1.27964,0.00213712,0.119375,0.120724,1.08644,1.27656,1.48135,3121.98,2866.41,27.5856,1.00009,2,d_only
log_lik[160],1.07548,0.00117714,0.0650464,0.0638296,0.968027,1.07454,1.18299,3153.01,2814.64,27.8598,1.00129,2,d_only
log_lik[161],0.611138,0.000761884,0.0448634,0.044109,0.538073,0.611119,0.684098,3538.4,2584.71,31.2652,1.00121,2,d_only
log_lik[162],1.42115,0.00208356,0.115219,0.117777,1.23543,1.4195,1.6145,3064.03,2740.62,27.0736,1.00006,2,d_only
log_lik[163],1.10713,0.00126864,0.069864,0.0682146,0.992784,1.1067,1.22163,3141.99,2869.66,27.7625,1.00119,2,d_only
log_lik[164],0.729351,0.00125665,0.0624918,0.0608313,0.629484,0.727279,0.832298,2590.02,2473.5,22.8853,1.00046,2,d_only
log_lik[165],1.0827,0.00126523,0.0713809,0.0711073,0.967964,1.08195,1.20109,3299.07,2724.03,29.1505,1.00096,2,d_only
log_lik[166],1.51429,0.00134619,0.0677123,0.0683165,1.39835,1.51875,1.61696,2654.21,2438.54,23.4525,0.999499,2,d_only
log_lik[167],1.35187,0.00212127,0.117922,0.119878,1.16251,1.34895,1.55285,3088.04,2757.37,27.2858,1.00003,2,d_only
log_lik[168],1.07202,0.00116771,0.0646044,0.0636028,0.965547,1.071,1.17878,3159.14,2835.64,27.914,1.0013,2,d_only
log_lik[169],0.741346,0.00209587,0.12215,0.124801,0.545438,0.741449,0.940925,3430.16,3220.56,30.3087,0.999895,2,d_only
log_lik[170],0.383897,0.00212333,0.125028,0.125409,0.179537,0.384824,0.585333,3564.65,3208.28,31.4971,1.00087,2,d_only
log_lik[171],1.46035,0.00110755,0.0542591,0.0532789,1.3684,1.46301,1.54557,2490.33,2452.75,22.0045,1.00027,2,d_only
log_lik[172],0.706495,0.00209354,0.1224,0.124481,0.508911,0.706449,0.906212,3450.19,3193.53,30.4858,0.999916,2,d_only
log_lik[173],0.23586,0.00113529,0.0699444,0.0668259,0.11462,0.240506,0.341342,3817.67,3577.79,33.7328,0.999954,2,d_only
log_lik[174],0.793303,0.00129126,0.0654258,0.0633944,0.688797,0.791866,0.900991,2663.16,2463.93,23.5315,1.00041,2,d_only
log_lik[175],1.02245,0.00115755,0.0665077,0.0661165,0.915402,1.0214,1.13117,3404.7,2785.64,30.0838,1.00093,2,d_only
log_lik[176],1.3963,0.00210074,0.116404,0.118689,1.20899,1.39432,1.5928,3071.59,2760.34,27.1404,1.00008,2,d_only
log_lik[177],1.11272,0.0013133,0.0728565,0.0716277,0.994685,1.11184,1.23334,3197.12,2734.62,28.2496,1.00106,2,d_only
log_lik[178],0.564558,0.000737376,0.0422023,0.0415264,0.495549,0.564112,0.634082,3358.65,2694.9,29.6769,1.00142,2,d_only
log_lik[179],0.600655,0.00208837,0.123257,0.125226,0.400087,0.601638,0.801226,3519.85,3261.14,31.1012,1.00031,2,d_only
log_lik[180],0.950921,0.0010392,0.0605577,0.0612729,0.853959,0.949726,1.05078,3494.21,3127.91,30.8747,1.0009,2,d_only
log_lik[181],0.130513,0.00422779,0.221159,0.230317,-0.258336,0.145426,0.471545,2675.19,2358.12,23.6379,0.999948,2,d_only
log_lik[182],-0.14053,0.00160058,0.101147,0.0981332,-0.316135,-0.135434,0.0122502,4035.96,3425.51,35.6615,1.00054,2,d_only
log_lik[183],0.260768,0.00212748,0.125545,0.125911,0.0533095,0.26079,0.461414,3580.89,3103.88,31.6406,1.00141,2,d_only
log_lik[184],0.786312,0.00129266,0.0651779,0.0634374,0.682298,0.784688,0.893523,2640.16,2354.39,23.3283,1.00043,2,d_only
log_lik[185],0.749716,0.00097239,0.0561573,0.0544752,0.657642,0.750409,0.841279,3436.42,2510.36,30.364,1.00057,2,d_only
log_lik[186],1.15402,0.00213825,0.120447,0.123407,0.95891,1.15121,1.35511,3183.63,2960.16,28.1304,0.999856,2,d_only
log_lik[187],1.0828,0.00119731,0.0660205,0.0649904,0.973546,1.08229,1.1916,3143.81,2902.01,27.7785,1.00126,2,d_only
log_lik[188],1.0913,0.0021327,0.120688,0.122844,0.896187,1.08938,1.29133,3219.65,3045.11,28.4487,0.999672,2,d_only
log_lik[189],1.40514,0.0020952,0.116016,0.118651,1.2182,1.40294,1.59997,3069.09,2730.35,27.1183,1.00004,2,d_only
log_lik[190],0.942066,0.00102551,0.059851,0.0604736,0.84591,0.940986,1.03989,3506.69,3052.97,30.9849,1.00088,2,d_only
log_lik[191],1.06636,0.00115249,0.0639079,0.0628926,0.961235,1.06555,1.17168,3159.3,2776.52,27.9154,1.00134,2,d_only
log_lik[192],1.50513,0.00199001,0.107305,0.110665,1.33024,1.50475,1.68129,2958.58,2546.9,26.1419,1.00015,2,d_only
log_lik[193],-0.29464,0.00126692,0.0764327,0.0745146,-0.424552,-0.290649,-0.176423,3642.15,3538.49,32.1819,1.00013,2,d_only
log_lik[194],0.110761,0.000880632,0.0488849,0.0482575,0.0266544,0.113934,0.185212,3160.71,3242.17,27.9279,1.00044,2,d_only
log_lik[195],1.53193,0.0014773,0.0752402,0.0768263,1.40144,1.53707,1.64716,2717.6,2412.03,24.0125,0.999508,2,d_only
log_lik[196],-0.24364,0.00170055,0.108007,0.105713,-0.434094,-0.238255,-0.0776124,4070.48,3373.82,35.9665,1.00062,2,d_only
log_lik[197],1.46307,0.00205165,0.112338,0.114622,1.28111,1.46278,1.64826,3037.22,2706.2,26.8368,1.00025,2,d_only
log_lik[198],1.54611,0.00170085,0.0884261,0.0915665,1.39573,1.5492,1.68397,2797.72,2297.54,24.7205,0.999652,2,d_only
log_lik[199],1.10291,0.00130079,0.0726416,0.0715877,0.985556,1.10242,1.22216,3244.88,2684.56,28.6716,1.00103,2,d_only
log_lik[200],0.679633,0.000836417,0.0498143,0.0487334,0.597603,0.679489,0.76083,3665.71,2461.42,32.39,1.0009,2,d_only
log_lik[201],1.53389,0.0018935,0.100241,0.103392,1.36949,1.53437,1.69636,2864.97,2401.71,25.3147,1.00014,2,d_only
log_lik[202],0.811457,0.00118646,0.0638214,0.0617265,0.708876,0.810988,0.917129,2954.86,2538.7,26.109,1.00077,2,d_only
log_lik[203],1.11575,0.00131091,0.0724743,0.0712764,0.997191,1.11516,1.23567,3164.45,2784.48,27.9609,1.00108,2,d_only
log_lik[204],1.10896,0.00131027,0.0728537,0.0717179,0.991566,1.10816,1.2293,3216.84,2704.6,28.4239,1.00104,2,d_only
log_lik[205],0.257024,0.000780896,0.0411959,0.041977,0.188523,0.257918,0.322584,2896.03,3207.54,25.5892,1.00104,2,d_only
log_lik[206],1.26346,0.0021387,0.119589,0.121398,1.07027,1.2607,1.46575,3129.55,2829.35,27.6526,1.00006,2,d_only
log_lik[207],0.166796,0.00212888,0.125387,0.125159,-0.0407607,0.168339,0.368218,3590.31,3183.81,31.7238,1.00189,2,d_only
log_lik[208],-0.0484873,0.00103357,0.0595643,0.0568962,-0.151653,-0.0444683,0.0419112,3401.27,3588.57,30.0534,1.00005,2,d_only
log_lik[209],0.944545,0.00102932,0.0600478,0.060716,0.848179,0.943561,1.04301,3501.66,3102.88,30.9405,1.00089,2,d_only
log_lik[210],1.11441,0.00129764,0.0715443,0.0700396,0.996198,1.11415,1.23062,3155.87,2859.5,27.8851,1.00112,2,d_only
log_lik[211],0.666064,0.000816131,0.0487389,0.0478465,0.585744,0.665671,0.745345,3683.03,2445.58,32.5431,1.00096,2,d_only
log_lik[212],1.43024,0.00102638,0.0503354,0.0486566,1.34625,1.43155,1.5102,2473.67,2621.02,21.8572,1.00132,2,d_only
log_lik[213],0.775721,0.0012911,0.0647399,0.0627954,0.671866,0.773514,0.882145,2614.81,2444.03,23.1044,1.00049,2,d_only
log_lik[214],0.604258,0.000757878,0.0444331,0.043771,0.53175,0.603999,0.676983,3503.17,2550.29,30.9538,1.00124,2,d_only
log_lik[215],0.811822,0.00118942,0.0638982,0.0617146,0.709074,0.811272,0.917677,2948.31,2538.7,26.0511,1.00077,2,d_only
log_lik[216],0.766827,0.00101215,0.0579503,0.056272,0.671296,0.767305,0.861034,3346.87,2454.47,29.5727,1.0009,2,d_only
log_lik[217],0.4998,0.000710176,0.039547,0.039853,0.434658,0.499799,0.565687,3169.34,2870.9,28.0042,1.00165,2,d_only
log_lik[218],0.813895,0.00125269,0.0654392,0.0632755,0.709032,0.81299,0.922008,2802.83,2589.48,24.7656,1.0007,2,d_only
log_lik[219],1.22574,0.00109819,0.0661649,0.0573721,1.10453,1.23478,1.31656,3712.01,3135.13,32.7992,1.00057,2,d_only
log_lik[220],0.218849,0.000797827,0.0428755,0.042989,0.146878,0.220066,0.285598,2961.49,3073.17,26.1676,1.00085,2,d_only
log_lik[221],1.0986,0.00129346,0.0724203,0.0714908,0.981898,1.09803,1.21794,3258.93,2684.48,28.7958,1.001,2,d_only
log_lik[222],0.363888,0.000723976,0.038303,0.0383507,0.299803,0.363662,0.427428,2867.79,3100.26,25.3396,1.00157,2,d_only
log_lik[223],0.8065,0.00115431,0.062931,0.061258,0.704674,0.806283,0.911885,3034.71,2425.18,26.8146,1.00087,2,d_only
log_lik[224],0.44952,0.000705434,0.0383913,0.0386051,0.386252,0.449642,0.513675,3019.46,2911.49,26.6798,1.00173,2,d_only
log_lik[225],0.762801,0.00209746,0.122007,0.12484,0.56667,0.762342,0.962415,3416.82,3233.65,30.1909,0.999876,2,d_only
log_lik[226],1.11215,0.001313,0.0728686,0.0716746,0.993846,1.11148,1.23275,3201.77,2715.12,28.2907,1.00106,2,d_only
log_lik[227],0.968058,0.00106633,0.0619503,0.0620206,0.867856,0.966654,1.07084,3476.45,2958.49,30.7178,1.0009,2,d_only
log_lik[228],0.709927,0.0008914,0.0523861,0.0509753,0.624388,0.710626,0.794899,3586.17,2525.69,31.6872,1.00076,2,d_only
log_lik[229],0.945532,0.00103084,0.0601265,0.0608631,0.849117,0.944483,1.04429,3500.78,3128.57,30.9327,1.00089,2,d_only
log_lik[230],0.941569,0.00102475,0.0598116,0.0603806,0.845522,0.94044,1.03933,3507.59,3052.97,30.9929,1.00088,2,d_only
log_lik[231],0.439751,0.000705973,0.0382619,0.0385262,0.376606,0.439907,0.503487,2996.12,2934.15,26.4735,1.00173,2,d_only
log_lik[232],1.503,0.00128309,0.064019,0.0641339,1.3935,1.50733,1.59983,2610.14,2422.88,23.063,0.999515,2,d_only
log_lik[233],0.682246,0.000794666,0.0468772,0.0465417,0.605931,0.681938,0.760115,3488.52,2924.16,30.8244,1.00044,2,d_only
log_lik[234],1.36999,0.00211419,0.117379,0.119798,1.18127,1.3677,1.56963,3080.89,2760.91,27.2226,1.0,2,d_only
log_lik[235],0.750434,0.000974125,0.0562301,0.0546122,0.658094,0.751161,0.842185,3431.41,2510.36,30.3198,1.00057,2,d_only
log_lik[236],0.813046,0.00120018,0.0641791,0.0619813,0.710125,0.812474,0.919648,2925.33,2553.99,25.8481,1.00083,2,d_only
log_lik[237],0.172158,0.000826309,0.0452779,0.0453187,0.0955479,0.17452,0.242149,3077.54,3081.16,27.193,1.00066,2,d_only
log_lik[238],0.19771,0.000806406,0.0439203,0.0443166,0.123519,0.199632,0.266711,3041.99,3074.01,26.8789,1.00075,2,d_only
log_lik[239],0.0784973,0.0013399,0.0835821,0.0798382,-0.0675783,0.0834753,0.202165,3934.56,3417.0,34.7655,1.00005,2,d_only
log_lik[240],0.673174,0.000793213,0.0468012,0.046597,0.596928,0.672948,0.750564,3487.91,2826.38,30.819,1.00041,2,d_only
log_lik[241],0.996309,0.00100835,0.0575164,0.0567811,0.901045,0.99688,1.08966,3271.9,3121.56,28.9103,1.00137,2,d_only
log_lik[242],0.814108,0.00125089,0.0654077,0.063177,0.709204,0.813206,0.92212,2808.6,2589.68,24.8167,1.00068,2,d_only
log_lik[243],0.183361,0.000816895,0.0446708,0.0451822,0.10807,0.185326,0.252592,3063.64,3227.88,27.0702,1.00069,2,d_only
log_lik[244],1.09104,0.00128018,0.071958,0.071408,0.974757,1.09018,1.20983,3279.83,2666.62,28.9805,1.00098,2,d_only
log_lik[245],0.564967,0.000737632,0.042223,0.0415496,0.495936,0.564502,0.634542,3360.63,2694.66,29.6944,1.00142,2,d_only
log_lik[246],-0.306886,0.00406062,0.194747,0.208442,-0.601909,-0.319325,0.03513,2439.38,2090.6,21.5542,1.00043,2,d_only
log_lik[247],0.923284,0.000997285,0.0583865,0.0587013,0.82933,0.922276,1.01882,3513.83,3077.13,31.0481,1.00089,2,d_only
log_lik[248],1.48492,0.00202559,0.110126,0.113071,1.30652,1.48491,1.66711,3000.88,2746.26,26.5156,1.00035,2,d_only
log_lik[249],1.03774,0.00108352,0.0608161,0.0598033,0.937365,1.03729,1.13659,3181.03,2775.9,28.1074,1.0014,2,d_only
log_lik[250],-0.663296,0.00132102,0.0706692,0.0708212,-0.781151,-0.662492,-0.548389,2917.52,2758.43,25.7791,1.00015,2,d_only
log_lik[251],1.51755,0.00195867,0.104938,0.108384,1.34618,1.51702,1.68995,2922.91,2546.3,25.8267,1.00022,2,d_only
log_lik[252],1.06713,0.00123707,0.0701987,0.0702242,0.953322,1.06614,1.18379,3337.44,2724.36,29.4894,1.00096,2,d_only
log_lik[253],0.182296,0.000817782,0.0447277,0.0451686,0.106848,0.184268,0.251473,3066.02,3145.52,27.0912,1.00069,2,d_only
log_lik[254],0.333533,0.00101378,0.0618652,0.0592821,0.227586,0.337641,0.428368,3730.57,3324.93,32.9631,1.00001,2,d_only
log_lik[255],1.43537,0.00207373,0.114389,0.11777,1.25096,1.43413,1.62517,3058.13,2748.5,27.0215,1.00001,2,d_only
log_lik[256],-0.24364,0.00170055,0.108007,0.105713,-0.434094,-0.238255,-0.0776124,4070.48,3373.82,35.9665,1.00062,2,d_only
log_lik[257],1.0258,0.00105984,0.059725,0.0591646,0.927561,1.02599,1.12291,3197.92,2950.38,28.2567,1.00141,2,d_only
log_lik[258],0.993473,0.00212086,0.12097,0.123733,0.797794,0.991074,1.19549,3276.28,3146.28,28.9491,0.999712,2,d_only
log_lik[259],1.09565,0.00128833,0.0722493,0.0716377,0.979071,1.09493,1.21491,3266.95,2704.1,28.8666,1.00099,2,d_only
log_lik[260],0.18408,0.00212894,0.125463,0.125349,-0.02305,0.185753,0.385649,3583.77,3132.05,31.666,1.00171,2,d_only
log_lik[261],0.78354,0.00106126,0.0598469,0.0583532,0.684782,0.783757,0.881504,3246.35,2502.92,28.6846,1.00093,2,d_only
log_lik[262],0.800389,0.00128679,0.0656193,0.0634511,0.694939,0.798704,0.907518,2689.93,2557.0,23.7681,1.00043,2,d_only
log_lik[263],-1.18216,0.00126728,0.0712584,0.0700176,-1.30112,-1.18191,-1.06469,3261.4,2735.49,28.8176,1.00218,2,d_only
log_lik[264],0.813701,0.00125417,0.0654641,0.0633594,0.708816,0.81284,0.921966,2798.7,2589.48,24.7292,1.00068,2,d_only
log_lik[265],0.81506,0.00123087,0.0649909,0.0630297,0.711269,0.814086,0.921503,2857.33,2590.44,25.2472,1.0008,2,d_only
log_lik[266],1.1176,0.00144853,0.0866329,0.0736825,0.948654,1.13379,1.22961,3671.69,3262.49,32.4429,1.00028,2,d_only
log_lik[267],0.0537763,0.00430623,0.222156,0.233653,-0.327003,0.0646527,0.403628,2635.4,2272.26,23.2863,1.00005,2,d_only
log_lik[268],1.10197,0.00129921,0.0725968,0.0715878,0.984594,1.10153,1.22127,3247.45,2703.89,28.6943,1.00102,2,d_only
log_lik[269],0.612145,0.0020888,0.123159,0.125055,0.411493,0.612877,0.812006,3512.63,3233.98,31.0374,1.00023,2,d_only
log_lik[270],1.52675,0.00192703,0.102627,0.105936,1.35916,1.52619,1.69378,2892.78,2463.85,25.5604,1.00021,2,d_only
log_lik[271],1.06184,0.00122752,0.069778,0.0694807,0.948965,1.06069,1.17704,3350.27,2743.37,29.6028,1.00095,2,d_only
log_lik[272],1.36105,0.00211788,0.117658,0.119621,1.17201,1.35831,1.56154,3083.97,2741.45,27.2498,1.0,2,d_only
log_lik[273],1.17097,0.00126778,0.0762654,0.0657751,1.02557,1.1832,1.27196,3715.83,3472.43,32.8329,1.00014,2,d_only
log_lik[274],1.54594,0.00174486,0.0910738,0.0942059,1.39289,1.54832,1.68917,2811.32,2307.18,24.8407,0.999824,2,d_only
log_lik[275],-0.584065,0.0014787,0.091947,0.0913652,-0.737381,-0.582248,-0.438069,3903.16,3279.69,34.4881,1.00101,2,d_only
log_lik[276],1.00329,0.0011246,0.0648895,0.0647703,0.898492,1.00235,1.10936,3430.4,2891.69,30.3109,1.00091,2,d_only
log_lik[277],0.985738,0.00109517,0.0634153,0.0630695,0.883767,0.984998,1.09016,3459.82,2935.55,30.5708,1.0009,2,d_only
log_lik[278],-1.22044,0.00139233,0.0840818,0.0830626,-1.35373,-1.2233,-1.08026,3791.88,2837.41,33.5049,1.00065,2,d_only
log_lik[279],0.103704,0.000887121,0.0493251,0.0483643,0.0185438,0.106862,0.178934,3169.2,3331.94,28.0029,1.00041,2,d_only
log_lik[280],0.116467,0.00129076,0.0802997,0.0768039,-0.0237879,0.121236,0.236154,3910.34,3546.42,34.5515,1.00002,2,d_only
log_lik[281],0.500885,0.00084716,0.0507598,0.0493867,0.414974,0.502275,0.581188,3601.79,3155.85,31.8252,1.00035,2,d_only
log_lik[282],0.50641,0.000711804,0.0397591,0.0398695,0.440851,0.50626,0.572318,3191.11,2871.39,28.1965,1.00163,2,d_only
log_lik[283],-0.576468,0.00185551,0.119415,0.118824,-0.779231,-0.574943,-0.383678,4179.17,3100.98,36.9269,1.0013,2,d_only
log_lik[284],0.103704,0.000887121,0.0493251,0.0483643,0.0185438,0.106862,0.178934,3169.2,3331.94,28.0029,1.00041,2,d_only
log_lik[285],-0.267765,0.00172106,0.109431,0.106729,-0.461233,-0.262814,-0.099432,4080.1,3288.14,36.0515,1.00069,2,d_only
log_lik[286],0.116182,0.000875677,0.0485499,0.0479617,0.032738,0.119385,0.190363,3152.16,3189.99,27.8523,1.00045,2,d_only
log_lik[287],-0.403021,0.00135736,0.0830461,0.0807469,-0.543378,-0.399696,-0.274301,3732.73,3583.47,32.9822,1.00036,2,d_only
log_lik[288],0.647038,0.000791502,0.0467493,0.0461946,0.570666,0.647125,0.724174,3492.29,2891.51,30.8577,1.00034,2,d_only
log_lik[289],1.38343,0.00210785,0.116912,0.120027,1.19501,1.38101,1.58212,3075.62,2740.21,27.1761,1.00009,2,d_only
log_lik[290],1.34562,0.00212336,0.118089,0.119752,1.15582,1.34269,1.54671,3089.22,2798.56,27.2962,1.00006,2,d_only
log_lik[291],0.92921,0.00211736,0.123457,0.11179,0.688099,0.953068,1.08708,3430.98,3123.65,30.316,1.00031,2,d_only
log_lik[292],1.11447,0.00131348,0.0727572,0.071215,0.996375,1.11381,1.23543,3185.91,2764.33,28.1506,1.00107,2,d_only
log_lik[293],0.141575,0.000852846,0.0470205,0.0464643,0.0612903,0.144494,0.213682,3116.17,3108.93,27.5343,1.00055,2,d_only
log_lik[294],1.47932,0.00117563,0.0579188,0.0564407,1.38071,1.48257,1.56832,2532.42,2360.48,22.3763,1.00011,2,d_only
log_lik[295],1.11568,0.00131134,0.072512,0.0712206,0.997044,1.11517,1.23548,3169.03,2784.48,28.0014,1.00109,2,d_only
log_lik[296],0.228837,0.000794169,0.0424089,0.0426684,0.158175,0.230215,0.295209,2932.5,3124.33,25.9114,1.0009,2,d_only
log_lik[297],1.09197,0.00122322,0.0673358,0.0657946,0.980723,1.09132,1.20307,3133.38,2918.16,27.6864,1.00125,2,d_only
log_lik[298],0.49803,0.000709781,0.0394925,0.039951,0.43301,0.498023,0.56365,3165.59,2892.65,27.971,1.00166,2,d_only
log_lik[299],1.49106,0.00122535,0.0607046,0.0596348,1.38751,1.49497,1.58317,2567.16,2407.52,22.6833,0.999665,2,d_only
log_lik[300],0.706386,0.000885407,0.052073,0.0506226,0.621215,0.706954,0.790734,3595.48,2525.69,31.7695,1.00077,2,d_only
log_lik[301],0.109676,0.000881627,0.0489523,0.0482852,0.025376,0.112837,0.184224,3162.05,3242.17,27.9397,1.00043,2,d_only
log_lik[302],-0.0756275,0.0010602,0.0614673,0.0588926,-0.182199,-0.0717931,0.0181332,3443.2,3557.32,30.4239,1.00001,2,d_only
log_lik[303],0.137927,0.00126279,0.0784338,0.0752958,0.00115051,0.142806,0.254842,3894.98,3547.4,34.4158,1.0,2,d_only
log_lik[304],0.722773,0.000914651,0.0535512,0.0518596,0.63466,0.723152,0.809617,3554.65,2428.91,31.4087,1.00069,2,d_only
log_lik[305],-1.13619,0.00145561,0.0897493,0.0887088,-1.27684,-1.13847,-0.987667,3908.5,2923.52,34.5353,1.00046,2,d_only
log_lik[306],-0.542154,0.00185434,0.119207,0.118113,-0.74548,-0.539746,-0.350657,4169.32,3128.4,36.8399,1.00122,2,d_only
log_lik[307],-0.473576,0.0014097,0.0868834,0.0851404,-0.620164,-0.470372,-0.338294,3785.31,3517.19,33.4468,1.00069,2,d_only
log_lik[308],0.260137,0.000779004,0.041072,0.0417669,0.191935,0.261003,0.325565,2891.86,3151.75,25.5523,1.00106,2,d_only
log_lik[309],-0.120395,0.001579,0.0996784,0.0960925,-0.294092,-0.114948,0.029583,4029.32,3456.87,35.6029,1.00055,2,d_only
log_lik[310],-1.43265,0.00133409,0.070085,0.0706494,-1.55017,-1.43227,-1.32004,2802.82,2733.18,24.7656,1.00081,2,d_only
log_lik[311],-0.0667625,0.00105151,0.060845,0.0581277,-0.172509,-0.0629188,0.0260231,3431.21,3591.2,30.318,1.00002,2,d_only
log_lik[312],-1.20681,0.00127306,0.0694211,0.0686887,-1.32327,-1.20623,-1.09368,3048.36,2691.82,26.9352,1.00183,2,d_only
log_lik[313],0.0422106,0.00138618,0.08668,0.0829054,-0.10909,0.0472777,0.170974,3953.69,3415.95,34.9346,1.00008,2,d_only
log_lik[314],0.463339,0.00070545,0.0386274,0.0388836,0.399462,0.46321,0.527616,3070.22,2876.1,27.1284,1.00171,2,d_only
log_lik[315],0.699464,0.000871783,0.0514707,0.050254,0.615471,0.699616,0.782671,3604.2,2550.29,31.8465,1.00081,2,d_only
log_lik[316],1.5334,0.00189618,0.10043,0.103443,1.36883,1.53378,1.69641,2867.23,2386.73,25.3347,1.00012,2,d_only
log_lik[317],-0.834505,0.00156162,0.097704,0.0978616,-0.9961,-0.834694,-0.676439,3958.31,3019.1,34.9755,1.0004,2,d_only
log_lik[318],-0.594555,0.00185451,0.119417,0.119073,-0.796794,-0.59283,-0.401003,4179.17,3075.68,36.9269,1.00117,2,d_only
log_lik[319],1.54603,0.00173922,0.0907338,0.0939715,1.39341,1.54864,1.68832,2810.15,2307.71,24.8303,0.999793,2,d_only
log_lik[320],0.814973,0.00122588,0.0648711,0.0627643,0.711246,0.814045,0.921293,2869.45,2555.22,25.3543,1.0008,2,d_only
log_lik[321],1.53725,0.00187159,0.0987946,0.102061,1.37393,1.53827,1.69704,2850.82,2357.58,25.1897,1.00011,2,d_only
log_lik[322],0.815063,0.00123192,0.0650155,0.0629773,0.711238,0.814068,0.921374,2854.54,2590.44,25.2226,1.00076,2,d_only
log_lik[323],0.77682,0.0010404,0.059063,0.0575559,0.679454,0.777065,0.873356,3289.7,2438.7,29.0676,1.00092,2,d_only
log_lik[324],1.10412,0.00130279,0.0726953,0.0717792,0.986699,1.10332,1.2237,3240.67,2704.07,28.6344,1.00103,2,d_only
log_lik[325],0.784909,0.00129268,0.0651235,0.0632122,0.680829,0.783136,0.89229,2635.65,2354.39,23.2885,1.00043,2,d_only
log_lik[326],0.784574,0.00106464,0.0599707,0.0584683,0.685492,0.784874,0.882895,3234.75,2502.92,28.5821,1.0009,2,d_only
log_lik[327],-1.01875,0.00146337,0.0928337,0.0907127,-1.16493,-1.02239,-0.856851,4101.3,3080.45,36.2389,1.00188,2,d_only
log_lik[328],0.74235,0.000955234,0.055421,0.0535959,0.651544,0.742845,0.832668,3477.09,2398.82,30.7234,1.0006,2,d_only
log_lik[329],0.812803,0.00119816,0.0641199,0.0619767,0.709804,0.812225,0.919059,2928.77,2553.99,25.8785,1.00082,2,d_only
log_lik[330],0.793897,0.00109758,0.0611331,0.0591575,0.694036,0.793843,0.895384,3161.53,2448.7,27.9351,1.00083,2,d_only
log_lik[331],0.943555,0.0010278,0.0599692,0.0605933,0.847328,0.942598,1.04158,3501.87,3102.88,30.9424,1.00089,2,d_only
log_lik[332],0.740837,0.000951848,0.0552721,0.0533463,0.650213,0.741352,0.83095,3486.59,2398.82,30.8074,1.00061,2,d_only
log_lik[333],1.33008,0.000908344,0.0512112,0.0490977,1.24171,1.33223,1.40897,3141.15,3373.07,27.7551,1.00089,2,d_only
log_lik[334],1.11117,0.00128353,0.0706982,0.0686958,0.994282,1.11115,1.22679,3148.58,2914.85,27.8207,1.00115,2,d_only
log_lik[335],0.142877,0.00125632,0.0780027,0.0751188,0.00709942,0.147779,0.259477,3890.27,3547.4,34.3742,1.0,2,d_only
log_lik[336],1.45705,0.00205731,0.112842,0.115058,1.27417,1.45663,1.64313,3047.73,2671.5,26.9296,1.00018,2,d_only
log_lik[337],0.765446,0.00128662,0.0642717,0.0624493,0.662901,0.763517,0.869616,2600.95,2441.89,22.9819,1.00041,2,d_only
log_lik[338],0.994063,0.00100484,0.0573769,0.0567295,0.898982,0.994427,1.08717,3279.71,3173.73,28.9794,1.00136,2,d_only
log_lik[339],-0.20573,0.00118576,0.0705255,0.0690833,-0.327414,-0.201833,-0.0977648,3543.76,3596.47,31.3125,1.00004,2,d_only
log_lik[340],0.570262,0.000741046,0.0424957,0.0420464,0.500942,0.569584,0.640478,3372.52,2657.31,29.7994,1.0014,2,d_only
log_lik[341],1.53919,0.00185545,0.0978029,0.100163,1.37675,1.54013,1.69737,2846.41,2328.39,25.1507,1.00007,2,d_only
log_lik[342],-0.0284641,0.00147348,0.0925432,0.0886056,-0.190178,-0.0231981,0.110723,3988.06,3387.81,35.2383,1.00027,2,d_only
log_lik[343],-0.125235,0.00158424,0.100035,0.0966029,-0.299415,-0.11994,0.0254364,4030.26,3456.87,35.6112,1.00054,2,d_only
log_lik[344],0.440685,0.000705902,0.038273,0.0385414,0.377544,0.440852,0.504528,2999.29,2934.15,26.5015,1.00173,2,d_only
log_lik[345],-0.256352,0.0012326,0.0739315,0.0722706,-0.382389,-0.252106,-0.141988,3603.06,3477.79,31.8365,1.00016,2,d_only
log_lik[346],0.186555,0.000814244,0.044501,0.045075,0.111666,0.188677,0.255912,3058.5,3119.89,27.0248,1.0007,2,d_only
log_lik[347],0.489577,0.000708136,0.0392461,0.0396785,0.425022,0.489495,0.554509,3137.58,2824.19,27.7235,1.00168,2,d_only
log_lik[348],-0.376964,0.00179786,0.114857,0.113034,-0.576353,-0.372529,-0.198037,4118.38,3213.23,36.3898,1.00099,2,d_only
log_lik[349],0.775934,0.000833345,0.0493549,0.05009,0.696589,0.775982,0.85841,3520.91,3013.01,31.1106,1.00067,2,d_only
log_lik[350],0.252868,0.000783453,0.0413647,0.0421169,0.183938,0.253888,0.318515,2901.56,3116.94,25.6381,1.00101,2,d_only
log_lik[351],-0.883108,0.0016676,0.107494,0.107016,-1.05498,-0.886922,-0.698696,4214.13,3005.79,37.2359,1.00126,2,d_only
log_lik[352],0.810531,0.00117947,0.0636367,0.0615968,0.708363,0.810178,0.915967,2970.24,2538.86,26.2449,1.00081,2,d_only
log_lik[353],-0.631687,0.00150279,0.0937114,0.0928528,-0.787004,-0.630747,-0.482011,3925.21,3143.75,34.683,1.00093,2,d_only
log_lik[354],1.54391,0.00162635,0.0839825,0.0868965,1.40026,1.54777,1.67403,2774.83,2381.51,24.5183,0.999566,2,d_only
log_lik[355],0.317365,0.00103314,0.0631528,0.0602636,0.208767,0.321293,0.414177,3745.58,3354.65,33.0958,0.999995,2,d_only
log_lik[356],0.814416,0.00121472,0.0645851,0.0626403,0.711224,0.813666,0.921349,2891.94,2589.84,25.5531,1.00083,2,d_only
log_lik[357],0.383897,0.00212333,0.125028,0.125409,0.179537,0.384824,0.585333,3564.65,3208.28,31.4971,1.00087,2,d_only
log_lik[358],0.640316,0.000785488,0.046826,0.0459476,0.563107,0.639846,0.716879,3648.61,2516.45,32.2389,1.00109,2,d_only
log_lik[359],1.19072,0.00214009,0.120245,0.122432,0.996442,1.18847,1.3937,3163.45,2877.17,27.9521,0.999982,2,d_only
log_lik[360],1.21362,0.0011337,0.0683253,0.0592506,1.08733,1.22332,1.30639,3718.87,3219.0,32.8598,1.00027,2,d_only
log_lik[361],1.11371,0.0013136,0.0728154,0.0715642,0.995733,1.11304,1.23447,3190.27,2724.24,28.1891,1.00107,2,d_only
log_lik[362],1.18498,0.00213989,0.120281,0.122748,0.990406,1.18299,1.38712,3166.0,2892.44,27.9746,0.999964,2,d_only
log_lik[363],0.603489,0.000757465,0.0443858,0.0437654,0.531076,0.60322,0.676046,3499.98,2550.29,30.9257,1.00125,2,d_only
log_lik[364],0.837269,0.000885832,0.0524814,0.0541628,0.751956,0.83648,0.92447,3517.76,3058.21,31.0827,1.00079,2,d_only
log_lik[365],0.0760217,0.00134308,0.0837948,0.0800815,-0.0704045,0.0808665,0.199881,3936.1,3417.0,34.7792,1.00005,2,d_only
log_lik[366],0.734717,0.000811685,0.0478949,0.0482614,0.657342,0.734955,0.814874,3489.36,2978.51,30.8318,1.00057,2,d_only
log_lik[367],0.536211,0.0007223,0.0408841,0.0409201,0.469218,0.535959,0.604533,3268.46,2731.85,28.88,1.00155,2,d_only
log_lik[368],0.783714,0.00106183,0.0598676,0.0583427,0.684902,0.783933,0.88174,3245.05,2502.92,28.6731,1.00093,2,d_only
log_lik[369],0.71022,0.000891904,0.0524122,0.0510083,0.624594,0.710943,0.795288,3586.63,2525.69,31.6913,1.00076,2,d_only
log_lik[370],0.0628217,0.00135999,0.084926,0.081258,-0.0856705,0.0678069,0.188701,3941.98,3415.99,34.8312,1.00007,2,d_only
log_lik[371],-0.671938,0.00152016,0.0949801,0.0949224,-0.828889,-0.671333,-0.520012,3932.9,3170.01,34.7509,1.001,2,d_only
log_lik[372],1.36797,0.000929881,0.0486883,0.0467895,1.28656,1.36894,1.44538,2767.68,3029.36,24.4551,1.00135,2,d_only
log_lik[373],-1.0893,0.00134807,0.0831871,0.0800428,-1.22108,-1.09267,-0.946806,3909.41,3007.97,34.5434,1.0023,2,d_only
log_lik[374],0.56826,0.000808793,0.0480593,0.0469904,0.489505,0.569177,0.646952,3542.67,2960.27,31.3029,1.00013,2,d_only
log_lik[375],-1.33336,0.00133333,0.0751111,0.0748124,-1.45324,-1.33503,-1.20604,3280.69,2615.14,28.988,1.00093,2,d_only
log_lik[376],-0.375243,0.00133524,0.0814264,0.0790945,-0.513947,-0.371968,-0.24933,3711.54,3581.59,32.795,1.00025,2,d_only
log_lik[377],0.219375,0.000797628,0.0428504,0.0429697,0.147466,0.220544,0.286048,2959.47,3095.45,26.1498,1.00085,2,d_only
log_lik[378],-0.0939171,0.00107812,0.062752,0.0598484,-0.202168,-0.0898787,0.00152779,3414.34,3558.42,30.169,0.999983,2,d_only
log_lik[379],0.798742,0.000850705,0.0503929,0.0511393,0.717643,0.798494,0.882993,3514.49,3074.65,31.0539,1.00071,2,d_only
log_lik[380],0.708457,0.000888892,0.0522557,0.0507992,0.623113,0.709173,0.793224,3589.99,2525.69,31.721,1.00076,2,d_only
log_lik[381],0.986619,0.00109662,0.0634889,0.0632187,0.884454,0.985858,1.09131,3457.17,2935.55,30.5474,1.0009,2,d_only
log_lik[382],0.56975,0.000808185,0.048015,0.0470397,0.491158,0.570691,0.648389,3541.84,2960.27,31.2956,1.00013,2,d_only
log_lik[383],0.866107,0.00210672,0.121433,0.12532,0.669638,0.864972,1.06711,3347.36,3159.13,29.5771,0.999799,2,d_only
log_lik[384],0.634158,0.000792187,0.0468147,0.0462368,0.557419,0.634065,0.711073,3498.29,2858.51,30.9107,1.0003,2,d_only
log_lik[385],-0.439021,0.00138479,0.0850565,0.0831953,-0.582835,-0.435534,-0.307257,3761.11,3549.12,33.2329,1.00064,2,d_only
log_lik[386],0.906389,0.00092373,0.055218,0.0553249,0.814128,0.907992,0.996896,3586.2,3530.54,31.6875,1.00105,2,d_only
log_lik[387],1.23223,0.0021403,0.119923,0.121272,1.03823,1.22968,1.43536,3142.94,2749.46,27.7709,1.00017,2,d_only
log_lik[388],0.23722,0.000790858,0.0420317,0.0425061,0.167447,0.238541,0.303347,2916.17,3104.78,25.7672,1.00094,2,d_only
log_lik[389],0.800111,0.00128704,0.0656133,0.0634315,0.694748,0.798452,0.907275,2688.21,2557.0,23.7529,1.00047,2,d_only
log_lik[390],0.493145,0.000708783,0.0393473,0.0398617,0.42832,0.493213,0.558237,3147.35,2824.08,27.8099,1.00168,2,d_only
log_lik[391],1.10583,0.00130556,0.072763,0.0715754,0.988302,1.10496,1.22517,3236.79,2685.03,28.6002,1.00102,2,d_only
log_lik[392],0.839058,0.000887631,0.0525878,0.0541321,0.753448,0.838128,0.92634,3518.85,3058.21,31.0923,1.00079,2,d_only
log_lik[393],-0.877509,0.00156414,0.097692,0.0975521,-1.03801,-0.877855,-0.718836,3947.34,3018.44,34.8785,1.00027,2,d_only
log_lik[394],0.728029,0.000808709,0.0477114,0.0479753,0.650916,0.728297,0.808251,3488.56,2981.24,30.8248,1.00054,2,d_only
log_lik[395],0.475633,0.000706263,0.0388896,0.0391392,0.411432,0.475642,0.53985,3104.77,2887.7,27.4336,1.00171,2,d_only
log_lik[396],1.50943,0.00131783,0.0660444,0.0665437,1.39646,1.51394,1.60953,2637.36,2438.39,23.3036,0.999546,2,d_only
log_lik[397],0.988053,0.00212015,0.120985,0.123835,0.792,0.985835,1.19027,3277.86,3183.95,28.963,0.999717,2,d_only
log_lik[398],1.34667,0.00212302,0.118062,0.119613,1.15686,1.34372,1.54775,3088.42,2757.37,27.2891,1.00007,2,d_only
log_lik[399],0.18161,0.00212894,0.125454,0.125088,-0.025564,0.183146,0.383114,3588.76,3132.05,31.7101,1.00172,2,d_only
log_lik[400],1.08824,0.00127518,0.0717703,0.0712358,0.972047,1.08728,1.20661,3284.98,2704.56,29.0259,1.00097,2,d_only
log_lik[401],1.03508,0.00117969,0.0675711,0.0666621,0.926213,1.03383,1.14614,3391.06,2724.81,29.9632,1.00094,2,d_only
log_lik[402],0.815039,0.00123538,0.0650943,0.0632999,0.711207,0.814078,0.921439,2846.0,2626.31,25.1471,1.00074,2,d_only
log_lik[403],0.434133,0.000706484,0.0382017,0.038342,0.371146,0.434395,0.498017,2982.81,2956.58,26.3559,1.00172,2,d_only
log_lik[404],1.52322,0.00194031,0.103589,0.107149,1.35404,1.52277,1.69197,2904.71,2513.09,25.6659,1.00019,2,d_only
log_lik[405],1.00205,0.00112248,0.0647842,0.0646443,0.897516,1.00115,1.10813,3433.42,2891.69,30.3375,1.00092,2,d_only
log_lik[406],1.11571,0.00130609,0.0721046,0.0702129,0.997245,1.11533,1.23475,3160.0,2837.89,27.9216,1.0011,2,d_only
log_lik[407],1.51679,0.00196088,0.105103,0.108547,1.34528,1.51615,1.6893,2926.11,2546.3,25.855,1.00021,2,d_only
log_lik[408],0.915452,0.000985846,0.0577911,0.0582175,0.822431,0.914324,1.01033,3516.35,3076.78,31.0703,1.00089,2,d_only
log_lik[409],1.1154,0.00213512,0.120607,0.122525,0.919599,1.11341,1.31659,3202.75,3044.28,28.2994,0.99972,2,d_only
log_lik[410],1.08476,0.002132,0.120709,0.122897,0.889979,1.08278,1.28467,3223.86,3045.11,28.4859,0.999641,2,d_only
log_lik[411],1.53745,0.00186999,0.0986964,0.101888,1.37423,1.53842,1.69714,2850.44,2357.58,25.1863,1.00009,2,d_only
log_lik[412],1.11135,0.00131245,0.072876,0.0716047,0.993153,1.11074,1.23191,3210.68,2723.34,28.3694,1.00105,2,d_only
log_lik[413],0.277703,0.00076806,0.0404126,0.0414732,0.211187,0.278274,0.34248,2870.52,3115.08,25.3638,1.00115,2,d_only
log_lik[414],1.54605,0.00173734,0.0906201,0.0940272,1.39345,1.5488,1.68819,2810.0,2307.71,24.8291,0.999768,2,d_only
log_lik[415],1.07234,0.00116858,0.0646449,0.0635776,0.965811,1.0713,1.17924,3159.02,2835.64,27.9129,1.0013,2,d_only
log_lik[416],1.26472,0.0021386,0.119573,0.121367,1.07159,1.26193,1.46691,3128.85,2808.24,27.6464,1.00004,2,d_only
log_lik[417],0.551851,0.00208432,0.123682,0.125863,0.351294,0.552276,0.753268,3550.97,3291.62,31.3762,1.00039,2,d_only
log_lik[418],0.730412,0.000929689,0.0542665,0.052425,0.641069,0.730819,0.818283,3531.35,2413.49,31.2028,1.00066,2,d_only
log_lik[419],0.196119,0.000807097,0.044002,0.0444236,0.12179,0.19811,0.265073,3046.51,3073.07,26.9188,1.00074,2,d_only
log_lik[420],-0.455301,0.00139671,0.0859303,0.0843166,-0.601086,-0.452163,-0.321913,3773.0,3516.76,33.338,1.00069,2,d_only
log_lik[421],0.54716,0.00208555,0.123723,0.125837,0.346636,0.547563,0.748416,3554.2,3292.11,31.4047,1.00039,2,d_only
log_lik[422],1.49606,0.00200779,0.108693,0.111624,1.31985,1.49564,1.67523,2981.57,2654.07,26.345,1.00024,2,d_only
log_lik[423],0.245921,0.00212792,0.125559,0.125922,0.0386773,0.246428,0.447281,3583.68,3157.62,31.6652,1.00142,2,d_only
log_lik[424],-0.843104,0.0017141,0.11065,0.109481,-1.0204,-0.846681,-0.654642,4219.0,2953.02,37.2789,1.00122,2,d_only
log_lik[425],1.41369,0.00208925,0.115606,0.118284,1.2272,1.41174,1.60781,3066.2,2740.46,27.0928,1.00003,2,d_only
log_lik[426],1.10383,0.00125816,0.0692552,0.0677766,0.990475,1.10308,1.21777,3141.1,2923.73,27.7546,1.0012,2,d_only
log_lik[427],1.19925,0.00214031,0.120188,0.12259,1.00498,1.1967,1.40228,3160.92,2771.38,27.9297,1.0,2,d_only
log_lik[428],0.580732,0.000748266,0.0430583,0.0426016,0.51045,0.580311,0.651796,3402.34,2620.55,30.0629,1.00136,2,d_only
log_lik[429],0.982634,0.00109004,0.0631564,0.0625983,0.881165,0.981874,1.08668,3463.63,2891.24,30.6045,1.0009,2,d_only
log_lik[430],0.351532,0.000728947,0.0384791,0.0385848,0.28713,0.351269,0.414581,2852.15,3034.93,25.2014,1.00153,2,d_only
log_lik[431],1.07319,0.00213071,0.120744,0.12343,0.879001,1.07142,1.27335,3230.18,3022.13,28.5417,0.99965,2,d_only
log_lik[432],0.74151,0.00126866,0.063102,0.0616877,0.641028,0.739762,0.845153,2589.25,2387.49,22.8785,1.00044,2,d_only
log_lik[433],0.808293,0.0011647,0.0632299,0.0615097,0.706522,0.808,0.913638,3009.73,2456.35,26.5938,1.0009,2,d_only
log_lik[434],0.649886,0.000791508,0.0467429,0.0461306,0.57352,0.649973,0.727006,3490.98,2881.39,30.8461,1.00035,2,d_only
log_lik[435],0.543396,0.000725635,0.0411958,0.040899,0.476126,0.543326,0.611932,3287.68,2775.35,29.0498,1.00152,2,d_only
log_lik[436],0.988239,0.00190789,0.112106,0.0986486,0.769939,1.01004,1.12962,3505.6,3054.34,30.9753,1.0004,2,d_only
log_lik[437],0.425348,0.000913013,0.0551591,0.0535561,0.331335,0.427718,0.511324,3651.14,3269.22,32.2613,1.0,2,d_only
log_lik[438],0.309893,0.000749188,0.0393933,0.0399873,0.243571,0.310092,0.373723,2848.59,3153.61,25.17,1.00135,2,d_only
log_lik[439],1.01489,0.00212362,0.120908,0.124045,0.819474,1.01271,1.21561,3265.42,3045.11,28.8531,0.999696,2,d_only
log_lik[440],1.28814,0.00213606,0.119249,0.120289,1.09509,1.28496,1.49001,3116.86,2740.9,27.5404,1.00014,2,d_only
log_lik[441],-0.620502,0.00149746,0.0933219,0.0923457,-0.77525,-0.619478,-0.47188,3921.66,3143.88,34.6516,1.00094,2,d_only
log_lik[442],-1.11045,0.00147438,0.0911883,0.0903637,-1.25512,-1.11222,-0.960109,3934.9,2971.14,34.7685,1.0004,2,d_only
log_lik[443],1.49706,0.00200599,0.108551,0.111694,1.32094,1.49654,1.67588,2979.54,2654.07,26.3271,1.00022,2,d_only
log_lik[444],1.51755,0.00195867,0.104938,0.108384,1.34618,1.51702,1.68995,2922.91,2546.3,25.8267,1.00022,2,d_only
log_lik[445],1.10966,0.00127778,0.0703706,0.0682662,0.993165,1.10947,1.22484,3145.98,2914.59,27.7977,1.00116,2,d_only
log_lik[446],0.693265,0.00209275,0.1225,0.12465,0.495583,0.693323,0.893697,3459.69,3193.5,30.5697,0.99996,2,d_only
log_lik[447],0.792404,0.00209985,0.121822,0.125096,0.59619,0.792569,0.991723,3399.76,3233.69,30.0401,0.999857,2,d_only
log_lik[448],0.513846,0.000713933,0.0400141,0.0400922,0.448011,0.513782,0.580109,3209.23,2743.36,28.3566,1.00162,2,d_only
log_lik[449],-0.482929,0.00141619,0.0873595,0.0856872,-0.630276,-0.47999,-0.34656,3792.66,3484.78,33.5117,1.00073,2,d_only
log_lik[450],-0.8671,0.00168703,0.108821,0.107953,-1.04175,-0.870651,-0.681309,4217.53,2981.98,37.2659,1.00139,2,d_only
log_lik[451],0.165205,0.000832239,0.0456635,0.045502,0.0876222,0.167816,0.235615,3086.31,3079.77,27.2705,1.00063,2,d_only
log_lik[452],1.30237,0.00213386,0.119016,0.120167,1.10995,1.29976,1.50479,3109.52,2760.49,27.4755,1.00023,2,d_only
log_lik[453],0.821487,0.00210242,0.121657,0.125198,0.624994,0.821291,1.02047,3378.64,3261.0,29.8535,0.999836,2,d_only
log_lik[454],-0.378994,0.00133828,0.0816484,0.0792814,-0.518341,-0.375626,-0.25255,3714.04,3581.98,32.817,1.00025,2,d_only
log_lik[455],-0.664345,0.0015171,0.0947572,0.094514,-0.820821,-0.663323,-0.512615,3930.62,3196.67,34.7307,1.00105,2,d_only
log_lik[456],0.597598,0.00319008,0.179338,0.173147,0.262772,0.626231,0.840214,3061.96,2837.89,27.0553,0.999783,2,d_only
log_lik[457],1.15251,0.00213815,0.120454,0.123259,0.95721,1.14976,1.35372,3184.04,2960.16,28.134,0.999843,2,d_only
log_lik[458],1.48267,0.00202876,0.110387,0.113154,1.30385,1.4827,1.66533,3005.54,2746.26,26.5568,1.00031,2,d_only
log_lik[459],1.20626,0.00214043,0.120138,0.122444,1.01141,1.20376,1.409,3158.2,2771.38,27.9057,1.00008,2,d_only
log_lik[460],-0.877108,0.00156409,0.0976937,0.0975324,-1.0376,-0.877451,-0.71844,3947.57,3018.44,34.8806,1.00027,2,d_only
log_lik[461],0.253388,0.000783131,0.0413434,0.0421216,0.18458,0.254384,0.319002,2899.07,3230.2,25.616,1.00102,2,d_only
log_lik[462],-1.13288,0.00129715,0.0771118,0.0759514,-1.2568,-1.13453,-1.00417,3644.16,2808.38,32.1996,1.00309,2,d_only
log_lik[463],0.778136,0.00104435,0.059214,0.0576947,0.680429,0.778443,0.874877,3281.46,2454.14,28.9948,1.00095,2,d_only
log_lik[464],1.01426,0.00114336,0.0658154,0.0654334,0.907825,1.0134,1.12143,3413.07,2766.15,30.1577,1.00091,2,d_only
log_lik[465],1.08667,0.00127237,0.0716624,0.071287,0.970756,1.08567,1.20495,3291.21,2724.03,29.081,1.00097,2,d_only
log_lik[466],1.11583,0.00131007,0.0724037,0.0711684,0.99739,1.11535,1.23579,3163.64,2784.48,27.9538,1.00108,2,d_only
log_lik[467],1.00993,0.0018304,0.107871,0.0935696,0.799962,1.03107,1.14687,3533.21,3126.32,31.2193,1.0004,2,d_only
log_lik[468],1.39085,0.00210388,0.116627,0.119289,1.20346,1.38862,1.58832,3072.43,2759.79,27.1478,1.00011,2,d_only
log_lik[469],1.53641,0.00187793,0.0991851,0.10265,1.37287,1.53737,1.69674,2853.15,2401.95,25.2103,1.00007,2,d_only
log_lik[470],0.139959,0.000854279,0.0471157,0.0466287,0.0594424,0.142857,0.212256,3119.36,3108.93,27.5625,1.00054,2,d_only
log_lik[471],0.198911,0.00212885,0.12551,0.125633,-0.00831772,0.200624,0.400227,3584.64,3107.01,31.6737,1.00157,2,d_only
log_lik[472],-0.0612231,0.00104607,0.0604564,0.0576589,-0.166082,-0.0572037,0.0306165,3420.98,3553.16,30.2276,1.00003,2,d_only
log_lik[473],0.0974808,0.0013154,0.081945,0.0783728,-0.0461039,0.102527,0.218971,3924.03,3447.5,34.6726,1.00003,2,d_only
log_lik[474],0.567515,0.000809101,0.0480817,0.046997,0.488718,0.568485,0.646257,3543.11,2983.24,31.3068,1.00013,2,d_only
log_lik[475],1.49106,0.00122535,0.0607046,0.0596348,1.38751,1.49497,1.58317,2567.16,2407.52,22.6833,0.999665,2,d_only
log_lik[476],0.939953,0.00211461,0.121138,0.125014,0.74453,0.938515,1.14124,3304.5,3210.41,29.1984,0.999756,2,d_only
log_lik[477],0.962904,0.00105808,0.0615283,0.0616871,0.863699,0.961644,1.06481,3478.82,2981.57,30.7386,1.0009,2,d_only
log_lik[478],0.708481,0.00123283,0.061451,0.0595559,0.610182,0.706061,0.808621,2604.49,2309.6,23.0132,1.00049,2,d_only
log_lik[479],0.276158,0.000769028,0.0404677,0.0414227,0.209315,0.276838,0.340919,2871.25,3115.08,25.3702,1.00115,2,d_only
log_lik[480],0.137927,0.00126279,0.0784338,0.0752958,0.00115051,0.142806,0.254842,3894.98,3547.4,34.4158,1.0,2,d_only
log_lik[481],0.872786,0.000927237,0.0547362,0.0564691,0.784508,0.871772,0.963461,3521.23,3129.49,31.1134,1.00083,2,d_only
log_lik[482],1.4501,0.00206319,0.113381,0.116204,1.2667,1.44974,1.63751,3050.75,2709.58,26.9563,1.00018,2,d_only
log_lik[483],0.0931009,0.002126,0.124772,0.125691,-0.113135,0.0955514,0.293061,3582.75,3132.51,31.657,1.00174,2,d_only
log_lik[484],1.0588,0.00122203,0.0695327,0.0691554,0.946172,1.05768,1.17284,3356.56,2723.74,29.6584,1.00094,2,d_only
log_lik[485],0.044504,0.0021209,0.124068,0.12469,-0.158151,0.0464897,0.244305,3576.33,3212.67,31.6003,1.00157,2,d_only
log_lik[486],1.0949,0.00123166,0.0677822,0.0661313,0.983249,1.09425,1.20647,3135.61,2917.27,27.7061,1.00124,2,d_only
log_lik[487],0.0184347,0.00432637,0.22192,0.233728,-0.357391,0.0279089,0.370918,2620.74,2258.62,23.1567,1.00012,2,d_only
log_lik[488],0.94822,0.000947769,0.0554409,0.0563458,0.855659,0.949154,1.03898,3443.68,3426.3,30.4282,1.00126,2,d_only
log_lik[489],0.815017,0.00122768,0.0649149,0.0627741,0.711418,0.814086,0.92146,2865.08,2555.22,25.3157,1.00083,2,d_only
log_lik[490],1.0761,0.00117882,0.0651259,0.0640025,0.968529,1.07529,1.18389,3152.54,2814.64,27.8557,1.00129,2,d_only
log_lik[491],0.327445,0.00212514,0.125343,0.125464,0.120532,0.328471,0.527983,3570.58,3237.85,31.5495,1.00113,2,d_only
log_lik[492],0.935555,0.0010156,0.0593378,0.0599342,0.840457,0.934541,1.03219,3513.69,3052.31,31.0468,1.00088,2,d_only
log_lik[493],1.09639,0.00123601,0.0680158,0.0664126,0.984241,1.0958,1.20807,3136.94,2932.83,27.7179,1.00124,2,d_only
log_lik[494],0.586799,0.00208788,0.123377,0.12572,0.385654,0.587655,0.787371,3526.56,3289.36,31.1605,1.00042,2,d_only
log_lik[495],-0.432696,0.00138008,0.084711,0.0827951,-0.575661,-0.429388,-0.301287,3756.59,3582.86,33.1931,1.0006,2,d_only
log_lik[496],-0.218535,0.00167797,0.106447,0.104352,-0.405554,-0.213432,-0.0551099,4065.01,3377.04,35.9182,1.00054,2,d_only
log_lik[497],1.42826,0.00102213,0.0501539,0.0484302,1.34473,1.42973,1.50787,2475.12,2586.84,21.87,1.00141,2,d_only
log_lik[498],1.08553,0.00127032,0.0715824,0.0713148,0.969872,1.0845,1.20373,3294.39,2724.03,29.109,1.00096,2,d_only
log_lik[499],0.291395,0.00106497,0.065269,0.0625274,0.178019,0.295344,0.39089,3768.85,3385.77,33.3014,0.999934,2,d_only
log_lik[500],1.11271,0.0012898,0.0710655,0.0691869,0.995356,1.11246,1.22838,3152.4,2891.26,27.8544,1.00113,2,d_only
log_lik[501],0.228312,0.000794355,0.042433,0.0427294,0.157569,0.229673,0.294692,2933.67,3098.68,25.9218,1.0009,2,d_only
log_lik[502],0.637237,0.00208986,0.122948,0.124653,0.436798,0.637107,0.838029,3496.93,3263.47,30.8987,1.00016,2,d_only
log_lik[503],-0.553474,0.00185516,0.119305,0.117948,-0.75601,-0.551329,-0.361684,4171.8,3127.55,36.8618,1.00123,2,d_only
log_lik[504],0.0326385,0.000954379,0.0539685,0.0521464,-0.0602202,0.0361574,0.114801,3276.66,3620.81,28.9524,1.00022,2,d_only
log_lik[505],-0.602857,0.00185367,0.119392,0.119207,-0.805173,-0.601212,-0.408622,4180.81,3075.8,36.9414,1.00119,2,d_only
log_lik[506],0.146958,0.000848093,0.0467054,0.0461102,0.0672839,0.149765,0.218438,3109.32,3084.18,27.4738,1.00057,2,d_only
log_lik[507],0.825598,0.0021028,0.121635,0.125322,0.62892,0.825503,1.02473,3376.12,3261.41,29.8313,0.999832,2,d_only
log_lik[508],1.46543,0.00112443,0.0551448,0.0541784,1.37145,1.46833,1.55128,2500.78,2435.97,22.0968,1.00016,2,d_only
log_lik[509],1.18354,0.00213983,0.120289,0.122992,0.988594,1.1816,1.38546,3165.75,2914.84,27.9724,0.99997,2,d_only
log_lik[510],0.462423,0.00070542,0.0386098,0.0389088,0.398625,0.462301,0.526721,3063.51,2897.4,27.0691,1.00171,2,d_only
log_lik[511],0.345624,0.000999554,0.0609195,0.0584539,0.241684,0.349425,0.438816,3717.44,3296.57,32.8471,0.999978,2,d_only
log_lik[512],1.09424,0.00122976,0.0676806,0.0660718,0.982746,1.09367,1.20571,3135.46,2872.9,27.7048,1.00125,2,d_only
log_lik[513],0.944545,0.00102932,0.0600478,0.060716,0.848179,0.943561,1.04301,3501.66,3102.88,30.9405,1.00089,2,d_only
log_lik[514],0.714286,0.000899018,0.0527762,0.0513672,0.628162,0.714983,0.800028,3576.61,2459.9,31.6028,1.00073,2,d_only
log_lik[515],0.737802,0.00126517,0.0629162,0.0613575,0.637302,0.736033,0.840902,2589.46,2379.74,22.8803,1.00044,2,d_only
log_lik[516],0.586301,0.000749993,0.0433701,0.0429639,0.514906,0.585975,0.657927,3409.45,2602.97,30.1257,1.00133,2,d_only
log_lik[517],0.00235578,0.000983772,0.0560329,0.0542725,-0.0945729,0.00623933,0.088306,3321.99,3594.63,29.3529,1.00015,2,d_only
log_lik[518],1.11231,0.0013131,0.0728657,0.0716191,0.993963,1.11157,1.23298,3201.21,2754.46,28.2857,1.00106,2,d_only
log_lik[519],1.53193,0.0014773,0.0752402,0.0768263,1.40144,1.53707,1.64716,2717.6,2412.03,24.0125,0.999508,2,d_only
log_lik[520],1.1155,0.00131209,0.0725818,0.0711102,0.99678,1.11511,1.23565,3171.43,2764.39,28.0226,1.00109,2,d_only
log_lik[521],0.587884,0.000750544,0.0434602,0.0429929,0.516151,0.587619,0.659497,3414.24,2639.12,30.1681,1.00133,2,d_only
log_lik[522],-0.0944714,0.00107866,0.0627909,0.0598866,-0.202772,-0.0903864,0.0009834,3415.53,3558.42,30.1795,0.999983,2,d_only
log_lik[523],1.0767,0.00125438,0.0709376,0.0707718,0.962256,1.07587,1.19476,3312.92,2724.06,29.2728,1.00097,2,d_only
log_lik[524],0.909098,0.000976714,0.0573153,0.0582485,0.816844,0.908048,1.00308,3518.78,3053.45,31.0917,1.00088,2,d_only
log_lik[525],0.813632,0.000863443,0.0511523,0.0523256,0.73095,0.813192,0.898967,3512.93,3006.3,31.04,1.00075,2,d_only
log_lik[526],1.11222,0.00213482,0.120618,0.122626,0.916436,1.11031,1.3132,3204.3,3044.94,28.313,0.999701,2,d_only
log_lik[527],0.894519,0.000956283,0.0562499,0.0577042,0.803894,0.89334,0.987011,3521.03,3129.73,31.1117,1.00087,2,d_only
log_lik[528],-1.46324,0.00135573,0.0710394,0.0708727,-1.58371,-1.46313,-1.35107,2791.93,2548.09,24.6693,1.00069,2,d_only
log_lik[529],1.02014,0.00115353,0.0663125,0.0659643,0.913349,1.01914,1.12899,3407.59,2785.64,30.1093,1.00093,2,d_only
log_lik[530],0.142052,0.0012574,0.0780746,0.0751514,0.0061049,0.146921,0.258703,3891.24,3547.4,34.3828,1.0,2,d_only
log_lik[531],-1.45512,0.00134878,0.0705635,0.0705901,-1.57466,-1.45452,-1.34404,2778.96,2635.94,24.5548,1.00093,2,d_only
log_lik[532],1.29649,0.00213483,0.119116,0.120373,1.10372,1.2938,1.49865,3112.49,2779.92,27.5018,1.00023,2,d_only
log_lik[533],-0.203523,0.00118368,0.0703748,0.0687379,-0.325053,-0.19952,-0.0958299,3541.79,3596.47,31.2951,1.00008,2,d_only
log_lik[534],-0.43027,0.00182465,0.116819,0.115243,-0.631212,-0.425629,-0.246901,4137.25,3186.06,36.5565,1.00106,2,d_only
log_lik[535],0.54801,0.000727949,0.041404,0.0410759,0.480528,0.547891,0.616675,3298.88,2775.96,29.1488,1.00149,2,d_only
log_lik[536],0.253055,0.00111326,0.0684793,0.0660251,0.134851,0.257199,0.356428,3801.62,3512.13,33.5909,0.999949,2,d_only
log_lik[537],-1.03701,0.00143179,0.0904303,0.0883881,-1.1784,-1.04073,-0.879911,4064.36,3182.63,35.9125,1.0019,2,d_only
log_lik[538],1.06124,0.00122643,0.0697296,0.0693913,0.948441,1.0601,1.17616,3351.36,2743.37,29.6124,1.00094,2,d_only
log_lik[539],0.98624,0.00211992,0.120991,0.123834,0.79024,0.984063,1.18853,3278.61,3183.65,28.9696,0.999719,2,d_only
log_lik[540],0.0606151,0.000927548,0.0521006,0.0506149,-0.0298986,0.0637872,0.139734,3231.33,3430.1,28.5519,1.00029,2,d_only
log_lik[541],1.32289,0.00212967,0.118621,0.120166,1.13164,1.31932,1.52475,3099.53,2834.14,27.3873,1.00016,2,d_only
log_lik[542],0.548789,0.000817674,0.0487022,0.047326,0.468613,0.550039,0.627621,3561.8,3005.67,31.4719,1.00009,2,d_only
log_lik[543],-0.361359,0.00178862,0.114193,0.111992,-0.560081,-0.356748,-0.183965,4114.71,3212.96,36.3574,1.00092,2,d_only
log_lik[544],0.602244,0.000797548,0.0472314,0.0466742,0.524947,0.602555,0.679749,3514.18,2849.29,31.0512,1.00022,2,d_only
log_lik[545],0.195463,0.00413601,0.218811,0.226972,-0.193182,0.212017,0.526389,2719.12,2403.3,24.026,0.999959,2,d_only
log_lik[546],1.08933,0.00127713,0.0718444,0.0713253,0.973132,1.08837,1.20777,3283.27,2704.56,29.0108,1.00097,2,d_only
log_lik[547],0.542007,0.000821165,0.0489535,0.047427,0.461431,0.543176,0.620758,3569.36,3005.6,31.5387,1.00008,2,d_only
log_lik[548],0.736217,0.000941784,0.0548222,0.0529915,0.646333,0.736547,0.825455,3516.46,2398.14,31.0713,1.00063,2,d_only
log_lik[549],1.48037,0.00203186,0.110644,0.113313,1.30114,1.48052,1.6629,3009.95,2770.26,26.5958,1.00029,2,d_only
log_lik[550],-0.955751,0.00155966,0.0967725,0.0970466,-1.1127,-0.956717,-0.796907,3957.36,2995.45,34.9671,1.00014,2,d_only
log_lik[551],-0.231077,0.00120941,0.0722435,0.0707592,-0.354871,-0.227096,-0.119499,3573.63,3575.5,31.5764,0.999949,2,d_only
log_lik[552],1.10485,0.00130398,0.0727254,0.0717894,0.987464,1.10399,1.22443,3239.49,2704.07,28.624,1.00102,2,d_only
log_lik[553],0.293834,0.00106195,0.065068,0.0623437,0.180686,0.297787,0.393031,3766.91,3324.89,33.2842,0.999935,2,d_only
log_lik[554],0.448136,0.000891187,0.0537035,0.0521966,0.357452,0.450082,0.532402,3634.17,3240.95,32.1114,0.999975,2,d_only
log_lik[555],0.00845446,0.00211493,0.123367,0.123642,-0.19309,0.0098801,0.208381,3555.03,3106.62,31.4121,1.00149,2,d_only
log_lik[556],0.530681,0.00208996,0.123867,0.126082,0.330338,0.531078,0.731349,3563.14,3221.81,31.4838,1.00048,2,d_only
log_lik[557],0.784916,0.00106576,0.0600117,0.0585671,0.68573,0.785168,0.883359,3232.21,2497.39,28.5597,1.00091,2,d_only
log_lik[558],-0.494834,0.00142428,0.0879535,0.0861145,-0.643556,-0.492385,-0.357243,3800.2,3484.78,33.5784,1.00081,2,d_only
log_lik[559],0.141227,0.00125848,0.0781464,0.0751098,0.00510666,0.1461,0.257862,3892.34,3547.4,34.3925,1.0,2,d_only
log_lik[560],-0.453863,0.00183402,0.117526,0.116007,-0.655806,-0.449458,-0.268561,4143.13,3154.66,36.6085,1.00113,2,d_only
log_lik[561],0.503955,0.000844911,0.0506091,0.0493616,0.418676,0.505409,0.584293,3600.15,3130.58,31.8107,1.00037,2,d_only
log_lik[562],0.792404,0.00209985,0.121822,0.125096,0.59619,0.792569,0.991723,3399.76,3233.69,30.0401,0.999857,2,d_only
log_lik[563],0.777803,0.00129169,0.0648303,0.063104,0.673682,0.775759,0.885009,2619.61,2413.64,23.1468,1.00044,2,d_only
log_lik[564],-0.482929,0.00141619,0.0873595,0.0856872,-0.630276,-0.47999,-0.34656,3792.66,3484.78,33.5117,1.00073,2,d_only
log_lik[565],0.00180427,0.00098431,0.0560708,0.0543732,-0.0951757,0.00569043,0.0878257,3323.1,3594.63,29.3628,1.00015,2,d_only
log_lik[566],0.0408783,0.000946439,0.0534139,0.0515525,-0.0511324,0.0444262,0.122211,3263.11,3623.94,28.8327,1.00024,2,d_only
log_lik[567],-0.0423752,0.0014901,0.0936631,0.0896596,-0.206049,-0.0372545,0.0990194,3995.94,3387.88,35.3079,1.00027,2,d_only
log_lik[568],0.156075,0.00123908,0.0768531,0.0742049,0.0217909,0.161261,0.270864,3878.81,3547.39,34.273,1.0,2,d_only
log_lik[569],0.82098,0.000870123,0.0515497,0.0526698,0.737776,0.820551,0.906954,3513.15,3005.73,31.042,1.00076,2,d_only
log_lik[570],-0.477217,0.00141224,0.0870697,0.0853178,-0.623894,-0.474067,-0.341463,3787.9,3484.78,33.4697,1.0007,2,d_only
log_lik[571],-1.48069,0.00137938,0.0729166,0.0733014,-1.60571,-1.47957,-1.36414,2839.94,2488.05,25.0935,1.00083,2,d_only
log_lik[572],-0.245922,0.00122308,0.0732382,0.071615,-0.370751,-0.24188,-0.132542,3590.95,3574.94,31.7295,1.00001,2,d_only
log_lik[573],1.38809,0.0021054,0.116735,0.119526,1.20002,1.38585,1.58564,3073.41,2740.44,27.1565,1.0001,2,d_only
log_lik[574],1.51326,0.00197062,0.105831,0.109295,1.3405,1.51276,1.68719,2936.58,2528.79,25.9475,1.00014,2,d_only
log_lik[575],1.25236,0.00102565,0.0616307,0.0541208,1.14037,1.25938,1.33909,3707.12,3208.22,32.7559,1.00073,2,d_only
log_lik[576],0.794757,0.0011009,0.0612455,0.0594337,0.694813,0.79471,0.896342,3155.06,2448.78,27.878,1.00083,2,d_only
log_lik[577],-0.0977973,0.00108192,0.0630245,0.0601451,-0.206591,-0.0937545,-0.00216543,3420.47,3547.95,30.2231,0.999976,2,d_only
log_lik[578],-0.5414,0.00145411,0.0901428,0.0885781,-0.692563,-0.539314,-0.399109,3832.35,3308.14,33.8625,1.00086,2,d_only
log_lik[579],0.0846549,0.000904834,0.0505347,0.0494858,-0.00251065,0.0880551,0.161628,3199.88,3446.13,28.274,1.00035,2,d_only
log_lik[580],-1.19001,0.00126715,0.0705592,0.0699473,-1.30831,-1.18938,-1.07522,3186.88,2672.09,28.1591,1.00227,2,d_only
log_lik[581],1.13726,0.00213702,0.120522,0.123423,0.941957,1.13459,1.33891,3190.97,2980.51,28.1952,0.999777,2,d_only
log_lik[582],-0.550155,0.00185497,0.119279,0.118069,-0.753245,-0.547889,-0.358443,4171.87,3127.55,36.8624,1.00126,2,d_only
log_lik[583],-1.47094,0.00136443,0.0716945,0.0713055,-1.59335,-1.47054,-1.35872,2807.4,2457.21,24.8061,1.00083,2,d_only
log_lik[584],-0.588771,0.00185495,0.119425,0.119047,-0.791175,-0.587026,-0.395561,4178.37,3100.98,36.9198,1.0012,2,d_only
log_lik[585],-0.552018,0.00146049,0.0906106,0.0892279,-0.703737,-0.549926,-0.408709,3839.57,3279.23,33.9262,1.00088,2,d_only
log_lik[586],-1.01346,0.0015368,0.095297,0.0953516,-1.16593,-1.01449,-0.856906,3964.07,2948.39,35.0263,1.0002,2,d_only
log_lik[587],-1.05975,0.00139204,0.0873311,0.0847637,-1.19738,-1.06344,-0.908943,4013.76,3132.01,35.4654,1.0019,2,d_only
log_lik[588],1.06799,0.00123862,0.0702662,0.0702749,0.954108,1.06695,1.1848,3335.48,2724.36,29.4721,1.00096,2,d_only
log_lik[589],0.0249154,0.00140794,0.0881383,0.084219,-0.128657,0.0298324,0.156023,3964.09,3447.27,35.0265,1.00009,2,d_only
log_lik[590],1.10826,0.00130936,0.0728382,0.0716001,0.990771,1.1073,1.22875,3221.59,2704.6,28.4658,1.00104,2,d_only
log_lik[591],-0.149362,0.00160986,0.101779,0.0987828,-0.326281,-0.14445,0.00466587,4039.92,3431.76,35.6966,1.00047,2,d_only
log_lik[592],0.341597,0.00100426,0.0612327,0.058758,0.237077,0.345588,0.435065,3722.97,3324.79,32.8959,0.999975,2,d_only
log_lik[593],0.943555,0.0010278,0.0599692,0.0605933,0.847328,0.942598,1.04158,3501.87,3102.88,30.9424,1.00089,2,d_only
log_lik[594],1.05345,0.00121242,0.0690974,0.069037,0.941955,1.0525,1.16703,3366.23,2704.7,29.7439,1.00093,2,d_only
log_lik[595],0.723881,0.000916774,0.0536539,0.051902,0.63548,0.724302,0.81081,3553.19,2428.91,31.3958,1.00069,2,d_only
log_lik[596],1.53909,0.00155218,0.0796057,0.0816534,1.40145,1.54356,1.66121,2749.48,2381.29,24.2943,0.999476,2,d_only
log_lik[597],0.990554,0.00110316,0.0638181,0.0636313,0.888059,0.989728,1.09579,3451.78,2889.8,30.4998,1.0009,2,d_only
log_lik[598],0.867089,0.000919914,0.0543553,0.0561989,0.77909,0.866234,0.957066,3520.28,3053.98,31.105,1.00082,2,d_only
log_lik[599],-0.500509,0.00142808,0.0882319,0.0864017,-0.649759,-0.498081,-0.362509,3804.35,3332.13,33.615,1.00078,2,d_only
log_lik[600],0.435071,0.000706388,0.038211,0.0383388,0.372007,0.43533,0.498904,2984.66,2933.76,26.3723,1.00172,2,d_only
log_lik[601],0.449057,0.000705449,0.0383844,0.038579,0.38579,0.44922,0.513213,3018.66,2911.01,26.6728,1.00173,2,d_only
log_lik[602],0.352028,0.000728738,0.0384711,0.0385808,0.287696,0.351787,0.415153,2853.08,3034.93,25.2097,1.00153,2,d_only
log_lik[603],-1.28202,0.00135407,0.0792292,0.0790318,-1.40738,-1.28459,-1.14823,3583.07,2602.64,31.6598,1.00083,2,d_only
log_lik[604],1.28208,0.00213684,0.11934,0.120439,1.08892,1.2788,1.48375,3120.51,2866.41,27.5727,1.00009,2,d_only
log_lik[605],0.700209,0.000798847,0.0471155,0.0466202,0.623711,0.70029,0.778623,3486.48,2935.84,30.8064,1.00048,2,d_only
log_lik[606],1.05116,0.00111268,0.0621802,0.0613059,0.948357,1.0504,1.15257,3166.0,2794.5,27.9746,1.00138,2,d_only
log_lik[607],0.693617,0.000860609,0.0509717,0.0497713,0.61061,0.693884,0.776231,3626.07,2533.6,32.0398,1.00083,2,d_only
log_lik[608],0.800526,0.00128666,0.0656222,0.06345,0.695099,0.798866,0.907638,2690.49,2557.0,23.773,1.00044,2,d_only
log_lik[609],0.302771,0.00105093,0.0643353,0.0613661,0.191132,0.306558,0.400998,3758.62,3239.21,33.211,0.999936,2,d_only
log_lik[610],0.724433,0.000917839,0.0537052,0.0520445,0.635916,0.724755,0.8114,3550.23,2445.23,31.3697,1.00068,2,d_only
log_lik[611],0.2648,0.00077621,0.0408903,0.0415714,0.1968,0.265554,0.329972,2885.97,3152.22,25.5003,1.00108,2,d_only
log_lik[612],-1.06092,0.00150819,0.0935465,0.0933898,-1.21007,-1.06217,-0.906305,4003.86,2971.0,35.3779,1.00029,2,d_only
log_lik[613],0.405199,0.000711305,0.0380535,0.0381178,0.342768,0.405429,0.468894,2928.46,2938.01,25.8757,1.00167,2,d_only
log_lik[614],0.26842,0.000773958,0.0407525,0.0417294,0.200809,0.26907,0.333388,2883.44,3100.05,25.4779,1.00111,2,d_only
log_lik[615],0.675273,0.00079351,0.0468161,0.046505,0.599059,0.674967,0.752872,3487.97,2826.38,30.8195,1.00042,2,d_only
log_lik[616],1.01312,0.0021234,0.120913,0.124145,0.817472,1.01097,1.21398,3266.29,3045.11,28.8608,0.999698,2,d_only
log_lik[617],0.344819,0.00100049,0.060982,0.0584338,0.240824,0.348652,0.438138,3718.18,3296.57,32.8537,0.999986,2,d_only
log_lik[618],0.497472,0.00209931,0.124153,0.125513,0.297212,0.498075,0.69809,3583.51,3238.15,31.6638,1.00047,2,d_only
log_lik[619],-0.310976,0.00128122,0.0774766,0.0754523,-0.442357,-0.307287,-0.191098,3654.74,3608.46,32.2931,1.00011,2,d_only
log_lik[620],-0.817083,0.00174068,0.112422,0.111231,-0.999412,-0.820061,-0.62662,4216.08,2953.02,37.2531,1.00116,2,d_only
log_lik[621],0.809773,0.00127123,0.0656753,0.0641769,0.704296,0.808536,0.918141,2750.53,2593.1,24.3036,1.00054,2,d_only
log_lik[622],0.482404,0.000707044,0.0390549,0.0393619,0.417915,0.482282,0.547086,3122.6,2833.93,27.5911,1.0017,2,d_only
log_lik[623],0.212523,0.000800277,0.0431802,0.0434956,0.140107,0.21405,0.279919,2985.8,3072.74,26.3824,1.00081,2,d_only
log_lik[624],0.794041,0.00109813,0.0611519,0.059176,0.694153,0.79399,0.895545,3160.73,2448.7,27.9281,1.00084,2,d_only
log_lik[625],0.0422106,0.00138618,0.08668,0.0829054,-0.10909,0.0472777,0.170974,3953.69,3415.95,34.9346,1.00008,2,d_only
log_lik[626],0.633454,0.000778929,0.0463446,0.0454125,0.557168,0.633165,0.709301,3634.87,2584.9,32.1175,1.00112,2,d_only
log_lik[627],1.54356,0.00180467,0.0946993,0.0972398,1.38596,1.54477,1.69478,2827.07,2354.16,24.9799,0.999973,2,d_only
log_lik[628],-1.09068,0.00134626,0.082991,0.080027,-1.22206,-1.09382,-0.948872,3902.9,3007.97,34.4858,1.00235,2,d_only
log_lik[629],1.04419,0.00119585,0.0683323,0.0680496,0.934296,1.043,1.15616,3378.76,2724.02,29.8545,1.00092,2,d_only
log_lik[630],0.689864,0.000853773,0.0506561,0.0494871,0.607223,0.690061,0.772075,3637.5,2500.01,32.1408,1.00085,2,d_only
log_lik[631],1.11572,0.00131113,0.0724934,0.0713194,0.997119,1.11511,1.23558,3168.29,2784.48,27.9948,1.00109,2,d_only
log_lik[632],0.688918,0.000852091,0.0505772,0.0493813,0.606284,0.689096,0.771127,3640.92,2516.61,32.171,1.00085,2,d_only
log_lik[633],1.10814,0.00130918,0.0728352,0.0716019,0.990628,1.10717,1.22858,3221.37,2704.6,28.4639,1.00104,2,d_only
log_lik[634],0.813318,0.0012026,0.0642489,0.0620239,0.710211,0.812663,0.920271,2919.81,2553.99,25.7993,1.00086,2,d_only
log_lik[635],1.48629,0.0012044,0.0595219,0.05792,1.38496,1.4903,1.57779,2552.52,2392.48,22.554,0.999785,2,d_only
log_lik[636],-0.129823,0.00431769,0.215604,0.230893,-0.478674,-0.133614,0.225496,2551.34,2107.62,22.5435,1.00013,2,d_only
log_lik[637],0.966102,0.00211753,0.121052,0.124759,0.769935,0.964242,1.16734,3289.92,3183.8,29.0696,0.99974,2,d_only
log_lik[638],0.60955,0.000795867,0.0471044,0.0464561,0.532215,0.609613,0.686669,3509.49,2840.9,31.0097,1.00024,2,d_only
log_lik[639],0.795295,0.00129038,0.0654874,0.0634474,0.690511,0.793767,0.901843,2670.21,2529.65,23.5938,1.00047,2,d_only
log_lik[640],-1.19215,0.00126741,0.0703848,0.0698144,-1.31029,-1.19136,-1.07752,3170.71,2712.77,28.0162,1.00222,2,d_only
log_lik[641],1.31,0.000913587,0.0533547,0.0499727,1.2181,1.31323,1.38965,3344.44,3103.74,29.5513,1.00051,2,d_only
log_lik[642],0.2591,0.000779632,0.0411131,0.0418958,0.190772,0.259966,0.32459,2891.43,3151.75,25.5486,1.00105,2,d_only
log_lik[643],1.11352,0.00131357,0.0728261,0.0715157,0.995561,1.11267,1.23436,3191.51,2724.24,28.2,1.00107,2,d_only
log_lik[644],0.598073,0.000754751,0.0440571,0.0434548,0.525808,0.597941,0.670583,3475.33,2585.05,30.7078,1.00128,2,d_only
log_lik[645],1.45975,0.00205484,0.11262,0.115002,1.27721,1.45911,1.64516,3043.65,2671.5,26.8936,1.0002,2,d_only
log_lik[646],-0.29355,0.00126595,0.0763625,0.0744706,-0.423341,-0.289591,-0.175467,3640.37,3538.49,32.1661,1.00014,2,d_only
log_lik[647],1.34139,0.00212468,0.118197,0.119973,1.15111,1.33836,1.54224,3091.27,2798.56,27.3143,1.0001,2,d_only
log_lik[648],0.710513,0.000892408,0.0524382,0.0510171,0.624836,0.711271,0.795676,3584.92,2492.84,31.6762,1.00076,2,d_only
log_lik[649],1.53837,0.0015435,0.0790969,0.0810471,1.40123,1.54294,1.65896,2746.62,2396.5,24.269,0.999475,2,d_only
log_lik[650],-0.240977,0.00121854,0.0729078,0.0715122,-0.36567,-0.237039,-0.128389,3584.99,3574.94,31.6768,0.999956,2,d_only
log_lik[651],0.403421,0.00212285,0.124896,0.125713,0.199898,0.404082,0.604984,3577.96,3206.88,31.6146,1.0009,2,d_only
log_lik[652],0.668265,0.000792611,0.0467725,0.0462584,0.592016,0.668191,0.745516,3487.94,2826.38,30.8193,1.0004,2,d_only
log_lik[653],1.28459,0.000951995,0.0566781,0.0518357,1.18533,1.28904,1.36765,3571.38,3230.35,31.5565,1.00041,2,d_only
log_lik[654],0.741343,0.000952975,0.0553218,0.0534001,0.650658,0.741825,0.831525,3483.68,2398.82,30.7816,1.00061,2,d_only
log_lik[655],-0.237333,0.00419935,0.20489,0.220438,-0.556385,-0.247038,0.113073,2488.41,2075.18,21.9874,1.0002,2,d_only
log_lik[656],0.787872,0.00129255,0.0652367,0.0635501,0.68369,0.786204,0.894887,2645.57,2431.21,23.3761,1.00045,2,d_only
log_lik[657],1.33388,0.00212686,0.118378,0.120029,1.14331,1.33027,1.53535,3094.72,2833.0,27.3448,1.00012,2,d_only
log_lik[658],0.631631,0.000777294,0.0462188,0.0453308,0.555617,0.631412,0.707133,3632.08,2584.9,32.0929,1.00113,2,d_only
log_lik[659],-0.118307,0.00110193,0.0644639,0.062104,-0.228988,-0.113978,-0.0201903,3446.92,3581.65,30.4568,0.999955,2,d_only
log_lik[660],-0.464192,0.00140308,0.0863978,0.0847322,-0.610557,-0.461037,-0.329726,3778.17,3517.02,33.3837,1.00065,2,d_only
log_lik[661],0.812719,0.00126013,0.0655554,0.0634406,0.707462,0.811923,0.920778,2784.03,2592.24,24.5995,1.00067,2,d_only
log_lik[662],0.299217,0.000755161,0.0397029,0.0406706,0.232826,0.299597,0.363346,2857.27,3086.54,25.2467,1.00128,2,d_only
log_lik[663],-1.09547,0.00134008,0.0823152,0.0796594,-1.22651,-1.09855,-0.955348,3881.76,3007.59,34.2991,1.00238,2,d_only
log_lik[664],1.32401,0.0021294,0.118598,0.120093,1.13283,1.32033,1.52585,3099.55,2834.14,27.3874,1.00015,2,d_only
log_lik[665],-0.0889285,0.00107324,0.0624015,0.0595017,-0.196733,-0.0848749,0.00610132,3406.09,3558.42,30.096,0.999992,2,d_only
log_lik[666],0.787872,0.00129255,0.0652367,0.0635501,0.68369,0.786204,0.894887,2645.57,2431.21,23.3761,1.00045,2,d_only
log_lik[667],-0.551122,0.00300782,0.133657,0.12486,-0.739948,-0.568597,-0.304751,2138.03,2010.24,18.8915,0.999787,2,d_only
log_lik[668],1.5353,0.00188533,0.0996682,0.102816,1.37127,1.5358,1.69638,2855.18,2417.47,25.2282,1.00009,2,d_only
log_lik[669],-0.0235946,0.00100915,0.0578277,0.0554052,-0.123435,-0.0195431,0.0644261,3363.15,3663.13,29.7166,1.0001,2,d_only
log_lik[670],0.135451,0.00126602,0.0786493,0.0755101,-0.00169902,0.140267,0.252792,3897.12,3546.87,34.4348,1.00001,2,d_only
log_lik[671],0.816089,0.000865648,0.0512835,0.0524368,0.733494,0.815738,0.901592,3514.19,3006.4,31.0513,1.00074,2,d_only
log_lik[672],0.013937,0.00432837,0.221857,0.233749,-0.361151,0.023198,0.366471,2618.86,2258.62,23.1401,1.00011,2,d_only
log_lik[673],0.753037,0.000979665,0.0564958,0.0549155,0.66009,0.753734,0.845032,3412.57,2499.07,30.1533,1.00056,2,d_only
log_lik[674],0.145352,0.00125309,0.0777872,0.0749882,0.00998141,0.150314,0.26157,3888.4,3514.18,34.3577,1.0,2,d_only
log_lik[675],-0.0248135,0.00210743,0.122571,0.123373,-0.22574,-0.0236075,0.173103,3535.51,3056.77,31.2396,1.0018,2,d_only
log_lik[676],0.520012,0.000833837,0.0498613,0.0485213,0.436806,0.521228,0.60042,3591.16,3079.11,31.7313,1.00031,2,d_only
log_lik[677],1.29885,0.00213445,0.119076,0.12028,1.10623,1.29624,1.50119,3111.09,2779.92,27.4894,1.00023,2,d_only
log_lik[678],-0.739099,0.00154285,0.0965997,0.0966482,-0.899181,-0.738894,-0.584413,3951.85,3222.23,34.9183,1.00089,2,d_only
log_lik[679],0.535961,0.000824445,0.0491892,0.0477227,0.454575,0.536776,0.614893,3574.87,3006.05,31.5874,1.00015,2,d_only
log_lik[680],-0.0831363,0.00153753,0.0968662,0.0934702,-0.25294,-0.077874,0.0627101,4010.62,3458.7,35.4377,1.00041,2,d_only
log_lik[681],-0.76154,0.00154896,0.0969917,0.0974536,-0.92226,-0.761689,-0.605881,3960.33,3222.63,34.9933,1.00071,2,d_only
log_lik[682],0.746321,0.000964339,0.0558155,0.0542095,0.654659,0.747007,0.837403,3454.82,2414.83,30.5266,1.00059,2,d_only
log_lik[683],1.38119,0.000947362,0.0483764,0.0466708,1.30023,1.38201,1.45822,2642.85,2564.29,23.3521,1.00128,2,d_only
log_lik[684],1.15853,0.00213854,0.120426,0.123389,0.963748,1.1558,1.36011,3182.07,2936.64,28.1166,0.999908,2,d_only
log_lik[685],1.51393,0.00134401,0.0675834,0.0682834,1.3983,1.51847,1.61645,2652.75,2438.54,23.4396,0.999478,2,d_only
log_lik[686],-1.26591,0.0013749,0.0729998,0.0735099,-1.39153,-1.26466,-1.14961,2865.57,2530.69,25.3201,1.00095,2,d_only
log_lik[687],0.138342,0.000855716,0.0472113,0.0466823,0.0575945,0.141332,0.210716,3121.5,3108.93,27.5814,1.00054,2,d_only
log_lik[688],0.339752,0.0021247,0.125284,0.125622,0.134491,0.340803,0.539571,3560.41,3237.85,31.4596,1.00106,2,d_only
log_lik[689],1.11202,0.00146797,0.0877319,0.074531,0.940543,1.12833,1.22494,3664.7,3263.1,32.3811,1.00033,2,d_only
log_lik[690],-1.25956,0.0013461,0.0715789,0.0718994,-1.38249,-1.25829,-1.1449,2874.94,2499.99,25.4028,1.00111,2,d_only
log_lik[691],1.12796,0.00213625,0.120559,0.122588,0.932084,1.12585,1.3296,3195.36,3044.28,28.2341,0.999775,2,d_only
log_lik[692],0.255466,0.00078185,0.0412588,0.0420289,0.186766,0.256465,0.320931,2898.22,3177.47,25.6086,1.00103,2,d_only
log_lik[693],0.533234,0.000721012,0.0407595,0.0407674,0.466526,0.533054,0.601369,3260.39,2713.29,28.8086,1.00156,2,d_only
log_lik[694],-0.107221,0.00109113,0.0636862,0.0613097,-0.216702,-0.103052,-0.0104996,3433.05,3547.95,30.3342,0.999965,2,d_only
log_lik[695],0.0249154,0.00140794,0.0881383,0.084219,-0.128657,0.0298324,0.156023,3964.09,3447.27,35.0265,1.00009,2,d_only
log_lik[696],0.85903,0.00090977,0.0538286,0.0556849,0.771467,0.858124,0.948039,3518.44,3130.02,31.0888,1.00081,2,d_only
log_lik[697],0.912285,0.000981277,0.0575531,0.0581827,0.81968,0.911287,1.00678,3517.6,3077.34,31.0813,1.00089,2,d_only
log_lik[698],-0.847332,0.00170951,0.110342,0.109309,-1.02502,-0.850898,-0.659245,4219.56,2953.02,37.2838,1.00125,2,d_only
log_lik[699],1.50506,0.00129391,0.064648,0.064602,1.39459,1.50945,1.60304,2618.93,2422.88,23.1407,0.999517,2,d_only
log_lik[700],0.227262,0.000794728,0.0424813,0.0427864,0.156573,0.22861,0.29363,2934.57,3098.68,25.9297,1.00089,2,d_only
log_lik[701],1.50707,0.00130477,0.0652808,0.0655571,1.39557,1.51145,1.60619,2625.88,2422.88,23.2022,0.999496,2,d_only
log_lik[702],1.08644,0.00127196,0.0716466,0.0712882,0.970632,1.08537,1.2047,3292.41,2724.03,29.0916,1.00097,2,d_only
log_lik[703],0.418083,0.000708716,0.038086,0.0383792,0.355387,0.418385,0.481763,2946.38,2894.23,26.0341,1.0017,2,d_only
log_lik[704],-0.13604,0.00111916,0.0657054,0.0634363,-0.24932,-0.131841,-0.0354211,3470.02,3551.07,30.661,1.00001,2,d_only
log_lik[705],1.00741,0.00113161,0.0652369,0.0652422,0.902067,1.00655,1.11344,3423.27,2892.28,30.2478,1.00092,2,d_only
log_lik[706],-0.0933628,0.00107758,0.062713,0.0598228,-0.201565,-0.0893754,0.00206476,3413.52,3558.42,30.1617,0.999984,2,d_only
log_lik[707],-1.06217,0.00150738,0.0934937,0.0934435,-1.2112,-1.06342,-0.907609,4002.86,2971.0,35.369,1.00029,2,d_only
log_lik[708],0.682941,0.000794796,0.0468842,0.0464948,0.606634,0.682656,0.760933,3488.48,2924.16,30.8241,1.00044,2,d_only
log_lik[709],-0.697769,0.00152978,0.0956794,0.0952792,-0.85635,-0.697738,-0.544882,3937.8,3143.41,34.7942,1.00097,2,d_only
log_lik[710],1.54007,0.00184723,0.0972989,0.09983,1.37876,1.54089,1.697,2843.66,2369.18,25.1264,1.00002,2,d_only
log_lik[711],-0.509666,0.00184967,0.118774,0.117649,-0.71327,-0.50619,-0.319981,4161.4,3207.02,36.77,1.00129,2,d_only
log_lik[712],0.964787,0.00106108,0.0616822,0.0617887,0.865229,0.963369,1.06701,3478.94,2981.95,30.7397,1.0009,2,d_only
log_lik[713],-0.718122,0.00138654,0.0735518,0.074014,-0.844815,-0.71631,-0.600349,2858.94,2522.17,25.2614,1.00095,2,d_only
log_lik[714],-1.33815,0.00226108,0.108222,0.110921,-1.50983,-1.34371,-1.15199,2316.16,2550.46,20.4655,1.00474,2,d_only
log_lik[715],-1.33199,0.00225758,0.107955,0.111086,-1.50389,-1.33715,-1.14747,2312.03,2577.27,20.429,1.00481,2,d_only
log_lik[716],-1.32934,0.00207193,0.100292,0.104756,-1.49324,-1.33144,-1.1632,2350.48,2410.33,20.7687,1.00488,2,d_only
log_lik[717],-0.718111,0.00138691,0.0735542,0.0739926,-0.844815,-0.716289,-0.600349,2857.72,2522.17,25.2507,1.00096,2,d_only
log_lik[718],-1.26367,0.0013513,0.072967,0.0736692,-1.38771,-1.26287,-1.14692,2966.23,2553.15,26.2094,1.00135,2,d_only
log_lik[719],-1.25937,0.00134194,0.0729618,0.0738846,-1.38359,-1.25866,-1.14111,2997.07,2669.06,26.482,1.00171,2,d_only
log_lik[720],-1.2624,0.00134848,0.072509,0.0731166,-1.38556,-1.26133,-1.14622,2937.03,2555.55,25.9515,1.00143,2,d_only
log_lik[721],-0.718027,0.00138847,0.0735761,0.0740272,-0.844662,-0.716072,-0.600349,2853.15,2522.17,25.2103,1.00098,2,d_only
log_lik[722],-0.718149,0.00138553,0.0735513,0.074111,-0.844815,-0.716359,-0.60035,2862.88,2522.17,25.2963,1.00093,2,d_only
log_lik[723],-1.44134,0.00153031,0.0792912,0.0808184,-1.57245,-1.44115,-1.3129,2689.41,2744.23,23.7635,1.00214,2,d_only
log_lik[724],-1.38464,0.00198948,0.0976507,0.0988957,-1.54081,-1.38932,-1.21843,2436.89,2620.06,21.5323,1.00393,2,d_only
log_lik[725],-1.26612,0.00136594,0.0731897,0.0742114,-1.39037,-1.26509,-1.14918,2920.68,2530.42,25.807,1.00097,2,d_only
log_lik[726],-0.7181,0.0013862,0.0735589,0.0739928,-0.844815,-0.716126,-0.600348,2861.06,2522.17,25.2802,1.00096,2,d_only
log_lik[727],-1.36166,0.00215584,0.104209,0.105793,-1.52687,-1.36818,-1.18162,2361.95,2599.55,20.87,1.00439,2,d_only
log_lik[728],-1.41163,0.00177339,0.0887851,0.0907327,-1.55378,-1.41539,-1.2658,2529.2,2527.7,22.3479,1.0032,2,d_only
log_lik[729],-0.718146,0.00138565,0.0735507,0.074111,-0.844815,-0.716359,-0.600349,2862.38,2522.17,25.2918,1.00094,2,d_only
log_lik[730],-0.718142,0.00138581,0.0735502,0.074111,-0.844815,-0.716357,-0.600349,2861.67,2522.17,25.2856,1.00095,2,d_only
log_lik[731],-1.26277,0.00134808,0.0729385,0.073794,-1.387,-1.2621,-1.14618,2974.9,2553.01,26.2861,1.00135,2,d_only
log_lik[732],-1.26177,0.00134545,0.0729292,0.0739912,-1.38589,-1.26115,-1.14451,2982.84,2553.69,26.3562,1.00134,2,d_only
log_lik[733],-0.718132,0.00138617,0.0735503,0.0740357,-0.844815,-0.716325,-0.600349,2860.2,2522.17,25.2726,1.00095,2,d_only
log_lik[734],-1.25834,0.00134113,0.0729775,0.0743189,-1.38273,-1.25763,-1.14056,3002.87,2632.25,26.5332,1.00184,2,d_only
log_lik[735],-0.718088,0.00138755,0.0735604,0.074019,-0.844815,-0.716104,-0.600349,2855.48,2522.17,25.2309,1.00098,2,d_only
log_lik[736],-1.36094,0.00166468,0.0829051,0.0852966,-1.49931,-1.36093,-1.22674,2477.79,2325.62,21.8936,1.00418,2,d_only
log_lik[737],-0.718135,0.00138608,0.0735501,0.0740399,-0.844815,-0.716328,-0.600349,2860.5,2522.17,25.2752,1.00096,2,d_only
log_lik[738],-1.25777,0.00134068,0.0729785,0.074364,-1.38185,-1.25719,-1.14001,3005.27,2631.84,26.5544,1.00194,2,d_only
log_lik[739],-1.33887,0.00225991,0.108186,0.110825,-1.51063,-1.34447,-1.1526,2317.31,2550.46,20.4757,1.00473,2,d_only
log_lik[740],-0.71814,0.00138587,0.0735501,0.0740819,-0.844815,-0.716356,-0.600349,2861.38,2522.17,25.283,1.00096,2,d_only
log_lik[741],-0.718117,0.00138671,0.0735528,0.0739865,-0.844815,-0.716302,-0.600349,2858.45,2522.17,25.2571,1.00095,2,d_only
log_lik[742],-0.718028,0.00138848,0.073576,0.0740272,-0.844665,-0.716072,-0.600349,2853.13,2522.17,25.2101,1.00098,2,d_only
log_lik[743],-1.40096,0.00185986,0.0923534,0.0941999,-1.54947,-1.40453,-1.24585,2495.43,2527.9,22.0495,1.00351,2,d_only
log_lik[744],-0.718146,0.00138562,0.0735508,0.074111,-0.844815,-0.716359,-0.600349,2862.47,2522.17,25.2927,1.00094,2,d_only
log_lik[745],-0.7181,0.00138721,0.0735569,0.0739907,-0.844815,-0.716175,-0.600349,2856.53,2522.17,25.2402,1.00099,2,d_only
log_lik[746],-0.718032,0.00138849,0.0735755,0.0740272,-0.844687,-0.716072,-0.600349,2853.15,2522.17,25.2103,1.00098,2,d_only
log_lik[747],-1.26273,0.00134795,0.0729377,0.0738748,-1.38687,-1.26209,-1.14618,2974.92,2553.01,26.2863,1.00134,2,d_only
log_lik[748],-1.26542,0.0013606,0.0730982,0.0739545,-1.3899,-1.26451,-1.14882,2936.15,2513.83,25.9437,1.00098,2,d_only
log_lik[749],-1.26645,0.00136888,0.073243,0.0741027,-1.39115,-1.2654,-1.14918,2912.72,2530.42,25.7367,1.001,2,d_only
log_lik[750],-1.25929,0.00134187,0.0729633,0.0739676,-1.3835,-1.25857,-1.1411,2997.87,2669.06,26.489,1.00175,2,d_only
log_lik[751],-1.25617,0.00133712,0.0727836,0.0741183,-1.37928,-1.25544,-1.13841,3007.55,2632.23,26.5746,1.00178,2,d_only
log_lik[752],-0.718128,0.00138634,0.0735508,0.074027,-0.844815,-0.716319,-0.600349,2859.69,2522.17,25.2681,1.00095,2,d_only
log_lik[753],-1.42386,0.00167195,0.0847234,0.0859974,-1.56103,-1.42571,-1.28357,2578.74,2546.37,22.7856,1.00279,2,d_only
log_lik[754],-1.25849,0.00133507,0.072337,0.0730038,-1.3811,-1.25765,-1.14222,2978.47,2586.5,26.3176,1.00153,2,d_only
log_lik[755],-0.718127,0.00138636,0.0735509,0.0740259,-0.844815,-0.716318,-0.600349,2859.53,2522.17,25.2667,1.00095,2,d_only
log_lik[756],-0.718092,0.00138743,0.0735591,0.0740256,-0.844815,-0.716104,-0.600349,2855.94,2522.17,25.235,1.00098,2,d_only
log_lik[757],-0.718055,0.00138825,0.07357,0.0740271,-0.844814,-0.716072,-0.600349,2853.48,2522.17,25.2132,1.00098,2,d_only
log_lik[758],-1.26373,0.00135155,0.0729698,0.0736502,-1.38797,-1.26295,-1.14693,2965.36,2553.15,26.2018,1.00135,2,d_only
log_lik[759],-0.718091,0.00138748,0.0735596,0.0740256,-0.844815,-0.716104,-0.600349,2855.77,2522.17,25.2335,1.00098,2,d_only
log_lik[760],-0.718148,0.00138555,0.0735511,0.074111,-0.844815,-0.716359,-0.600349,2862.7,2522.17,25.2947,1.00094,2,d_only
log_lik[761],-1.32986,0.00206027,0.0997316,0.104118,-1.49304,-1.332,-1.16491,2356.0,2395.04,20.8175,1.00486,2,d_only
log_lik[762],-0.718147,0.0013856,0.0735509,0.074111,-0.844815,-0.716359,-0.600349,2862.62,2522.17,25.294,1.00094,2,d_only
log_lik[763],-0.718144,0.00138572,0.0735504,0.074111,-0.844815,-0.716358,-0.600349,2862.12,2522.17,25.2895,1.00095,2,d_only
log_lik[764],-0.718025,0.00138828,0.0735754,0.0740532,-0.844671,-0.716072,-0.600348,2853.93,2522.17,25.2172,1.00098,2,d_only
log_lik[765],-1.25961,0.00134217,0.0729571,0.0737736,-1.38385,-1.25873,-1.14117,2996.48,2650.39,26.4767,1.00172,2,d_only
log_lik[766],-0.718125,0.00138645,0.0735513,0.0740201,-0.844815,-0.716314,-0.600349,2859.3,2522.17,25.2647,1.00095,2,d_only
log_lik[767],-1.25831,0.00133478,0.0723449,0.0730037,-1.38109,-1.25747,-1.14199,2979.03,2594.57,26.3226,1.0015,2,d_only
log_lik[768],-1.25751,0.00134045,0.0729752,0.0744663,-1.38141,-1.25696,-1.13954,3007.77,2681.79,26.5765,1.00193,2,d_only
log_lik[769],-0.718115,0.00138678,0.0735532,0.0739865,-0.844815,-0.716298,-0.600349,2858.18,2522.17,25.2547,1.00096,2,d_only
log_lik[770],-0.718147,0.0013856,0.0735509,0.074111,-0.844815,-0.716359,-0.600349,2862.58,2522.17,25.2936,1.00094,2,d_only
log_lik[771],-1.34113,0.00188877,0.0917217,0.0947427,-1.49386,-1.34164,-1.18985,2400.21,2311.43,21.2081,1.0047,2,d_only
log_lik[772],-1.48316,0.00138188,0.0733425,0.0740676,-1.60909,-1.4818,-1.36615,2862.38,2538.87,25.2919,1.00083,2,d_only
log_lik[773],-0.71812,0.00138663,0.0735522,0.0740079,-0.844815,-0.716306,-0.600349,2858.74,2522.17,25.2597,1.00096,2,d_only
log_lik[774],-0.718128,0.00138634,0.0735508,0.0740269,-0.844815,-0.716319,-0.600349,2859.69,2522.17,25.2681,1.00096,2,d_only
log_lik[775],-0.71815,0.00138547,0.0735517,0.074111,-0.844815,-0.716359,-0.600534,2863.15,2530.64,25.2986,1.00093,2,d_only
log_lik[776],-1.25624,0.00133808,0.0728385,0.0741912,-1.37942,-1.25563,-1.13854,3008.66,2632.23,26.5844,1.00177,2,d_only
log_lik[777],-0.718149,0.00138553,0.0735513,0.074111,-0.844815,-0.716359,-0.600349,2862.88,2522.17,25.2962,1.00093,2,d_only
log_lik[778],-0.718148,0.00138557,0.073551,0.074111,-0.844815,-0.716359,-0.600349,2862.69,2522.17,25.2946,1.00094,2,d_only
log_lik[779],-1.37177,0.00157691,0.0793481,0.0807347,-1.50527,-1.37128,-1.24385,2525.38,2414.31,22.3142,1.00383,2,d_only
log_lik[780],-1.26342,0.00135386,0.0726383,0.0729407,-1.38692,-1.26246,-1.14697,2927.35,2555.79,25.8659,1.00121,2,d_only
log_lik[781],-0.718028,0.00138808,0.073574,0.0740532,-0.84471,-0.716072,-0.600348,2854.44,2522.17,25.2217,1.00099,2,d_only
log_lik[782],-1.35458,0.0021977,0.105847,0.107847,-1.52274,-1.36128,-1.17124,2342.65,2529.81,20.6995,1.00452,2,d_only
log_lik[783],-1.34502,0.00184014,0.0896677,0.092524,-1.49456,-1.34567,-1.19746,2415.16,2270.5,21.3402,1.00459,2,d_only
log_lik[784],-1.26027,0.0013429,0.0729447,0.0734451,-1.38488,-1.25951,-1.14218,2991.97,2660.49,26.4369,1.00168,2,d_only
log_lik[785],-0.718031,0.00138849,0.0735755,0.0740272,-0.844685,-0.716072,-0.600349,2853.13,2522.17,25.2101,1.00098,2,d_only
log_lik[786],-0.718146,0.00138562,0.0735508,0.074111,-0.844815,-0.716359,-0.600349,2862.47,2522.17,25.2927,1.00094,2,d_only
log_lik[787],-0.718147,0.00138562,0.0735508,0.074111,-0.844815,-0.716359,-0.600349,2862.5,2522.17,25.2929,1.00094,2,d_only
log_lik[788],-1.26445,0.00135486,0.0730111,0.0737075,-1.38894,-1.26354,-1.14779,2956.53,2552.88,26.1237,1.00128,2,d_only
log_lik[789],-0.71813,0.00138625,0.0735505,0.0740321,-0.844815,-0.716323,-0.600349,2859.92,2522.17,25.2701,1.00095,2,d_only
log_lik[790],-0.71814,0.00138588,0.0735501,0.0740816,-0.844815,-0.716356,-0.600349,2861.37,2522.17,25.2829,1.00096,2,d_only
log_lik[791],-0.718131,0.00138622,0.0735504,0.0740337,-0.844815,-0.716324,-0.600349,2859.95,2522.17,25.2704,1.00095,2,d_only
log_lik[792],-0.718148,0.00138556,0.0735511,0.074111,-0.844815,-0.716359,-0.600349,2862.71,2522.17,25.2947,1.00094,2,d_only
log_lik[793],-0.718128,0.00138634,0.0735508,0.074027,-0.844815,-0.716319,-0.600349,2859.69,2522.17,25.2681,1.00095,2,d_only
log_lik[794],-0.718132,0.0013862,0.0735504,0.0740345,-0.844815,-0.716324,-0.600349,2860.02,2522.17,25.271,1.00095,2,d_only
log_lik[795],-0.71814,0.00138589,0.0735501,0.0740814,-0.844815,-0.716356,-0.600349,2861.35,2522.17,25.2828,1.00096,2,d_only
log_lik[796],-0.718072,0.00138791,0.073565,0.0740239,-0.844815,-0.716092,-0.600349,2854.16,2522.17,25.2193,1.001,2,d_only
log_lik[797],-1.34053,0.00225643,0.10807,0.110875,-1.51188,-1.34622,-1.15419,2318.73,2532.96,20.4882,1.00471,2,d_only
log_lik[798],-0.718129,0.00138631,0.0735507,0.074029,-0.844815,-0.716321,-0.600349,2859.8,2522.17,25.2691,1.00095,2,d_only
log_lik[799],-1.26159,0.00134472,0.0724289,0.0727038,-1.38527,-1.26058,-1.14593,2946.42,2555.55,26.0344,1.00152,2,d_only
log_lik[800],-0.718149,0.00138551,0.0735514,0.074111,-0.844815,-0.716359,-0.600355,2862.96,2522.17,25.297,1.00093,2,d_only
log_lik[801],-1.33115,0.00225405,0.107789,0.110999,-1.5032,-1.33609,-1.14764,2311.57,2542.79,20.4249,1.00482,2,d_only
log_lik[802],-1.26319,0.00134947,0.0729491,0.0733831,-1.38714,-1.26219,-1.14666,2970.86,2553.33,26.2504,1.00132,2,d_only
log_lik[803],-0.718143,0.00138574,0.0735503,0.074111,-0.844815,-0.716358,-0.600349,2862.04,2522.17,25.2889,1.00095,2,d_only
log_lik[804],-1.3277,0.00221147,0.105925,0.109876,-1.49818,-1.33155,-1.15077,2315.54,2517.71,20.46,1.00488,2,d_only
log_lik[805],-0.718135,0.00138608,0.0735501,0.0740399,-0.844815,-0.716328,-0.600349,2860.5,2522.17,25.2752,1.00096,2,d_only
log_lik[806],-0.718133,0.00138614,0.0735502,0.0740372,-0.844815,-0.716326,-0.600349,2860.36,2522.17,25.274,1.00095,2,d_only
log_lik[807],-1.32812,0.0022225,0.106398,0.110025,-1.49904,-1.33217,-1.1495,2314.42,2534.23,20.4501,1.00488,2,d_only
log_lik[808],-1.3679,0.00160646,0.0805375,0.0822371,-1.50285,-1.36716,-1.23741,2506.91,2415.62,22.151,1.00396,2,d_only
log_lik[809],-0.718112,0.00138685,0.0735538,0.073991,-0.844815,-0.716293,-0.600349,2857.9,2522.17,25.2523,1.00095,2,d_only
log_lik[810],-0.718141,0.00138584,0.0735501,0.0741107,-0.844815,-0.716357,-0.600349,2861.55,2522.17,25.2845,1.00096,2,d_only
log_lik[811],-1.38346,0.00149871,0.0762429,0.0775489,-1.51162,-1.38315,-1.25967,2576.79,2549.59,22.7684,1.00341,2,d_only
log_lik[812],-0.718112,0.00138687,0.0735539,0.0739926,-0.844815,-0.716292,-0.600349,2857.86,2522.17,25.2519,1.00095,2,d_only
log_lik[813],-0.718143,0.00138578,0.0735502,0.074111,-0.844815,-0.716357,-0.600349,2861.85,2522.17,25.2872,1.00095,2,d_only
log_lik[814],-0.718145,0.0013857,0.0735504,0.074111,-0.844815,-0.716358,-0.600349,2862.21,2522.17,25.2903,1.00094,2,d_only
log_lik[815],-0.718025,0.0013883,0.0735755,0.0740532,-0.844667,-0.716072,-0.600348,2853.9,2522.17,25.2169,1.00099,2,d_only
log_lik[816],-0.718133,0.00138616,0.0735503,0.0740365,-0.844815,-0.716326,-0.600349,2860.34,2522.17,25.2738,1.00096,2,d_only
log_lik[817],-0.718047,0.00138741,0.0735684,0.0740285,-0.844803,-0.716092,-0.600348,2857.01,2522.17,25.2444,1.00099,2,d_only
log_lik[818],-1.26293,0.00135117,0.0725722,0.0728153,-1.3864,-1.26177,-1.14689,2932.67,2555.79,25.9129,1.00136,2,d_only
log_lik[819],-1.25776,0.00134068,0.0729784,0.0743648,-1.38183,-1.25719,-1.13998,3005.32,2631.84,26.5549,1.00193,2,d_only
log_lik[820],-0.718123,0.00138652,0.0735516,0.0740159,-0.844815,-0.716312,-0.600349,2859.06,2522.17,25.2625,1.00095,2,d_only
log_lik[821],-0.718123,0.00138652,0.0735517,0.0740153,-0.844815,-0.716311,-0.600349,2859.04,2522.17,25.2624,1.00095,2,d_only
log_lik[822],-0.718118,0.00138668,0.0735525,0.074007,-0.844815,-0.716304,-0.600349,2858.58,2522.17,25.2583,1.00095,2,d_only
log_lik[823],-1.25617,0.00133654,0.0727423,0.0739946,-1.37925,-1.25575,-1.1384,3006.15,2612.57,26.5622,1.00172,2,d_only
log_lik[824],-0.718138,0.00138597,0.0735501,0.0740636,-0.844815,-0.716344,-0.600349,2861.06,2522.17,25.2801,1.00097,2,d_only
log_lik[825],-0.718124,0.00138647,0.0735514,0.0740189,-0.844815,-0.716314,-0.600349,2859.18,2522.17,25.2636,1.00095,2,d_only
log_lik[826],-0.718148,0.00138555,0.0735511,0.074111,-0.844815,-0.716359,-0.600349,2862.7,2522.17,25.2947,1.00094,2,d_only
log_lik[827],-0.718128,0.00138633,0.0735508,0.0740279,-0.844815,-0.71632,-0.600349,2859.75,2522.17,25.2687,1.00095,2,d_only
log_lik[828],-0.718126,0.00138639,0.073551,0.0740242,-0.844815,-0.716317,-0.600349,2859.4,2522.17,25.2655,1.00094,2,d_only
log_lik[829],-1.25725,0.00134019,0.0729684,0.074606,-1.38088,-1.25673,-1.1393,3007.96,2681.79,26.5782,1.00189,2,d_only
log_lik[830],-0.718124,0.00138649,0.0735515,0.0740177,-0.844815,-0.716313,-0.600349,2859.11,2522.17,25.2629,1.00095,2,d_only
log_lik[831],-0.718148,0.00138556,0.0735511,0.074111,-0.844815,-0.716359,-0.600349,2862.72,2522.17,25.2948,1.00094,2,d_only
log_lik[832],-1.41999,0.00135049,0.0706433,0.072069,-1.53864,-1.41962,-1.30565,2766.18,2643.82,24.4418,1.00208,2,d_only
log_lik[833],-0.718072,0.00138792,0.0735651,0.0740239,-0.844815,-0.716092,-0.600349,2854.14,2522.17,25.219,1.001,2,d_only
log_lik[834],-0.718085,0.00138762,0.0735613,0.0740051,-0.844815,-0.716104,-0.600349,2855.16,2522.17,25.2281,1.00098,2,d_only
log_lik[835],-1.48367,0.00138363,0.0734388,0.0741325,-1.60986,-1.48209,-1.3664,2861.59,2530.64,25.2849,1.00088,2,d_only
log_lik[836],-0.718105,0.00138708,0.0735556,0.0739921,-0.844815,-0.716277,-0.600349,2857.01,2522.17,25.2444,1.00097,2,d_only
log_lik[837],-0.718143,0.00138575,0.0735503,0.074111,-0.844815,-0.716358,-0.600349,2862.03,2522.17,25.2888,1.00095,2,d_only
log_lik[838],-0.718143,0.00138577,0.0735503,0.074111,-0.844815,-0.716358,-0.600349,2861.91,2522.17,25.2877,1.00095,2,d_only
log_lik[839],-0.718068,0.00138687,0.073564,0.0740238,-0.844813,-0.716092,-0.600348,2858.97,2522.17,25.2617,1.00097,2,d_only
log_lik[840],-0.71815,0.00138545,0.0735519,0.074111,-0.844815,-0.71636,-0.600534,2863.21,2530.64,25.2992,1.00093,2,d_only
log_lik[841],-0.718147,0.00138558,0.073551,0.074111,-0.844815,-0.716359,-0.600349,2862.66,2522.17,25.2943,1.00094,2,d_only
log_lik[842],-0.718141,0.00138586,0.0735501,0.0740822,-0.844815,-0.716356,-0.600349,2861.45,2522.17,25.2837,1.00096,2,d_only
log_lik[843],-0.718133,0.00138615,0.0735503,0.0740368,-0.844815,-0.716326,-0.600349,2860.35,2522.17,25.274,1.00096,2,d_only
log_lik[844],-1.25781,0.00133421,0.0723765,0.0728888,-1.38055,-1.25694,-1.1411,2984.61,2577.06,26.3719,1.00147,2,d_only
log_lik[845],-0.718142,0.00138582,0.0735502,0.074111,-0.844815,-0.716357,-0.600349,2861.64,2522.17,25.2853,1.00096,2,d_only
log_lik[846],-0.718151,0.00138543,0.0735521,0.074111,-0.844815,-0.71636,-0.600534,2863.29,2530.64,25.2999,1.00093,2,d_only
log_lik[847],-0.71814,0.00138589,0.0735501,0.0740815,-0.844815,-0.716356,-0.600349,2861.38,2522.17,25.283,1.00096,2,d_only
log_lik[848],-0.718144,0.00138571,0.0735504,0.074111,-0.844815,-0.716358,-0.600349,2862.2,2522.17,25.2902,1.00095,2,d_only
log_lik[849],-0.718135,0.00138609,0.0735502,0.0740393,-0.844815,-0.716327,-0.600349,2860.56,2522.17,25.2757,1.00095,2,d_only
lp__,376.685,0.0556008,1.98806,1.89807,372.939,376.97,379.411,1306.22,2146.54,8.10599,1.00353,2,t0_only
t0[1],0.152391,0.000552239,0.018495,0.0175849,0.118166,0.15434,0.179591,1188.94,1247.0,7.37822,1.00003,2,t0_only
t0[2],0.234458,0.000519021,0.0173246,0.0165065,0.203362,0.236146,0.259676,1181.32,1482.63,7.33092,1.00039,2,t0_only
t0[3],0.266576,0.000493066,0.0164174,0.0154336,0.236807,0.268366,0.290934,1160.95,1668.4,7.2045,1.00055,2,t0_only
c,-0.2418,0.00136913,0.0533187,0.0531314,-0.329902,-0.241975,-0.154538,1548.08,1967.27,9.60691,1.00009,2,t0_only
d,2.00121,0.00592642,0.223955,0.225723,1.63819,1.99393,2.38419,1428.2,1786.83,8.863,1.00243,2,t0_only
B,0.767795,0.00538195,0.184479,0.180775,0.504913,0.742734,1.10833,1190.15,1606.47,7.38571,1.00385,2,t0_only
r,3.2582,0.0203785,0.753914,0.755883,2.13626,3.19352,4.61263,1371.93,1957.59,8.51377,1.00402,2,t0_only
p_lapse,0.151524,0.000600364,0.0279595,0.0278068,0.105805,0.15081,0.198517,2154.91,1940.39,13.3728,1.00182,2,t0_only
c_vec[1],-0.2418,0.00136913,0.0533187,0.0531314,-0.329902,-0.241975,-0.154538,1548.08,1967.27,9.60691,1.00009,2,t0_only
c_vec[2],-0.2418,0.00136913,0.0533187,0.0531314,-0.329902,-0.241975,-0.154538,1548.08,1967.27,9.60691,1.00009,2,t0_only
c_vec[3],-0.2418,0.00136913,0.0533187,0.0531314,-0.329902,-0.241975,-0.154538,1548.08,1967.27,9.60691,1.00009,2,t0_only
d_vec[1],2.00121,0.00592642,0.223955,0.225723,1.63819,1.99393,2.38419,1428.2,1786.83,8.863,1.00243,2,t0_only
d_vec[2],2.00121,0.00592642,0.223955,0.225723,1.63819,1.99393,2.38419,1428.2,1786.83,8.863,1.00243,2,t0_only
d_vec[3],2.00121,0.00592642,0.223955,0.225723,1.63819,1.99393,2.38419,1428.2,1786.83,8.863,1.00243,2,t0_only
pk[1],0.891307,0.000561861,0.0224321,0.0220183,0.851467,0.893089,0.924956,1611.82,1972.08,10.0025,1.00271,2,t0_only
pk[2],0.891307,0.000561861,0.0224321,0.0220183,0.851467,0.893089,0.924956,1611.82,1972.08,10.0025,1.00271,2,t0_only
pk[3],0.891307,0.000561861,0.0224321,0.0220183,0.851467,0.893089,0.924956,1611.82,1972.08,10.0025,1.00271,2,t0_only
pf[1],0.225818,0.00104798,0.0380483,0.0377718,0.166548,0.223525,0.291271,1342.64,1635.1,8.332,1.00188,2,t0_only
pf[2],0.225818,0.00104798,0.0380483,0.0377718,0.166548,0.223525,0.291271,1342.64,1635.1,8.332,1.00188,2,t0_only
pf[3],0.225818,0.00104798,0.0380483,0.0377718,0.166548,0.223525,0.291271,1342.64,1635.1,8.332,1.00188,2,t0_only
vk[1],2.88999,0.0165129,0.607135,0.617679,1.96973,2.8394,3.97134,1357.39,1989.29,8.42359,1.00359,2,t0_only
vk[2],2.88999,0.0165129,0.607135,0.617679,1.96973,2.8394,3.97134,1357.39,1989.29,8.42359,1.00359,2,t0_only
vk[3],2.88999,0.0165129,0.607135,0.617679,1.96973,2.8394,3.97134,1357.39,1989.29,8.42359,1.00359,2,t0_only
vf[1],0.759242,0.00806431,0.289563,0.277004,0.362387,0.715272,1.30498,1305.83,1707.42,8.10359,1.00275,2,t0_only
vf[2],0.759242,0.00806431,0.289563,0.277004,0.362387,0.715272,1.30498,1305.83,1707.42,8.10359,1.00275,2,t0_only
vf[3],0.759242,0.00806431,0.289563,0.277004,0.362387,0.715272,1.30498,1305.83,1707.42,8.10359,1.00275,2,t0_only
sigma_k[1],0.559249,0.0028934,0.110147,0.111024,0.390317,0.551661,0.751732,1451.51,2037.97,9.00765,1.00367,2,t0_only
sigma_k[2],0.559249,0.0028934,0.110147,0.111024,0.390317,0.551661,0.751732,1451.51,2037.97,9.00765,1.00367,2,t0_only
sigma_k[3],0.559249,0.0028934,0.110147,0.111024,0.390317,0.551661,0.751732,1451.51,2037.97,9.00765,1.00367,2,t0_only
sigma_f[1],0.749555,0.00347627,0.125509,0.128788,0.549337,0.744534,0.965756,1315.55,1811.28,8.16395,1.00323,2,t0_only
sigma_f[2],0.749555,0.00347627,0.125509,0.128788,0.549337,0.744534,0.965756,1315.55,1811.28,8.16395,1.00323,2,t0_only
sigma_f[3],0.749555,0.00347627,0.125509,0.128788,0.549337,0.744534,0.965756,1315.55,1811.28,8.16395,1.00323,2,t0_only
log_lik[1],1.22975,0.000909807,0.0549545,0.0533313,1.13719,1.23042,1.31969,3678.76,3481.13,22.8293,1.00045,2,t0_only
log_lik[2],1.11261,0.00128444,0.0737358,0.0732298,0.9865,1.11519,1.2309,3332.29,3360.84,20.6792,1.00048,2,t0_only
log_lik[3],1.15621,0.00120839,0.0679971,0.0684382,1.04002,1.15858,1.26461,3204.77,3455.39,19.8879,1.00037,2,t0_only
log_lik[4],1.25354,0.000993239,0.054126,0.0549896,1.16189,1.2543,1.33888,3020.21,3426.96,18.7425,1.00057,2,t0_only
log_lik[5],-0.513463,0.00434873,0.257942,0.260516,-0.959467,-0.503422,-0.107611,3590.75,3318.71,22.2831,1.00036,2,t0_only
log_lik[6],0.804645,0.0017017,0.110972,0.111856,0.612568,0.808324,0.982928,4293.93,3075.68,26.6468,1.001,2,t0_only
log_lik[7],1.27604,0.000651176,0.0391216,0.0392514,1.21112,1.27598,1.33947,3693.46,2385.95,22.9205,1.00073,2,t0_only
log_lik[8],1.05604,0.00167367,0.085902,0.0832304,0.904613,1.06085,1.18648,2675.74,3011.2,16.6049,1.00145,2,t0_only
log_lik[9],1.23143,0.00090714,0.0547451,0.0531973,1.13899,1.23206,1.32098,3673.07,3450.14,22.794,1.00045,2,t0_only
log_lik[10],1.34098,0.000547863,0.0359892,0.0360869,1.28115,1.34097,1.3999,4400.15,2173.66,27.3061,1.00215,2,t0_only
log_lik[11],0.921406,0.00119753,0.0593551,0.0592923,0.822433,0.922317,1.01923,2468.59,2770.4,15.3193,1.00036,2,t0_only
log_lik[12],-0.63561,0.00424776,0.266766,0.263912,-1.09447,-0.625422,-0.227865,4149.61,2445.3,25.7513,1.00014,2,t0_only
log_lik[13],0.897682,0.00194236,0.105942,0.103842,0.712223,0.904062,1.0596,3027.6,3065.92,18.7884,1.00123,2,t0_only
log_lik[14],1.35099,0.000544608,0.0356363,0.0354752,1.29119,1.35137,1.4094,4349.57,2301.36,26.9922,1.00176,2,t0_only
log_lik[15],1.33746,0.000561483,0.0358972,0.0347677,1.2775,1.33711,1.39862,4138.23,2311.6,25.6806,1.00028,2,t0_only
log_lik[16],1.28454,0.000617167,0.0396126,0.0389054,1.21804,1.28494,1.34942,4181.91,3050.42,25.9517,1.00055,2,t0_only
log_lik[17],1.03993,0.001705,0.0880375,0.0855773,0.885502,1.04502,1.1751,2708.92,2932.81,16.8108,1.00132,2,t0_only
log_lik[18],1.03489,0.00098165,0.0508348,0.0506004,0.946199,1.0369,1.11591,2763.59,2886.28,17.15,1.00075,2,t0_only
log_lik[19],1.10372,0.000736674,0.0434837,0.0453391,1.03278,1.10318,1.17586,3508.38,3016.29,21.772,0.999993,2,t0_only
log_lik[20],0.763508,0.00131268,0.0646065,0.0640429,0.654968,0.764301,0.868928,2431.51,2849.13,15.0892,1.00074,2,t0_only
log_lik[21],-0.395246,0.00120938,0.0744146,0.0727761,-0.522357,-0.392643,-0.277545,3859.18,3446.72,23.9489,1.00017,2,t0_only
log_lik[22],1.01323,0.00175467,0.0915213,0.0890886,0.85287,1.01848,1.15275,2766.6,3002.33,17.1687,1.00125,2,t0_only
log_lik[23],1.24443,0.000629418,0.03949,0.0406096,1.18005,1.24391,1.30934,3988.47,2445.26,24.7513,1.00084,2,t0_only
log_lik[24],1.0538,0.00137578,0.0811962,0.0808823,0.914803,1.05685,1.18438,3524.39,3267.07,21.8713,1.00107,2,t0_only
log_lik[25],0.984997,0.00180442,0.0951346,0.0926416,0.818866,0.990257,1.13041,2828.82,3138.63,17.5549,1.00125,2,t0_only
log_lik[26],1.08863,0.00132291,0.0768121,0.076458,0.957354,1.09154,1.21261,3409.31,3332.73,21.1572,1.0008,2,t0_only
log_lik[27],1.34836,0.000545095,0.0357248,0.0358218,1.28865,1.34852,1.40679,4372.13,2211.18,27.1322,1.00179,2,t0_only
log_lik[28],0.651246,0.00190169,0.128745,0.128318,0.43184,0.655625,0.85588,4649.71,3259.29,28.8548,1.0008,2,t0_only
log_lik[29],1.34737,0.000545358,0.0357592,0.0356646,1.28747,1.34731,1.40592,4371.53,2261.7,27.1285,1.00191,2,t0_only
log_lik[30],1.2276,0.00064424,0.0400327,0.0408209,1.16285,1.22739,1.29392,3907.11,2329.0,24.2464,1.00063,2,t0_only
log_lik[31],1.31867,0.000742905,0.0436046,0.0435736,1.24789,1.31927,1.39015,3483.21,3263.34,21.6158,0.999869,2,t0_only
log_lik[32],1.27121,0.000605101,0.0385813,0.0395158,1.20783,1.27035,1.33447,4125.59,2204.08,25.6022,1.00136,2,t0_only
log_lik[33],-0.272351,0.00113461,0.0716416,0.0697243,-0.396392,-0.26948,-0.158274,4067.81,3352.07,25.2436,1.00034,2,t0_only
log_lik[34],1.31898,0.000573248,0.0365776,0.0365509,1.25883,1.31873,1.3795,4138.82,2435.3,25.6843,1.0004,2,t0_only
log_lik[35],0.892708,0.00159177,0.100655,0.100875,0.719709,0.897045,1.05439,4027.55,3128.0,24.9938,1.00089,2,t0_only
log_lik[36],-1.83527,0.00512985,0.250996,0.242478,-2.23052,-1.84642,-1.39655,2432.7,2714.46,15.0966,1.00079,2,t0_only
log_lik[37],1.25299,0.000691194,0.0420652,0.0410576,1.18262,1.25317,1.32184,3748.76,3061.8,23.2637,1.00059,2,t0_only
log_lik[38],1.30088,0.000934045,0.0470298,0.0462301,1.21976,1.30282,1.37496,2570.15,2608.22,15.9496,1.00041,2,t0_only
log_lik[39],0.717397,0.00216066,0.127079,0.123996,0.49744,0.723867,0.913113,3515.27,3190.78,21.8147,1.00148,2,t0_only
log_lik[40],-0.241507,0.00111807,0.0709678,0.0691103,-0.364348,-0.238837,-0.128648,4109.49,3321.34,25.5023,1.00047,2,t0_only
log_lik[41],1.09989,0.00110726,0.0708907,0.0708369,0.978923,1.10209,1.21212,4108.06,3600.52,25.4934,1.00088,2,t0_only
log_lik[42],1.26953,0.00107914,0.0532533,0.0517794,1.17561,1.2715,1.35249,2442.15,2904.25,15.1553,1.00063,2,t0_only
log_lik[43],1.33799,0.000562141,0.0358991,0.0348251,1.27795,1.33771,1.39891,4127.08,2251.79,25.6115,1.00028,2,t0_only
log_lik[44],0.0790944,0.00292641,0.194966,0.196889,-0.255207,0.0873322,0.381935,4546.58,3408.88,28.2147,1.00058,2,t0_only
log_lik[45],1.1469,0.00122541,0.0692415,0.0693651,1.02892,1.14928,1.25751,3228.54,3454.56,20.0353,1.00031,2,t0_only
log_lik[46],0.0263035,0.00304486,0.20102,0.203437,-0.315299,0.0351473,0.337687,4464.92,3358.29,27.708,1.00043,2,t0_only
log_lik[47],1.34069,0.000548001,0.0359996,0.036123,1.28089,1.34066,1.39957,4401.57,2173.66,27.3149,1.00216,2,t0_only
log_lik[48],0.204593,0.00266072,0.180469,0.17948,-0.105493,0.213108,0.486772,4711.3,3320.83,29.2369,1.00057,2,t0_only
log_lik[49],1.33933,0.000649256,0.0384848,0.0384352,1.27563,1.33948,1.40304,3549.17,2789.85,22.0251,0.999977,2,t0_only
log_lik[50],1.30804,0.000571794,0.0372392,0.0382754,1.24768,1.30747,1.36931,4299.19,2226.0,26.6795,1.0023,2,t0_only
log_lik[51],1.07229,0.000755367,0.0442435,0.0460673,0.999943,1.07171,1.14569,3457.34,2873.54,21.4553,0.99997,2,t0_only
log_lik[52],1.15107,0.00121784,0.0686851,0.0690499,1.03375,1.15326,1.26059,3216.8,3392.68,19.9625,1.00032,2,t0_only
log_lik[53],1.30915,0.000885821,0.0452192,0.0442545,1.23232,1.31064,1.38012,2646.3,2501.37,16.4222,1.00026,2,t0_only
log_lik[54],1.33042,0.000719416,0.0397855,0.0394034,1.26364,1.3308,1.39478,3085.6,2758.47,19.1483,1.00018,2,t0_only
log_lik[55],0.997075,0.00178346,0.0935971,0.0911566,0.833381,1.00233,1.14049,2801.41,3014.01,17.3847,1.00126,2,t0_only
log_lik[56],1.30816,0.000563514,0.0377471,0.036815,1.24417,1.30839,1.37037,4536.52,2468.04,28.1523,1.00044,2,t0_only
log_lik[57],1.25072,0.000623774,0.0392817,0.0402349,1.18666,1.25013,1.31532,4014.98,2386.4,24.9158,1.00098,2,t0_only
log_lik[58],0.749799,0.00115245,0.060131,0.0594475,0.646662,0.751435,0.844888,2788.21,2998.7,17.3028,1.00121,2,t0_only
log_lik[59],0.529125,0.00239837,0.148222,0.144974,0.269676,0.537623,0.758391,3898.04,3051.23,24.1901,1.00129,2,t0_only
log_lik[60],1.20002,0.00080296,0.0457956,0.0453782,1.12395,1.2005,1.27534,3281.82,2905.6,20.366,1.00059,2,t0_only
log_lik[61],-0.52448,0.00130692,0.0776223,0.0752673,-0.654963,-0.52268,-0.400414,3581.49,3242.58,22.2257,1.00025,2,t0_only
log_lik[62],1.15051,0.000705366,0.0422772,0.0438813,1.0818,1.15002,1.22053,3629.08,2809.98,22.521,1.00011,2,t0_only
log_lik[63],0.130412,0.00291589,0.191649,0.189118,-0.209447,0.140692,0.426537,4432.95,2800.7,27.5096,1.00084,2,t0_only
log_lik[64],0.171469,0.000959348,0.0622245,0.0619791,0.0662938,0.173584,0.27176,4269.43,3528.87,26.4948,0.999954,2,t0_only
log_lik[65],1.2888,0.000629597,0.0383478,0.0384712,1.22503,1.28877,1.35117,3782.67,2416.32,23.4741,1.00044,2,t0_only
log_lik[66],1.33969,0.000646062,0.0383786,0.0383916,1.27591,1.33979,1.40318,3571.71,2787.83,22.165,0.999969,2,t0_only
log_lik[67],0.0537101,0.00365357,0.200358,0.198617,-0.297883,0.0654513,0.363263,2999.33,3034.11,18.613,1.00009,2,t0_only
log_lik[68],0.438596,0.00141801,0.0732875,0.0726659,0.314884,0.440099,0.55804,2688.75,3056.45,16.6856,1.00125,2,t0_only
log_lik[69],0.27221,0.00252753,0.172628,0.172156,-0.0226689,0.280743,0.542957,4783.78,3322.17,29.6867,1.00049,2,t0_only
log_lik[70],0.616754,0.00194982,0.132729,0.131504,0.391296,0.621405,0.827189,4693.14,3277.31,29.1242,1.00085,2,t0_only
log_lik[71],-1.11066,0.00510473,0.29336,0.296429,-1.59536,-1.10548,-0.648026,3382.63,2483.45,20.9916,0.999975,2,t0_only
log_lik[72],1.11692,0.000728275,0.0431532,0.0449722,1.04696,1.11637,1.18867,3535.6,3065.02,21.9409,1.00002,2,t0_only
log_lik[73],0.54263,0.00238164,0.146724,0.143538,0.287308,0.550927,0.769173,3871.62,3075.48,24.0261,1.00138,2,t0_only
log_lik[74],1.32971,0.000554606,0.0364133,0.0369986,1.27021,1.32973,1.38874,4393.05,2194.67,27.262,1.00246,2,t0_only
log_lik[75],1.25963,0.000858731,0.0512098,0.0496824,1.17352,1.25999,1.34363,3586.65,3417.97,22.2577,1.00027,2,t0_only
log_lik[76],-0.261095,0.00352684,0.232468,0.229313,-0.668062,-0.248574,0.0935193,4479.97,2683.13,27.8014,1.00067,2,t0_only
log_lik[77],1.23801,0.00063512,0.0396994,0.0406328,1.17347,1.23764,1.30345,3956.49,2404.46,24.5528,1.00078,2,t0_only
log_lik[78],1.34546,0.000676442,0.0399514,0.0398416,1.28001,1.34563,1.41076,3526.95,2910.85,21.8872,0.999747,2,t0_only
log_lik[79],-1.48148,0.00581943,0.272867,0.278008,-1.91153,-1.49331,-1.01524,2210.87,2944.17,13.72,1.00111,2,t0_only
log_lik[80],0.844802,0.0012606,0.062035,0.0621954,0.741,0.845196,0.945576,2434.48,2720.13,15.1077,1.00041,2,t0_only
log_lik[81],0.182172,0.000956463,0.0620026,0.0616499,0.0774638,0.18408,0.282162,4265.01,3364.6,26.4674,0.99998,2,t0_only
log_lik[82],1.23182,0.00104892,0.0573973,0.0581447,1.13396,1.23331,1.32239,3044.8,3720.91,18.8952,1.0008,2,t0_only
log_lik[83],0.787382,0.00167107,0.109112,0.1079,0.601979,0.794769,0.957519,4278.21,3585.37,26.5493,1.00054,2,t0_only
log_lik[84],1.01313,0.00143519,0.0862171,0.0863666,0.864349,1.0162,1.15113,3654.69,3246.73,22.6799,1.00126,2,t0_only
log_lik[85],1.33934,0.000564442,0.0359204,0.0348719,1.27974,1.33919,1.4,4098.89,2500.32,25.4365,1.00027,2,t0_only
log_lik[86],1.21797,0.000766992,0.0445884,0.044177,1.14313,1.2183,1.29104,3408.65,2883.41,21.1531,1.00048,2,t0_only
log_lik[87],1.25426,0.0011413,0.0560405,0.0552071,1.15479,1.25651,1.34102,2419.65,2958.41,15.0156,1.00079,2,t0_only
log_lik[88],0.985686,0.000798157,0.0461784,0.0482675,0.910576,0.985189,1.06185,3380.53,3114.34,20.9786,0.9999,2,t0_only
log_lik[89],1.3422,0.000575269,0.0361215,0.0351195,1.28316,1.34202,1.40253,3989.57,2626.39,24.7581,1.00021,2,t0_only
log_lik[90],0.643955,0.00191174,0.129587,0.128782,0.422896,0.648403,0.849924,4652.18,3258.66,28.8701,1.00085,2,t0_only
log_lik[91],0.134757,0.00340535,0.190687,0.187483,-0.198316,0.14778,0.428419,3131.06,3096.18,19.4304,1.00008,2,t0_only
log_lik[92],1.30639,0.000823039,0.0454043,0.0460044,1.23092,1.30657,1.37925,3090.17,3080.25,19.1767,1.00026,2,t0_only
log_lik[93],-0.930914,0.00151161,0.0956876,0.0940171,-1.09274,-0.928782,-0.776164,4049.42,3459.48,25.1295,1.0014,2,t0_only
log_lik[94],0.908707,0.00157167,0.0987638,0.0987532,0.738527,0.913053,1.0678,3979.2,3208.01,24.6937,1.00093,2,t0_only
log_lik[95],1.22784,0.00123705,0.0606037,0.0586273,1.11961,1.2308,1.32131,2414.39,2831.97,14.983,1.00082,2,t0_only
log_lik[96],1.30606,0.00090446,0.0459075,0.0450993,1.22738,1.30778,1.37821,2614.84,2538.01,16.2269,1.00035,2,t0_only
log_lik[97],1.17612,0.000686376,0.0415712,0.042463,1.10869,1.17567,1.24552,3706.72,2903.17,23.0028,1.00036,2,t0_only
log_lik[98],1.16955,0.000826356,0.0449811,0.0449316,1.09227,1.17135,1.24043,3050.46,2692.49,18.9303,1.00072,2,t0_only
log_lik[99],1.34141,0.00062885,0.0378222,0.0375666,1.27852,1.34167,1.404,3657.14,2704.15,22.6951,1.00001,2,t0_only
log_lik[100],0.629209,0.00193227,0.131291,0.12971,0.405497,0.633588,0.837572,4670.21,3249.43,28.982,1.00078,2,t0_only
log_lik[101],1.32029,0.000571145,0.0365086,0.0365855,1.26039,1.32007,1.38099,4153.82,2451.3,25.7774,1.00039,2,t0_only
log_lik[102],1.28217,0.000640795,0.0387508,0.0388418,1.21773,1.2822,1.34522,3738.46,2383.29,23.1998,1.00059,2,t0_only
log_lik[103],1.14803,0.00090774,0.048993,0.0492303,1.06728,1.14824,1.22784,2957.18,2740.01,18.3514,1.00072,2,t0_only
log_lik[104],1.28787,0.000589814,0.0379868,0.0390762,1.22565,1.28727,1.35015,4213.53,2317.47,26.1479,1.00181,2,t0_only
log_lik[105],1.20409,0.00066412,0.0407567,0.0414168,1.13798,1.20398,1.27189,3812.0,2545.18,23.6562,1.00057,2,t0_only
log_lik[106],1.16515,0.00142456,0.0705174,0.0685293,1.04103,1.16959,1.27113,2490.68,2742.97,15.4564,1.00166,2,t0_only
log_lik[107],1.10866,0.00109391,0.0698232,0.0697029,0.989854,1.11079,1.21985,4082.1,3500.98,25.3323,1.0008,2,t0_only
log_lik[108],1.24395,0.00118026,0.0578573,0.0564639,1.14079,1.24652,1.33303,2413.29,2754.21,14.9762,1.00101,2,t0_only
log_lik[109],0.844802,0.0012606,0.062035,0.0621954,0.741,0.845196,0.945576,2434.48,2720.13,15.1077,1.00041,2,t0_only
log_lik[110],1.15767,0.000700192,0.0420834,0.0437483,1.08948,1.15713,1.22741,3648.73,2676.99,22.6429,1.00024,2,t0_only
log_lik[111],0.927578,0.0013924,0.0918684,0.0913719,0.771402,0.933423,1.07304,4378.97,3443.51,27.1746,1.00087,2,t0_only
log_lik[112],1.2589,0.00061636,0.039006,0.0397129,1.19522,1.25813,1.32289,4054.91,2260.0,25.1636,1.00117,2,t0_only
log_lik[113],0.944648,0.0011755,0.0584805,0.0583553,0.847483,0.945576,1.04152,2486.34,2833.04,15.4295,1.0004,2,t0_only
log_lik[114],0.708359,0.00217247,0.12811,0.124938,0.487341,0.714935,0.905802,3533.78,3190.78,21.9296,1.00148,2,t0_only
log_lik[115],1.35618,0.000643549,0.0383836,0.0379929,1.29411,1.35617,1.41938,3591.53,2868.65,22.288,0.999836,2,t0_only
log_lik[116],0.0175745,0.00307938,0.203678,0.202694,-0.33912,0.0282713,0.331872,4497.07,2576.95,27.9075,1.00086,2,t0_only
log_lik[117],1.24601,0.000882541,0.0529228,0.0514516,1.15663,1.24643,1.33252,3626.63,3357.54,22.5058,1.00045,2,t0_only
log_lik[118],1.32144,0.000801373,0.0422924,0.0416946,1.24992,1.32278,1.38878,2817.88,2828.58,17.4869,1.00052,2,t0_only
log_lik[119],0.497603,0.00212867,0.1465,0.144944,0.247824,0.503074,0.729222,4819.89,3276.52,29.9109,1.0007,2,t0_only
log_lik[120],1.33523,0.00055985,0.0359163,0.0349845,1.27632,1.33476,1.39657,4175.25,2408.23,25.9104,1.0003,2,t0_only
log_lik[121],1.31841,0.000824119,0.0430486,0.0426614,1.24572,1.3198,1.38666,2765.37,2725.78,17.1611,1.00042,2,t0_only
log_lik[122],0.836353,0.00156834,0.103063,0.102215,0.661244,0.843418,0.998795,4337.86,3539.95,26.9195,1.00058,2,t0_only
log_lik[123],0.457853,0.0021932,0.151101,0.150365,0.199095,0.463962,0.69687,4836.71,3286.2,30.0152,1.00069,2,t0_only
log_lik[124],0.902975,0.00193519,0.1053,0.102927,0.718469,0.909227,1.06418,3015.3,3090.26,18.7121,1.00126,2,t0_only
log_lik[125],1.31533,0.000750302,0.0440471,0.0441003,1.2437,1.31581,1.38728,3483.9,3260.91,21.6201,0.999942,2,t0_only
log_lik[126],1.28285,0.000816176,0.048261,0.0474132,1.20356,1.28373,1.36145,3523.3,3216.69,21.8645,1.00057,2,t0_only
log_lik[127],1.05651,0.000962023,0.0499856,0.0497705,0.969607,1.05846,1.13668,2780.09,2770.75,17.2525,1.001,2,t0_only
log_lik[128],-0.680132,0.00143819,0.0929165,0.0918852,-0.836533,-0.677841,-0.529982,4220.63,3591.88,26.192,1.0014,2,t0_only
log_lik[129],0.611883,0.00137664,0.068888,0.0682017,0.496352,0.612628,0.724647,2515.52,2833.0,15.6106,1.00092,2,t0_only
log_lik[130],0.984105,0.00079883,0.046212,0.0482719,0.908798,0.983587,1.06033,3378.99,3114.34,20.969,0.999898,2,t0_only
log_lik[131],1.29197,0.000876301,0.0479312,0.0483506,1.2112,1.29192,1.36879,3041.43,3322.01,18.8743,1.00037,2,t0_only
log_lik[132],1.13985,0.000867109,0.0464011,0.0465021,1.05926,1.1417,1.21262,2957.24,2695.84,18.3517,1.00088,2,t0_only
log_lik[133],1.28015,0.000644207,0.0388729,0.0389738,1.21527,1.28013,1.34324,3722.55,2383.29,23.101,1.00061,2,t0_only
log_lik[134],1.05282,0.000965466,0.0501326,0.0500315,0.965644,1.05478,1.13314,2776.05,2774.6,17.2274,1.00094,2,t0_only
log_lik[135],1.18234,0.000681564,0.0413942,0.0422716,1.11545,1.18193,1.25164,3729.79,2765.06,23.146,1.0004,2,t0_only
log_lik[136],1.13504,0.00105407,0.0666078,0.066587,1.02122,1.13658,1.24142,4010.7,3470.41,24.8892,1.00037,2,t0_only
log_lik[137],-0.361547,0.00395011,0.243346,0.245849,-0.781553,-0.351871,0.0172542,3884.1,3245.41,24.1036,1.00032,2,t0_only
log_lik[138],1.26041,0.000614987,0.0389546,0.0396979,1.19672,1.25964,1.32433,4063.16,2260.0,25.2148,1.00108,2,t0_only
log_lik[139],1.32981,0.000714047,0.0408147,0.0413425,1.26267,1.33014,1.39669,3303.63,2873.28,20.5014,1.00018,2,t0_only
log_lik[140],1.0413,0.00170239,0.0878576,0.0853539,0.887072,1.04641,1.17625,2705.77,2932.81,16.7912,1.00133,2,t0_only
log_lik[141],1.29486,0.000583465,0.0377309,0.0388778,1.23334,1.29418,1.35659,4240.53,2288.04,26.3155,1.00205,2,t0_only
log_lik[142],-0.319436,0.00362866,0.238239,0.235137,-0.736125,-0.307746,0.041254,4442.26,2561.08,27.5674,1.00065,2,t0_only
log_lik[143],1.33582,0.000602107,0.036974,0.03679,1.2748,1.33632,1.39731,3870.77,2285.89,24.0209,1.00052,2,t0_only
log_lik[144],1.23624,0.00103806,0.056742,0.057447,1.1398,1.23764,1.32592,3038.15,3694.72,18.8539,1.00087,2,t0_only
log_lik[145],1.34291,0.000683533,0.0403115,0.0401137,1.27667,1.34298,1.40858,3514.09,2926.25,21.8074,0.999753,2,t0_only
log_lik[146],1.2515,0.000692569,0.0405798,0.0403445,1.18449,1.25189,1.31692,3504.2,2554.27,21.746,1.00055,2,t0_only
log_lik[147],0.115772,0.0012561,0.0765026,0.0754372,-0.0137219,0.118088,0.237334,3753.15,3361.83,23.2909,1.002,2,t0_only
log_lik[148],0.497603,0.00212867,0.1465,0.144944,0.247824,0.503074,0.729222,4819.89,3276.52,29.9109,1.0007,2,t0_only
log_lik[149],1.31757,0.000563801,0.0368775,0.0375905,1.25765,1.31722,1.37764,4348.69,2199.24,26.9867,1.00249,2,t0_only
log_lik[150],-0.236886,0.00453061,0.231717,0.234573,-0.633124,-0.225614,0.128288,2602.0,3484.86,16.1472,1.00015,2,t0_only
log_lik[151],1.1373,0.00124248,0.0705128,0.0703609,1.01701,1.13979,1.24978,3256.03,3391.62,20.206,1.00039,2,t0_only
log_lik[152],1.3268,0.000562354,0.0361938,0.0358994,1.26743,1.32646,1.38789,4186.83,2517.85,25.9823,1.00035,2,t0_only
log_lik[153],1.30535,0.000908644,0.046064,0.0452341,1.22623,1.30711,1.37799,2607.79,2538.01,16.1832,1.00038,2,t0_only
log_lik[154],1.27164,0.000837072,0.0496894,0.0485335,1.18928,1.27236,1.35305,3555.24,3360.78,22.0628,1.00036,2,t0_only
log_lik[155],1.28177,0.000641473,0.0387751,0.038795,1.2173,1.2818,1.34484,3733.57,2383.29,23.1695,1.00062,2,t0_only
log_lik[156],1.26674,0.00109098,0.0537733,0.0523869,1.17181,1.26888,1.3506,2435.13,2904.05,15.1117,1.00069,2,t0_only
log_lik[157],1.33718,0.000561189,0.0358973,0.0348379,1.27738,1.33682,1.39846,4145.41,2290.24,25.7252,1.00028,2,t0_only
log_lik[158],1.12534,0.000948611,0.050265,0.0505747,1.04294,1.12585,1.20779,2842.73,2739.35,17.6411,1.00075,2,t0_only
log_lik[159],1.36895,0.000562315,0.0354724,0.0347447,1.31047,1.36814,1.42878,4020.91,2221.26,24.9526,0.999911,2,t0_only
log_lik[160],1.0175,0.00142897,0.0856821,0.0855122,0.870159,1.02042,1.15467,3640.74,3211.91,22.5934,1.00121,2,t0_only
log_lik[161],1.1799,0.000845582,0.0470837,0.0469336,1.10153,1.18042,1.25687,3160.22,2700.53,19.6114,1.00052,2,t0_only
log_lik[162],1.34812,0.000545157,0.0357333,0.0358525,1.28834,1.34823,1.40658,4372.56,2211.18,27.1348,1.00178,2,t0_only
log_lik[163],1.18528,0.00115209,0.064038,0.0647855,1.07639,1.1875,1.28741,3128.59,3487.21,19.4151,1.00063,2,t0_only
log_lik[164],-0.256664,0.00351919,0.232025,0.228718,-0.662497,-0.244084,0.0973082,4482.13,2682.79,27.8148,1.00068,2,t0_only
log_lik[165],1.34334,0.000589797,0.0364805,0.0354539,1.28323,1.34335,1.40382,3864.0,2574.22,23.9788,1.00015,2,t0_only
log_lik[166],1.10161,0.000737983,0.0435358,0.0452825,1.03066,1.10094,1.17385,3504.08,2871.41,21.7453,0.999989,2,t0_only
log_lik[167],1.36284,0.000545036,0.0353331,0.0349768,1.30304,1.36307,1.42146,4241.08,2227.98,26.3189,1.0002,2,t0_only
log_lik[168],1.00129,0.00145138,0.0876619,0.0877035,0.850263,1.00454,1.14195,3692.6,3268.19,22.9152,1.00119,2,t0_only
log_lik[169],1.28785,0.000806597,0.0476199,0.0469556,1.20979,1.28874,1.36582,3515.68,3292.64,21.8173,1.0004,2,t0_only
log_lik[170],1.1586,0.00101868,0.0637292,0.0633384,1.05014,1.15995,1.26033,3923.91,3292.36,24.3507,1.00027,2,t0_only
log_lik[171],1.01687,0.000784126,0.0455044,0.0474044,0.942789,1.01641,1.09213,3394.9,2984.29,21.0678,0.999923,2,t0_only
log_lik[172],1.27768,0.000825916,0.0489219,0.0480173,1.19684,1.27876,1.35768,3535.26,3294.06,21.9388,1.00054,2,t0_only
log_lik[173],0.403092,0.00123334,0.069332,0.0692112,0.286096,0.405042,0.516175,3234.19,3065.87,20.0704,1.00217,2,t0_only
log_lik[174],0.584751,0.00232935,0.142038,0.138709,0.337821,0.59329,0.803943,3791.11,3151.25,23.5265,1.0016,2,t0_only
log_lik[175],1.31163,0.000586187,0.0369848,0.0372078,1.25051,1.3117,1.37308,4072.11,2528.38,25.2703,1.0004,2,t0_only
log_lik[176],1.35473,0.000544557,0.0355187,0.0354789,1.29498,1.35522,1.41286,4319.69,2298.76,26.8068,1.00124,2,t0_only
log_lik[177],1.31422,0.000790664,0.0439584,0.0448626,1.24183,1.3143,1.38468,3134.69,3145.6,19.453,1.00029,2,t0_only
log_lik[178],1.10444,0.000981614,0.0513782,0.0519413,1.0202,1.10517,1.18865,2770.38,2720.04,17.1922,1.00078,2,t0_only
log_lik[179],1.24364,0.000886601,0.0532188,0.0516699,1.15359,1.24398,1.33066,3635.02,3479.98,22.5579,1.00038,2,t0_only
log_lik[180],1.2467,0.000701296,0.0408583,0.040572,1.17895,1.24703,1.31253,3471.44,2714.65,21.5427,1.00046,2,t0_only
log_lik[181],-0.0626371,0.00103651,0.0671383,0.0656335,-0.177211,-0.0601076,0.0437009,4278.41,3468.42,26.5506,1.00085,2,t0_only
log_lik[182],-0.0798257,0.00129547,0.0812077,0.0792666,-0.218665,-0.0769509,0.0495714,3977.39,3163.67,24.6825,1.00187,2,t0_only
log_lik[183],1.09989,0.00110726,0.0708907,0.0708369,0.978923,1.10209,1.21212,4108.06,3600.52,25.4934,1.00088,2,t0_only
log_lik[184],0.481965,0.00245678,0.153433,0.150399,0.213385,0.490841,0.719467,3987.65,2941.94,24.7462,1.00124,2,t0_only
log_lik[185],1.33497,0.000590232,0.0366623,0.0363018,1.27431,1.3355,1.39591,3952.11,2157.99,24.5256,1.00043,2,t0_only
log_lik[186],1.36599,0.000603894,0.0367495,0.0364032,1.30616,1.36547,1.42699,3737.09,2866.18,23.1913,1.00002,2,t0_only
log_lik[187],1.05246,0.0013778,0.0813638,0.0810734,0.91302,1.05549,1.18325,3529.11,3267.07,21.9006,1.00106,2,t0_only
log_lik[188],1.35993,0.000630191,0.0377991,0.0377139,1.29836,1.35968,1.4223,3629.59,2922.96,22.5241,1.00005,2,t0_only
log_lik[189],1.35257,0.000544482,0.035585,0.0353857,1.29309,1.35291,1.4108,4338.1,2299.25,26.921,1.00153,2,t0_only
log_lik[190],1.23781,0.000717186,0.0413675,0.04118,1.16921,1.23845,1.30385,3403.3,2661.81,21.1199,1.00058,2,t0_only
log_lik[191],0.97521,0.00148622,0.0908216,0.090985,0.818565,0.978599,1.12139,3774.18,3057.05,23.4215,1.00115,2,t0_only
log_lik[192],1.30444,0.000574925,0.0373745,0.0386618,1.24376,1.30392,1.36564,4282.83,2172.41,26.578,1.00225,2,t0_only
log_lik[193],-0.548782,0.00152179,0.0947188,0.0928534,-0.710107,-0.54442,-0.398696,3914.36,3514.72,24.2914,1.00038,2,t0_only
log_lik[194],0.250718,0.00144294,0.0777606,0.0769542,0.119127,0.25259,0.375104,2918.5,2938.19,18.1114,1.00123,2,t0_only
log_lik[195],1.14127,0.000711886,0.0425233,0.0442722,1.07231,1.1406,1.21166,3599.66,2850.13,22.3385,1.00004,2,t0_only
log_lik[196],-0.217852,0.00132509,0.0843635,0.0831686,-0.362738,-0.215307,-0.0847776,4111.86,3272.27,25.517,1.00184,2,t0_only
log_lik[197],1.33197,0.000553081,0.0363273,0.0367881,1.2724,1.33201,1.39088,4397.59,2168.57,27.2902,1.00248,2,t0_only
log_lik[198],1.20762,0.000661204,0.0406505,0.0415271,1.1417,1.20762,1.27506,3826.69,2543.83,23.7473,1.00056,2,t0_only
log_lik[199],1.33582,0.000676403,0.0394215,0.0399625,1.2709,1.33616,1.40081,3434.67,2777.88,21.3146,0.99993,2,t0_only
log_lik[200],1.27647,0.000636365,0.0402524,0.0396677,1.20877,1.27682,1.34215,4060.17,2921.32,25.1962,1.00053,2,t0_only
log_lik[201],1.26733,0.000608655,0.0387163,0.0394873,1.20384,1.2666,1.33098,4106.6,2240.58,25.4844,1.00112,2,t0_only
log_lik[202],1.19695,0.00133512,0.065623,0.063603,1.0809,1.2008,1.29705,2456.53,2742.5,15.2445,1.00144,2,t0_only
log_lik[203],1.28657,0.000894624,0.0488428,0.0492772,1.20427,1.28683,1.36447,3032.16,3323.82,18.8167,1.00041,2,t0_only
log_lik[204],1.32611,0.000734269,0.0416054,0.0425265,1.25782,1.32663,1.39338,3253.66,2895.16,20.1913,1.00006,2,t0_only
log_lik[205],0.536351,0.00139806,0.0708522,0.070144,0.417191,0.537537,0.652749,2581.3,2920.69,16.0188,1.00098,2,t0_only
log_lik[206],1.3694,0.00056654,0.0355683,0.0350473,1.31093,1.36865,1.42922,3992.15,2367.78,24.7741,0.999979,2,t0_only
log_lik[207],1.04899,0.00118635,0.0770798,0.0767538,0.918002,1.05194,1.17129,4232.06,3690.54,26.2629,1.00099,2,t0_only
log_lik[208],-0.0633988,0.00146617,0.084914,0.0843322,-0.206394,-0.0609941,0.0713053,3373.67,3492.78,20.936,1.00091,2,t0_only
log_lik[209],1.24031,0.000712752,0.0412251,0.0408702,1.17205,1.24084,1.30627,3420.64,2661.81,21.2275,1.00058,2,t0_only
log_lik[210],1.24615,0.00101286,0.0552544,0.0559569,1.15245,1.24719,1.33346,3026.0,3589.13,18.7785,1.00073,2,t0_only
log_lik[211],1.25928,0.000676758,0.0415882,0.0405532,1.18984,1.25963,1.3274,3824.26,3037.94,23.7322,1.00047,2,t0_only
log_lik[212],0.978559,0.000801162,0.0463295,0.0483768,0.903025,0.977876,1.05481,3377.88,3163.08,20.9621,0.999894,2,t0_only
log_lik[213],0.334818,0.0026418,0.169552,0.165907,0.036396,0.343292,0.59778,4227.84,2779.63,26.2367,1.00125,2,t0_only
log_lik[214],1.16913,0.000867154,0.0477462,0.0477296,1.09003,1.16963,1.24729,3093.35,2720.29,19.1964,1.00059,2,t0_only
log_lik[215],1.19178,0.00135037,0.0664357,0.0644054,1.07448,1.19592,1.29252,2460.06,2703.14,15.2664,1.00144,2,t0_only
log_lik[216],1.33436,0.000665578,0.0383534,0.0380352,1.27066,1.33483,1.39709,3361.18,2471.23,20.8585,1.00027,2,t0_only
log_lik[217],0.992168,0.00112658,0.0565854,0.0566331,0.899211,0.99297,1.08571,2536.83,2741.21,15.7428,1.00037,2,t0_only
log_lik[218],0.991071,0.00179394,0.0943629,0.0918364,0.826068,0.996349,1.13587,2815.37,3014.64,17.4714,1.00126,2,t0_only
log_lik[219],0.772099,0.000862782,0.0504129,0.0518913,0.688101,0.771917,0.854464,3470.89,3454.69,21.5393,1.00018,2,t0_only
log_lik[220],0.462234,0.00141389,0.0727075,0.0720698,0.339921,0.463477,0.580562,2657.52,3081.82,16.4918,1.00111,2,t0_only
log_lik[221],1.33957,0.000647121,0.0384137,0.0383847,1.2758,1.33966,1.40311,3566.9,2809.0,22.1351,0.999968,2,t0_only
log_lik[222],0.74124,0.00132415,0.0652718,0.0646933,0.631855,0.741661,0.848187,2440.01,2856.03,15.142,1.00083,2,t0_only
log_lik[223],1.24461,0.00117781,0.0577415,0.0563782,1.14165,1.24718,1.33365,2413.12,2754.21,14.9751,1.00096,2,t0_only
log_lik[224],0.901147,0.00121557,0.0600924,0.0604956,0.801061,0.901605,0.999655,2456.39,2767.79,15.2437,1.00037,2,t0_only
log_lik[225],1.29386,0.00079485,0.046846,0.0461992,1.21764,1.29454,1.37067,3505.48,3364.26,21.754,1.00033,2,t0_only
log_lik[226],1.3166,0.000780167,0.0435043,0.0443927,1.24515,1.31659,1.3866,3151.56,3082.12,19.5576,1.00023,2,t0_only
log_lik[227],1.2635,0.000672347,0.0398734,0.0397942,1.19795,1.26402,1.32831,3608.15,2559.16,22.3911,1.00087,2,t0_only
log_lik[228],1.30956,0.000560749,0.0376412,0.0367493,1.24571,1.30969,1.37159,4555.96,2467.63,28.2729,1.00045,2,t0_only
log_lik[229],1.2413,0.000710982,0.0411683,0.0408375,1.17312,1.24185,1.30728,3426.17,2661.81,21.2618,1.00056,2,t0_only
log_lik[230],1.2373,0.000718074,0.0413961,0.0412545,1.16855,1.23795,1.3035,3399.97,2661.81,21.0992,1.0006,2,t0_only
log_lik[231],0.883174,0.00123073,0.0607285,0.060972,0.781563,0.883731,0.98235,2447.34,2759.88,15.1875,1.00047,2,t0_only
log_lik[232],1.08098,0.000750379,0.0440371,0.0460373,1.00898,1.08054,1.15391,3468.56,2875.39,21.5248,0.999974,2,t0_only
log_lik[233],0.946591,0.00104942,0.0540363,0.0532492,0.853353,0.948709,1.03261,2729.16,2841.32,16.9364,1.0002,2,t0_only
log_lik[234],1.36002,0.000545159,0.0353809,0.035247,1.30049,1.36043,1.41841,4257.4,2350.12,26.4202,1.00046,2,t0_only
log_lik[235],1.33513,0.000591532,0.0366967,0.0363285,1.27431,1.33573,1.3961,3934.22,2155.28,24.4146,1.00042,2,t0_only
log_lik[236],1.17089,0.00140915,0.069652,0.067565,1.04829,1.17563,1.27564,2483.9,2742.97,15.4143,1.00161,2,t0_only
log_lik[237],0.371122,0.00142767,0.0749184,0.0742179,0.244668,0.372261,0.492762,2766.74,3119.24,17.1696,1.00133,2,t0_only
log_lik[238],0.421042,0.00142081,0.0737151,0.0728991,0.296582,0.422693,0.541048,2706.97,3081.65,16.7987,1.00117,2,t0_only
log_lik[239],0.204497,0.0012444,0.0743135,0.0734553,0.0789819,0.206516,0.323587,3644.91,3265.27,22.6192,1.0023,2,t0_only
log_lik[240],0.935883,0.00105645,0.0543998,0.0537642,0.841658,0.938039,1.02249,2730.29,2884.96,16.9434,1.00035,2,t0_only
log_lik[241],0.670428,0.00187553,0.126528,0.126282,0.454953,0.674567,0.872363,4614.4,3231.14,28.6356,1.00072,2,t0_only
log_lik[242],1.00005,0.00177823,0.0932164,0.0908166,0.836923,1.00518,1.14269,2794.77,2990.3,17.3435,1.0013,2,t0_only
log_lik[243],0.393025,0.00142485,0.0743926,0.073665,0.26743,0.394551,0.513943,2740.11,3119.34,17.0043,1.00117,2,t0_only
log_lik[244],1.3428,0.00060976,0.0372391,0.0366275,1.28074,1.34258,1.40432,3691.86,2674.95,22.9106,1.00005,2,t0_only
log_lik[245],1.10513,0.00098057,0.0513425,0.0519029,1.02099,1.10584,1.18935,2773.3,2720.04,17.2103,1.00077,2,t0_only
log_lik[246],-0.456645,0.00125295,0.0758863,0.0740723,-0.585395,-0.454113,-0.336216,3731.66,3308.89,23.1576,1.00021,2,t0_only
log_lik[247],1.21854,0.000750306,0.0424403,0.0424336,1.14714,1.21956,1.28577,3288.84,2786.95,20.4096,1.00068,2,t0_only
log_lik[248],1.31975,0.000562051,0.0367942,0.0373833,1.25989,1.31951,1.37989,4353.5,2232.47,27.0165,1.00258,2,t0_only
log_lik[249],0.848103,0.00164744,0.105897,0.106438,0.664979,0.8526,1.01756,4173.5,3101.18,25.8995,1.00095,2,t0_only
log_lik[250],-0.388228,0.00494692,0.244777,0.249291,-0.802753,-0.379841,0.00327011,2436.1,3522.01,15.1177,1.00027,2,t0_only
log_lik[251],1.29184,0.000586205,0.0378421,0.0389801,1.23003,1.2911,1.35392,4234.89,2247.72,26.2805,1.00198,2,t0_only
log_lik[252],1.33946,0.000564687,0.0359235,0.0349487,1.27986,1.33932,1.40015,4095.3,2455.33,25.4142,1.00027,2,t0_only
log_lik[253],0.390943,0.00142513,0.0744427,0.0737426,0.265212,0.392379,0.511835,2743.08,3119.34,17.0228,1.00121,2,t0_only
log_lik[254],0.524467,0.0012135,0.0662198,0.0665634,0.412888,0.525847,0.631113,3044.86,3051.0,18.8955,1.00164,2,t0_only
log_lik[255],1.34346,0.000546741,0.0358984,0.0358963,1.28364,1.34349,1.40213,4388.7,2008.17,27.235,1.00199,2,t0_only
log_lik[256],-0.217852,0.00132509,0.0843635,0.0831686,-0.362738,-0.215307,-0.0847776,4111.86,3272.27,25.517,1.00184,2,t0_only
log_lik[257],0.796472,0.00171196,0.111923,0.112188,0.603374,0.800205,0.976179,4318.21,3076.15,26.7975,1.00091,2,t0_only
log_lik[258],1.34577,0.000675568,0.0399075,0.0397386,1.28042,1.34592,1.411,3526.74,2910.85,21.8859,0.99975,2,t0_only
log_lik[259],1.34124,0.000630795,0.0378837,0.0376539,1.27827,1.34146,1.40389,3645.86,2783.6,22.6252,1.00001,2,t0_only
log_lik[260],1.0588,0.00117087,0.0758883,0.075886,0.929622,1.06187,1.17929,4209.91,3537.8,26.1255,1.00103,2,t0_only
log_lik[261],1.32046,0.00080888,0.0425393,0.0420886,1.2486,1.32184,1.38839,2799.4,2805.61,17.3723,1.00054,2,t0_only
log_lik[262],0.696931,0.00218732,0.129411,0.126032,0.473533,0.704001,0.895824,3559.61,3190.48,22.0899,1.00148,2,t0_only
log_lik[263],-1.79535,0.00273968,0.130548,0.129704,-2.02,-1.78948,-1.58889,2297.07,2515.93,14.2549,1.00145,2,t0_only
log_lik[264],0.983468,0.00180704,0.0953285,0.092905,0.816893,0.988805,1.12919,2831.58,3138.32,17.572,1.00127,2,t0_only
log_lik[265],1.08284,0.0016189,0.0822822,0.0798696,0.937803,1.0877,1.20784,2624.49,2964.49,16.2868,1.00136,2,t0_only
log_lik[266],0.679695,0.000881161,0.0521633,0.0540227,0.591336,0.680181,0.764611,3564.8,3620.01,22.1221,1.0005,2,t0_only
log_lik[267],-0.123989,0.00106195,0.0684417,0.0671577,-0.240416,-0.121229,-0.0147916,4238.72,3355.28,26.3043,1.00073,2,t0_only
log_lik[268],1.3368,0.000669357,0.0391726,0.0396584,1.27226,1.33689,1.40124,3464.44,2818.86,21.4993,0.999938,2,t0_only
log_lik[269],1.24757,0.00087985,0.0527271,0.0511848,1.15852,1.24787,1.33387,3622.68,3386.52,22.4813,1.00044,2,t0_only
log_lik[270],1.2797,0.000597301,0.0382811,0.0392751,1.21718,1.27897,1.3425,4167.49,2244.79,25.8622,1.00168,2,t0_only
log_lik[271],1.33718,0.000561189,0.0358973,0.0348379,1.27738,1.33682,1.39846,4145.41,2290.24,25.7252,1.00028,2,t0_only
log_lik[272],1.36149,0.000544975,0.0353527,0.0349762,1.30201,1.36175,1.4201,4254.44,2309.96,26.4018,1.00039,2,t0_only
log_lik[273],0.724448,0.000872857,0.0513164,0.0528704,0.637746,0.724462,0.808168,3513.26,3552.84,21.8023,1.00029,2,t0_only
log_lik[274],1.22086,0.00065004,0.0402441,0.040949,1.15575,1.22085,1.28788,3884.53,2390.7,24.1062,1.00062,2,t0_only
log_lik[275],-1.10462,0.00161579,0.100718,0.0995753,-1.27513,-1.10251,-0.941912,3919.21,3175.69,24.3215,1.00076,2,t0_only
log_lik[276],1.29582,0.000617568,0.0379219,0.0380734,1.23342,1.29576,1.35766,3860.09,2441.83,23.9546,1.0004,2,t0_only
log_lik[277],1.28015,0.000644207,0.0388729,0.0389738,1.21527,1.28013,1.34324,3722.55,2383.29,23.101,1.00061,2,t0_only
log_lik[278],-2.07484,0.00303663,0.141738,0.139955,-2.32063,-2.06724,-1.85073,2215.14,2197.06,13.7465,1.0016,2,t0_only
log_lik[279],0.236844,0.0014444,0.0780838,0.0773269,0.105054,0.238559,0.36164,2937.76,2938.19,18.2309,1.00114,2,t0_only
log_lik[280],0.252793,0.00124307,0.073112,0.0724747,0.130229,0.254632,0.370403,3538.96,3294.18,21.9618,1.00224,2,t0_only
log_lik[281],0.729394,0.00116001,0.0607095,0.0600538,0.62573,0.73131,0.82554,2802.59,3031.01,17.392,1.00111,2,t0_only
log_lik[282],1.00392,0.00111357,0.0560921,0.0563023,0.912172,1.00494,1.09663,2555.29,2717.45,15.8574,1.00043,2,t0_only
log_lik[283],-0.690919,0.00144108,0.0930648,0.0920278,-0.848194,-0.688567,-0.539948,4219.64,3591.71,26.1859,1.00136,2,t0_only
log_lik[284],0.236844,0.0014444,0.0780838,0.0773269,0.105054,0.238559,0.36164,2937.76,2938.19,18.2309,1.00114,2,t0_only
log_lik[285],-0.25062,0.00133241,0.0850838,0.0837661,-0.396006,-0.247794,-0.116628,4136.06,3331.03,25.6672,1.00182,2,t0_only
log_lik[286],0.261371,0.00144177,0.0775118,0.0767206,0.13064,0.263158,0.38523,2903.98,2970.83,18.0213,1.00125,2,t0_only
log_lik[287],-0.760011,0.00155312,0.0978938,0.0963379,-0.927276,-0.755713,-0.605815,4012.41,3211.79,24.8998,1.00056,2,t0_only
log_lik[288],0.904925,0.00107551,0.0554257,0.0551478,0.808872,0.907097,0.993798,2734.24,2869.38,16.9679,1.00072,2,t0_only
log_lik[289],1.35751,0.000545176,0.0354406,0.0354974,1.29798,1.35803,1.41576,4288.5,2254.43,26.6132,1.00072,2,t0_only
log_lik[290],1.36368,0.000545216,0.0353249,0.0349023,1.30418,1.36381,1.42243,4239.79,2152.14,26.3109,1.00017,2,t0_only
log_lik[291],0.53072,0.000892199,0.0550081,0.0561404,0.438079,0.532213,0.620179,3847.79,3615.92,23.8782,1.0006,2,t0_only
log_lik[292],1.30396,0.000832517,0.0458406,0.0464611,1.22772,1.30418,1.37761,3080.71,3157.01,19.118,1.00029,2,t0_only
log_lik[293],0.311219,0.00143399,0.0763415,0.0751707,0.181693,0.312593,0.433824,2841.19,2943.94,17.6316,1.00131,2,t0_only
log_lik[294],1.04346,0.000770964,0.0449106,0.0467097,0.970194,1.04296,1.11802,3421.25,3023.84,21.2313,0.999942,2,t0_only
log_lik[295],1.28857,0.000887931,0.0485073,0.0487769,1.20687,1.28877,1.36612,3035.92,3382.65,18.84,1.00041,2,t0_only
log_lik[296],0.481661,0.00141018,0.072227,0.0714028,0.360433,0.482923,0.599745,2638.6,3006.46,16.3744,1.00109,2,t0_only
log_lik[297],1.0984,0.00130748,0.0755645,0.0752208,0.969019,1.10119,1.22008,3379.24,3332.59,20.9706,1.00067,2,t0_only
log_lik[298],0.989011,0.00113,0.0567161,0.0566373,0.89572,0.989842,1.08291,2534.22,2781.63,15.7266,1.00038,2,t0_only
log_lik[299],1.0613,0.000761478,0.0445008,0.0462993,0.988441,1.06068,1.13514,3447.11,2990.36,21.3918,0.999957,2,t0_only
log_lik[300],1.30615,0.000567679,0.0379012,0.0370418,1.2422,1.30647,1.3685,4510.19,2397.21,27.9889,1.00043,2,t0_only
log_lik[301],0.248585,0.00144317,0.0778103,0.0769608,0.116696,0.250429,0.373037,2921.22,2938.19,18.1282,1.00124,2,t0_only
log_lik[302],-0.117048,0.0014695,0.086097,0.0849151,-0.262254,-0.113975,0.0195121,3456.84,3399.73,21.4521,1.00111,2,t0_only
log_lik[303],0.279977,0.0012421,0.072433,0.0715676,0.158349,0.281221,0.396984,3476.03,3351.89,21.5712,1.00228,2,t0_only
log_lik[304],1.32062,0.000553515,0.0368656,0.0358682,1.25889,1.32055,1.38152,4640.73,2280.63,28.799,1.00045,2,t0_only
log_lik[305],-1.98329,0.00263999,0.126378,0.126043,-2.19852,-1.97778,-1.77964,2313.56,2456.98,14.3573,1.00149,2,t0_only
log_lik[306],-0.639649,0.00142744,0.0923362,0.0913126,-0.795896,-0.637823,-0.491171,4233.68,3492.64,26.273,1.00137,2,t0_only
log_lik[307],-0.89584,0.00157566,0.0993831,0.097661,-1.06542,-0.892782,-0.737695,4019.81,3175.96,24.9458,1.00065,2,t0_only
log_lik[308],0.542378,0.00139657,0.0706985,0.069896,0.423349,0.543506,0.658638,2574.57,2898.54,15.977,1.00099,2,t0_only
log_lik[309],-0.053221,0.00128997,0.0805809,0.078959,-0.190886,-0.050658,0.0747783,3950.26,3137.62,24.5142,1.00195,2,t0_only
log_lik[310],-2.22518,0.00404507,0.184404,0.176547,-2.55332,-2.21285,-1.94439,2152.13,1980.87,13.3555,1.00179,2,t0_only
log_lik[311],-0.0995233,0.00146841,0.0857122,0.0847067,-0.244324,-0.0969263,0.0370485,3430.13,3370.2,21.2864,1.00109,2,t0_only
log_lik[312],-1.85563,0.00301532,0.141273,0.137602,-2.10127,-1.84959,-1.63164,2230.72,2435.06,13.8432,1.00154,2,t0_only
log_lik[313],0.158096,0.00124775,0.0754615,0.074783,0.0310053,0.160119,0.279022,3704.0,3268.86,22.9859,1.00213,2,t0_only
log_lik[314],0.926422,0.00119289,0.059169,0.0589546,0.82773,0.927327,1.024,2471.68,2731.12,15.3385,1.00035,2,t0_only
log_lik[315],1.2991,0.000583132,0.0384528,0.0375178,1.23431,1.29916,1.36236,4408.61,2730.06,27.3585,1.0004,2,t0_only
log_lik[316],1.26831,0.000607762,0.0386825,0.0395211,1.20479,1.26761,1.33173,4111.7,2240.58,25.516,1.00118,2,t0_only
log_lik[317],-1.54841,0.00179879,0.101968,0.0992444,-1.72011,-1.54736,-1.3823,3211.74,3087.79,19.9311,1.00096,2,t0_only
log_lik[318],-0.718231,0.00144848,0.0934281,0.0926816,-0.877052,-0.715939,-0.566473,4206.89,3592.0,26.1068,1.00134,2,t0_only
log_lik[319],1.21916,0.000651494,0.0402971,0.0410081,1.15386,1.21909,1.28621,3876.55,2392.72,24.0567,1.00061,2,t0_only
log_lik[320],1.09976,0.00158245,0.0799502,0.0771439,0.958675,1.10458,1.22066,2593.49,2964.55,16.0944,1.00139,2,t0_only
log_lik[321],1.25991,0.000615444,0.0389718,0.039687,1.19623,1.25919,1.32388,4059.48,2260.0,25.192,1.00113,2,t0_only
log_lik[322],1.07911,0.00162672,0.0827903,0.0801562,0.933125,1.08396,1.20475,2632.92,2964.49,16.3392,1.00135,2,t0_only
log_lik[323],1.32821,0.000742552,0.0404564,0.0397684,1.26061,1.3289,1.39348,2996.46,2797.97,18.5951,1.00015,2,t0_only
log_lik[324],1.3344,0.000686057,0.0397687,0.0403453,1.26899,1.33477,1.40013,3399.09,2769.26,21.0938,1.00009,2,t0_only
log_lik[325],0.461977,0.00248159,0.155634,0.152028,0.188386,0.471153,0.703195,4027.39,2941.53,24.9928,1.0012,2,t0_only
log_lik[326],1.31894,0.000820281,0.0429193,0.0425707,1.24631,1.32036,1.38711,2774.73,2725.42,17.2192,1.00044,2,t0_only
log_lik[327],-1.44217,0.00185193,0.101949,0.100875,-1.61803,-1.44067,-1.27816,3027.14,3166.99,18.7855,1.00117,2,t0_only
log_lik[328],1.33253,0.000581471,0.0364529,0.0360619,1.27221,1.33292,1.39319,4089.06,2437.2,25.3755,1.00046,2,t0_only
log_lik[329],1.17558,0.00139633,0.0689392,0.066768,1.0542,1.18003,1.2792,2477.17,2742.97,15.3726,1.00154,2,t0_only
log_lik[330],1.29971,0.000940473,0.0472784,0.046445,1.21799,1.3018,1.37386,2562.6,2568.05,15.9027,1.00043,2,t0_only
log_lik[331],1.23931,0.000714524,0.041282,0.0409712,1.17097,1.2399,1.30535,3414.65,2661.81,21.1903,1.00058,2,t0_only
log_lik[332],1.33187,0.00058037,0.0364393,0.035869,1.27144,1.33202,1.39234,4094.35,2468.49,25.4084,1.00047,2,t0_only
log_lik[333],0.869781,0.000838843,0.0485329,0.0504256,0.789187,0.869557,0.948925,3392.37,3329.43,21.0521,0.999841,2,t0_only
log_lik[334],1.21469,0.00108911,0.0598923,0.0607071,1.11285,1.21664,1.30964,3069.48,3590.14,19.0483,1.00069,2,t0_only
log_lik[335],0.286238,0.00124185,0.0722764,0.0714432,0.165091,0.28759,0.403186,3463.02,3350.1,21.4905,1.00224,2,t0_only
log_lik[336],1.33479,0.000551286,0.0362205,0.0365413,1.2753,1.33486,1.39368,4410.93,2192.53,27.3729,1.0023,2,t0_only
log_lik[337],0.198151,0.00282216,0.184365,0.181238,-0.12786,0.208552,0.483623,4380.42,2800.78,27.1836,1.00089,2,t0_only
log_lik[338],0.660885,0.00188849,0.127631,0.127529,0.443726,0.665401,0.863926,4633.17,3287.58,28.7521,1.00081,2,t0_only
log_lik[339],-0.373986,0.00149943,0.0914818,0.0905552,-0.531948,-0.369998,-0.229695,3757.51,3615.79,23.318,1.00063,2,t0_only
log_lik[340],1.11397,0.000966904,0.0508772,0.0514869,1.03119,1.11461,1.1979,2802.43,2700.92,17.3911,1.00075,2,t0_only
log_lik[341],1.25484,0.000620049,0.0391435,0.0398776,1.19096,1.25405,1.31908,4035.19,2392.21,25.0412,1.00118,2,t0_only
log_lik[342],0.0669716,0.00126575,0.0776946,0.0763261,-0.0646857,0.0691117,0.190493,3806.03,3303.57,23.6191,1.00185,2,t0_only
log_lik[343],-0.0596067,0.00129129,0.0807318,0.0791154,-0.197599,-0.0568424,0.0686061,3956.55,3137.62,24.5532,1.00198,2,t0_only
log_lik[344],0.884896,0.00122931,0.0606683,0.0609389,0.783446,0.885411,0.983909,2448.04,2759.88,15.1918,1.00045,2,t0_only
log_lik[345],-0.473632,0.00151177,0.0933829,0.092108,-0.633199,-0.469232,-0.326375,3857.35,3547.37,23.9376,1.00043,2,t0_only
log_lik[346],0.399265,0.00142399,0.0742422,0.0735338,0.273911,0.400963,0.520175,2733.77,3145.3,16.965,1.00114,2,t0_only
log_lik[347],0.973885,0.00114596,0.0573327,0.0571437,0.879177,0.974707,1.06918,2516.26,2822.6,15.6152,1.00042,2,t0_only
log_lik[348],-0.401536,0.00136756,0.0882149,0.0862718,-0.552207,-0.399784,-0.260931,4214.91,3452.33,26.1565,1.00165,2,t0_only
log_lik[349],1.05577,0.000962713,0.050015,0.0498164,0.968837,1.05772,1.13598,2779.62,2773.9,17.2495,1.00097,2,t0_only
log_lik[350],0.5283,0.00140001,0.0710568,0.0702942,0.408788,0.529673,0.645079,2589.72,2920.75,16.071,1.00101,2,t0_only
log_lik[351],-1.18873,0.00162315,0.09767,0.0963639,-1.35864,-1.1872,-1.02919,3632.9,3388.57,22.5447,1.00127,2,t0_only
log_lik[352],1.20857,0.00129969,0.0637687,0.0618401,1.0954,1.21191,1.3066,2448.7,2803.39,15.1959,1.00128,2,t0_only
log_lik[353],-1.19266,0.00163659,0.100962,0.0991303,-1.36428,-1.19035,-1.02911,3830.79,3187.05,23.7727,1.00081,2,t0_only
log_lik[354],1.18542,0.000679151,0.0413057,0.0421299,1.11864,1.18494,1.2547,3736.87,2718.18,23.1899,1.00043,2,t0_only
log_lik[355],0.504467,0.00121733,0.0667377,0.0670099,0.392032,0.505561,0.612054,3074.6,2977.68,19.08,1.00175,2,t0_only
log_lik[356],1.13357,0.00150456,0.0751653,0.072904,1.0007,1.13824,1.24792,2537.74,2895.94,15.7485,1.00147,2,t0_only
log_lik[357],1.1586,0.00101868,0.0637292,0.0633384,1.05014,1.15995,1.26033,3923.91,3292.36,24.3507,1.00027,2,t0_only
log_lik[358],1.22372,0.000755094,0.0441893,0.04391,1.14947,1.22406,1.29594,3457.9,2882.7,21.4587,1.00065,2,t0_only
log_lik[359],1.36826,0.00058993,0.0362559,0.0356374,1.30926,1.3676,1.42861,3816.28,2784.24,23.6827,1.00003,2,t0_only
log_lik[360],0.761383,0.000865173,0.0506165,0.0521789,0.67669,0.761287,0.844187,3477.2,3518.65,21.5785,1.00026,2,t0_only
log_lik[361],1.30911,0.000812106,0.0449084,0.0455963,1.23474,1.30923,1.38146,3106.08,3172.15,19.2754,1.00029,2,t0_only
log_lik[362],1.36797,0.000592033,0.036327,0.035535,1.30908,1.36717,1.42836,3805.86,2804.48,23.6181,1.0,2,t0_only
log_lik[363],1.16791,0.000869561,0.0478197,0.0478179,1.08877,1.1684,1.24616,3083.36,2720.29,19.1345,1.00062,2,t0_only
log_lik[364],1.12536,0.000885663,0.0470646,0.0469437,1.04362,1.12727,1.19985,2916.18,2765.64,18.097,1.00097,2,t0_only
log_lik[365],0.20134,0.00124447,0.0743918,0.0735523,0.0758141,0.203419,0.320467,3648.34,3210.83,22.6405,1.00234,2,t0_only
log_lik[366],1.00809,0.00100421,0.0518488,0.0513143,0.918033,1.01013,1.09102,2747.74,2954.53,17.0516,1.00049,2,t0_only
log_lik[367],1.05614,0.00104997,0.0537634,0.0542592,0.967889,1.05702,1.14556,2650.96,2707.76,16.4511,1.00049,2,t0_only
log_lik[368],1.32021,0.000810768,0.0426018,0.0420652,1.24819,1.32162,1.38815,2795.27,2826.52,17.3466,1.00055,2,t0_only
log_lik[369],1.30983,0.000560231,0.0376204,0.0367299,1.24602,1.30994,1.37184,4559.26,2467.63,28.2934,1.00045,2,t0_only
log_lik[370],0.184483,0.00124483,0.0748095,0.0740641,0.0584315,0.18641,0.30389,3668.82,3132.22,22.7676,1.00209,2,t0_only
log_lik[371],-1.26595,0.0016572,0.101066,0.0987218,-1.43664,-1.26412,-1.1028,3740.47,3189.14,23.2123,1.00081,2,t0_only
log_lik[372],0.908543,0.00082706,0.0477661,0.0494705,0.82875,0.908466,0.986111,3381.3,3343.93,20.9834,0.999859,2,t0_only
log_lik[373],-1.58654,0.00210033,0.108538,0.109458,-1.77322,-1.58269,-1.41288,2670.21,3017.0,16.5705,1.00124,2,t0_only
log_lik[374],0.810768,0.00112334,0.0583541,0.0575639,0.711216,0.812844,0.903756,2749.14,2969.73,17.0603,1.00092,2,t0_only
log_lik[375],-2.17079,0.00360556,0.165363,0.160466,-2.46065,-2.16012,-1.91466,2158.8,2044.85,13.3969,1.00174,2,t0_only
log_lik[376],-0.70613,0.0015447,0.0971758,0.0959155,-0.872101,-0.701414,-0.553641,3996.83,3250.08,24.8031,1.00052,2,t0_only
log_lik[377],0.463259,0.0014137,0.0726823,0.0720313,0.340895,0.46452,0.581601,2656.21,3081.9,16.4837,1.0011,2,t0_only
log_lik[378],-0.153202,0.00147542,0.0868854,0.0852171,-0.300009,-0.149835,-0.0153671,3505.44,3411.33,21.7537,1.00083,2,t0_only
log_lik[379],1.08187,0.000937246,0.0489506,0.048786,0.997278,1.08375,1.16025,2808.65,2702.07,17.4297,1.00125,2,t0_only
log_lik[380],1.30816,0.000563514,0.0377471,0.036815,1.24417,1.30839,1.37037,4536.52,2468.04,28.1523,1.00044,2,t0_only
log_lik[381],1.28096,0.000642836,0.0388238,0.0387609,1.2163,1.28101,1.34394,3729.26,2383.29,23.1427,1.0006,2,t0_only
log_lik[382],0.812559,0.00112255,0.0583006,0.0576091,0.713125,0.814595,0.905379,2748.16,2969.73,17.0542,1.00092,2,t0_only
log_lik[383],1.32007,0.000739771,0.0434192,0.0435898,1.24966,1.32072,1.39144,3485.36,3231.57,21.6291,0.999843,2,t0_only
log_lik[384],0.889614,0.00108428,0.0559203,0.0554386,0.793107,0.891995,0.979091,2737.56,2797.14,16.9885,1.00069,2,t0_only
log_lik[385],-0.829519,0.0015644,0.0987154,0.0972977,-0.998968,-0.825613,-0.673161,4020.45,3083.18,24.9497,1.0006,2,t0_only
log_lik[386],0.288657,0.00249623,0.170719,0.169679,-0.00192506,0.296992,0.556493,4798.76,3335.31,29.7797,1.00044,2,t0_only
log_lik[387],1.36951,0.000575777,0.0358138,0.0355698,1.31056,1.36864,1.42941,3918.44,2415.78,24.3167,0.999991,2,t0_only
log_lik[388],0.497949,0.00140684,0.0718211,0.0712632,0.377164,0.499029,0.615879,2620.99,2944.03,16.2651,1.00105,2,t0_only
log_lik[389],0.692319,0.00219329,0.129936,0.126503,0.468189,0.699427,0.89205,3568.56,3190.48,22.1454,1.00145,2,t0_only
log_lik[390],0.98028,0.0011393,0.057074,0.0570038,0.886087,0.981111,1.0751,2523.33,2823.47,15.659,1.0004,2,t0_only
log_lik[391],1.33202,0.000701069,0.0403225,0.04098,1.2658,1.3324,1.39813,3345.37,2852.08,20.7604,1.00022,2,t0_only
log_lik[392],1.12735,0.000883155,0.0469742,0.0468813,1.04569,1.12925,1.20156,2921.4,2765.64,18.1293,1.00096,2,t0_only
log_lik[393],-1.6186,0.00186251,0.102917,0.0999564,-1.79099,-1.61656,-1.45006,3074.27,3077.65,19.078,1.00102,2,t0_only
log_lik[394],1.00029,0.00101043,0.0521363,0.0516161,0.910176,1.00232,1.08357,2742.6,3001.18,17.0198,1.00043,2,t0_only
log_lik[395],0.948753,0.00117145,0.0583227,0.0581162,0.851977,0.949572,1.0454,2489.66,2833.04,15.4501,1.00034,2,t0_only
log_lik[396],1.09243,0.000743598,0.0437609,0.045577,1.02132,1.09185,1.16497,3482.11,2811.09,21.609,0.99998,2,t0_only
log_lik[397],1.34484,0.000678199,0.0400399,0.0399459,1.27956,1.34505,1.41024,3522.83,2909.77,21.8616,0.999747,2,t0_only
log_lik[398],1.36354,0.000545178,0.035326,0.0349416,1.30408,1.36369,1.42227,4239.71,2214.67,26.3104,1.0002,2,t0_only
log_lik[399],1.05741,0.00117305,0.076057,0.0760847,0.927985,1.06038,1.178,4214.01,3537.8,26.1509,1.001,2,t0_only
log_lik[400],1.34326,0.000599205,0.0369342,0.036217,1.28222,1.34298,1.4044,3756.39,2550.41,23.3111,1.00008,2,t0_only
log_lik[401],1.32107,0.000569946,0.0364688,0.0364328,1.26115,1.32086,1.38163,4167.47,2451.3,25.8621,1.00038,2,t0_only
log_lik[402],1.06645,0.00165279,0.0845056,0.0820354,0.916965,1.07148,1.19532,2656.98,3010.95,16.4884,1.00136,2,t0_only
log_lik[403],0.872804,0.00123913,0.0610883,0.0614522,0.770468,0.873372,0.972425,2442.89,2720.13,15.1599,1.00044,2,t0_only
log_lik[404],1.28473,0.000592685,0.0381005,0.0392941,1.22232,1.28403,1.34718,4193.9,2306.61,26.0261,1.00179,2,t0_only
log_lik[405],1.29474,0.00061969,0.0379873,0.03812,1.23211,1.29456,1.35657,3841.52,2441.1,23.8393,1.0004,2,t0_only
log_lik[406],1.2691,0.000949301,0.0516929,0.0524654,1.18157,1.2695,1.35107,3013.68,3426.7,18.702,1.00065,2,t0_only
log_lik[407],1.29271,0.000585416,0.0378102,0.0389171,1.23098,1.29204,1.35477,4231.84,2247.72,26.2616,1.00201,2,t0_only
log_lik[408],1.21036,0.000763811,0.0428828,0.0430782,1.13757,1.21153,1.2784,3243.87,2777.31,20.1305,1.00072,2,t0_only
log_lik[409],1.36257,0.000619773,0.0373663,0.0371815,1.30169,1.3623,1.42454,3670.71,2901.76,22.7794,1.00019,2,t0_only
log_lik[410],1.35916,0.00063308,0.0379228,0.03784,1.2975,1.35887,1.42172,3619.37,2911.67,22.4608,0.999981,2,t0_only
log_lik[411],1.2594,0.000615902,0.0389889,0.0397412,1.19574,1.25858,1.3234,4057.11,2260.0,25.1772,1.00117,2,t0_only
log_lik[412],1.3195,0.000766902,0.0429409,0.0439761,1.24921,1.31971,1.38861,3180.36,3009.65,19.7364,1.0002,2,t0_only
log_lik[413],0.576326,0.00138746,0.0698234,0.0691387,0.459071,0.577074,0.691032,2540.22,2943.19,15.7639,1.00088,2,t0_only
log_lik[414],1.21859,0.000651979,0.0403147,0.0410524,1.15331,1.21854,1.28571,3874.44,2392.72,24.0436,1.00061,2,t0_only
log_lik[415],1.00279,0.00144936,0.0874798,0.0874555,0.852172,1.00592,1.14332,3687.58,3268.19,22.884,1.00123,2,t0_only
log_lik[416],1.36938,0.000566195,0.03556,0.0350553,1.31087,1.36864,1.42918,3996.48,2367.78,24.801,0.999958,2,t0_only
log_lik[417],1.22635,0.000915179,0.0553774,0.0537639,1.13292,1.22721,1.31713,3691.19,3595.2,22.9064,1.00048,2,t0_only
log_lik[418],1.32608,0.000569678,0.0365686,0.0361519,1.26447,1.32611,1.38654,4401.05,2292.37,27.3117,1.00046,2,t0_only
log_lik[419],0.417937,0.00142128,0.0737905,0.0729322,0.293275,0.419614,0.538076,2710.6,3106.84,16.8212,1.00116,2,t0_only
log_lik[420],-0.860817,0.00156965,0.099045,0.097155,-1.02978,-0.857197,-0.703058,4018.68,3097.2,24.9387,1.00063,2,t0_only
log_lik[421],1.22463,0.000917883,0.055591,0.0540124,1.13081,1.22563,1.31588,3698.44,3595.2,22.9515,1.00051,2,t0_only
log_lik[422],1.31193,0.000568467,0.0370919,0.0380755,1.25189,1.31142,1.37268,4316.44,2213.53,26.7865,1.00226,2,t0_only
log_lik[423],1.09223,0.00111898,0.0718233,0.0716704,0.969774,1.09452,1.20574,4127.33,3661.92,25.613,1.00085,2,t0_only
log_lik[424],-1.11874,0.00158592,0.0971089,0.095917,-1.28388,-1.11753,-0.960144,3769.61,3553.01,23.3931,1.00128,2,t0_only
log_lik[425],1.35029,0.000544706,0.0356595,0.0356386,1.2906,1.35064,1.4087,4354.79,2219.82,27.0245,1.00184,2,t0_only
log_lik[426],1.16426,0.00119331,0.0669131,0.0674973,1.05039,1.16662,1.27153,3181.15,3455.07,19.7413,1.0004,2,t0_only
log_lik[427],1.36864,0.00058687,0.0361548,0.0358227,1.30951,1.36803,1.42895,3835.58,2774.72,23.8025,1.00009,2,t0_only
log_lik[428],1.13127,0.000938204,0.0499393,0.0500212,1.04924,1.13191,1.21277,2868.15,2681.34,17.7989,1.00069,2,t0_only
log_lik[429],1.27729,0.000649066,0.0390464,0.0391724,1.21223,1.27726,1.34065,3699.95,2385.95,22.9608,1.0007,2,t0_only
log_lik[430],0.717796,0.00133538,0.0659569,0.0652064,0.60762,0.718253,0.825776,2448.51,2813.41,15.1947,1.00091,2,t0_only
log_lik[431],1.35772,0.000638245,0.0381477,0.0379718,1.29591,1.35773,1.42065,3605.49,2914.22,22.3746,1.00002,2,t0_only
log_lik[432],-0.106754,0.00327058,0.216725,0.214811,-0.486778,-0.0944722,0.226407,4513.45,2611.21,28.0092,1.00092,2,t0_only
log_lik[433],1.23075,0.00122711,0.0601147,0.0584235,1.12319,1.23342,1.32358,2412.93,2784.51,14.9739,1.00095,2,t0_only
log_lik[434],0.908306,0.00107352,0.0553154,0.0549493,0.81257,0.910473,0.996909,2732.92,2892.82,16.9597,1.00072,2,t0_only
log_lik[435],1.06852,0.00103339,0.0531751,0.0537943,0.981367,1.06954,1.15669,2677.44,2742.62,16.6154,1.00047,2,t0_only
log_lik[436],0.576215,0.000887223,0.0541324,0.0551728,0.484635,0.577448,0.664892,3768.5,3616.95,23.3862,1.00066,2,t0_only
log_lik[437],0.63737,0.00118848,0.0632401,0.0638255,0.529915,0.638977,0.73824,2901.76,3130.55,18.0075,1.00164,2,t0_only
log_lik[438],0.638274,0.00136769,0.0681796,0.0677173,0.524161,0.638931,0.749718,2497.46,2876.1,15.4985,1.00095,2,t0_only
log_lik[439],1.34932,0.000665279,0.0393998,0.0390655,1.2852,1.34927,1.41401,3545.2,2868.4,22.0005,0.999767,2,t0_only
log_lik[440],1.36859,0.000560267,0.035431,0.0346537,1.30995,1.36803,1.42826,4042.14,2358.04,25.0843,0.999992,2,t0_only
log_lik[441],-1.1721,0.00163141,0.100919,0.0995,-1.34328,-1.1699,-1.00885,3852.82,3241.01,23.9095,1.0008,2,t0_only
log_lik[442],-1.9523,0.00252996,0.122373,0.122958,-2.16006,-1.94773,-1.75529,2359.03,2636.4,14.6394,1.00144,2,t0_only
log_lik[443],1.31116,0.000569119,0.0371211,0.0381412,1.25104,1.31067,1.37203,4313.58,2294.2,26.7688,1.00224,2,t0_only
log_lik[444],1.29184,0.000586205,0.0378421,0.0389801,1.23003,1.2911,1.35392,4234.89,2247.72,26.2805,1.00198,2,t0_only
log_lik[445],1.20302,0.00111492,0.0615563,0.0627033,1.09802,1.20527,1.30056,3092.38,3590.7,19.1904,1.00064,2,t0_only
log_lik[446],1.27368,0.00083333,0.0494307,0.048489,1.19189,1.27471,1.35438,3548.85,3360.78,22.0231,1.00047,2,t0_only
log_lik[447],1.30184,0.000778816,0.0458131,0.0456395,1.22708,1.30238,1.37702,3491.27,3179.28,21.6658,1.00018,2,t0_only
log_lik[448],1.01707,0.00109847,0.0555274,0.0554607,0.92614,1.01795,1.10916,2578.34,2716.88,16.0004,1.00052,2,t0_only
log_lik[449],-0.913718,0.00157879,0.0995431,0.0975492,-1.08328,-0.910482,-0.755237,4015.28,3150.48,24.9176,1.00066,2,t0_only
log_lik[450],-1.1605,0.00160726,0.0974322,0.095866,-1.3286,-1.15894,-1.00138,3693.71,3394.25,22.9221,1.00112,2,t0_only
log_lik[451],0.357517,0.00142927,0.0752434,0.0744756,0.23031,0.358687,0.479513,2783.27,3119.67,17.2722,1.0014,2,t0_only
log_lik[452],1.36779,0.000557124,0.0353758,0.0344114,1.30899,1.36737,1.42725,4071.58,2231.26,25.267,0.999937,2,t0_only
log_lik[453],1.30931,0.000763259,0.044838,0.0449456,1.23589,1.30982,1.3825,3487.1,3190.4,21.6399,1.00003,2,t0_only
log_lik[454],-0.713417,0.00154582,0.0972768,0.0960116,-0.879892,-0.708839,-0.56117,4000.59,3337.1,24.8265,1.00052,2,t0_only
log_lik[455],-1.25221,0.00165305,0.101051,0.0989423,-1.42334,-1.24988,-1.08849,3756.96,3242.89,23.3146,1.00082,2,t0_only
log_lik[456],0.285425,0.000930954,0.05988,0.0601831,0.184519,0.286655,0.381643,4188.11,3424.05,25.9902,1.00011,2,t0_only
log_lik[457],1.36588,0.000604493,0.0367718,0.0364883,1.30594,1.36535,1.42684,3733.93,2888.72,23.1717,1.00002,2,t0_only
log_lik[458],1.32118,0.000560922,0.0367395,0.0374053,1.26145,1.32101,1.38126,4359.15,2233.98,27.0516,1.0027,2,t0_only
log_lik[459],1.3689,0.000584407,0.0360755,0.0359881,1.30987,1.36823,1.42914,3854.19,2726.06,23.918,1.00004,2,t0_only
log_lik[460],-1.61796,0.00186184,0.102905,0.1,-1.79044,-1.616,-1.4494,3047.46,3077.65,18.9116,1.00102,2,t0_only
log_lik[461],0.529307,0.00139977,0.0710313,0.0702699,0.409864,0.530674,0.646037,2588.79,2920.75,16.0653,1.001,2,t0_only
log_lik[462],-1.68142,0.00234008,0.116158,0.117159,-1.87912,-1.67603,-1.49371,2477.89,2903.24,15.3771,1.00131,2,t0_only
log_lik[463],1.32696,0.000754543,0.040816,0.0401642,1.25887,1.32776,1.39254,2958.12,2795.94,18.3572,1.00013,2,t0_only
log_lik[464],1.30506,0.000598845,0.0373679,0.0374013,1.24318,1.30514,1.36632,3999.03,2548.09,24.8168,1.00041,2,t0_only
log_lik[465],1.34339,0.000600878,0.0367875,0.0360011,1.28285,1.343,1.4043,3791.22,2507.99,23.5272,1.0001,2,t0_only
log_lik[466],1.28298,0.000906417,0.049441,0.0499079,1.19985,1.28318,1.36176,3025.5,3349.55,18.7754,1.00047,2,t0_only
log_lik[467],0.59317,0.000887805,0.0538079,0.0549231,0.502193,0.594283,0.680937,3727.44,3616.95,23.1314,1.00065,2,t0_only
log_lik[468],1.35595,0.000544748,0.0354831,0.0354014,1.29625,1.35646,1.41411,4306.6,2341.82,26.7255,1.00104,2,t0_only
log_lik[469],1.26191,0.000613619,0.0389034,0.0395471,1.1982,1.26106,1.32567,4074.85,2260.0,25.2873,1.00111,2,t0_only
log_lik[470],0.308049,0.00143427,0.0764163,0.0753045,0.17834,0.309423,0.430765,2845.23,2943.94,17.6567,1.00132,2,t0_only
log_lik[471],1.06704,0.00115794,0.0748858,0.0749555,0.939737,1.07013,1.18639,4189.34,3380.55,25.9978,1.00098,2,t0_only
log_lik[472],-0.0885733,0.00146773,0.085471,0.0845373,-0.232579,-0.0859924,0.0474868,3412.95,3481.41,21.1798,1.00101,2,t0_only
log_lik[473],0.228676,0.00124379,0.0737128,0.0730417,0.105292,0.230527,0.34685,3591.0,3265.19,22.2847,1.00235,2,t0_only
log_lik[474],0.809871,0.00112373,0.0583808,0.0575825,0.710261,0.811946,0.902944,2750.16,2969.73,17.0667,1.00094,2,t0_only
log_lik[475],1.0613,0.000761478,0.0445008,0.0462993,0.988441,1.06068,1.13514,3447.11,2990.36,21.3918,0.999957,2,t0_only
log_lik[476],1.33591,0.000701977,0.0412829,0.0410286,1.26838,1.33641,1.40338,3490.84,3194.76,21.6631,0.99975,2,t0_only
log_lik[477],1.25851,0.00068069,0.0401689,0.0398398,1.19199,1.2589,1.32361,3560.06,2523.0,22.0927,1.0008,2,t0_only
log_lik[478],-0.507275,0.00398711,0.25586,0.252273,-0.948627,-0.497673,-0.118583,4287.12,2492.29,26.6046,1.0005,2,t0_only
log_lik[479],0.573345,0.00138831,0.0699009,0.0693228,0.455987,0.574097,0.688205,2542.21,2943.19,15.7762,1.00091,2,t0_only
log_lik[480],0.279977,0.0012421,0.072433,0.0715676,0.158349,0.281221,0.396984,3476.03,3351.89,21.5712,1.00228,2,t0_only
log_lik[481],1.16462,0.000833386,0.0452227,0.0450985,1.08687,1.16663,1.23584,3031.12,2712.9,18.8102,1.00067,2,t0_only
log_lik[482],1.3378,0.000549519,0.0361071,0.0364226,1.27812,1.33785,1.39655,4413.22,2085.74,27.3872,1.00227,2,t0_only
log_lik[483],1.00471,0.00125823,0.0824643,0.0824581,0.865369,1.00853,1.13551,4315.57,3654.7,26.7811,1.00106,2,t0_only
log_lik[484],1.3357,0.000560072,0.0359092,0.0349257,1.27649,1.33538,1.39707,4169.94,2340.2,25.8774,1.0003,2,t0_only
log_lik[485],0.973079,0.00131176,0.0863158,0.0862822,0.826147,0.977336,1.10922,4347.52,3587.13,26.9794,1.00104,2,t0_only
log_lik[486],1.11378,0.00128252,0.0735857,0.07311,0.987926,1.11642,1.23197,3328.46,3360.84,20.6555,1.00048,2,t0_only
log_lik[487],-0.152982,0.00107485,0.0690605,0.0674775,-0.27009,-0.150089,-0.0429976,4210.29,3349.69,26.1279,1.00053,2,t0_only
log_lik[488],0.466481,0.00217897,0.150102,0.149349,0.209429,0.472421,0.703973,4832.79,3286.2,29.9909,1.00077,2,t0_only
log_lik[489],1.0938,0.00159546,0.0807757,0.078166,0.951344,1.0987,1.21619,2604.01,3011.48,16.1597,1.00144,2,t0_only
log_lik[490],1.02039,0.00142484,0.0853275,0.0852096,0.873559,1.02327,1.15697,3631.5,3212.13,22.536,1.00119,2,t0_only
log_lik[491],1.13272,0.00105757,0.0668915,0.0670266,1.01813,1.13429,1.2394,4019.53,3528.23,24.944,1.00042,2,t0_only
log_lik[492],1.23119,0.000728771,0.0417409,0.041668,1.16122,1.23211,1.29775,3363.3,2690.5,20.8716,1.00067,2,t0_only
log_lik[493],1.12179,0.00126914,0.0725446,0.072224,0.997776,1.12436,1.23756,3303.49,3391.13,20.5005,1.00054,2,t0_only
log_lik[494],1.23884,0.000894803,0.0538201,0.0522336,1.14755,1.23911,1.32709,3648.41,3449.74,22.641,1.00034,2,t0_only
log_lik[495],-0.817336,0.00156239,0.0985802,0.0969197,-0.986673,-0.813008,-0.661267,4019.32,3082.84,24.9427,1.00059,2,t0_only
log_lik[496],-0.183954,0.00131764,0.0836055,0.0819801,-0.32831,-0.181449,-0.0513784,4081.0,3216.32,25.3255,1.00195,2,t0_only
log_lik[497],0.976174,0.000802152,0.0463798,0.0484538,0.900598,0.975574,1.05229,3377.49,3137.94,20.9597,0.999891,2,t0_only
log_lik[498],1.34343,0.000597444,0.03669,0.0360585,1.28316,1.34323,1.4042,3813.87,2494.99,23.6677,1.00011,2,t0_only
log_lik[499],0.472268,0.00122299,0.0675669,0.0678715,0.358268,0.473616,0.580864,3122.32,3038.14,19.3762,1.00181,2,t0_only
log_lik[500],1.22805,0.00105801,0.0579516,0.05887,1.12938,1.22961,1.31931,3049.98,3719.9,18.9273,1.00074,2,t0_only
log_lik[501],0.480641,0.00141039,0.0722523,0.0714413,0.359378,0.481923,0.598779,2639.18,3006.46,16.378,1.00107,2,t0_only
log_lik[502],1.25594,0.000865252,0.0516749,0.050076,1.16895,1.25621,1.34065,3599.15,3370.6,22.3353,1.00029,2,t0_only
log_lik[503],-0.656486,0.00143189,0.0925821,0.091218,-0.813349,-0.654411,-0.507931,4228.63,3524.98,26.2416,1.00148,2,t0_only
log_lik[504],0.0968414,0.00145599,0.0813074,0.0803827,-0.0400593,0.0987523,0.226894,3136.65,3269.95,19.4651,1.00094,2,t0_only
log_lik[505],-0.730838,0.00145194,0.09359,0.0930672,-0.890043,-0.72837,-0.578849,4200.43,3558.8,26.0667,1.00126,2,t0_only
log_lik[506],0.321774,0.00143301,0.0760922,0.0750522,0.192561,0.323169,0.444414,2834.97,3015.37,17.593,1.00132,2,t0_only
log_lik[507],1.31034,0.000761076,0.0447033,0.0448542,1.23713,1.31086,1.38342,3486.36,3190.24,21.6354,1.00005,2,t0_only
log_lik[508],1.02377,0.000780819,0.0453521,0.0473374,0.949945,1.02337,1.09896,3400.38,2961.07,21.1018,0.999926,2,t0_only
log_lik[509],1.3679,0.000592567,0.0363452,0.0356519,1.30894,1.3671,1.42833,3802.08,2743.28,23.5946,1.00003,2,t0_only
log_lik[510],0.924752,0.00119444,0.0592311,0.0590667,0.82586,0.925612,1.02237,2470.86,2731.12,15.3334,1.00036,2,t0_only
log_lik[511],0.5394,0.00121048,0.0658314,0.0662214,0.428198,0.540927,0.645108,3025.54,3002.11,18.7756,1.00169,2,t0_only
log_lik[512],1.11028,0.00128827,0.0740371,0.0735694,0.983547,1.11272,1.22922,3339.66,3360.84,20.725,1.0005,2,t0_only
log_lik[513],1.24031,0.000712752,0.0412251,0.0408702,1.17205,1.24084,1.30627,3420.64,2661.81,21.2275,1.00058,2,t0_only
log_lik[514],1.31355,0.000553634,0.0373458,0.0365084,1.24999,1.31373,1.37488,4612.06,2345.63,28.6211,1.00044,2,t0_only
log_lik[515],-0.152779,0.00334422,0.221481,0.217815,-0.541366,-0.140332,0.186883,4506.76,2649.1,27.9677,1.00093,2,t0_only
log_lik[516],1.14036,0.000921871,0.0494307,0.0498906,1.05948,1.14073,1.22121,2912.55,2739.31,18.0745,1.00077,2,t0_only
log_lik[517],0.0370614,0.00145974,0.082664,0.0819431,-0.103528,0.0392811,0.168394,3224.2,3358.94,20.0084,1.00081,2,t0_only
log_lik[518],1.31593,0.00078315,0.0436326,0.0445865,1.24422,1.31592,1.38611,3147.3,3082.12,19.5312,1.00025,2,t0_only
log_lik[519],1.14127,0.000711886,0.0425233,0.0442722,1.07231,1.1406,1.21166,3599.66,2850.13,22.3385,1.00004,2,t0_only
log_lik[520],1.29245,0.000874648,0.04785,0.0482544,1.21175,1.29242,1.36916,3042.76,3351.52,18.8825,1.00034,2,t0_only
log_lik[521],1.14293,0.000917173,0.0492849,0.049766,1.06216,1.14332,1.22345,2926.0,2758.86,18.1579,1.0008,2,t0_only
log_lik[522],-0.154297,0.00147553,0.0869092,0.0852025,-0.301089,-0.150971,-0.0164854,3506.57,3445.26,21.7607,1.00084,2,t0_only
log_lik[523],1.34244,0.000577057,0.036162,0.0350404,1.28342,1.3421,1.4028,3971.4,2645.79,24.6453,1.0002,2,t0_only
log_lik[524],1.20367,0.000774613,0.0432393,0.0432715,1.1303,1.20509,1.27278,3206.15,2725.97,19.8965,1.00074,2,t0_only
log_lik[525],1.09877,0.00091804,0.0482352,0.0479705,1.01529,1.10084,1.17619,2844.22,2684.25,17.6504,1.00115,2,t0_only
log_lik[526],1.36224,0.000621124,0.0374213,0.0373445,1.30137,1.36193,1.42421,3665.69,2901.37,22.7482,1.00011,2,t0_only
log_lik[527],1.18815,0.000798835,0.0440471,0.0442554,1.11307,1.18964,1.25849,3131.68,2763.0,19.4343,1.00093,2,t0_only
log_lik[528],-2.2348,0.0041424,0.188717,0.180803,-2.57096,-2.22155,-1.94846,2153.4,1949.2,13.3633,1.00182,2,t0_only
log_lik[529],1.30981,0.000589616,0.0370896,0.0372748,1.24852,1.3098,1.37124,4053.6,2544.19,25.1555,1.00041,2,t0_only
log_lik[530],0.285195,0.00124189,0.0723025,0.0714149,0.163928,0.286622,0.402169,3465.57,3350.1,21.5063,1.00228,2,t0_only
log_lik[531],-2.23266,0.00411963,0.187702,0.18026,-2.56786,-2.21933,-1.94714,2152.9,1949.2,13.3603,1.00181,2,t0_only
log_lik[532],1.36815,0.000558377,0.0353964,0.0344251,1.30936,1.3676,1.42766,4056.55,2206.51,25.1738,0.99993,2,t0_only
log_lik[533],-0.369635,0.00149892,0.0913959,0.0903313,-0.527196,-0.365638,-0.225382,3753.85,3615.79,23.2953,1.00066,2,t0_only
log_lik[534],-0.476946,0.00138596,0.0896417,0.0881913,-0.62873,-0.474799,-0.33343,4236.51,3424.63,26.2906,1.0015,2,t0_only
log_lik[535],1.07643,0.00102247,0.0527915,0.0533925,0.989887,1.07757,1.16358,2695.97,2724.1,16.7304,1.00055,2,t0_only
log_lik[536],0.424558,0.00123037,0.0687864,0.0688598,0.308725,0.426662,0.536133,3195.82,3065.87,19.8323,1.00204,2,t0_only
log_lik[537],-1.47857,0.00190375,0.103181,0.102526,-1.65621,-1.47676,-1.31432,2935.92,2979.87,18.2195,1.00117,2,t0_only
log_lik[538],1.33689,0.000560919,0.0358982,0.0348522,1.27704,1.33654,1.3983,4148.64,2290.24,25.7452,1.00029,2,t0_only
log_lik[539],1.34452,0.000679082,0.0400846,0.0399691,1.2791,1.34471,1.40997,3521.36,2909.77,21.8525,0.99975,2,t0_only
log_lik[540],0.152013,0.001452,0.0800449,0.0791265,0.0178184,0.153752,0.279928,3058.15,3200.71,18.978,1.00092,2,t0_only
log_lik[541],1.36618,0.000546745,0.035329,0.0346484,1.30687,1.3662,1.42517,4124.23,2107.96,25.5937,1.0001,2,t0_only
log_lik[542],0.787325,0.00113319,0.0590467,0.0582837,0.686269,0.789029,0.881433,2764.73,2904.1,17.1571,1.00109,2,t0_only
log_lik[543],-0.379688,0.00136233,0.087783,0.0859371,-0.529213,-0.377803,-0.240269,4206.74,3515.07,26.1058,1.00165,2,t0_only
log_lik[544],0.851529,0.00110435,0.0571178,0.0562433,0.75372,0.853816,0.943048,2753.22,2998.31,17.0857,1.00077,2,t0_only
log_lik[545],-0.0121228,0.00101734,0.0660701,0.0649294,-0.124784,-0.00960679,0.0935773,4298.37,3497.9,26.6744,1.00051,2,t0_only
log_lik[546],1.34312,0.000603147,0.0370465,0.0365922,1.28159,1.34278,1.40431,3731.08,2550.48,23.154,1.00008,2,t0_only
log_lik[547],0.779145,0.00113646,0.0592855,0.0583938,0.677838,0.780845,0.873271,2767.82,2904.1,17.1763,1.00118,2,t0_only
log_lik[548],1.32957,0.000579357,0.0364515,0.0358415,1.26938,1.32984,1.38967,4117.2,2352.33,25.5501,1.00071,2,t0_only
log_lik[549],1.32259,0.000559824,0.0366854,0.037426,1.26306,1.3225,1.38249,4367.12,2274.06,27.101,1.0027,2,t0_only
log_lik[550],-1.74019,0.00202084,0.106327,0.107785,-1.91882,-1.73703,-1.56905,2764.22,2648.11,17.154,1.00115,2,t0_only
log_lik[551],-0.423916,0.00150548,0.0924513,0.0911213,-0.583325,-0.419515,-0.277789,3810.52,3547.21,23.647,1.00058,2,t0_only
log_lik[552],1.33344,0.000692236,0.0399946,0.0405527,1.26793,1.33395,1.39891,3379.01,2789.73,20.9692,1.00024,2,t0_only
log_lik[553],0.475296,0.00122248,0.0674891,0.0678789,0.361532,0.476578,0.583641,3117.94,3051.56,19.349,1.0018,2,t0_only
log_lik[554],0.665216,0.00118076,0.0624862,0.0631193,0.559119,0.667199,0.764317,2870.02,3115.89,17.8105,1.00141,2,t0_only
log_lik[555],0.948205,0.00135529,0.0893491,0.0891268,0.795396,0.953562,1.08918,4367.01,3364.12,27.1004,1.00094,2,t0_only
log_lik[556],1.21852,0.000927453,0.0563497,0.0549653,1.12334,1.21967,1.31093,3717.06,3519.86,23.067,1.00062,2,t0_only
log_lik[557],1.31841,0.000824119,0.0430486,0.0426614,1.24572,1.3198,1.38666,2765.37,2725.78,17.1611,1.00042,2,t0_only
log_lik[558],-0.936424,0.00158283,0.0997337,0.098691,-1.10455,-0.933137,-0.777053,4010.37,3074.19,24.8872,1.00067,2,t0_only
log_lik[559],0.284151,0.00124194,0.0723286,0.0714807,0.162786,0.285548,0.401152,3467.19,3351.3,21.5164,1.00226,2,t0_only
log_lik[560],-0.510731,0.00139437,0.0902465,0.0887735,-0.662687,-0.508841,-0.365935,4241.12,3425.13,26.3191,1.00135,2,t0_only
log_lik[561],0.733117,0.00115867,0.0606045,0.0599288,0.62955,0.73501,0.828976,2798.47,3031.13,17.3665,1.00115,2,t0_only
log_lik[562],1.30184,0.000778816,0.0458131,0.0456395,1.22708,1.30238,1.37702,3491.27,3179.28,21.6658,1.00018,2,t0_only
log_lik[563],0.363133,0.00260564,0.166465,0.16305,0.0704629,0.372556,0.621188,4186.19,2822.37,25.9782,1.00128,2,t0_only
log_lik[564],-0.913718,0.00157879,0.0995431,0.0975492,-1.08328,-0.910482,-0.755237,4015.28,3150.48,24.9176,1.00066,2,t0_only
log_lik[565],0.0359722,0.0014598,0.0826886,0.0819916,-0.104622,0.0382123,0.167322,3226.0,3358.94,20.0196,1.00081,2,t0_only
log_lik[566],0.113097,0.00145488,0.0809364,0.0799515,-0.0235167,0.114859,0.242288,3114.36,3228.62,19.3268,1.00088,2,t0_only
log_lik[567],0.0489104,0.00126934,0.0781332,0.0768527,-0.0837085,0.0507659,0.17329,3829.95,3302.7,23.7675,1.00169,2,t0_only
log_lik[568],0.302907,0.00124113,0.0718588,0.0711461,0.182501,0.304432,0.418702,3424.84,3280.75,21.2535,1.00223,2,t0_only
log_lik[569],1.10707,0.000908173,0.0478759,0.047591,1.02436,1.10921,1.18343,2863.2,2732.48,17.7682,1.00111,2,t0_only
log_lik[570],-0.902804,0.00157688,0.0994465,0.0974571,-1.07231,-0.899682,-0.744502,4017.54,3175.96,24.9317,1.00065,2,t0_only
log_lik[571],-2.23801,0.00417948,0.190388,0.182884,-2.57941,-2.22495,-1.95033,2154.8,1940.39,13.372,1.00182,2,t0_only
log_lik[572],-0.453126,0.00150915,0.093003,0.091781,-0.613097,-0.448608,-0.305613,3838.06,3547.37,23.8179,1.00045,2,t0_only
log_lik[573],1.35655,0.000544885,0.0354665,0.0352375,1.29691,1.35703,1.41476,4298.26,2342.83,26.6738,1.00094,2,t0_only
log_lik[574],1.29657,0.000581928,0.0376679,0.0387975,1.23521,1.29596,1.35823,4247.71,2304.27,26.3601,1.00205,2,t0_only
log_lik[575],0.796041,0.000857153,0.0499568,0.0514772,0.712667,0.796039,0.877859,3445.07,3363.44,21.3791,1.00009,2,t0_only
log_lik[576],1.29731,0.000946758,0.0477841,0.0470427,1.21444,1.29932,1.3724,2546.42,2693.34,15.8023,1.00048,2,t0_only
log_lik[577],-0.160872,0.0014762,0.0870517,0.0852114,-0.30812,-0.157478,-0.0228357,3516.32,3508.87,21.8212,1.00082,2,t0_only
log_lik[578],-1.02467,0.00159932,0.100343,0.0991997,-1.19441,-1.02237,-0.862407,3973.29,3178.02,24.6571,1.00072,2,t0_only
log_lik[579],0.199366,0.00144802,0.0789533,0.0785143,0.0666887,0.201239,0.326215,2989.52,3021.12,18.5521,1.00109,2,t0_only
log_lik[580],-1.81427,0.00282068,0.133646,0.131281,-2.04484,-1.80881,-1.60236,2273.71,2532.38,14.11,1.00147,2,t0_only
log_lik[581],1.36463,0.000610648,0.0370052,0.0364589,1.30425,1.36421,1.42606,3707.64,2867.12,23.0085,1.00013,2,t0_only
log_lik[582],-0.651542,0.00143058,0.0925105,0.0914544,-0.808242,-0.649481,-0.503162,4229.79,3525.03,26.2489,1.00141,2,t0_only
log_lik[583],-2.23648,0.00416125,0.189561,0.182069,-2.5747,-2.22302,-1.94949,2153.91,1949.2,13.3665,1.00181,2,t0_only
log_lik[584],-0.709476,0.0014461,0.0933135,0.0924641,-0.86805,-0.707176,-0.558077,4210.93,3591.94,26.1318,1.00135,2,t0_only
log_lik[585],-1.04465,0.00160327,0.100452,0.0993777,-1.21455,-1.0422,-0.882179,3961.8,3112.76,24.5858,1.00072,2,t0_only
log_lik[586],-1.82412,0.00217821,0.110711,0.112714,-2.01007,-1.82016,-1.6471,2586.54,2893.09,16.0513,1.00125,2,t0_only
log_lik[587],-1.52481,0.00197943,0.105125,0.104611,-1.70665,-1.52282,-1.35726,2820.28,3034.82,17.5019,1.00118,2,t0_only
log_lik[588],1.33979,0.000565458,0.035934,0.0349279,1.28015,1.33962,1.40076,4085.53,2455.33,25.3536,1.00026,2,t0_only
log_lik[589],0.135891,0.00125213,0.0760085,0.0751006,0.0073729,0.138083,0.257478,3731.12,3333.13,23.1542,1.00205,2,t0_only
log_lik[590],1.32765,0.000726075,0.0412815,0.0419408,1.2598,1.32806,1.39447,3272.48,2849.54,20.308,1.00008,2,t0_only
log_lik[591],-0.0915289,0.00129791,0.0814818,0.0798615,-0.230839,-0.0887621,0.0384146,3989.8,3163.67,24.7595,1.00187,2,t0_only
log_lik[592],0.534429,0.00121151,0.0659609,0.0662549,0.42301,0.535918,0.640702,3032.4,2979.72,18.8182,1.00168,2,t0_only
log_lik[593],1.23931,0.000714524,0.041282,0.0409712,1.17097,1.2399,1.30535,3414.65,2661.81,21.1903,1.00058,2,t0_only
log_lik[594],1.33285,0.000559493,0.0359702,0.0351976,1.27402,1.33238,1.39438,4180.05,2503.35,25.9402,1.00033,2,t0_only
log_lik[595],1.32147,0.000555552,0.0368137,0.03597,1.25993,1.3214,1.3822,4639.8,2282.04,28.7932,1.00045,2,t0_only
log_lik[596],1.16346,0.00069593,0.0419246,0.0433548,1.09525,1.16294,1.23287,3668.81,2644.97,22.7675,1.00023,2,t0_only
log_lik[597],1.28455,0.00063677,0.0386063,0.0387479,1.22039,1.28456,1.34732,3756.23,2461.58,23.31,1.0005,2,t0_only
log_lik[598],1.15839,0.000842124,0.0455249,0.0454039,1.07984,1.16025,1.22958,3011.07,2731.77,18.6858,1.00082,2,t0_only
log_lik[599],-0.947228,0.00158477,0.0998196,0.0988891,-1.11567,-0.943914,-0.787371,4006.31,3074.19,24.862,1.00068,2,t0_only
log_lik[600],0.874537,0.00123774,0.0610285,0.0614789,0.772294,0.875095,0.974138,2443.84,2720.13,15.1657,1.00044,2,t0_only
log_lik[601],0.900296,0.00121631,0.0601229,0.0605562,0.800175,0.900766,0.998835,2455.85,2767.79,15.2403,1.00038,2,t0_only
log_lik[602],0.718739,0.00133495,0.0659296,0.0652202,0.608555,0.719195,0.826799,2448.04,2813.41,15.1918,1.00091,2,t0_only
log_lik[603],-2.13126,0.00334736,0.154469,0.149734,-2.40315,-2.12399,-1.88883,2175.41,2020.73,13.5,1.00169,2,t0_only
log_lik[604],1.36885,0.000561714,0.0354598,0.0346666,1.3103,1.36818,1.42867,4026.61,2221.26,24.988,0.999928,2,t0_only
log_lik[605],0.967731,0.00103484,0.0533043,0.0525009,0.875962,0.969732,1.05251,2730.46,2928.52,16.9445,1.00035,2,t0_only
log_lik[606],0.906948,0.00157389,0.098972,0.0989006,0.736455,0.911341,1.06639,3985.14,3208.01,24.7306,1.00093,2,t0_only
log_lik[607],1.29278,0.000597705,0.0389554,0.0383403,1.22704,1.29303,1.35677,4302.07,2932.57,26.6974,1.00049,2,t0_only
log_lik[608],0.699228,0.00218435,0.12915,0.125758,0.476206,0.706349,0.897844,3554.73,3190.48,22.0596,1.00147,2,t0_only
log_lik[609],0.486385,0.00122058,0.0672041,0.0678775,0.373217,0.487372,0.594172,3100.45,3001.91,19.2405,1.00179,2,t0_only
log_lik[610],1.32188,0.000556643,0.0367889,0.0360422,1.26038,1.3218,1.3827,4638.52,2352.49,28.7853,1.00045,2,t0_only
log_lik[611],0.551397,0.00139426,0.0704676,0.0697317,0.432789,0.552279,0.667236,2563.86,2898.25,15.9106,1.00098,2,t0_only
log_lik[612],-1.88899,0.00233667,0.115726,0.117073,-2.08293,-1.88537,-1.70464,2466.42,2832.22,15.3059,1.00134,2,t0_only
log_lik[613],0.819005,0.00127891,0.0628777,0.0628256,0.713379,0.819402,0.921948,2432.51,2736.7,15.0955,1.0006,2,t0_only
log_lik[614],0.558396,0.00139241,0.0702876,0.0696733,0.440127,0.559343,0.673898,2556.77,2898.14,15.8666,1.00098,2,t0_only
log_lik[615],0.938362,0.00105485,0.0543161,0.0537846,0.844369,0.940499,1.02483,2729.88,2884.96,16.9408,1.00034,2,t0_only
log_lik[616],1.34904,0.000666122,0.0394408,0.0391311,1.28494,1.34899,1.41379,3543.13,2867.11,21.9876,0.999767,2,t0_only
log_lik[617],0.538407,0.00121069,0.0658573,0.0662235,0.427147,0.539937,0.644227,3027.3,3002.11,18.7866,1.00168,2,t0_only
log_lik[618],1.20584,0.000947092,0.0579199,0.056846,1.10807,1.20697,1.30039,3765.05,3317.14,23.3648,1.00061,2,t0_only
log_lik[619],-0.580774,0.00152624,0.095258,0.0933589,-0.743042,-0.576313,-0.430634,3936.63,3484.29,24.4296,1.00042,2,t0_only
log_lik[620],-1.07419,0.00156554,0.0967834,0.0949547,-1.23871,-1.07204,-0.915885,3845.49,3572.91,23.864,1.00116,2,t0_only
log_lik[621],0.874234,0.00197342,0.108767,0.106547,0.684975,0.880852,1.04123,3087.57,3040.58,19.1605,1.00114,2,t0_only
log_lik[622],0.960983,0.00115911,0.0578461,0.0575808,0.865254,0.961941,1.05694,2499.84,2830.32,15.5133,1.00036,2,t0_only
log_lik[623],0.449917,0.00141609,0.0730104,0.0723925,0.326934,0.45136,0.568645,2672.43,3081.63,16.5843,1.00116,2,t0_only
log_lik[624],1.29932,0.000942623,0.0473619,0.046597,1.21746,1.30138,1.37356,2559.81,2568.05,15.8854,1.00042,2,t0_only
log_lik[625],0.158096,0.00124775,0.0754615,0.074783,0.0310053,0.160119,0.279022,3704.0,3268.86,22.9859,1.00213,2,t0_only
log_lik[626],1.21371,0.000775655,0.0448799,0.0445477,1.13863,1.21421,1.28745,3375.63,2798.21,20.9482,1.00054,2,t0_only
log_lik[627],1.23909,0.000634166,0.0396644,0.0406069,1.17459,1.23862,1.30442,3962.89,2461.38,24.5925,1.00082,2,t0_only
log_lik[628],-1.58949,0.00210673,0.108728,0.109729,-1.7762,-1.5855,-1.41559,2664.27,3017.0,16.5337,1.00124,2,t0_only
log_lik[629],1.32724,0.000562016,0.0361746,0.0359275,1.26785,1.32697,1.38838,4184.6,2534.64,25.9684,1.00035,2,t0_only
log_lik[630],1.28856,0.000607633,0.0392921,0.0384303,1.22199,1.28887,1.3529,4236.05,3087.93,26.2877,1.00045,2,t0_only
log_lik[631],1.28758,0.000891273,0.0486745,0.0489985,1.20565,1.2878,1.36534,3034.69,3323.82,18.8324,1.00038,2,t0_only
log_lik[632],1.28748,0.000610194,0.0393785,0.0385853,1.22108,1.28778,1.35196,4222.55,3087.93,26.2039,1.00049,2,t0_only
log_lik[633],1.3279,0.000724723,0.0412285,0.0418711,1.26007,1.32832,1.3948,3275.29,2849.54,20.3255,1.00012,2,t0_only
log_lik[634],1.16515,0.00142456,0.0705174,0.0685293,1.04103,1.16959,1.27113,2490.68,2742.97,15.4564,1.00166,2,t0_only
log_lik[635],1.05391,0.000765475,0.0446718,0.0465055,0.980775,1.0532,1.12815,3439.44,3022.21,21.3442,0.999948,2,t0_only
log_lik[636],-0.281368,0.0011396,0.0718399,0.0699237,-0.405697,-0.278467,-0.166838,4053.74,3268.21,25.1563,1.00029,2,t0_only
log_lik[637],1.3409,0.000688959,0.0405922,0.0405372,1.27423,1.3411,1.40692,3506.37,3119.61,21.7595,0.999759,2,t0_only
log_lik[638],0.860265,0.00109996,0.056847,0.0559506,0.762404,0.862636,0.951673,2749.85,3023.17,17.0648,1.00084,2,t0_only
log_lik[639],0.61527,0.00229122,0.138626,0.135299,0.375142,0.623227,0.828177,3731.7,3151.53,23.1578,1.00167,2,t0_only
log_lik[640],-1.81949,0.00284385,0.134541,0.132559,-2.05254,-1.81358,-1.60654,2266.38,2515.63,14.0645,1.00148,2,t0_only
log_lik[641],0.850088,0.000844275,0.0489168,0.0506241,0.768749,0.850013,0.930346,3401.95,3300.55,21.1115,0.999827,2,t0_only
log_lik[642],0.54037,0.00139707,0.0707498,0.0699452,0.421245,0.5416,0.656626,2577.04,2854.89,15.9924,1.00097,2,t0_only
log_lik[643],1.31024,0.000807462,0.0447001,0.0454745,1.2362,1.31036,1.38205,3113.26,3212.2,19.32,1.00035,2,t0_only
log_lik[644],1.15932,0.000886345,0.0483339,0.0486377,1.07908,1.15959,1.23793,3023.87,2721.54,18.7653,1.00071,2,t0_only
log_lik[645],1.33355,0.00055206,0.0362674,0.0367597,1.27397,1.33368,1.39244,4404.08,2129.39,27.3304,1.00239,2,t0_only
log_lik[646],-0.546645,0.0015215,0.0946821,0.0929545,-0.707906,-0.542208,-0.396591,3911.43,3517.23,24.2732,1.00039,2,t0_only
log_lik[647],1.36421,0.000545399,0.0353217,0.0349824,1.30468,1.36432,1.42284,4242.7,2091.37,26.329,1.00011,2,t0_only
log_lik[648],1.31011,0.000559719,0.0375998,0.0367724,1.24631,1.31033,1.37215,4562.63,2467.63,28.3143,1.00045,2,t0_only
log_lik[649],1.16089,0.000697827,0.0419952,0.0434597,1.09272,1.1604,1.23052,3657.68,2644.97,22.6985,1.00027,2,t0_only
log_lik[650],-0.443398,0.00150792,0.0928206,0.0916255,-0.603405,-0.43893,-0.296698,3827.59,3514.84,23.7529,1.00055,2,t0_only
log_lik[651],1.16716,0.00100581,0.0626797,0.0618945,1.06049,1.16859,1.26728,3896.32,3189.26,24.1794,1.00021,2,t0_only
log_lik[652],0.930081,0.00106017,0.0545949,0.053984,0.835358,0.932309,1.01725,2729.31,2886.78,16.9373,1.00037,2,t0_only
log_lik[653],0.825847,0.000850538,0.0493854,0.0508443,0.743889,0.825758,0.906647,3417.53,3411.4,21.2082,0.999937,2,t0_only
log_lik[654],1.3321,0.000580694,0.0364428,0.0358513,1.27178,1.33233,1.39271,4087.59,2468.49,25.3664,1.00046,2,t0_only
log_lik[655],-0.383987,0.00120188,0.0741525,0.0723612,-0.510851,-0.381516,-0.266894,3879.45,3365.07,24.0747,1.00016,2,t0_only
log_lik[656],0.5044,0.00242898,0.150957,0.148317,0.240243,0.512984,0.737909,3946.43,3048.39,24.4904,1.0012,2,t0_only
log_lik[657],1.36507,0.000545841,0.0353206,0.0350329,1.30534,1.36514,1.42367,4240.83,2093.29,26.3174,1.00006,2,t0_only
log_lik[658],1.21102,0.00078107,0.0450625,0.044807,1.13539,1.21162,1.2851,3355.94,2757.56,20.826,1.0006,2,t0_only
log_lik[659],-0.201407,0.00148036,0.0879237,0.0866465,-0.352012,-0.198179,-0.0630516,3554.52,3507.22,22.0583,1.00064,2,t0_only
log_lik[660],-0.87787,0.00157256,0.0992137,0.0973465,-1.04695,-0.874372,-0.720081,4020.89,3072.17,24.9525,1.00064,2,t0_only
log_lik[661],0.950322,0.00186213,0.0994868,0.0970285,0.776878,0.956066,1.10252,2900.96,3113.62,18.0025,1.00136,2,t0_only
log_lik[662],0.617769,0.00137472,0.0687311,0.068274,0.502656,0.618618,0.730308,2510.96,2854.27,15.5823,1.00093,2,t0_only
log_lik[663],-1.59968,0.00212936,0.109405,0.110631,-1.78629,-1.59573,-1.42442,2641.34,3065.93,16.3914,1.00125,2,t0_only
log_lik[664],1.36608,0.00054664,0.0353276,0.0347487,1.30682,1.36609,1.42498,4125.12,2107.96,25.5993,1.00013,2,t0_only
log_lik[665],-0.143341,0.00147442,0.0866712,0.0847335,-0.290253,-0.140033,-0.0058738,3493.39,3390.55,21.679,1.00094,2,t0_only
log_lik[666],0.5044,0.00242898,0.150957,0.148317,0.240243,0.512984,0.737909,3946.43,3048.39,24.4904,1.0012,2,t0_only
log_lik[667],-0.790162,0.00160243,0.0867458,0.0857176,-0.936256,-0.787723,-0.648696,2949.84,3217.61,18.3058,1.00049,2,t0_only
log_lik[668],1.26439,0.000611352,0.0388181,0.0395034,1.20066,1.26353,1.32801,4091.45,2247.77,25.3904,1.00114,2,t0_only
log_lik[669],-0.0142031,0.00146306,0.0838173,0.083051,-0.156607,-0.0124711,0.118503,3298.33,3388.8,20.4684,1.00082,2,t0_only
log_lik[670],0.276845,0.00124222,0.0725114,0.0716721,0.155169,0.278103,0.393906,3482.24,3351.89,21.6097,1.00221,2,t0_only
log_lik[671],1.10155,0.000914765,0.0481155,0.0479012,1.01832,1.10366,1.17863,2850.49,2694.15,17.6893,1.00117,2,t0_only
log_lik[672],-0.15671,0.00107655,0.0691402,0.0677058,-0.273911,-0.153708,-0.0463906,4205.35,3349.69,26.0971,1.00046,2,t0_only
log_lik[673],1.3356,0.000597162,0.0368446,0.0365597,1.27413,1.33605,1.39665,3890.04,2232.59,24.1404,1.0004,2,t0_only
log_lik[674],0.289366,0.00124172,0.0721981,0.0713639,0.168587,0.290626,0.406235,3455.8,3350.1,21.4457,1.00228,2,t0_only
log_lik[675],0.924077,0.0013988,0.0922965,0.091696,0.766893,0.930088,1.07015,4379.35,3443.51,27.177,1.00084,2,t0_only
log_lik[676],0.752567,0.00115139,0.060052,0.0593278,0.649503,0.754202,0.847706,2785.9,2906.92,17.2885,1.00122,2,t0_only
log_lik[677],1.36801,0.000557866,0.0353878,0.0343985,1.3091,1.36742,1.42761,4064.36,2246.01,25.2222,0.999959,2,t0_only
log_lik[678],-1.38555,0.00170132,0.101191,0.0980816,-1.5575,-1.3845,-1.22063,3547.93,3082.38,22.0174,1.00087,2,t0_only
log_lik[679],0.771847,0.0011393,0.0594973,0.0587759,0.670119,0.773591,0.866339,2771.29,2904.1,17.1978,1.0011,2,t0_only
log_lik[680],-0.00426503,0.00128,0.0794151,0.0776959,-0.139311,-0.00223155,0.121972,3894.02,3165.52,24.1652,1.00184,2,t0_only
log_lik[681],-1.42466,0.00171985,0.101271,0.0980927,-1.59568,-1.42352,-1.25877,3477.59,2935.92,21.5809,1.00089,2,t0_only
log_lik[682],1.33401,0.000585495,0.0365347,0.036082,1.27348,1.33441,1.395,4031.81,2393.71,25.0202,1.00044,2,t0_only
log_lik[683],0.922646,0.000822344,0.0474828,0.0493028,0.844013,0.922432,0.999799,3378.85,3287.35,20.9681,0.999867,2,t0_only
log_lik[684],1.36633,0.000602116,0.036684,0.0361593,1.30672,1.36576,1.42717,3748.95,2822.06,23.2649,0.999986,2,t0_only
log_lik[685],1.10091,0.000738418,0.0435531,0.0453507,1.02997,1.10026,1.17315,3502.67,2871.41,21.7365,0.999989,2,t0_only
log_lik[686],-2.01561,0.00411386,0.18747,0.180258,-2.35007,-2.00215,-1.73056,2153.24,1959.25,13.3624,1.00181,2,t0_only
log_lik[687],0.304877,0.00143455,0.076491,0.0755322,0.175272,0.306252,0.427692,2848.67,2943.94,17.678,1.00131,2,t0_only
log_lik[688],1.1385,0.00104887,0.0661854,0.066092,1.0255,1.14002,1.24396,3995.94,3471.96,24.7977,1.00035,2,t0_only
log_lik[689],0.675093,0.000881961,0.0522505,0.0540242,0.586695,0.675747,0.760124,3568.29,3620.2,22.1437,1.00054,2,t0_only
log_lik[690],-1.99631,0.00393168,0.179521,0.172503,-2.31595,-1.98521,-1.72138,2152.43,2034.97,13.3573,1.00178,2,t0_only
log_lik[691],1.36379,0.000614487,0.037155,0.0367361,1.30328,1.36346,1.42546,3692.63,2889.56,22.9154,1.0002,2,t0_only
log_lik[692],0.533334,0.0013988,0.070929,0.0701569,0.414062,0.534544,0.649877,2584.36,2920.69,16.0378,1.00097,2,t0_only
log_lik[693],1.05099,0.0010567,0.054004,0.0545117,0.962129,1.05181,1.14105,2641.65,2767.39,16.3933,1.00049,2,t0_only
log_lik[694],-0.179498,0.0014781,0.0874538,0.0859502,-0.328074,-0.176185,-0.0418808,3524.71,3508.87,21.8733,1.00074,2,t0_only
log_lik[695],0.135891,0.00125213,0.0760085,0.0751006,0.0073729,0.138083,0.257478,3731.12,3333.13,23.1542,1.00205,2,t0_only
log_lik[696],1.14952,0.000854255,0.045948,0.0460117,1.06993,1.15122,1.22166,2984.4,2690.85,18.5203,1.00093,2,t0_only
log_lik[697],1.20703,0.000769213,0.0430608,0.0432186,1.13398,1.20838,1.27581,3227.04,2716.71,20.026,1.00079,2,t0_only
log_lik[698],-1.12605,0.00158949,0.0971638,0.0958981,-1.2922,-1.12468,-0.966911,3759.22,3553.01,23.3286,1.00127,2,t0_only
log_lik[699],1.08457,0.000748276,0.0439509,0.0461063,1.0129,1.08404,1.1574,3473.32,2876.36,21.5544,0.999977,2,t0_only
log_lik[700],0.4786,0.00141079,0.0723029,0.0715405,0.357267,0.479869,0.596792,2641.67,3007.44,16.3934,1.00104,2,t0_only
log_lik[701],1.08815,0.000746158,0.0438646,0.0458854,1.01687,1.08762,1.16088,3475.42,2836.81,21.5675,0.999982,2,t0_only
log_lik[702],1.3434,0.000600179,0.0367675,0.0359488,1.28292,1.34305,1.40426,3795.79,2507.99,23.5555,1.0001,2,t0_only
log_lik[703],0.843036,0.0012619,0.0620936,0.0621511,0.739047,0.84336,0.943905,2434.13,2739.0,15.1055,1.00043,2,t0_only
log_lik[704],-0.236447,0.00148404,0.088668,0.0876266,-0.387938,-0.233291,-0.0967228,3600.74,3617.24,22.3451,1.00063,2,t0_only
log_lik[705],1.29935,0.000610342,0.0377092,0.0376007,1.23661,1.29929,1.36104,3911.37,2513.99,24.2728,1.0004,2,t0_only
log_lik[706],-0.152106,0.00147531,0.0868617,0.0851235,-0.298929,-0.148686,-0.0142588,3503.94,3412.4,21.7444,1.00086,2,t0_only
log_lik[707],-1.89064,0.00234122,0.115875,0.117245,-2.08507,-1.88706,-1.70592,2463.04,2832.61,15.2849,1.00134,2,t0_only
log_lik[708],0.947411,0.00104888,0.0540083,0.0531315,0.854253,0.949558,1.03337,2728.96,2841.32,16.9351,1.0002,2,t0_only
log_lik[709],-1.31237,0.00167246,0.101108,0.097904,-1.48316,-1.31044,-1.14932,3668.71,3162.13,22.7669,1.00085,2,t0_only
log_lik[710],1.25227,0.000622373,0.0392298,0.0400673,1.1883,1.25163,1.31675,4024.55,2447.86,24.9752,1.0011,2,t0_only
log_lik[711],-0.591731,0.00141496,0.0916014,0.0903626,-0.745334,-0.589353,-0.445048,4243.93,3558.53,26.3366,1.00145,2,t0_only
log_lik[712],1.26034,0.000677639,0.0400608,0.0397498,1.19409,1.26078,1.32538,3580.0,2539.86,22.2164,1.00088,2,t0_only
log_lik[713],-0.30575,0.00142291,0.0810702,0.0786335,-0.44092,-0.304814,-0.171444,3260.57,2783.81,20.2342,1.00094,2,t0_only
log_lik[714],-0.463289,0.00199877,0.110899,0.107437,-0.653762,-0.45706,-0.290578,3096.96,2980.9,19.2189,1.00088,2,t0_only
log_lik[715],-0.487798,0.00182395,0.102088,0.100088,-0.662054,-0.483347,-0.32663,3149.0,3010.92,19.5418,1.00134,2,t0_only
log_lik[716],-0.780023,0.00166794,0.0888174,0.0905026,-0.927175,-0.77879,-0.638553,2844.0,2888.04,17.649,1.00036,2,t0_only
log_lik[717],-0.348496,0.00138292,0.077841,0.0757827,-0.478918,-0.347314,-0.217001,3177.5,2645.09,19.7186,1.00165,2,t0_only
log_lik[718],-0.696802,0.00261109,0.146504,0.148993,-0.942382,-0.694037,-0.461026,3161.24,3063.88,19.6178,1.00027,2,t0_only
log_lik[719],-0.422098,0.00182404,0.103086,0.0997949,-0.598995,-0.417148,-0.259384,3209.41,2767.1,19.9166,1.00078,2,t0_only
log_lik[720],-1.73604,0.00254124,0.120094,0.117441,-1.94363,-1.72929,-1.54521,2267.81,2482.63,14.0734,1.00141,2,t0_only
log_lik[721],-0.888153,0.00176355,0.0853174,0.0839956,-1.03597,-0.884723,-0.753027,2358.94,2692.25,14.6389,1.00103,2,t0_only
log_lik[722],-0.443551,0.00175871,0.105784,0.107678,-0.619613,-0.442034,-0.275043,3636.99,2896.32,22.5701,0.999444,2,t0_only
log_lik[723],-2.14363,0.00422474,0.190321,0.183871,-2.47531,-2.13639,-1.84367,2040.4,2128.79,12.6621,1.00151,2,t0_only
log_lik[724],-0.912187,0.00331753,0.176691,0.177196,-1.21072,-0.905607,-0.628856,2888.08,2776.95,17.9226,1.00045,2,t0_only
log_lik[725],-1.43967,0.00419841,0.202457,0.2054,-1.77766,-1.43638,-1.10683,2361.8,2676.73,14.6567,1.00046,2,t0_only
log_lik[726],-1.37959,0.00350285,0.160351,0.152869,-1.66366,-1.36982,-1.12937,2153.54,2063.94,13.3642,1.00176,2,t0_only
log_lik[727],-0.593212,0.00263749,0.142641,0.14149,-0.834022,-0.588846,-0.364514,2962.55,2988.39,18.3847,1.0,2,t0_only
log_lik[728],-1.50546,0.00440459,0.215147,0.21547,-1.87011,-1.50188,-1.15736,2425.45,2895.35,15.0516,1.00022,2,t0_only
log_lik[729],-0.349853,0.0016461,0.0982279,0.0990875,-0.512858,-0.349014,-0.189147,3577.42,3055.39,22.2004,0.999693,2,t0_only
log_lik[730],-0.297853,0.00157741,0.0925674,0.0915852,-0.451974,-0.297262,-0.145892,3460.99,2738.39,21.4779,1.00018,2,t0_only
log_lik[731],-0.575032,0.00237664,0.133852,0.134178,-0.798912,-0.571651,-0.35846,3183.68,2756.58,19.757,1.0003,2,t0_only
log_lik[732],-0.488715,0.00218341,0.122855,0.122054,-0.691428,-0.483634,-0.290014,3179.75,2946.58,19.7326,1.00043,2,t0_only
log_lik[733],-0.280533,0.0014862,0.0856277,0.083784,-0.422626,-0.279677,-0.136926,3332.17,2681.43,20.6784,1.00055,2,t0_only
log_lik[734],-0.4448,0.00170212,0.0963624,0.0946955,-0.608931,-0.439661,-0.291565,3223.67,2758.9,20.0051,1.00122,2,t0_only
log_lik[735],-0.454197,0.00137975,0.0742348,0.0739875,-0.575665,-0.453612,-0.331438,2901.32,2879.65,18.0047,1.00168,2,t0_only
log_lik[736],-1.4112,0.00193696,0.0862295,0.0853409,-1.55389,-1.40958,-1.27024,2025.17,2881.97,12.5676,1.00033,2,t0_only
log_lik[737],-0.279073,0.00150722,0.0871489,0.0855204,-0.425598,-0.278953,-0.133038,3354.49,2886.61,20.817,1.00042,2,t0_only
log_lik[738],-0.473505,0.00164423,0.0929124,0.0921201,-0.633746,-0.469544,-0.325179,3211.82,2762.44,19.9316,1.00142,2,t0_only
log_lik[739],-0.46308,0.002019,0.111893,0.108193,-0.65535,-0.456768,-0.288857,3089.99,2868.24,19.1756,1.00081,2,t0_only
log_lik[740],-0.289551,0.00155978,0.0911471,0.0897809,-0.442509,-0.28872,-0.139728,3430.32,2838.5,21.2876,1.00032,2,t0_only
log_lik[741],-0.323882,0.00140182,0.0794497,0.0769502,-0.455795,-0.323182,-0.190105,3223.56,2729.72,20.0045,1.00135,2,t0_only
log_lik[742],-0.87489,0.00173974,0.0843821,0.0830829,-1.02079,-0.871707,-0.741076,2370.97,2730.83,14.7135,1.00099,2,t0_only
log_lik[743],-1.24542,0.00396768,0.202859,0.202112,-1.59951,-1.23834,-0.920844,2659.18,2551.91,16.5021,1.00076,2,t0_only
log_lik[744],-0.362716,0.00166042,0.0993438,0.100715,-0.527476,-0.362531,-0.201371,3600.34,2985.38,22.3426,0.999581,2,t0_only
log_lik[745],-0.39429,0.00136463,0.0758009,0.0752616,-0.520328,-0.393258,-0.267858,3092.01,2929.08,19.1881,1.00184,2,t0_only
log_lik[746],-0.82389,0.00165609,0.0811815,0.0806425,-0.96463,-0.821265,-0.694898,2419.49,2813.33,15.0147,1.00087,2,t0_only
log_lik[747],-0.570356,0.00236724,0.133322,0.133649,-0.792317,-0.566906,-0.354534,3184.44,2765.63,19.7617,1.00027,2,t0_only
log_lik[748],-1.13475,0.00354686,0.18503,0.184151,-1.45523,-1.12853,-0.838539,2757.08,2922.22,17.1096,1.00021,2,t0_only
log_lik[749],-1.61325,0.00444151,0.204621,0.209341,-1.95162,-1.61295,-1.27915,2143.46,2408.07,13.3017,1.00038,2,t0_only
log_lik[750],-0.422693,0.00181441,0.102565,0.0993975,-0.598966,-0.417968,-0.260563,3211.54,2688.32,19.9299,1.00086,2,t0_only
log_lik[751],-0.765348,0.00154487,0.0828928,0.0839527,-0.906392,-0.764726,-0.63456,2890.32,3296.91,17.9365,1.00166,2,t0_only
log_lik[752],-0.288841,0.00145454,0.0833667,0.0815751,-0.428474,-0.288464,-0.149678,3298.37,2812.34,20.4687,1.00067,2,t0_only
log_lik[753],-1.81522,0.00463769,0.213499,0.210433,-2.1618,-1.81456,-1.46603,2150.17,2674.41,13.3433,1.0003,2,t0_only
log_lik[754],-1.34111,0.00172439,0.0863859,0.0859713,-1.48987,-1.3376,-1.20436,2527.85,2860.97,15.6871,1.00004,2,t0_only
log_lik[755],-0.290169,0.00145122,0.0831293,0.0817239,-0.42975,-0.289829,-0.150922,3295.14,2739.04,20.4487,1.00076,2,t0_only
log_lik[756],-0.431699,0.00136933,0.0747076,0.0748022,-0.553937,-0.430655,-0.307779,2985.51,2925.14,18.5272,1.00167,2,t0_only
log_lik[757],-0.638393,0.00150279,0.074343,0.0741509,-0.761193,-0.637016,-0.518909,2492.7,3029.57,15.469,1.0007,2,t0_only
log_lik[758],-0.706879,0.00263039,0.147487,0.150368,-0.954661,-0.703794,-0.468834,3158.47,3040.92,19.6005,1.00012,2,t0_only
log_lik[759],-0.440768,0.00137334,0.0745018,0.0746321,-0.562844,-0.439654,-0.317201,2947.49,2904.36,18.2913,1.00178,2,t0_only
log_lik[760],-0.416132,0.00172262,0.103647,0.106708,-0.587095,-0.415008,-0.249388,3639.37,2970.22,22.5849,0.999524,2,t0_only
log_lik[761],-0.799806,0.00167041,0.0885597,0.0905366,-0.946861,-0.798713,-0.658559,2820.15,2939.09,17.501,1.0003,2,t0_only
log_lik[762],-0.379645,0.00167937,0.100749,0.102558,-0.547169,-0.379207,-0.218319,3617.61,2989.29,22.4498,0.999676,2,t0_only
log_lik[763],-0.319289,0.00160989,0.0952606,0.0949914,-0.475813,-0.319507,-0.1626,3518.04,2876.29,21.8319,0.999827,2,t0_only
log_lik[764],-1.00118,0.00200454,0.0951534,0.0932472,-1.16724,-0.997195,-0.849158,2278.8,2530.85,14.1416,1.00126,2,t0_only
log_lik[765],-0.421263,0.00185583,0.1048,0.101344,-0.599489,-0.416059,-0.255121,3200.65,2947.95,19.8623,1.00081,2,t0_only
log_lik[766],-0.29758,0.00143591,0.0820256,0.0801263,-0.434673,-0.296971,-0.161562,3275.64,2852.72,20.3277,1.00079,2,t0_only
log_lik[767],-1.31671,0.00170648,0.0855708,0.0858047,-1.46189,-1.31356,-1.18051,2534.67,2821.94,15.7294,1.00016,2,t0_only
log_lik[768],-0.491761,0.00162074,0.0913926,0.0900503,-0.650667,-0.487831,-0.345327,3201.26,2880.23,19.8661,1.00157,2,t0_only
log_lik[769],-0.331798,0.00139479,0.078876,0.0764877,-0.463499,-0.331133,-0.199271,3209.78,2669.81,19.9189,1.00148,2,t0_only
log_lik[770],-0.374549,0.00167362,0.100332,0.101646,-0.541177,-0.373926,-0.213083,3612.54,2988.48,22.4183,0.999634,2,t0_only
log_lik[771],-1.08262,0.00181563,0.0862689,0.0878761,-1.2244,-1.08224,-0.941084,2280.08,3030.61,14.1495,1.00072,2,t0_only
log_lik[772],-2.23808,0.00418049,0.190439,0.182987,-2.57934,-2.22508,-1.95037,2154.83,1940.39,13.3723,1.00182,2,t0_only
log_lik[773],-0.314184,0.00141207,0.0802516,0.0782255,-0.446723,-0.313561,-0.179984,3243.93,2793.53,20.1309,1.001,2,t0_only
log_lik[774],-0.288984,0.00145417,0.0833403,0.0814968,-0.428554,-0.288654,-0.149787,3298.24,2812.34,20.4679,1.00067,2,t0_only
log_lik[775],-0.555198,0.00194971,0.114784,0.116672,-0.745404,-0.551728,-0.376294,3484.48,2787.29,21.6236,0.999754,2,t0_only
log_lik[776],-0.705377,0.00154485,0.0837748,0.084812,-0.848261,-0.705111,-0.572907,2954.68,3237.89,18.3359,1.00172,2,t0_only
log_lik[777],-0.442037,0.00175662,0.105666,0.10771,-0.617737,-0.440356,-0.273904,3636.48,2896.32,22.5669,0.999439,2,t0_only
log_lik[778],-0.400899,0.00170401,0.10245,0.104643,-0.571477,-0.3998,-0.237005,3632.93,3089.2,22.5449,0.999676,2,t0_only
log_lik[779],-1.55599,0.00195728,0.0888012,0.0873299,-1.70306,-1.55337,-1.41174,2076.31,2850.68,12.885,1.00051,2,t0_only
log_lik[780],-1.81124,0.00284776,0.132937,0.129901,-2.04315,-1.80381,-1.60033,2219.62,2233.38,13.7743,1.00156,2,t0_only
log_lik[781],-1.06619,0.00217754,0.10246,0.0989975,-1.24647,-1.06193,-0.903347,2246.17,2299.66,13.9391,1.00135,2,t0_only
log_lik[782],-0.530276,0.00243912,0.133008,0.129941,-0.755528,-0.52539,-0.316842,2988.3,2868.56,18.5445,1.00014,2,t0_only
log_lik[783],-1.15665,0.00185762,0.0859202,0.086408,-1.29597,-1.15683,-1.01464,2163.73,2834.94,13.4275,1.00065,2,t0_only
log_lik[784],-0.427249,0.0019471,0.109725,0.106769,-0.611698,-0.422207,-0.252835,3190.55,3015.36,19.7996,1.00048,2,t0_only
log_lik[785],-0.827054,0.00166092,0.0813622,0.0807695,-0.967936,-0.824239,-0.697791,2416.46,2813.33,14.9958,1.00087,2,t0_only
log_lik[786],-0.362716,0.00166042,0.0993438,0.100715,-0.527476,-0.362531,-0.201371,3600.34,2985.38,22.3426,0.999581,2,t0_only
log_lik[787],-0.366917,0.0016651,0.0996981,0.100847,-0.531886,-0.366302,-0.205793,3606.15,2940.74,22.3787,0.999596,2,t0_only
log_lik[788],-0.849105,0.00291389,0.160822,0.16158,-1.12174,-0.843823,-0.589445,3069.48,2944.92,19.0483,0.999938,2,t0_only
log_lik[789],-0.283411,0.00147163,0.0845862,0.0831335,-0.423992,-0.282984,-0.142285,3311.36,2805.79,20.5493,1.00069,2,t0_only
log_lik[790],-0.288257,0.00155645,0.0908826,0.0895324,-0.43963,-0.287303,-0.138764,3425.56,2838.2,21.258,1.00038,2,t0_only
log_lik[791],-0.281986,0.00147788,0.0850324,0.0835049,-0.423112,-0.281372,-0.13968,3319.52,2803.88,20.6,1.00054,2,t0_only
log_lik[792],-0.412734,0.00171838,0.103381,0.106165,-0.583875,-0.411867,-0.24694,3639.49,3090.63,22.5856,0.999533,2,t0_only
log_lik[793],-0.288841,0.00145454,0.0833667,0.0815751,-0.428474,-0.288464,-0.149678,3298.37,2812.34,20.4687,1.00067,2,t0_only
log_lik[794],-0.281376,0.00148104,0.0852579,0.0833446,-0.423239,-0.280757,-0.1386,3325.46,2815.46,20.6368,1.0005,2,t0_only
log_lik[795],-0.287493,0.00155436,0.0907183,0.0893394,-0.438734,-0.286604,-0.137891,3422.06,2838.2,21.2363,1.00036,2,t0_only
log_lik[796],-0.535256,0.00142665,0.073466,0.0737854,-0.656992,-0.533746,-0.415444,2677.5,2686.3,16.6158,1.00129,2,t0_only
log_lik[797],-0.464055,0.00206504,0.11415,0.110725,-0.659579,-0.457101,-0.284907,3072.13,2801.43,19.0647,1.00074,2,t0_only
log_lik[798],-0.286549,0.00146091,0.0838212,0.0816509,-0.427002,-0.285992,-0.146678,3302.63,2855.67,20.4952,1.00065,2,t0_only
log_lik[799],-1.66953,0.00231837,0.110868,0.108901,-1.86269,-1.66454,-1.49393,2316.39,2549.24,14.3748,1.00124,2,t0_only
log_lik[800],-0.469683,0.00179675,0.107828,0.109361,-0.647775,-0.467609,-0.299778,3628.58,2874.05,22.5179,0.999509,2,t0_only
log_lik[801],-0.496084,0.00179996,0.100799,0.0998927,-0.668618,-0.491574,-0.336092,3155.73,3040.52,19.5835,1.00134,2,t0_only
log_lik[802],-0.625583,0.00247533,0.139326,0.140953,-0.858685,-0.622225,-0.401375,3180.98,2879.78,19.7402,1.00017,2,t0_only
log_lik[803],-0.313025,0.00160145,0.0945564,0.0942096,-0.469779,-0.313158,-0.157017,3503.52,2850.58,21.7418,0.999932,2,t0_only
log_lik[804],-0.574319,0.00169597,0.0942941,0.0959486,-0.734636,-0.570246,-0.425801,3098.5,3183.48,19.2284,1.00111,2,t0_only
log_lik[805],-0.279075,0.00150762,0.0871788,0.0854452,-0.425691,-0.278965,-0.132971,3354.97,2886.61,20.82,1.00041,2,t0_only
log_lik[806],-0.279677,0.00149342,0.0861468,0.0847139,-0.423339,-0.278808,-0.135123,3338.61,2793.76,20.7184,1.0005,2,t0_only
log_lik[807],-0.555687,0.00170989,0.0953465,0.0960402,-0.718095,-0.551497,-0.405709,3122.19,3245.81,19.3754,1.00107,2,t0_only
log_lik[808],-1.50639,0.00195089,0.0876074,0.0870937,-1.65173,-1.50409,-1.36425,2047.2,2975.47,12.7043,1.00036,2,t0_only
log_lik[809],-0.34153,0.00138744,0.0782477,0.0759823,-0.471942,-0.34064,-0.2094,3191.39,2651.18,19.8048,1.00156,2,t0_only
log_lik[810],-0.293981,0.00156983,0.0919519,0.0911703,-0.447875,-0.293126,-0.143249,3447.63,2768.97,21.395,1.0003,2,t0_only
log_lik[811],-1.69338,0.00200755,0.0945155,0.0929454,-1.85452,-1.69142,-1.54151,2213.64,2603.22,13.7372,1.00095,2,t0_only
log_lik[812],-0.34382,0.00138589,0.0781104,0.0760074,-0.474408,-0.342863,-0.212269,3187.38,2596.69,19.78,1.0015,2,t0_only
log_lik[813],-0.304836,0.00158931,0.093547,0.0924805,-0.459873,-0.304377,-0.151153,3484.58,2817.9,21.6243,1.00003,2,t0_only
log_lik[814],-0.325764,0.00161809,0.0959436,0.0961578,-0.4833,-0.326062,-0.167959,3528.9,2900.75,21.8993,0.999847,2,t0_only
log_lik[815],-0.992472,0.0019834,0.094271,0.092686,-1.1564,-0.988562,-0.842085,2283.84,2565.02,14.1728,1.00126,2,t0_only
log_lik[816],-0.28006,0.0014898,0.0858863,0.0845021,-0.42291,-0.279193,-0.135878,3334.22,2815.22,20.6912,1.0005,2,t0_only
log_lik[817],-1.21122,0.00267292,0.123864,0.119401,-1.43126,-1.20598,-1.01508,2189.99,2109.0,13.5904,1.00157,2,t0_only
log_lik[818],-1.77615,0.00269697,0.126598,0.122791,-1.99599,-1.76968,-1.57506,2241.06,2373.05,13.9074,1.0015,2,t0_only
log_lik[819],-0.474165,0.00164326,0.092851,0.0919714,-0.634417,-0.470136,-0.326089,3211.39,2762.44,19.929,1.00146,2,t0_only
log_lik[820],-0.303095,0.00142682,0.0813594,0.0789084,-0.438459,-0.302617,-0.167871,3265.92,2750.88,20.2673,1.00093,2,t0_only
log_lik[821],-0.303966,0.0014255,0.0812625,0.0787043,-0.439294,-0.303303,-0.169128,3264.37,2773.71,20.2577,1.00095,2,t0_only
log_lik[822],-0.319719,0.00140598,0.0797788,0.0774014,-0.451178,-0.319091,-0.184971,3232.01,2771.23,20.0569,1.00122,2,t0_only
log_lik[823],-0.808664,0.00154658,0.0824099,0.0832772,-0.948703,-0.808685,-0.678607,2847.02,3159.33,17.6678,1.00146,2,t0_only
log_lik[824],-0.281489,0.00153234,0.0890177,0.0881372,-0.429466,-0.280485,-0.134013,3388.35,2822.76,21.0271,1.0005,2,t0_only
log_lik[825],-0.299147,0.00143317,0.081826,0.0795855,-0.435614,-0.298328,-0.163415,3271.92,2820.39,20.3046,1.0008,2,t0_only
log_lik[826],-0.416132,0.00172262,0.103647,0.106708,-0.587095,-0.415008,-0.249388,3639.37,2970.22,22.5849,0.999524,2,t0_only
log_lik[827],-0.287862,0.00145715,0.0835529,0.0815588,-0.427466,-0.287488,-0.148651,3301.03,2812.34,20.4852,1.00066,2,t0_only
log_lik[828],-0.292227,0.0014465,0.0827902,0.0814147,-0.430755,-0.291939,-0.153403,3289.93,2787.43,20.4164,1.00083,2,t0_only
log_lik[829],-0.513864,0.00159973,0.0899238,0.0882132,-0.668224,-0.509833,-0.369905,3180.7,3076.71,19.7385,1.00197,2,t0_only
log_lik[830],-0.30077,0.00143047,0.0816282,0.0790745,-0.436796,-0.30022,-0.164871,3268.01,2769.39,20.2803,1.00083,2,t0_only
log_lik[831],-0.406082,0.00171024,0.102859,0.105659,-0.577155,-0.405163,-0.241573,3636.24,3221.1,22.5655,0.999608,2,t0_only
log_lik[832],-2.01661,0.00281033,0.130837,0.126492,-2.24466,-2.00969,-1.81089,2206.68,2077.5,13.694,1.00169,2,t0_only
log_lik[833],-0.537322,0.00142812,0.0734637,0.0737659,-0.658796,-0.535723,-0.417411,2673.46,2686.3,16.5907,1.00128,2,t0_only
log_lik[834],-0.468892,0.00138732,0.0739914,0.0739348,-0.589985,-0.468633,-0.346715,2854.54,2796.34,17.7145,1.00147,2,t0_only
log_lik[835],-2.23821,0.00418211,0.190512,0.183149,-2.57961,-2.22525,-1.95045,2154.84,1940.39,13.3723,1.00182,2,t0_only
log_lik[836],-0.373725,0.00137072,0.0766012,0.0752955,-0.501512,-0.373097,-0.245032,3132.64,2812.96,19.4402,1.00174,2,t0_only
log_lik[837],-0.31178,0.0015997,0.0944102,0.0939214,-0.468029,-0.311987,-0.156414,3500.25,2855.38,21.7215,0.999982,2,t0_only
log_lik[838],-0.307051,0.00159275,0.0938321,0.0930792,-0.463274,-0.306987,-0.153184,3489.44,2900.26,21.6544,1.00003,2,t0_only
log_lik[839],-1.29461,0.00304184,0.140023,0.133964,-1.54308,-1.2863,-1.07161,2167.65,2063.17,13.4518,1.00165,2,t0_only
log_lik[840],-0.602906,0.00205449,0.118917,0.121524,-0.803165,-0.599791,-0.417364,3368.02,2861.02,20.9009,0.999896,2,t0_only
log_lik[841],-0.389076,0.00169014,0.10151,0.104048,-0.557061,-0.388787,-0.226705,3624.01,2991.26,22.4896,0.999699,2,t0_only
log_lik[842],-0.291479,0.00156438,0.0915138,0.0907141,-0.444665,-0.290624,-0.141494,3437.02,2816.13,21.3292,1.00028,2,t0_only
log_lik[843],-0.279878,0.0014914,0.0860018,0.0846756,-0.423141,-0.278988,-0.13539,3336.21,2793.76,20.7035,1.00049,2,t0_only
log_lik[844],-1.24508,0.00166301,0.0837056,0.0840207,-1.38527,-1.24326,-1.11223,2554.4,2661.85,15.8518,1.00029,2,t0_only
log_lik[845],-0.296951,0.00157572,0.0924297,0.0913476,-0.451214,-0.296299,-0.145193,3457.94,2738.39,21.459,1.00026,2,t0_only
log_lik[846],-0.711555,0.00233917,0.12905,0.129158,-0.931902,-0.705231,-0.508543,3056.46,2937.01,18.9675,1.0002,2,t0_only
log_lik[847],-0.287947,0.00155561,0.0908168,0.0893447,-0.438976,-0.287025,-0.138428,3424.18,2838.2,21.2495,1.00035,2,t0_only
log_lik[848],-0.324647,0.00161671,0.0958286,0.0958586,-0.481754,-0.325008,-0.167134,3526.9,2900.75,21.8869,0.999843,2,t0_only
log_lik[849],-0.279093,0.00150395,0.0869106,0.0852602,-0.424652,-0.279,-0.133302,3350.59,2814.43,20.7928,1.00037,2,t0_only
lp__,430.143,0.0539014,1.98038,1.8446,426.517,430.434,432.738,1457.9,1944.98,12.586,1.00073,2,B_only
B[1],0.44401,0.00344508,0.0987774,0.0969805,0.299578,0.434194,0.618842,782.583,711.526,6.75602,1.00274,2,B_only
B[2],0.727728,0.00547708,0.156758,0.150032,0.495217,0.714447,1.00899,785.112,738.602,6.77785,1.0027,2,B_only
B[3],0.852493,0.00635296,0.181787,0.174373,0.578396,0.836998,1.17407,788.494,822.048,6.80704,1.00215,2,B_only
c,-0.199931,0.00104704,0.0430252,0.0414018,-0.271083,-0.200448,-0.129646,1720.24,1709.45,14.8508,1.00443,2,B_only
d,2.0648,0.00740994,0.214401,0.212879,1.72666,2.05727,2.43423,852.347,896.132,7.35829,1.00181,2,B_only
t0,0.235305,0.000275012,0.0100139,0.0103521,0.217503,0.236226,0.250155,1306.67,1417.92,11.2804,1.00346,2,B_only
r,3.04315,0.0241495,0.693202,0.648117,2.03282,2.97158,4.27703,789.753,827.203,6.81792,1.00192,2,B_only
p_lapse,0.119463,0.000474326,0.0229557,0.0230969,0.0829202,0.118962,0.158158,2346.52,2450.38,20.2574,1.00053,2,B_only
c_vec[1],-0.199931,0.00104704,0.0430252,0.0414018,-0.271083,-0.200448,-0.129646,1720.24,1709.45,14.8508,1.00443,2,B_only
c_vec[2],-0.199931,0.00104704,0.0430252,0.0414018,-0.271083,-0.200448,-0.129646,1720.24,1709.45,14.8508,1.00443,2,B_only
c_vec[3],-0.199931,0.00104704,0.0430252,0.0414018,-0.271083,-0.200448,-0.129646,1720.24,1709.45,14.8508,1.00443,2,B_only
d_vec[1],2.0648,0.00740994,0.214401,0.212879,1.72666,2.05727,2.43423,852.347,896.132,7.35829,1.00181,2,B_only
d_vec[2],2.0648,0.00740994,0.214401,0.212879,1.72666,2.05727,2.43423,852.347,896.132,7.35829,1.00181,2,B_only
d_vec[3],2.0648,0.00740994,0.214401,0.212879,1.72666,2.05727,2.43423,852.347,896.132,7.35829,1.00181,2,B_only
pk[1],0.88951,0.00073608,0.0222165,0.0215826,0.85175,0.891227,0.923183,889.556,1120.73,7.67951,1.00231,2,B_only
pk[2],0.88951,0.00073608,0.0222165,0.0215826,0.85175,0.891227,0.923183,889.556,1120.73,7.67951,1.00231,2,B_only
pk[3],0.88951,0.00073608,0.0222165,0.0215826,0.85175,0.891227,0.923183,889.556,1120.73,7.67951,1.00231,2,B_only
pf[1],0.20408,0.0010325,0.0317609,0.0319823,0.152146,0.203323,0.256619,938.876,847.066,8.10528,1.00208,2,B_only
pf[2],0.20408,0.0010325,0.0317609,0.0319823,0.152146,0.203323,0.256619,938.876,847.066,8.10528,1.00208,2,B_only
pf[3],0.20408,0.0010325,0.0317609,0.0319823,0.152146,0.203323,0.256619,938.876,847.066,8.10528,1.00208,2,B_only
vk[1],2.69308,0.0191848,0.548581,0.519973,1.86823,2.64656,3.662,790.968,846.136,6.8284,1.0019,2,B_only
vk[2],2.69308,0.0191848,0.548581,0.519973,1.86823,2.64656,3.662,790.968,846.136,6.8284,1.0019,2,B_only
vk[3],2.69308,0.0191848,0.548581,0.519973,1.86823,2.64656,3.662,790.968,846.136,6.8284,1.0019,2,B_only
vf[1],0.63896,0.00796742,0.233388,0.220281,0.314526,0.608721,1.06457,804.142,867.842,6.94213,1.002,2,B_only
vf[2],0.63896,0.00796742,0.233388,0.220281,0.314526,0.608721,1.06457,804.142,867.842,6.94213,1.002,2,B_only
vf[3],0.63896,0.00796742,0.233388,0.220281,0.314526,0.608721,1.06457,804.142,867.842,6.94213,1.002,2,B_only
sigma_k[1],0.544797,0.00370078,0.106658,0.10406,0.383954,0.537827,0.730446,808.691,900.885,6.98141,1.00197,2,B_only
sigma_k[2],0.544797,0.00370078,0.106658,0.10406,0.383954,0.537827,0.730446,808.691,900.885,6.98141,1.00197,2,B_only
sigma_k[3],0.544797,0.00370078,0.106658,0.10406,0.383954,0.537827,0.730446,808.691,900.885,6.98141,1.00197,2,B_only
sigma_f[1],0.699052,0.00402467,0.114462,0.113412,0.515597,0.6957,0.890339,797.706,844.529,6.88657,1.00197,2,B_only
sigma_f[2],0.699052,0.00402467,0.114462,0.113412,0.515597,0.6957,0.890339,797.706,844.529,6.88657,1.00197,2,B_only
sigma_f[3],0.699052,0.00402467,0.114462,0.113412,0.515597,0.6957,0.890339,797.706,844.529,6.88657,1.00197,2,B_only
log_lik[1],1.5143,0.00124895,0.0659384,0.0663613,1.40076,1.51757,1.61644,2822.76,2959.88,24.3688,1.00077,2,B_only
log_lik[2],1.10105,0.00119316,0.0747686,0.0749116,0.973444,1.10293,1.21788,3918.88,3151.93,33.8316,1.00143,2,B_only
log_lik[3],1.14441,0.00111318,0.0696415,0.0704267,1.02657,1.14652,1.25295,3904.96,3177.47,33.7114,1.00143,2,B_only
log_lik[4],1.24222,0.000906,0.056713,0.0571921,1.14468,1.24379,1.33115,3932.09,3586.99,33.9456,1.00127,2,B_only
log_lik[5],-0.507719,0.00335415,0.206042,0.20755,-0.858486,-0.501577,-0.178346,3856.05,3233.13,33.2892,1.00099,2,B_only
log_lik[6],0.797671,0.00165631,0.105902,0.106719,0.619133,0.799793,0.964354,4087.66,3114.39,35.2887,1.00127,2,B_only
log_lik[7],1.28638,0.000569701,0.0340683,0.0342335,1.23086,1.28694,1.34199,3590.41,2773.18,30.9959,1.00051,2,B_only
log_lik[8],0.890142,0.00130486,0.0853313,0.0846483,0.747685,0.8929,1.02475,4288.45,3415.77,37.022,1.00067,2,B_only
log_lik[9],1.51677,0.00124546,0.0656143,0.0661117,1.40392,1.51994,1.61827,2810.29,2959.6,24.2611,1.00072,2,B_only
log_lik[10],1.46421,0.00060419,0.0379826,0.0375162,1.40048,1.46524,1.52593,3990.01,3224.73,34.4457,1.00071,2,B_only
log_lik[11],1.02778,0.000704962,0.0433251,0.0434965,0.955018,1.02775,1.09769,3787.29,3552.88,32.6955,1.00098,2,B_only
log_lik[12],-0.50375,0.00295458,0.194721,0.196865,-0.832819,-0.499365,-0.189824,4360.87,3320.46,37.6473,1.0005,2,B_only
log_lik[13],0.741225,0.00153661,0.100471,0.101627,0.572363,0.744759,0.898555,4291.22,3542.26,37.046,1.00062,2,B_only
log_lik[14],1.49621,0.0005853,0.0366889,0.0361705,1.43543,1.49712,1.55587,3958.67,3069.51,34.1751,1.0007,2,B_only
log_lik[15],1.33718,0.000549173,0.0344009,0.0344729,1.28151,1.33717,1.39453,3955.13,2832.13,34.1445,1.00087,2,B_only
log_lik[16],1.24015,0.000577546,0.0342747,0.0336131,1.18401,1.24018,1.29649,3551.26,2731.07,30.6579,1.00048,2,B_only
log_lik[17],0.87454,0.00133018,0.0869814,0.0863419,0.729173,0.877293,1.01176,4288.9,3445.41,37.0259,1.00071,2,B_only
log_lik[18],1.06956,0.000759906,0.0446577,0.0450316,0.99358,1.07096,1.13932,3479.4,3077.85,30.0376,1.00143,2,B_only
log_lik[19],0.965089,0.00111603,0.061325,0.060748,0.860548,0.966188,1.06231,3064.99,2806.31,26.46,1.0008,2,B_only
log_lik[20],0.916079,0.000765074,0.0484538,0.048544,0.834136,0.916453,0.992448,4027.94,3515.78,34.7731,1.00077,2,B_only
log_lik[21],-0.953957,0.00162139,0.09298,0.0918852,-1.11275,-0.952039,-0.803996,3369.09,3333.67,29.0853,0.999474,2,B_only
log_lik[22],0.848927,0.00137116,0.0896544,0.089622,0.699011,0.851909,0.990341,4288.77,3448.66,37.0248,1.0006,2,B_only
log_lik[23],1.23227,0.000834329,0.0493778,0.0491801,1.14673,1.23408,1.30935,3570.53,2899.54,30.8243,1.00158,2,B_only
log_lik[24],1.0428,0.00129309,0.0812871,0.0819107,0.905015,1.04449,1.16991,3940.68,3089.66,34.0198,1.00141,2,B_only
log_lik[25],0.822174,0.00141326,0.0924022,0.0923257,0.66744,0.825251,0.96754,4288.91,3481.24,37.0261,1.00053,2,B_only
log_lik[26],1.07726,0.00123489,0.0774755,0.0777719,0.945444,1.07919,1.19811,3924.16,3085.77,33.8771,1.00142,2,B_only
log_lik[27],1.48743,0.00058976,0.0370233,0.036588,1.42561,1.4881,1.54751,3974.67,3079.58,34.3132,1.00071,2,B_only
log_lik[28],0.647311,0.00185654,0.119644,0.120526,0.443842,0.65018,0.835142,4165.01,3213.68,35.9564,1.00116,2,B_only
log_lik[29],1.48419,0.000591558,0.0371511,0.0366444,1.42216,1.48491,1.54435,3977.31,3076.83,34.336,1.00071,2,B_only
log_lik[30],1.19764,0.000875455,0.0510576,0.0510285,1.10966,1.19942,1.27841,3466.77,3013.08,29.9285,1.00126,2,B_only
log_lik[31],1.61974,0.00101676,0.0487312,0.0489842,1.53875,1.62229,1.69695,2322.41,2859.53,20.0493,1.00032,2,B_only
log_lik[32],1.2897,0.000764498,0.0465267,0.0464347,1.20999,1.29115,1.36259,3782.17,3017.13,32.6513,1.00164,2,B_only
log_lik[33],-0.833784,0.00157475,0.0907742,0.0910959,-0.983978,-0.833746,-0.686021,3386.86,3198.04,29.2387,0.999573,2,B_only
log_lik[34],1.32289,0.000542886,0.0333815,0.0336572,1.26902,1.32306,1.37838,3804.99,2740.22,32.8483,1.00053,2,B_only
log_lik[35],0.884118,0.00153589,0.0976109,0.0986673,0.719065,0.88652,1.03875,4030.65,3131.02,34.7965,1.00135,2,B_only
log_lik[36],-1.57274,0.00323415,0.210269,0.212458,-1.90883,-1.57724,-1.21372,4237.72,3687.05,36.5841,1.00057,2,B_only
log_lik[37],1.22813,0.0005814,0.0341506,0.0338524,1.17226,1.22796,1.2843,3471.08,2791.28,29.9657,1.00062,2,B_only
log_lik[38],1.15804,0.000809276,0.0529074,0.0525991,1.06936,1.15962,1.24302,4293.53,3683.16,37.0659,1.00032,2,B_only
log_lik[39],0.580613,0.00176638,0.115575,0.116451,0.384622,0.584724,0.764305,4291.39,3474.38,37.0474,1.00079,2,B_only
log_lik[40],-0.802642,0.00156875,0.0904079,0.0915108,-0.9526,-0.802626,-0.655874,3384.51,3153.33,29.2184,0.99961,2,B_only
log_lik[41],1.28757,0.00155868,0.0941881,0.0971458,1.12588,1.29065,1.43252,3748.62,3193.24,32.3617,1.00185,2,B_only
log_lik[42],1.11697,0.00089597,0.0586509,0.0576112,1.01838,1.11954,1.21061,4304.71,3443.27,37.1624,1.00053,2,B_only
log_lik[43],1.33754,0.000550078,0.0344801,0.0346842,1.2817,1.33753,1.39492,3963.74,2869.84,34.2188,1.00082,2,B_only
log_lik[44],0.0854365,0.00256584,0.165998,0.164796,-0.198466,0.0886356,0.349755,4241.87,3245.92,36.6199,1.0017,2,B_only
log_lik[45],1.13513,0.00113077,0.0707624,0.0715256,1.01505,1.13715,1.24519,3908.36,3173.33,33.7407,1.00143,2,B_only
log_lik[46],0.0332693,0.00263494,0.169951,0.167777,-0.258564,0.0377919,0.303384,4224.59,3245.78,36.4707,1.00188,2,B_only
log_lik[47],1.46336,0.000604781,0.0380195,0.0375149,1.39967,1.46444,1.52513,3989.98,3202.65,34.4453,1.00071,2,B_only
log_lik[48],0.209135,0.00239912,0.156377,0.154077,-0.0592887,0.211788,0.456654,4280.26,3218.51,36.9513,1.00122,2,B_only
log_lik[49],1.3332,0.000626626,0.0396948,0.0395056,1.26617,1.33334,1.39792,4049.02,3307.86,34.9551,1.00043,2,B_only
log_lik[50],1.37538,0.000680361,0.0422089,0.0415946,1.30507,1.3769,1.44277,3890.57,3153.01,33.5871,1.00109,2,B_only
log_lik[51],0.910434,0.00116371,0.0634671,0.0628091,0.802705,0.911514,1.01126,3014.13,2883.3,26.0209,1.00084,2,B_only
log_lik[52],1.13928,0.00112292,0.0702619,0.0711223,1.02014,1.14142,1.24858,3902.94,3173.14,33.694,1.00144,2,B_only
log_lik[53],1.17008,0.000782567,0.0511194,0.0510336,1.08453,1.17142,1.25274,4289.48,3699.77,37.031,1.0001,2,B_only
log_lik[54],1.20786,0.000693063,0.0450159,0.0452977,1.13282,1.20862,1.28089,4241.36,3736.73,36.6155,0.999868,2,B_only
log_lik[55],0.83358,0.0013954,0.0912361,0.0913777,0.680956,0.836723,0.977091,4288.66,3481.24,37.0239,1.00052,2,B_only
log_lik[56],1.24571,0.000581375,0.0350672,0.0348877,1.18848,1.2461,1.3034,3677.01,3098.02,31.7435,1.00024,2,B_only
log_lik[57],1.24547,0.00081841,0.0487286,0.0486282,1.16157,1.24725,1.32194,3614.78,2927.69,31.2063,1.00187,2,B_only
log_lik[58],0.806922,0.000929095,0.0565618,0.0570393,0.710816,0.808967,0.89676,3735.34,3212.13,32.2471,1.00191,2,B_only
log_lik[59],0.419641,0.00198047,0.129737,0.130931,0.198191,0.423929,0.626651,4299.84,3474.74,37.1204,1.0006,2,B_only
log_lik[60],1.20244,0.000601569,0.0349354,0.0349585,1.14528,1.20231,1.2599,3387.89,2882.55,29.2475,1.00076,2,B_only
log_lik[61],-1.07346,0.00173508,0.0970025,0.0954754,-1.23757,-1.07102,-0.918024,3183.07,3111.74,27.4794,0.999766,2,B_only
log_lik[62],1.04924,0.00103652,0.0578247,0.0581144,0.949541,1.05011,1.1406,3162.89,2684.33,27.3052,1.00082,2,B_only
log_lik[63],0.0938502,0.00237321,0.155896,0.156548,-0.170299,0.0993689,0.342176,4332.14,3472.81,37.3993,1.00062,2,B_only
log_lik[64],-0.348797,0.00161894,0.0883512,0.0897963,-0.491989,-0.349291,-0.202452,3035.42,2730.94,26.2047,0.999976,2,B_only
log_lik[65],1.29742,0.000559837,0.0336993,0.0338383,1.24298,1.29762,1.35256,3642.94,2859.74,31.4494,1.00065,2,B_only
log_lik[66],1.33366,0.000624241,0.0395451,0.0393123,1.26701,1.33377,1.39822,4049.35,3337.38,34.9579,1.00042,2,B_only
log_lik[67],-1.43569,0.00738463,0.302301,0.269074,-1.86609,-1.47472,-0.869445,1698.02,1940.35,14.6589,1.00317,2,B_only
log_lik[68],0.67154,0.000901064,0.0589836,0.0589218,0.572986,0.6726,0.764003,4306.39,3520.11,37.177,1.00082,2,B_only
log_lik[69],0.27563,0.00231863,0.151069,0.149484,0.016204,0.27862,0.516059,4271.67,3192.1,36.8772,1.00118,2,B_only
log_lik[70],0.613519,0.00190002,0.122637,0.123718,0.403992,0.616513,0.806663,4177.85,3197.37,36.0673,1.00113,2,B_only
log_lik[71],-0.88034,0.00319756,0.210672,0.211535,-1.23507,-0.879849,-0.536997,4360.8,3248.07,37.6467,1.00087,2,B_only
log_lik[72],0.988465,0.00109468,0.0603774,0.0604106,0.885412,0.989407,1.08372,3087.98,2816.47,26.6585,1.00083,2,B_only
log_lik[73],0.431003,0.00196583,0.128766,0.130053,0.210893,0.435175,0.636061,4299.16,3474.74,37.1145,1.00061,2,B_only
log_lik[74],1.43177,0.000629147,0.039454,0.038867,1.36649,1.43347,1.49507,3975.24,3179.45,34.3181,1.00073,2,B_only
log_lik[75],1.556,0.00118446,0.06023,0.0604801,1.4537,1.55912,1.65033,2602.73,2969.59,22.4693,1.00098,2,B_only
log_lik[76],-0.213723,0.00269698,0.177544,0.178334,-0.516493,-0.209431,0.0696559,4353.39,3349.78,37.5827,1.00044,2,B_only
log_lik[77],1.21895,0.000850261,0.0500278,0.0498985,1.13227,1.22072,1.29716,3524.69,2944.52,30.4285,1.00144,2,B_only
log_lik[78],1.63358,0.000893489,0.0428598,0.043466,1.56082,1.63558,1.70145,2336.97,3044.32,20.175,1.00031,2,B_only
log_lik[79],-1.56802,0.00411215,0.217084,0.215995,-1.90925,-1.57931,-1.19697,2805.43,3202.75,24.2192,1.00081,2,B_only
log_lik[80],0.974327,0.000729661,0.0458162,0.046417,0.897055,0.974319,1.04711,3955.61,3586.05,34.1487,1.00088,2,B_only
log_lik[81],-0.33613,0.00162134,0.0882975,0.0899385,-0.478772,-0.336448,-0.190459,3026.03,2730.43,26.1236,0.999989,2,B_only
log_lik[82],1.22021,0.00095695,0.0598487,0.0602372,1.11748,1.22222,1.31401,3912.41,3415.24,33.7757,1.00133,2,B_only
log_lik[83],0.523013,0.00430855,0.213148,0.216328,0.154622,0.53285,0.850206,2491.3,3127.71,21.5073,1.00227,2,B_only
log_lik[84],1.00264,0.00135805,0.0855893,0.0865939,0.858061,1.00468,1.13696,3961.29,3131.2,34.1977,1.00143,2,B_only
log_lik[85],1.33843,0.000552862,0.0347136,0.0352838,1.28211,1.33849,1.39638,3981.83,2971.76,34.375,1.00072,2,B_only
log_lik[86],1.21169,0.000594405,0.0345839,0.0345551,1.15514,1.2115,1.26872,3400.4,2920.53,29.3555,1.00069,2,B_only
log_lik[87],1.09848,0.000933173,0.0610962,0.0598671,0.99634,1.10091,1.19549,4307.61,3417.33,37.1875,1.0002,2,B_only
log_lik[88],0.766099,0.00127719,0.0686427,0.0674167,0.650189,0.767022,0.877153,2927.31,2884.26,25.2714,1.00063,2,B_only
log_lik[89],1.33996,0.000563481,0.0355268,0.0359653,1.28084,1.34027,1.39909,4020.25,2955.87,34.7067,1.00033,2,B_only
log_lik[90],0.640168,0.00186577,0.12028,0.121338,0.435455,0.643144,0.829135,4167.4,3213.68,35.977,1.00116,2,B_only
log_lik[91],-1.31652,0.00838315,0.340658,0.325641,-1.79589,-1.37064,-0.676165,1668.02,2062.85,14.3999,1.00327,2,B_only
log_lik[92],1.29673,0.000760895,0.0478929,0.0481762,1.21444,1.29769,1.37206,3985.54,3552.01,34.407,1.00096,2,B_only
log_lik[93],-0.830981,0.0017808,0.108125,0.109718,-1.01088,-0.829507,-0.657441,3706.43,3638.63,31.9975,1.002,2,B_only
log_lik[94],0.899839,0.00151328,0.0960647,0.0970107,0.737687,0.902431,1.05151,4023.16,3105.15,34.7318,1.00136,2,B_only
log_lik[95],1.06793,0.000992706,0.0649942,0.0636301,0.959915,1.07084,1.17128,4304.47,3405.85,37.1603,1.00027,2,B_only
log_lik[96],1.16549,0.000792833,0.0518079,0.0513748,1.07857,1.16702,1.24931,4289.69,3699.68,37.0327,1.0002,2,B_only
log_lik[97],1.09699,0.000988128,0.0557286,0.0561513,1.00171,1.09816,1.18634,3239.41,2861.95,27.9657,1.00089,2,B_only
log_lik[98],1.19178,0.000659424,0.0385389,0.0397853,1.12781,1.19267,1.25403,3430.32,2976.13,29.6139,1.00092,2,B_only
log_lik[99],1.33595,0.000611378,0.0387319,0.0385261,1.27092,1.33617,1.39966,4052.23,3221.39,34.9828,1.00036,2,B_only
log_lik[100],0.625721,0.00188437,0.12156,0.122993,0.418512,0.628797,0.817372,4173.01,3197.53,36.0254,1.00114,2,B_only
log_lik[101],1.32396,0.000542575,0.0334007,0.0335383,1.27007,1.32413,1.37959,3811.22,2760.18,32.9021,1.00058,2,B_only
log_lik[102],1.29169,0.000564866,0.0338807,0.0340156,1.23666,1.29206,1.34712,3613.29,2789.8,31.1934,1.00074,2,B_only
log_lik[103],1.17353,0.000622631,0.0362286,0.0363442,1.11422,1.17353,1.23345,3397.12,3066.36,29.3272,1.00092,2,B_only
log_lik[104],1.32729,0.000727656,0.0446322,0.0443841,1.25193,1.32867,1.3975,3800.65,3019.72,32.8109,1.00151,2,B_only
log_lik[105],1.1508,0.000929349,0.0532726,0.0535482,1.06023,1.15234,1.23592,3351.6,3032.55,28.9343,1.00109,2,B_only
log_lik[106],0.999948,0.001118,0.0731644,0.072763,0.877658,1.00199,1.11582,4297.22,3271.01,37.0978,1.00042,2,B_only
log_lik[107],1.30483,0.00152699,0.0920013,0.0947266,1.14731,1.3079,1.4467,3681.88,3451.97,31.7856,1.00184,2,B_only
log_lik[108],1.08637,0.000957055,0.0626618,0.0615232,0.981953,1.08926,1.18587,4307.07,3436.28,37.1828,1.00023,2,B_only
log_lik[109],0.974327,0.000729661,0.0458162,0.046417,0.897055,0.974319,1.04711,3955.61,3586.05,34.1487,1.00088,2,B_only
log_lik[110],1.06245,0.00102337,0.0572526,0.0574851,0.963814,1.06345,1.1537,3178.59,2756.13,27.4407,1.00079,2,B_only
log_lik[111],0.900154,0.00269362,0.149203,0.153065,0.6393,0.907541,1.12878,3123.68,3203.04,26.9666,1.00167,2,B_only
log_lik[112],1.2629,0.000797251,0.0478656,0.0476631,1.18104,1.26463,1.33779,3678.49,2998.62,31.7563,1.00172,2,B_only
log_lik[113],1.04367,0.000697259,0.0425695,0.042889,0.972941,1.04358,1.11267,3740.99,3487.86,32.2959,1.00099,2,B_only
log_lik[114],0.572747,0.00177719,0.116288,0.117275,0.375298,0.576767,0.757723,4291.76,3474.38,37.0506,1.00077,2,B_only
log_lik[115],1.63242,0.000822027,0.0401817,0.0410327,1.56415,1.63409,1.6968,2433.65,2984.39,21.0096,1.00036,2,B_only
log_lik[116],0.00429288,0.0024723,0.16252,0.163838,-0.269913,0.00912181,0.262976,4336.65,3441.16,37.4381,1.00057,2,B_only
log_lik[117],1.5376,0.00121464,0.0628209,0.0631074,1.4301,1.54092,1.63481,2692.03,3142.75,23.2402,1.00073,2,B_only
log_lik[118],1.18993,0.000736823,0.0480262,0.0478593,1.10938,1.19102,1.26811,4272.86,3702.23,36.8875,0.999924,2,B_only
log_lik[119],0.496776,0.00204731,0.13275,0.134377,0.269577,0.499625,0.705284,4220.51,3276.39,36.4355,1.00103,2,B_only
log_lik[120],1.33561,0.000546278,0.0341307,0.03407,1.27996,1.33577,1.39233,3933.01,2805.85,33.9535,1.00089,2,B_only
log_lik[121],1.18473,0.00074904,0.0488568,0.0488603,1.10216,1.18589,1.2643,4278.45,3702.23,36.9357,0.999992,2,B_only
log_lik[122],0.660631,0.00367641,0.188863,0.194329,0.332843,0.671305,0.950715,2682.27,3134.09,23.156,1.00209,2,B_only
log_lik[123],0.457815,0.00209568,0.136053,0.136372,0.225262,0.461032,0.673424,4233.39,3274.32,36.5467,1.00101,2,B_only
log_lik[124],0.746064,0.00152939,0.0999979,0.100965,0.577696,0.749437,0.902349,4290.85,3542.26,37.0428,1.00066,2,B_only
log_lik[125],1.61707,0.001029,0.049417,0.0494369,1.53461,1.61972,1.69518,2332.7,2881.13,20.1382,1.00028,2,B_only
log_lik[126],1.58461,0.0011275,0.0558065,0.05587,1.48993,1.58749,1.67229,2465.06,2794.81,21.2808,1.00044,2,B_only
log_lik[127],1.08929,0.000744966,0.0436933,0.0440072,1.01522,1.09042,1.15791,3465.98,3052.98,29.9217,1.00139,2,B_only
log_lik[128],-0.570486,0.00166848,0.103529,0.104234,-0.741824,-0.568021,-0.404608,3869.42,3515.23,33.4046,1.00198,2,B_only
log_lik[129],0.804035,0.000825378,0.0533592,0.0529725,0.713859,0.804996,0.887791,4201.2,3597.48,36.2688,1.00054,2,B_only
log_lik[130],0.763539,0.00127904,0.0687284,0.0674475,0.64753,0.764358,0.874764,2925.92,2884.26,25.2594,1.00062,2,B_only
log_lik[131],1.28166,0.00080467,0.050542,0.0513894,1.19454,1.28264,1.36147,3964.42,3586.78,34.2248,1.00108,2,B_only
log_lik[132],1.16499,0.000683181,0.0399026,0.0407948,1.09802,1.16565,1.22854,3430.3,2888.01,29.6137,1.00106,2,B_only
log_lik[133],1.28995,0.000566438,0.0339405,0.0340157,1.2346,1.29042,1.34538,3605.52,2785.52,31.1263,1.00066,2,B_only
log_lik[134],1.08593,0.000747544,0.0438585,0.0439322,1.0117,1.08712,1.1545,3470.1,3004.67,29.9572,1.0014,2,B_only
log_lik[135],1.10879,0.000975722,0.0551983,0.0557497,1.01475,1.11003,1.19672,3262.81,2941.14,28.1677,1.00103,2,B_only
log_lik[136],1.35518,0.00145367,0.0857135,0.0879855,1.20939,1.35764,1.48793,3534.13,3273.45,30.51,1.00189,2,B_only
log_lik[137],-0.353646,0.0031324,0.196871,0.195889,-0.691444,-0.348677,-0.0388939,4043.11,3305.47,34.9041,1.00144,2,B_only
log_lik[138],1.26615,0.000793297,0.0477042,0.0476711,1.18465,1.26783,1.34069,3691.89,2998.62,31.8719,1.00169,2,B_only
log_lik[139],1.32203,0.000675418,0.0427081,0.0426808,1.2499,1.32291,1.39108,4030.4,3391.29,34.7943,1.00067,2,B_only
log_lik[140],0.875857,0.00132805,0.0868428,0.0861722,0.730728,0.878621,1.01294,4289.55,3384.07,37.0316,1.00069,2,B_only
log_lik[141],1.34359,0.000711444,0.0438086,0.0435103,1.27004,1.34481,1.41268,3831.79,3115.33,33.0797,1.0015,2,B_only
log_lik[142],-0.258981,0.00274048,0.180451,0.18102,-0.566339,-0.254731,0.0304914,4355.81,3319.97,37.6036,1.00042,2,B_only
log_lik[143],1.23206,0.000628385,0.0403227,0.0403868,1.16601,1.23259,1.29786,4137.67,3611.33,35.7204,0.999813,2,B_only
log_lik[144],1.22468,0.000946863,0.0592259,0.0596066,1.12327,1.22661,1.31748,3912.94,3414.42,33.7803,1.00133,2,B_only
log_lik[145],1.63305,0.000907898,0.0434594,0.0438862,1.55936,1.63525,1.70219,2328.12,3118.91,20.0986,1.0003,2,B_only
log_lik[146],1.26488,0.000590132,0.0349531,0.0356376,1.20825,1.26551,1.32156,3518.79,2810.23,30.3776,1.00056,2,B_only
log_lik[147],0.210818,0.00125318,0.0799196,0.0818857,0.0762743,0.21371,0.337673,4091.32,3194.07,35.3202,1.00202,2,B_only
log_lik[148],0.496776,0.00204731,0.13275,0.134377,0.269577,0.499625,0.705284,4220.51,3276.39,36.4355,1.00103,2,B_only
log_lik[149],1.39941,0.000657696,0.0410154,0.0403676,1.33086,1.40083,1.46513,3930.66,3152.59,33.9333,1.00085,2,B_only
log_lik[150],-1.65027,0.0045855,0.209609,0.199768,-1.99965,-1.64488,-1.32444,2101.07,2396.27,18.1385,1.00065,2,B_only
log_lik[151],1.12557,0.0011486,0.0719022,0.0724183,1.003,1.12757,1.23741,3911.69,3176.93,33.7695,1.00143,2,B_only
log_lik[152],1.32918,0.000542138,0.0335752,0.0333672,1.27465,1.32922,1.38495,3860.04,2661.75,33.3236,1.00085,2,B_only
log_lik[153],1.16445,0.000795146,0.0519629,0.0515951,1.07732,1.16603,1.24846,4289.96,3699.68,37.0351,1.00018,2,B_only
log_lik[154],1.57127,0.00115607,0.0579471,0.0583396,1.47275,1.57404,1.66221,2521.35,2906.1,21.7668,1.00071,2,B_only
log_lik[155],1.29135,0.000565177,0.0338925,0.0339741,1.23635,1.29173,1.3468,3611.23,2789.8,31.1756,1.00075,2,B_only
log_lik[156],1.11353,0.00090297,0.0591117,0.0579803,1.0143,1.11608,1.20799,4305.21,3444.0,37.1668,1.00034,2,B_only
log_lik[157],1.33699,0.000548741,0.0343624,0.0344756,1.28131,1.33702,1.39431,3952.59,2897.47,34.1226,1.00088,2,B_only
log_lik[158],1.16016,0.000631686,0.0368726,0.0369223,1.09966,1.16012,1.22147,3413.8,3225.38,29.4713,1.00094,2,B_only
log_lik[159],1.58165,0.000607475,0.0351156,0.0350378,1.5238,1.58156,1.64047,3411.76,2576.59,29.4536,1.00056,2,B_only
log_lik[160],1.00695,0.00135121,0.085134,0.0862014,0.863561,1.00899,1.1405,3959.26,3117.04,34.1801,1.00142,2,B_only
log_lik[161],1.19158,0.000609727,0.0353969,0.0355502,1.13366,1.1914,1.2505,3383.34,2966.57,29.2082,1.00083,2,B_only
log_lik[162],1.48662,0.000590201,0.037055,0.036651,1.42468,1.48725,1.54673,3975.62,3079.58,34.3214,1.00071,2,B_only
log_lik[163],1.17344,0.00105623,0.0660389,0.066895,1.06107,1.1753,1.27655,3902.03,3261.79,33.6861,1.0014,2,B_only
log_lik[164],-0.210282,0.00269362,0.17732,0.178132,-0.51243,-0.20594,0.0726816,4352.87,3349.46,37.5782,1.00044,2,B_only
log_lik[165],1.33999,0.000575937,0.0364052,0.0367925,1.27898,1.34017,1.40033,4040.56,3048.64,34.8821,1.00017,2,B_only
log_lik[166],0.961386,0.00111935,0.0614734,0.0610001,0.856124,0.962443,1.05875,3061.28,2806.31,26.428,1.00079,2,B_only
log_lik[167],1.54253,0.000574883,0.0353279,0.0351725,1.48439,1.54279,1.60145,3802.66,3026.59,32.8282,1.00066,2,B_only
log_lik[168],0.990966,0.00137642,0.0868153,0.0880821,0.843427,0.993179,1.12731,3970.79,3131.97,34.2797,1.00142,2,B_only
log_lik[169],1.59026,0.0011141,0.0548446,0.0549821,1.49755,1.59271,1.67656,2438.09,2856.89,21.048,1.00035,2,B_only
log_lik[170],1.39806,0.00139582,0.0804343,0.0825399,1.26064,1.401,1.52262,3394.19,3218.84,29.3019,1.00168,2,B_only
log_lik[171],0.817123,0.00123904,0.0668913,0.065913,0.704215,0.818435,0.924721,2952.41,2952.86,25.4881,1.0007,2,B_only
log_lik[172],1.57856,0.00114098,0.056797,0.0569653,1.48182,1.58162,1.66804,2492.81,2840.37,21.5203,1.00058,2,B_only
log_lik[173],0.482978,0.00110623,0.0696973,0.0706756,0.368006,0.485037,0.595429,3998.11,3127.56,34.5156,1.00199,2,B_only
log_lik[174],0.466611,0.0019195,0.125695,0.127321,0.251877,0.470827,0.665693,4296.78,3412.37,37.094,1.00076,2,B_only
log_lik[175],1.31681,0.000545789,0.0333452,0.0334555,1.26322,1.31715,1.37214,3761.18,2689.16,32.4702,1.00038,2,B_only
log_lik[176],1.5094,0.000579868,0.0362245,0.035553,1.44959,1.51004,1.56862,3930.27,3209.5,33.9299,1.00068,2,B_only
log_lik[177],1.30503,0.00073496,0.0463242,0.0465834,1.226,1.3062,1.37815,4000.05,3584.4,34.5323,1.00088,2,B_only
log_lik[178],1.14752,0.000639875,0.0374916,0.0373106,1.08562,1.14751,1.21003,3436.35,3251.15,29.6659,1.00099,2,B_only
log_lik[179],1.5343,0.00121972,0.0632717,0.0634859,1.426,1.53742,1.63212,2711.02,3091.77,23.4042,1.00071,2,B_only
log_lik[180],1.26065,0.000594232,0.0351439,0.035794,1.20384,1.26126,1.31766,3507.87,2749.68,30.2833,1.00041,2,B_only
log_lik[181],-0.614436,0.0015737,0.0892022,0.0910227,-0.75925,-0.614587,-0.469007,3274.34,3436.16,28.2673,0.999795,2,B_only
log_lik[182],0.0231986,0.0013562,0.0865204,0.0889343,-0.122281,0.0264599,0.161276,4089.34,3464.05,35.3031,1.00203,2,B_only
log_lik[183],1.28757,0.00155868,0.0941881,0.0971458,1.12588,1.29065,1.43252,3748.62,3193.24,32.3617,1.00185,2,B_only
log_lik[184],0.38016,0.00203083,0.13308,0.134118,0.153446,0.384963,0.593403,4303.73,3443.35,37.154,1.0006,2,B_only
log_lik[185],1.23609,0.000616945,0.0393873,0.0394937,1.1717,1.23687,1.30008,4092.65,3579.6,35.3317,0.999811,2,B_only
log_lik[186],1.62065,0.000726838,0.0372725,0.0375998,1.55823,1.62146,1.68097,2675.28,2796.41,23.0956,1.00069,2,B_only
log_lik[187],1.04147,0.00129529,0.0814318,0.082048,0.903429,1.04311,1.16884,3941.32,3089.66,34.0253,1.00141,2,B_only
log_lik[188],1.62997,0.000790589,0.0391534,0.0399822,1.56368,1.63148,1.69272,2498.39,2984.31,21.5685,1.00038,2,B_only
log_lik[189],1.5017,0.000582843,0.0364897,0.0358812,1.44139,1.50251,1.56135,3947.46,3184.46,34.0783,1.00069,2,B_only
log_lik[190],1.25278,0.000601861,0.035508,0.0363987,1.19479,1.25342,1.31038,3492.62,2780.15,30.1517,1.00048,2,B_only
log_lik[191],0.965267,0.00141613,0.0894782,0.0903675,0.813339,0.967796,1.10668,3987.08,3107.42,34.4203,1.00141,2,B_only
log_lik[192],1.36655,0.000688894,0.0426515,0.0420692,1.29533,1.36789,1.43472,3874.73,3167.37,33.4504,1.00126,2,B_only
log_lik[193],-0.156239,0.00143388,0.0925094,0.0940876,-0.310605,-0.152675,-0.010575,4180.56,3333.96,36.0906,1.00156,2,B_only
log_lik[194],0.523357,0.000988488,0.0651606,0.0655735,0.412284,0.525319,0.625521,4362.96,3567.93,37.6653,1.00125,2,B_only
log_lik[195],1.03234,0.00105309,0.0585476,0.0590028,0.932038,1.0331,1.12483,3139.64,2771.62,27.1044,1.00083,2,B_only
log_lik[196],-0.110605,0.00142979,0.0909453,0.0926042,-0.263676,-0.107255,0.0337153,4061.65,3437.76,35.0641,1.00202,2,B_only
log_lik[197],1.43806,0.000623971,0.03916,0.0386696,1.37328,1.43949,1.50128,3980.31,3320.5,34.3619,1.00072,2,B_only
log_lik[198],1.15773,0.000921521,0.0529495,0.0531267,1.06716,1.15918,1.24202,3367.63,3032.55,29.0727,1.00112,2,B_only
log_lik[199],1.32893,0.000646951,0.0409595,0.0406639,1.25979,1.32936,1.39559,4041.24,3490.26,34.8879,1.00055,2,B_only
log_lik[200],1.23743,0.000577685,0.0341724,0.0334062,1.18131,1.23738,1.29341,3532.66,2791.7,30.4974,1.00059,2,B_only
log_lik[201],1.28118,0.000774924,0.0469536,0.0467434,1.20048,1.2825,1.3545,3747.42,2993.36,32.3514,1.00176,2,B_only
log_lik[202],1.03379,0.00105672,0.0691722,0.0680246,0.918678,1.03618,1.14374,4300.7,3327.68,37.1278,1.00032,2,B_only
log_lik[203],1.27606,0.000820062,0.051475,0.0522204,1.18726,1.27724,1.35667,3959.51,3551.72,34.1823,1.00112,2,B_only
log_lik[204],1.31792,0.000690903,0.0436521,0.0437143,1.24404,1.31895,1.38817,4024.31,3453.03,34.7417,1.00073,2,B_only
log_lik[205],0.746815,0.000857895,0.0558052,0.0553838,0.65468,0.747779,0.833915,4256.32,3511.27,36.7447,1.00044,2,B_only
log_lik[206],1.58848,0.000622455,0.0352379,0.0352773,1.53061,1.58864,1.64707,3273.98,2567.99,28.2642,1.0006,2,B_only
log_lik[207],1.18248,0.00178956,0.10794,0.111232,0.995787,1.18722,1.35021,3694.8,3332.88,31.8971,1.00215,2,B_only
log_lik[208],0.266051,0.00115004,0.0757474,0.0764049,0.138022,0.268538,0.385013,4356.31,3520.68,37.6079,1.00182,2,B_only
log_lik[209],1.255,0.000599712,0.0354043,0.0361247,1.19717,1.25559,1.31239,3497.74,2768.67,30.1959,1.00046,2,B_only
log_lik[210],1.23471,0.000923746,0.0578023,0.0582123,1.13555,1.23642,1.32555,3926.61,3488.51,33.8983,1.0013,2,B_only
log_lik[211],1.2308,0.000579386,0.0341241,0.0337792,1.17494,1.23059,1.28667,3490.35,2772.13,30.1321,1.00067,2,B_only
log_lik[212],0.754572,0.00128547,0.0690268,0.0675679,0.638158,0.755411,0.866368,2920.85,2906.66,25.2156,1.00061,2,B_only
log_lik[213],0.258761,0.0021808,0.143057,0.143417,0.0135344,0.263301,0.487086,4313.59,3504.66,37.2391,1.00067,2,B_only
log_lik[214],1.18558,0.000614103,0.0356664,0.0357615,1.12695,1.18551,1.24506,3383.28,3038.77,29.2077,1.00087,2,B_only
log_lik[215],1.02821,0.00106697,0.0698401,0.0687723,0.911865,1.03043,1.1393,4300.65,3328.39,37.1274,1.00034,2,B_only
log_lik[216],1.21908,0.000663929,0.0429704,0.0427083,1.14785,1.21979,1.28851,4210.81,3645.63,36.3518,0.999831,2,B_only
log_lik[217],1.07564,0.000681083,0.0410293,0.0409541,1.00739,1.07531,1.14275,3641.52,3390.62,31.4372,1.00103,2,B_only
log_lik[218],0.827902,0.0014043,0.0918175,0.0919004,0.67417,0.83113,0.972427,4288.64,3481.24,37.0237,1.00053,2,B_only
log_lik[219],0.438485,0.00148982,0.0779787,0.0766582,0.309087,0.439513,0.566334,2818.06,2625.96,24.3282,1.00043,2,B_only
log_lik[220],0.689862,0.000890497,0.0582133,0.0580747,0.592413,0.690894,0.780741,4297.01,3552.46,37.096,1.00075,2,B_only
log_lik[221],1.33351,0.000625032,0.0395948,0.0394281,1.26672,1.33368,1.39806,4048.99,3337.38,34.9548,1.00043,2,B_only
log_lik[222],0.899884,0.000773613,0.0491749,0.0492304,0.816647,0.900509,0.977288,4055.81,3539.94,35.0137,1.00074,2,B_only
log_lik[223],1.08714,0.00095554,0.0625626,0.0614084,0.982856,1.09,1.1865,4307.65,3436.28,37.1878,1.00022,2,B_only
log_lik[224],1.01379,0.000711584,0.0439841,0.0443365,0.939673,1.01381,1.08483,3831.33,3586.41,33.0758,1.00096,2,B_only
log_lik[225],1.59677,0.00109741,0.0536806,0.0539729,1.50596,1.59934,1.68065,2409.0,2857.19,20.7968,1.00029,2,B_only
log_lik[226],1.30758,0.000726655,0.0458215,0.0459894,1.22935,1.30864,1.38033,4004.67,3618.73,34.5722,1.00085,2,B_only
log_lik[227],1.27543,0.000579991,0.0344984,0.0351665,1.21919,1.27604,1.33148,3552.79,2833.0,30.6712,1.00048,2,B_only
log_lik[228],1.24587,0.00058111,0.0351493,0.0350266,1.18826,1.24629,1.30339,3696.37,3142.18,31.9106,1.00018,2,B_only
log_lik[229],1.25588,0.000598858,0.0353633,0.0361867,1.1983,1.25649,1.31347,3501.05,2754.81,30.2245,1.00045,2,B_only
log_lik[230],1.25234,0.000602293,0.0355289,0.0364741,1.19425,1.25299,1.30996,3492.06,2747.59,30.1469,1.00048,2,B_only
log_lik[231],1.00129,0.000717398,0.0445687,0.0452623,0.925933,1.00127,1.07314,3870.16,3569.51,33.411,1.00093,2,B_only
log_lik[232],0.925408,0.00115095,0.0628904,0.0621754,0.818591,0.926466,1.02566,3026.33,2834.75,26.1262,1.00075,2,B_only
log_lik[233],0.988655,0.000817072,0.0484983,0.0491266,0.905654,0.990609,1.06589,3544.42,3089.72,30.5988,1.00163,2,B_only
log_lik[234],1.53003,0.000575071,0.0356117,0.0354063,1.47135,1.53036,1.58872,3858.75,3237.09,33.3125,1.00067,2,B_only
log_lik[235],1.23558,0.000618425,0.03951,0.0396087,1.17081,1.23637,1.2999,4098.67,3511.67,35.3837,0.999809,2,B_only
log_lik[236],1.00597,0.00110724,0.0724635,0.0716998,0.884863,1.00809,1.12092,4298.14,3299.96,37.1057,1.00036,2,B_only
log_lik[237],0.618835,0.000931731,0.0611901,0.0611054,0.515843,0.620496,0.715269,4331.25,3551.45,37.3915,1.00115,2,B_only
log_lik[238],0.657885,0.000908969,0.0595565,0.0595449,0.557655,0.659166,0.751521,4312.66,3519.14,37.2311,1.00078,2,B_only
log_lik[239],0.295261,0.00120725,0.0768231,0.0783275,0.166388,0.297729,0.417056,4074.81,2988.37,35.1777,1.00201,2,B_only
log_lik[240],0.978813,0.00082364,0.0489536,0.0494235,0.895296,0.980851,1.05684,3554.31,3089.72,30.6842,1.00166,2,B_only
log_lik[241],0.666105,0.00183215,0.117966,0.119141,0.465609,0.668662,0.852086,4154.99,3108.25,35.8699,1.00118,2,B_only
log_lik[242],0.836399,0.00139096,0.0909466,0.0912475,0.684317,0.839436,0.979623,4288.7,3481.09,37.0243,1.00053,2,B_only
log_lik[243],0.636008,0.000921692,0.0604725,0.0605098,0.534026,0.63744,0.730698,4324.71,3513.52,37.3351,1.00096,2,B_only
log_lik[244],1.33808,0.000597036,0.0378097,0.0376635,1.27437,1.33808,1.40075,4053.01,3193.35,34.9895,1.00029,2,B_only
log_lik[245],1.14794,0.000639609,0.037471,0.0373011,1.08619,1.14794,1.21037,3435.59,3251.15,29.6593,1.00098,2,B_only
log_lik[246],-1.01162,0.00165833,0.0946403,0.0928098,-1.17333,-1.00959,-0.860224,3284.91,3275.61,28.3585,0.999556,2,B_only
log_lik[247],1.23567,0.000618397,0.0363321,0.0369978,1.1765,1.23634,1.29468,3464.61,2808.37,29.9099,1.00063,2,B_only
log_lik[248],1.40507,0.000652515,0.0407379,0.040158,1.33722,1.40654,1.47018,3938.66,3207.07,34.0023,1.00085,2,B_only
log_lik[249],0.840313,0.0015976,0.101854,0.102879,0.66824,0.842837,1.00087,4057.71,3103.78,35.0301,1.00131,2,B_only
log_lik[250],-1.68697,0.00415011,0.198294,0.193596,-2.02889,-1.67534,-1.38507,2290.45,2572.65,19.7733,1.00056,2,B_only
log_lik[251],1.33649,0.00071849,0.0441673,0.0437948,1.2624,1.33766,1.40586,3818.93,3165.97,32.9687,1.00166,2,B_only
log_lik[252],1.3385,0.000553137,0.034736,0.0352487,1.28217,1.3386,1.39644,3984.6,2957.69,34.3989,1.00071,2,B_only
log_lik[253],0.634379,0.000922642,0.0605407,0.0605809,0.532352,0.635848,0.729171,4325.12,3513.52,37.3386,1.00098,2,B_only
log_lik[254],0.596907,0.00104512,0.0652117,0.0664166,0.48834,0.599322,0.701896,3920.62,3127.17,33.8466,1.00198,2,B_only
log_lik[255],1.4718,0.000599094,0.0376583,0.0373556,1.40896,1.47259,1.53294,3986.32,3172.62,34.4138,1.00071,2,B_only
log_lik[256],-0.110605,0.00142979,0.0909453,0.0926042,-0.263676,-0.107255,0.0337153,4061.65,3437.76,35.0641,1.00202,2,B_only
log_lik[257],0.789653,0.00166733,0.106655,0.107293,0.609976,0.791814,0.957654,4091.0,3114.39,35.3175,1.00127,2,B_only
log_lik[258],1.63363,0.000891689,0.0427864,0.0434474,1.56099,1.63569,1.70132,2338.77,3044.32,20.1906,1.00031,2,B_only
log_lik[259],1.33571,0.000612834,0.0388245,0.0385095,1.27067,1.3359,1.39935,4052.09,3224.76,34.9815,1.00037,2,B_only
log_lik[260],1.20336,0.00173845,0.105144,0.108201,1.02278,1.20805,1.36549,3716.58,3332.67,32.0851,1.00218,2,B_only
log_lik[261],1.18823,0.000740848,0.0483003,0.0482468,1.10701,1.18922,1.26683,4274.4,3702.29,36.9008,0.99993,2,B_only
log_lik[262],0.562822,0.00179078,0.117184,0.118424,0.363604,0.566891,0.749387,4292.6,3506.43,37.0578,1.00074,2,B_only
log_lik[263],-1.87337,0.00244423,0.123044,0.122475,-2.08232,-1.87047,-1.67953,2558.3,2725.95,22.0857,1.00045,2,B_only
log_lik[264],0.820733,0.0014155,0.092549,0.0924431,0.665737,0.823815,0.966256,4289.35,3481.24,37.0299,1.00056,2,B_only
log_lik[265],0.916405,0.00126161,0.0825139,0.0818578,0.778866,0.919062,1.04652,4289.06,3387.24,37.0273,1.0007,2,B_only
log_lik[266],0.306114,0.00155727,0.0808646,0.079294,0.171633,0.307203,0.438508,2751.01,2753.64,23.7494,1.00036,2,B_only
log_lik[267],-0.680443,0.00156403,0.0894848,0.0911331,-0.826678,-0.67991,-0.535193,3350.61,3318.3,28.9257,0.999726,2,B_only
log_lik[268],1.3301,0.000641664,0.0406322,0.0404046,1.26144,1.33034,1.396,4042.14,3426.8,34.8957,1.00051,2,B_only
log_lik[269],1.53976,0.00121127,0.0625235,0.0626824,1.43268,1.54321,1.63658,2680.93,3142.46,23.1444,1.00081,2,B_only
log_lik[270],1.30865,0.000741299,0.0455733,0.0454914,1.23112,1.3101,1.38071,3766.36,2920.63,32.5149,1.00161,2,B_only
log_lik[271],1.33699,0.000548741,0.0343624,0.0344756,1.28131,1.33702,1.39431,3952.59,2897.47,34.1226,1.00088,2,B_only
log_lik[272],1.53636,0.000574686,0.0354585,0.035118,1.47809,1.53676,1.59539,3832.13,3103.21,33.0827,1.00066,2,B_only
log_lik[273],0.369618,0.00152687,0.0795416,0.0783488,0.23723,0.37092,0.500695,2775.33,2659.06,23.9593,1.00039,2,B_only
log_lik[274],1.18405,0.000891314,0.0517074,0.0518949,1.09473,1.18574,1.26631,3433.02,2989.79,29.6371,1.00124,2,B_only
log_lik[275],-0.691296,0.00186815,0.110374,0.113438,-0.878203,-0.688445,-0.519793,3473.4,3633.46,29.9858,1.0002,2,B_only
log_lik[276],1.30345,0.000554917,0.0335381,0.0336504,1.24926,1.30361,1.35838,3670.82,2788.64,31.6901,1.00061,2,B_only
log_lik[277],1.28995,0.000566438,0.0339405,0.0340157,1.2346,1.29042,1.34538,3605.52,2785.52,31.1263,1.00066,2,B_only
log_lik[278],-2.01804,0.0024887,0.122573,0.121013,-2.22729,-2.01545,-1.81891,2453.54,2780.56,21.1813,1.00017,2,B_only
log_lik[279],0.512241,0.000995207,0.0656212,0.0658721,0.400377,0.514409,0.615482,4366.23,3584.75,37.6936,1.00138,2,B_only
log_lik[280],0.34107,0.00118248,0.0751143,0.0762962,0.216683,0.343253,0.46057,4062.27,3013.54,35.0695,1.002,2,B_only
log_lik[281],0.787984,0.000939936,0.0573664,0.057784,0.691184,0.790197,0.87883,3751.8,3250.18,32.3892,1.00192,2,B_only
log_lik[282],1.08342,0.00067698,0.0406502,0.0403016,1.01588,1.08313,1.14997,3620.69,3301.69,31.2573,1.00103,2,B_only
log_lik[283],-0.581496,0.00167366,0.103766,0.104541,-0.752652,-0.579249,-0.415314,3862.1,3515.23,33.3414,1.00198,2,B_only
log_lik[284],0.512241,0.000995207,0.0656212,0.0658721,0.400377,0.514409,0.615482,4366.23,3584.75,37.6936,1.00138,2,B_only
log_lik[285],-0.142566,0.00144727,0.0919611,0.0936227,-0.296323,-0.139458,0.00318345,4053.8,3539.22,34.9963,1.00201,2,B_only
log_lik[286],0.531877,0.000983355,0.0648074,0.0651785,0.42146,0.533521,0.634036,4363.13,3538.75,37.6668,1.00119,2,B_only
log_lik[287],-0.351508,0.00157069,0.0996666,0.101833,-0.516934,-0.348097,-0.195965,4044.85,3005.45,34.9191,1.00111,2,B_only
log_lik[288],0.950326,0.000842256,0.0502581,0.0508467,0.865447,0.952604,1.03068,3580.45,3167.83,30.9099,1.00172,2,B_only
log_lik[289],1.51989,0.000576802,0.0358932,0.0356694,1.46088,1.52027,1.57927,3899.17,3160.17,33.6614,1.00067,2,B_only
log_lik[290],1.54656,0.000575342,0.0352538,0.0348933,1.48823,1.54677,1.60511,3779.68,3026.59,32.6299,1.00066,2,B_only
log_lik[291],0.10217,0.00162608,0.0843622,0.0833398,-0.0372665,0.102727,0.241421,2713.47,2626.84,23.4253,1.00024,2,B_only
log_lik[292],1.29418,0.000768582,0.0483579,0.048658,1.21079,1.29522,1.37056,3982.34,3552.99,34.3794,1.00099,2,B_only
log_lik[293],0.571557,0.000959628,0.0631598,0.0634421,0.46465,0.573307,0.670648,4352.16,3551.28,37.5721,1.00108,2,B_only
log_lik[294],0.861451,0.00120384,0.0653008,0.0645606,0.751397,0.862775,0.965768,2980.0,2950.92,25.7263,1.00083,2,B_only
log_lik[295],1.27813,0.000814419,0.0511328,0.0518544,1.19006,1.27936,1.35844,3961.18,3551.72,34.1967,1.0011,2,B_only
log_lik[296],0.704865,0.000881876,0.0575811,0.0575145,0.608767,0.705892,0.794858,4286.53,3542.81,37.0055,1.00058,2,B_only
log_lik[297],1.08695,0.00121806,0.076381,0.0768268,0.956757,1.08895,1.20622,3922.81,3123.46,33.8655,1.00142,2,B_only
log_lik[298],1.07354,0.000682178,0.0411312,0.0411284,1.00516,1.07323,1.1409,3647.36,3421.24,31.4875,1.00104,2,B_only
log_lik[299],0.89165,0.00117939,0.0641798,0.0635565,0.783054,0.892607,0.994003,3001.03,2929.23,25.9078,1.00084,2,B_only
log_lik[300],1.24543,0.000580864,0.0349584,0.0347143,1.18861,1.24592,1.30275,3661.25,3053.54,31.6075,1.00023,2,B_only
log_lik[301],0.521649,0.000989519,0.0652314,0.0656616,0.410417,0.523662,0.623968,4363.9,3567.93,37.6734,1.00127,2,B_only
log_lik[302],0.220919,0.00117957,0.0775864,0.078366,0.0887417,0.223378,0.342931,4348.25,3478.48,37.5383,1.00178,2,B_only
log_lik[303],0.366808,0.0011686,0.0741455,0.0753166,0.243765,0.369199,0.48539,4052.85,3013.02,34.9882,1.002,2,B_only
log_lik[304],1.24596,0.000580629,0.0360569,0.0358975,1.18683,1.24631,1.30489,3905.88,3254.8,33.7193,1.00007,2,B_only
log_lik[305],-1.83643,0.00237859,0.119136,0.118307,-2.03332,-1.83632,-1.64321,2532.75,2943.81,21.8652,1.00042,2,B_only
log_lik[306],-0.5293,0.00164881,0.102611,0.10353,-0.699676,-0.526892,-0.365019,3891.17,3517.11,33.5924,1.00198,2,B_only
log_lik[307],-0.481844,0.00166267,0.104087,0.105593,-0.655458,-0.4786,-0.319391,3910.35,3218.31,33.7579,1.00093,2,B_only
log_lik[308],0.751411,0.000855277,0.0556098,0.0551237,0.659427,0.752422,0.838444,4251.92,3511.15,36.7067,1.00045,2,B_only
log_lik[309],0.0488471,0.00134207,0.0856432,0.0882141,-0.0950573,0.0522971,0.18558,4093.48,3465.62,35.3389,1.00203,2,B_only
log_lik[310],-2.42163,0.00372368,0.178724,0.178249,-2.72544,-2.41035,-2.14625,2347.42,2409.81,20.2652,1.00007,2,B_only
log_lik[311],0.2357,0.00116987,0.0769849,0.077706,0.104878,0.23856,0.356578,4351.92,3554.23,37.57,1.00187,2,B_only
log_lik[312],-1.96465,0.00266622,0.131811,0.130693,-2.18833,-1.95968,-1.75891,2475.66,2673.08,21.3723,1.00004,2,B_only
log_lik[313],0.251147,0.0012312,0.0784496,0.080358,0.11945,0.253935,0.375014,4087.16,3090.52,35.2843,1.00201,2,B_only
log_lik[314],1.03122,0.00070331,0.043162,0.0433557,0.959076,1.03117,1.101,3777.5,3520.22,32.6111,1.00098,2,B_only
log_lik[315],1.24411,0.000578988,0.0346503,0.0342237,1.18783,1.24448,1.30117,3620.95,3012.79,31.2596,1.00043,2,B_only
log_lik[316],1.28332,0.000772312,0.0468467,0.0465959,1.20305,1.28471,1.35668,3753.89,2993.36,32.4072,1.00172,2,B_only
log_lik[317],-1.19167,0.00220731,0.119518,0.124287,-1.39363,-1.19113,-1.00067,2949.55,3452.42,25.4634,1.00035,2,B_only
log_lik[318],-0.609444,0.00168665,0.104352,0.10505,-0.781593,-0.60739,-0.442397,3848.27,3481.51,33.222,1.00198,2,B_only
log_lik[319],1.18064,0.00089527,0.0518697,0.0520287,1.09088,1.1823,1.26322,3424.36,2989.79,29.5624,1.00123,2,B_only
log_lik[320],0.933195,0.00123352,0.0806847,0.0802099,0.799109,0.935644,1.06042,4288.88,3387.87,37.0257,1.00077,2,B_only
log_lik[321],1.26506,0.000794614,0.047758,0.0476202,1.18345,1.26673,1.33966,3686.73,2998.62,31.8274,1.00168,2,B_only
log_lik[322],0.912733,0.00126771,0.0829109,0.0821226,0.774435,0.915248,1.04335,4289.23,3415.09,37.0288,1.00067,2,B_only
log_lik[323],1.20292,0.000705418,0.0458722,0.0460881,1.12642,1.20376,1.27742,4253.23,3683.06,36.718,0.999891,2,B_only
log_lik[324],1.32726,0.000654213,0.0414076,0.0413469,1.25737,1.3278,1.39452,4039.11,3485.03,34.8695,1.00058,2,B_only
log_lik[325],0.363515,0.00205183,0.134475,0.135572,0.133585,0.368412,0.579178,4305.68,3443.35,37.1708,1.00059,2,B_only
log_lik[326],1.18562,0.000746974,0.0487166,0.0486628,1.10353,1.18668,1.26484,4277.36,3702.23,36.9263,0.999948,2,B_only
log_lik[327],-1.40621,0.00198331,0.111029,0.110155,-1.58912,-1.40514,-1.22361,3155.83,3387.01,27.2441,1.00179,2,B_only
log_lik[328],1.24045,0.000603493,0.0382437,0.0383595,1.1784,1.24117,1.30312,4031.04,3546.8,34.7999,0.999822,2,B_only
log_lik[329],1.01092,0.00109835,0.0718847,0.0712438,0.890666,1.0132,1.12481,4299.16,3300.43,37.1145,1.00036,2,B_only
log_lik[330],1.1564,0.000812875,0.0531476,0.0527484,1.06719,1.1581,1.24206,4295.05,3647.81,37.0791,1.0004,2,B_only
log_lik[331],1.25412,0.000600569,0.0354455,0.0362131,1.19626,1.25469,1.31164,3495.02,2780.15,30.1724,1.00047,2,B_only
log_lik[332],1.24117,0.000601092,0.038033,0.0379953,1.1797,1.24185,1.30357,4020.47,3580.21,34.7086,0.999826,2,B_only
log_lik[333],0.584113,0.00139626,0.074225,0.072608,0.460557,0.584895,0.705323,2874.07,3004.88,24.8118,1.00051,2,B_only
log_lik[334],1.20294,0.000994854,0.0621989,0.062658,1.09609,1.20466,1.30001,3900.83,3334.7,33.6757,1.00135,2,B_only
log_lik[335],0.37273,0.00116541,0.0739217,0.0749844,0.250284,0.375058,0.49111,4051.89,3013.02,34.9799,1.002,2,B_only
log_lik[336],1.44604,0.000617613,0.0387922,0.0383192,1.38181,1.44744,1.50844,3984.21,3112.23,34.3955,1.00072,2,B_only
log_lik[337],0.148083,0.00231135,0.151765,0.15172,-0.107539,0.153582,0.389949,4327.21,3440.87,37.3567,1.00059,2,B_only
log_lik[338],0.656755,0.00184431,0.118802,0.119827,0.454845,0.659514,0.843457,4160.6,3227.33,35.9184,1.00117,2,B_only
log_lik[339],-0.000354905,0.00132787,0.0864672,0.0874946,-0.147861,0.00234103,0.135137,4258.19,3351.1,36.7608,1.00164,2,B_only
log_lik[340],1.15331,0.00063616,0.0372068,0.0370457,1.09211,1.15339,1.2152,3423.22,3172.06,29.5525,1.00097,2,B_only
log_lik[341],1.25421,0.000807818,0.0482967,0.048299,1.17139,1.25588,1.32984,3645.66,2927.69,31.4729,1.00182,2,B_only
log_lik[342],0.164205,0.00127867,0.0815974,0.0830761,0.0268628,0.167245,0.294793,4102.81,3278.15,35.4195,1.00201,2,B_only
log_lik[343],0.0426949,0.00134546,0.0858544,0.0883705,-0.101739,0.0460785,0.179703,4094.65,3464.17,35.349,1.00203,2,B_only
log_lik[344],1.00249,0.000716843,0.0445127,0.0452702,0.927201,1.00253,1.07433,3866.57,3569.51,33.38,1.00093,2,B_only
log_lik[345],-0.0886407,0.00138792,0.0899179,0.0913876,-0.240742,-0.0854408,0.0524482,4214.09,3381.68,36.3801,1.00179,2,B_only
log_lik[346],0.64089,0.000918847,0.0602683,0.0604435,0.539189,0.642167,0.735534,4322.32,3513.18,37.3144,1.00093,2,B_only
log_lik[347],1.06343,0.000687382,0.0416207,0.0416214,0.994098,1.06305,1.13108,3679.87,3452.61,31.7682,1.00103,2,B_only
log_lik[348],-0.290874,0.00152728,0.0964326,0.0978547,-0.45155,-0.287616,-0.137098,4003.18,3452.86,34.5594,1.00201,2,B_only
log_lik[349],1.08862,0.000745481,0.0437263,0.0441039,1.01455,1.0898,1.15729,3466.84,3004.67,29.9291,1.00139,2,B_only
log_lik[350],0.740666,0.000861401,0.0560663,0.0555577,0.647893,0.7417,0.828011,4261.74,3511.59,36.7915,1.00043,2,B_only
log_lik[351],-1.11149,0.00189846,0.110541,0.11215,-1.29151,-1.1114,-0.931452,3454.96,3589.06,29.8265,1.002,2,B_only
log_lik[352],1.04647,0.00103323,0.0676399,0.0665435,0.933519,1.04933,1.15408,4301.2,3328.06,37.1321,1.0003,2,B_only
log_lik[353],-0.783659,0.00194434,0.112753,0.114612,-0.974302,-0.781191,-0.607622,3361.33,3651.24,29.0183,1.00014,2,B_only
log_lik[354],1.11467,0.000969349,0.0549323,0.0556524,1.02092,1.11593,1.20196,3274.82,2983.21,28.2714,1.00103,2,B_only
log_lik[355],0.578174,0.0010552,0.0659581,0.0672097,0.468754,0.580476,0.684442,3935.81,3127.17,33.9777,1.00198,2,B_only
log_lik[356],0.967297,0.00117532,0.0768957,0.0761875,0.839234,0.969687,1.08804,4293.58,3215.65,37.0664,1.00047,2,B_only
log_lik[357],1.39806,0.00139582,0.0804343,0.0825399,1.26064,1.401,1.52262,3394.19,3218.84,29.3019,1.00168,2,B_only
log_lik[358],1.21455,0.000592154,0.0344865,0.0344125,1.15777,1.21458,1.27122,3408.61,2949.08,29.4264,1.00066,2,B_only
log_lik[359],1.61232,0.000690486,0.0363862,0.0364654,1.55178,1.61264,1.6715,2835.08,2620.52,24.4752,1.00095,2,B_only
log_lik[360],0.422882,0.00149859,0.0783446,0.0771748,0.293122,0.424033,0.551487,2806.95,2625.96,24.2323,1.00042,2,B_only
log_lik[361],1.29961,0.000752081,0.0473599,0.047664,1.21793,1.30063,1.37417,3991.85,3585.16,34.4615,1.00093,2,B_only
log_lik[362],1.61378,0.000696108,0.0365129,0.0367518,1.55306,1.61427,1.67327,2807.21,2605.67,24.2346,1.00084,2,B_only
log_lik[363],1.1849,0.000614596,0.0356976,0.0357828,1.12609,1.18482,1.24429,3384.27,2995.84,29.2163,1.00087,2,B_only
log_lik[364],1.15187,0.000694439,0.0405681,0.0412737,1.08336,1.15299,1.21658,3429.48,2824.31,29.6066,1.00112,2,B_only
log_lik[365],0.292262,0.00120888,0.0769343,0.0785471,0.162985,0.29474,0.414201,4076.12,2989.81,35.189,1.00201,2,B_only
log_lik[366],1.04505,0.000777874,0.0458399,0.0462104,0.967183,1.04655,1.11708,3499.71,3128.74,30.2129,1.00149,2,B_only
log_lik[367],1.11732,0.000658175,0.0389837,0.0386772,1.05303,1.11725,1.18121,3516.61,3192.82,30.3588,1.00103,2,B_only
log_lik[368],1.1878,0.000741862,0.0483692,0.04827,1.10647,1.18876,1.26646,4275.84,3702.29,36.9132,0.999931,2,B_only
log_lik[369],1.2459,0.000581062,0.0351662,0.0350974,1.18834,1.24635,1.30348,3699.88,3169.37,31.9409,1.00016,2,B_only
log_lik[370],0.276245,0.00121757,0.0775265,0.0791262,0.14601,0.278745,0.399137,4081.14,3039.35,35.2323,1.00201,2,B_only
log_lik[371],-0.862738,0.00200365,0.114566,0.117538,-1.05809,-0.861087,-0.682617,3276.11,3583.38,28.2826,1.00017,2,B_only
log_lik[372],0.643752,0.00135866,0.0725073,0.0707931,0.52267,0.644298,0.761735,2882.19,3002.52,24.8818,1.00064,2,B_only
log_lik[373],-1.58666,0.00207661,0.112062,0.111028,-1.77231,-1.58566,-1.40283,2942.12,3132.07,25.3992,1.0015,2,B_only
log_lik[374],0.863407,0.000896023,0.0541263,0.0542361,0.771326,0.865797,0.948901,3675.91,3211.95,31.734,1.00185,2,B_only
log_lik[375],-2.24983,0.00293799,0.141951,0.141706,-2.49538,-2.24386,-2.02603,2363.05,2516.86,20.4001,0.999604,2,B_only
log_lik[376],-0.3009,0.00153507,0.0978661,0.100151,-0.463935,-0.297576,-0.148155,4087.58,3035.31,35.2879,1.00117,2,B_only
log_lik[377],0.690655,0.000890041,0.0581799,0.0580229,0.593303,0.691746,0.781464,4296.74,3552.46,37.0936,1.00075,2,B_only
log_lik[378],0.190303,0.00119978,0.0788297,0.07935,0.0556939,0.192782,0.313816,4338.84,3472.41,37.4571,1.00176,2,B_only
log_lik[379],1.11239,0.0007269,0.0425511,0.0431345,1.04008,1.11364,1.1792,3450.19,2869.67,29.7854,1.0013,2,B_only
log_lik[380],1.24571,0.000581375,0.0350672,0.0348877,1.18848,1.2461,1.3034,3677.01,3098.02,31.7435,1.00024,2,B_only
log_lik[381],1.29065,0.000565804,0.0339162,0.0339888,1.23557,1.29108,1.3461,3608.15,2785.52,31.149,1.00072,2,B_only
log_lik[382],0.865064,0.000895033,0.054054,0.0542599,0.773169,0.867441,0.950522,3674.23,3213.16,31.7195,1.00185,2,B_only
log_lik[383],1.62081,0.0010115,0.0484425,0.0488136,1.53996,1.62346,1.69747,2319.09,2817.63,20.0207,1.00032,2,B_only
log_lik[384],0.936219,0.000851272,0.050897,0.0515751,0.850566,0.938371,1.01764,3594.46,3161.26,31.0309,1.00173,2,B_only
log_lik[385],-0.417687,0.00161674,0.101953,0.10405,-0.585972,-0.414279,-0.258585,3992.99,3157.16,34.4714,1.00107,2,B_only
log_lik[386],0.29179,0.00229901,0.149765,0.147947,0.0345501,0.294737,0.529729,4267.36,3219.53,36.84,1.0011,2,B_only
log_lik[387],1.60001,0.000651077,0.0356195,0.0358823,1.54118,1.6,1.65905,3057.26,2622.41,26.3932,1.00093,2,B_only
log_lik[388],0.717402,0.000874691,0.0570516,0.0568026,0.622568,0.718392,0.806551,4277.3,3478.63,36.9258,1.00045,2,B_only
log_lik[389],0.558824,0.00179624,0.117545,0.118724,0.358845,0.562888,0.745913,4292.42,3506.43,37.0563,1.00073,2,B_only
log_lik[390],1.06771,0.00068519,0.0414136,0.0413833,0.998972,1.06737,1.13529,3666.16,3452.61,31.6498,1.00102,2,B_only
log_lik[391],1.32453,0.000665556,0.0421045,0.0419447,1.25338,1.32519,1.39262,4033.79,3452.6,34.8236,1.00064,2,B_only
log_lik[392],1.15368,0.0006929,0.0404765,0.0410766,1.08524,1.15471,1.21814,3429.41,2834.88,29.606,1.00111,2,B_only
log_lik[393],-1.2812,0.00224883,0.120076,0.124058,-1.48284,-1.28069,-1.08958,2875.32,3347.18,24.8226,1.0004,2,B_only
log_lik[394],1.03792,0.000782992,0.046181,0.0465579,0.959593,1.03942,1.11044,3505.44,3077.02,30.2624,1.00152,2,B_only
log_lik[395],1.04647,0.000695886,0.0424361,0.042648,0.975711,1.04627,1.11535,3732.65,3487.86,32.2239,1.00099,2,B_only
log_lik[396],0.945296,0.00113365,0.0621126,0.0617869,0.83929,0.946187,1.04467,3045.42,2841.24,26.291,1.00072,2,B_only
log_lik[397],1.63347,0.00089709,0.0430077,0.0433773,1.56066,1.63548,1.70183,2334.92,3043.78,20.1573,1.00031,2,B_only
log_lik[398],1.54589,0.000575247,0.0352654,0.0349817,1.4876,1.54616,1.60435,3783.27,3026.59,32.6609,1.00066,2,B_only
log_lik[399],1.20042,0.00174549,0.105535,0.108726,1.01888,1.20525,1.36331,3713.7,3332.67,32.0603,1.00221,2,B_only
log_lik[400],1.33901,0.000589017,0.0372843,0.0374077,1.27638,1.33907,1.40022,4047.94,3053.98,34.9458,1.00026,2,B_only
log_lik[401],1.32458,0.000542422,0.0334141,0.0335227,1.27081,1.32481,1.38004,3816.92,2806.7,32.9513,1.00062,2,B_only
log_lik[402],0.900302,0.00128823,0.0842475,0.0832163,0.759694,0.902796,1.03275,4287.48,3382.12,37.0136,1.00063,2,B_only
log_lik[403],0.994042,0.00072073,0.044906,0.0455636,0.918291,0.993909,1.06593,3890.8,3586.57,33.5892,1.00092,2,B_only
log_lik[404],1.32007,0.000727346,0.0449965,0.04469,1.24416,1.32147,1.39047,3787.98,3089.53,32.7015,1.00154,2,B_only
log_lik[405],1.30252,0.000555625,0.0335605,0.0336592,1.24834,1.30279,1.35757,3665.5,2788.99,31.6441,1.00071,2,B_only
log_lik[406],1.25809,0.000867051,0.0543321,0.0546101,1.16463,1.25948,1.3435,3942.23,3587.11,34.0332,1.0012,2,B_only
log_lik[407],1.33852,0.000716469,0.0440645,0.0437348,1.26469,1.33981,1.40791,3822.59,3087.68,33.0003,1.00168,2,B_only
log_lik[408],1.22837,0.000625375,0.0366924,0.0373659,1.16833,1.22907,1.28775,3456.38,2872.03,29.8388,1.00068,2,B_only
log_lik[409],1.62708,0.000765684,0.038382,0.0387579,1.56189,1.62815,1.68868,2556.14,2722.94,22.0671,1.00041,2,B_only
log_lik[410],1.63061,0.000797518,0.0393722,0.0402819,1.56376,1.6322,1.69372,2485.06,2984.66,21.4535,1.00037,2,B_only
log_lik[411],1.26398,0.000795933,0.0478118,0.0476382,1.18225,1.26567,1.33882,3682.07,2998.62,31.7872,1.00168,2,B_only
log_lik[412],1.31071,0.000716231,0.04519,0.0453478,1.23369,1.31173,1.38275,4011.16,3583.59,34.6282,1.00082,2,B_only
log_lik[413],0.777205,0.000840608,0.0545099,0.0537699,0.685696,0.778291,0.86297,4227.96,3580.42,36.4999,1.00049,2,B_only
log_lik[414],1.1795,0.000896588,0.0519237,0.0521217,1.08967,1.18113,1.26214,3420.63,2967.38,29.5302,1.00122,2,B_only
log_lik[415],0.99244,0.00137411,0.0866611,0.0879399,0.845177,0.994642,1.12853,3969.38,3131.97,34.2675,1.00143,2,B_only
log_lik[416],1.58797,0.000621257,0.0352264,0.0353213,1.53002,1.5881,1.64654,3285.7,2567.99,28.3654,1.00058,2,B_only
log_lik[417],1.50926,0.00125599,0.0665953,0.0670518,1.39494,1.51237,1.61267,2847.58,2937.11,24.583,1.00084,2,B_only
log_lik[418],1.24473,0.000582276,0.0367802,0.0364395,1.18492,1.24522,1.30568,3935.15,3410.66,33.972,0.999985,2,B_only
log_lik[419],0.655466,0.000910373,0.0596579,0.0597243,0.555152,0.656787,0.74931,4314.74,3519.13,37.249,1.0008,2,B_only
log_lik[420],-0.447835,0.00162863,0.102966,0.104943,-0.619249,-0.444607,-0.287159,3988.76,3158.05,34.4348,1.00102,2,B_only
log_lik[421],1.50669,0.00125953,0.0669283,0.0675584,1.39209,1.51012,1.61061,2859.14,2914.21,24.6829,1.00085,2,B_only
log_lik[422],1.38508,0.0006711,0.0417248,0.0410729,1.31534,1.38656,1.45152,3906.32,3127.57,33.7231,1.001,2,B_only
log_lik[423],1.27228,0.0015882,0.0961411,0.0992205,1.10706,1.27554,1.41968,3711.38,3107.36,32.0402,1.00194,2,B_only
log_lik[424],-1.03376,0.00185458,0.11013,0.111351,-1.21355,-1.03264,-0.855983,3537.71,3706.98,30.541,1.002,2,B_only
log_lik[425],1.49384,0.000586444,0.0367776,0.0363272,1.43292,1.49458,1.5536,3963.55,3081.57,34.2172,1.00071,2,B_only
log_lik[426],1.15243,0.00109774,0.0686608,0.0694052,1.03664,1.15446,1.25989,3904.8,3204.81,33.71,1.00142,2,B_only
log_lik[427],1.61006,0.000682205,0.0362069,0.0361772,1.55035,1.6103,1.66901,2875.83,2647.68,24.8269,1.00102,2,B_only
log_lik[428],1.16369,0.000629336,0.0367012,0.0368446,1.10326,1.16353,1.22454,3406.5,3118.83,29.4082,1.00094,2,B_only
log_lik[429],1.28746,0.000568705,0.0340288,0.0341666,1.23196,1.28797,1.34291,3594.64,2793.21,31.0324,1.00059,2,B_only
log_lik[430],0.882732,0.000782622,0.0499337,0.0498188,0.797465,0.883482,0.961678,4086.04,3573.22,35.2747,1.0007,2,B_only
log_lik[431],1.6316,0.000809726,0.0397686,0.040523,1.56403,1.63316,1.69526,2460.57,3010.47,21.2421,1.00036,2,B_only
log_lik[432],-0.0934374,0.002576,0.169455,0.17026,-0.381557,-0.0891325,0.1757,4344.28,3378.17,37.5041,1.00047,2,B_only
log_lik[433],1.07122,0.000986394,0.0645816,0.063219,0.964127,1.07407,1.1741,4304.6,3405.85,37.1615,1.00026,2,B_only
log_lik[434],0.953439,0.000840249,0.0501165,0.050836,0.868691,0.955723,1.0335,3576.93,3167.83,30.8796,1.00171,2,B_only
log_lik[435],1.12518,0.00065357,0.0385951,0.0386339,1.06144,1.12513,1.18887,3493.32,3079.7,30.1577,1.00102,2,B_only
log_lik[436],0.163298,0.00161286,0.0834326,0.0820616,0.025399,0.164163,0.300738,2713.8,2654.08,23.4282,1.00028,2,B_only
log_lik[437],0.702377,0.000987795,0.0609379,0.0619136,0.600725,0.704834,0.799603,3831.5,3096.45,33.0772,1.00194,2,B_only
log_lik[438],0.82382,0.00081415,0.0525056,0.0523273,0.734663,0.824733,0.906269,4180.26,3579.38,36.0881,1.00058,2,B_only
log_lik[439],1.63388,0.000870116,0.0419307,0.0427644,1.56273,1.63565,1.69991,2361.8,3061.19,20.3894,1.00032,2,B_only
log_lik[440],1.5778,0.000600077,0.0350738,0.0347364,1.52012,1.57788,1.63626,3477.61,2564.32,30.0221,1.00058,2,B_only
log_lik[441],-0.761852,0.0019274,0.112216,0.114259,-0.952108,-0.759692,-0.587737,3389.91,3651.3,29.265,1.00013,2,B_only
log_lik[442],-1.78054,0.00236194,0.119012,0.118253,-1.97597,-1.78182,-1.5867,2566.09,3014.84,22.153,1.00044,2,B_only
log_lik[443],1.38315,0.000672932,0.0418209,0.0411751,1.31329,1.38462,1.44987,3903.34,3127.57,33.6974,1.00103,2,B_only
log_lik[444],1.33649,0.00071849,0.0441673,0.0437948,1.2624,1.33766,1.40586,3818.93,3165.97,32.9687,1.00166,2,B_only
log_lik[445],1.19122,0.00101972,0.0637492,0.0648202,1.0817,1.1929,1.29079,3900.38,3304.76,33.6718,1.00137,2,B_only
log_lik[446],1.57376,0.00115104,0.0575594,0.057723,1.47601,1.5765,1.66439,2511.31,2862.05,21.6801,1.00066,2,B_only
log_lik[447],1.60489,0.00107377,0.0521192,0.052147,1.51722,1.60731,1.68592,2375.06,2902.05,20.5038,1.00043,2,B_only
log_lik[448],1.09206,0.000672335,0.0402274,0.0399072,1.02505,1.09184,1.15797,3589.39,3331.42,30.9871,1.00104,2,B_only
log_lik[449],-0.499318,0.00168012,0.104653,0.106167,-0.674285,-0.495965,-0.335983,3870.6,3193.78,33.4148,1.0009,2,B_only
log_lik[450],-1.07997,0.00188116,0.110396,0.111843,-1.25933,-1.07924,-0.900654,3502.17,3671.65,30.2341,1.002,2,B_only
log_lik[451],0.608137,0.00093801,0.0616365,0.0616474,0.504493,0.609728,0.705107,4335.98,3518.1,37.4324,1.00116,2,B_only
log_lik[452],1.57095,0.00058981,0.0350406,0.0348084,1.51322,1.57113,1.62968,3590.79,2701.21,30.9992,1.00061,2,B_only
log_lik[453],1.6119,0.0010498,0.0506333,0.0506704,1.5272,1.61467,1.69084,2349.38,2924.66,20.2822,1.00035,2,B_only
log_lik[454],-0.307711,0.00153988,0.0981109,0.100557,-0.471009,-0.304532,-0.154239,4081.83,3035.31,35.2383,1.00115,2,B_only
log_lik[455],-0.847748,0.00199268,0.114239,0.116881,-1.04174,-0.846284,-0.668741,3289.63,3651.5,28.3992,1.00016,2,B_only
log_lik[456],-0.211572,0.00163115,0.0876209,0.0890434,-0.354089,-0.211161,-0.0660674,2953.59,2614.51,25.4982,1.00006,2,B_only
log_lik[457],1.62095,0.000728348,0.0373126,0.0375186,1.55839,1.62173,1.68122,2670.25,2796.41,23.0522,1.00064,2,B_only
log_lik[458],1.40881,0.000649122,0.040555,0.040105,1.34128,1.41027,1.47381,3945.0,3178.94,34.057,1.00084,2,B_only
log_lik[459],1.60809,0.000675449,0.0360674,0.0359743,1.54836,1.60837,1.66708,2911.12,2587.31,25.1316,1.00111,2,B_only
log_lik[460],-1.28036,0.00224847,0.120072,0.124037,-1.48207,-1.27983,-1.08878,2876.66,3295.38,24.8341,1.0004,2,B_only
log_lik[461],0.741436,0.000860962,0.0560336,0.0555422,0.648666,0.74247,0.828738,4260.88,3511.59,36.784,1.00044,2,B_only
log_lik[462],-1.7123,0.00218577,0.114684,0.113859,-1.9076,-1.7102,-1.52915,2758.15,3158.21,23.811,1.00109,2,B_only
log_lik[463],1.20032,0.000711811,0.0463132,0.0463844,1.12317,1.20115,1.27541,4258.16,3776.03,36.7605,0.999897,2,B_only
log_lik[464],1.3113,0.000549246,0.0333899,0.033547,1.25732,1.31148,1.36625,3720.88,2671.1,32.1222,1.0005,2,B_only
log_lik[465],1.3394,0.000584971,0.0370158,0.0373162,1.27722,1.33947,1.40018,4043.16,3040.87,34.9045,1.00023,2,B_only
log_lik[466],1.27235,0.000830061,0.0520818,0.0526344,1.18238,1.27366,1.35375,3957.38,3551.81,34.1639,1.00113,2,B_only
log_lik[467],0.186332,0.00160507,0.0830562,0.0816267,0.0492145,0.187418,0.322828,2722.05,2695.94,23.4994,1.00029,2,B_only
log_lik[468],1.51394,0.000578394,0.0360766,0.0355606,1.4544,1.5145,1.57336,3917.76,3123.79,33.8219,1.00067,2,B_only
log_lik[469],1.26938,0.000789348,0.047543,0.0475673,1.18806,1.27103,1.34374,3704.19,2998.62,31.9781,1.00166,2,B_only
log_lik[470],0.569043,0.000961123,0.0632643,0.063413,0.461988,0.570709,0.668537,4352.62,3551.28,37.576,1.00108,2,B_only
log_lik[471],1.22069,0.00169799,0.102847,0.106009,1.04377,1.22536,1.37895,3722.86,3220.01,32.1393,1.00211,2,B_only
log_lik[472],0.244917,0.00116383,0.0766094,0.077342,0.114684,0.247564,0.365352,4355.3,3554.74,37.5992,1.0019,2,B_only
log_lik[473],0.318207,0.00119483,0.0759696,0.0776865,0.191853,0.32044,0.438677,4067.33,3011.66,35.1131,1.002,2,B_only
log_lik[474],0.862577,0.000896517,0.0541625,0.0542193,0.770513,0.864974,0.948159,3676.7,3212.03,31.7408,1.00186,2,B_only
log_lik[475],0.89165,0.00117939,0.0641798,0.0635565,0.783054,0.892607,0.994003,3001.03,2929.23,25.9078,1.00084,2,B_only
log_lik[476],1.63055,0.000943889,0.0450511,0.0453478,1.55458,1.63322,1.7021,2310.95,3012.37,19.9503,1.00029,2,B_only
log_lik[477],1.27105,0.000584184,0.0346832,0.0353453,1.21467,1.27163,1.32747,3537.21,2832.87,30.5366,1.00047,2,B_only
log_lik[478],-0.404344,0.00287219,0.18924,0.190483,-0.725094,-0.400276,-0.100011,4357.06,3292.29,37.6144,1.00037,2,B_only
log_lik[479],0.774947,0.000841891,0.0546065,0.0539275,0.683291,0.776146,0.860889,4231.06,3510.32,36.5266,1.00049,2,B_only
log_lik[480],0.366808,0.0011686,0.0741455,0.0753166,0.243765,0.369199,0.48539,4052.85,3013.02,34.9882,1.002,2,B_only
log_lik[481],1.18734,0.000663431,0.0387648,0.0398295,1.12269,1.18797,1.24954,3430.32,2968.2,29.6138,1.00095,2,B_only
log_lik[482],1.45477,0.000610964,0.0383978,0.0377833,1.39069,1.45587,1.51674,3987.69,3192.28,34.4256,1.00072,2,B_only
log_lik[483],1.08454,0.00206316,0.121527,0.125114,0.871659,1.08924,1.27103,3531.11,3202.0,30.484,1.00204,2,B_only
log_lik[484],1.33595,0.000546795,0.0341814,0.0341556,1.28032,1.33605,1.39271,3937.93,2842.01,33.996,1.0009,2,B_only
log_lik[485],1.011,0.00230282,0.13224,0.136215,0.779112,1.01737,1.21403,3356.0,3229.13,28.9722,1.00167,2,B_only
log_lik[486],1.1022,0.0011911,0.0746358,0.0748296,0.974771,1.10404,1.21882,3918.32,3125.0,33.8267,1.00143,2,B_only
log_lik[487],-0.71111,0.00156111,0.0896564,0.091582,-0.858024,-0.710489,-0.56638,3364.84,3261.93,29.0486,0.999697,2,B_only
log_lik[488],0.466273,0.00208521,0.135339,0.135946,0.234902,0.469455,0.680356,4228.99,3276.34,36.5087,1.00102,2,B_only
log_lik[489],0.927264,0.00124349,0.0813335,0.0808033,0.792108,0.929805,1.0557,4290.35,3387.17,37.0385,1.00077,2,B_only
log_lik[490],1.00981,0.00134667,0.0848318,0.0859262,0.866677,1.01186,1.14281,3958.03,3143.84,34.1696,1.00142,2,B_only
log_lik[491],1.35084,0.00145996,0.0862511,0.0884667,1.20367,1.35307,1.48436,3546.49,3272.88,30.6167,1.00191,2,B_only
log_lik[492],1.24691,0.00060755,0.0357865,0.0367685,1.1882,1.24757,1.30489,3480.84,2746.83,30.05,1.00053,2,B_only
log_lik[493],1.11016,0.00117679,0.0737129,0.0739443,0.984793,1.11204,1.2251,3916.43,3150.59,33.8104,1.00143,2,B_only
log_lik[494],1.5275,0.00122993,0.0641906,0.0646259,1.41751,1.53048,1.62665,2748.66,3066.53,23.7291,1.00084,2,B_only
log_lik[495],-0.406012,0.00160867,0.101555,0.103729,-0.57376,-0.402609,-0.24744,4001.11,3104.86,34.5414,1.001,2,B_only
log_lik[496],-0.0776236,0.00141169,0.0898796,0.091815,-0.228687,-0.0739179,0.0654683,4068.51,3439.39,35.1233,1.00202,2,B_only
log_lik[497],0.750727,0.0012882,0.0691541,0.0676412,0.634172,0.751634,0.86268,2919.75,2906.66,25.2061,1.00061,2,B_only
log_lik[498],1.33962,0.000582198,0.0368301,0.0371345,1.27763,1.33964,1.40003,4046.84,3050.35,34.9363,1.0002,2,B_only
log_lik[499],0.54798,0.0010714,0.0671536,0.0685103,0.436658,0.550201,0.656029,3958.56,3018.5,34.1741,1.00198,2,B_only
log_lik[500],1.21641,0.000965439,0.0603737,0.0607865,1.11315,1.21826,1.31111,3912.01,3424.98,33.7723,1.00133,2,B_only
log_lik[501],0.704078,0.000882328,0.0576142,0.0575379,0.607835,0.705122,0.794149,4287.58,3578.1,37.0146,1.0006,2,B_only
log_lik[502],1.55112,0.00119281,0.0609309,0.0614378,1.44763,1.55431,1.64655,2624.84,2983.13,22.6602,1.00094,2,B_only
log_lik[503],-0.546404,0.00165703,0.102998,0.104002,-0.717227,-0.544035,-0.381549,3882.22,3581.95,33.5151,1.00198,2,B_only
log_lik[504],0.39878,0.00106515,0.0703055,0.0705662,0.277851,0.400715,0.508802,4374.54,3518.68,37.7652,1.00176,2,B_only
log_lik[505],-0.62238,0.00169259,0.104615,0.105103,-0.794956,-0.620371,-0.455251,3840.42,3481.51,33.1542,1.00199,2,B_only
log_lik[506],0.57992,0.000954665,0.0628119,0.0628281,0.473882,0.581477,0.678386,4347.49,3518.41,37.5317,1.00111,2,B_only
log_lik[507],1.61282,0.00104635,0.050427,0.0504028,1.52869,1.61547,1.69171,2346.05,2924.66,20.2533,1.00041,2,B_only
log_lik[508],0.828552,0.00123015,0.0664874,0.0654895,0.716487,0.829887,0.935434,2958.24,2975.91,25.5384,1.00077,2,B_only
log_lik[509],1.61413,0.000697525,0.0365454,0.036815,1.55319,1.61462,1.67373,2800.64,2621.53,24.1779,1.00084,2,B_only
log_lik[510],1.03008,0.00070386,0.0432163,0.0434164,0.957713,1.02999,1.09992,3780.44,3553.02,32.6364,1.00098,2,B_only
log_lik[511],0.610885,0.00103758,0.0646524,0.0655347,0.503013,0.613183,0.714928,3910.44,3119.13,33.7587,1.00197,2,B_only
log_lik[512],1.09873,0.00119728,0.0750349,0.0751325,0.97079,1.10068,1.21588,3920.18,3126.27,33.8428,1.00143,2,B_only
log_lik[513],1.255,0.000599712,0.0354043,0.0361247,1.19717,1.25559,1.31239,3497.74,2768.67,30.1959,1.00046,2,B_only
log_lik[514],1.24618,0.000580557,0.0354178,0.0354123,1.18839,1.24645,1.3045,3763.76,3224.13,32.4924,1.00005,2,B_only
log_lik[515],-0.12941,0.00261297,0.171927,0.172756,-0.422246,-0.125062,0.143476,4346.05,3378.45,37.5193,1.00046,2,B_only
log_lik[516],1.16905,0.000625708,0.0364424,0.0365814,1.10914,1.16903,1.22949,3400.19,3114.66,29.3537,1.00093,2,B_only
log_lik[517],0.349623,0.00109622,0.0723261,0.0724082,0.225801,0.351685,0.462612,4370.13,3304.26,37.7272,1.00191,2,B_only
log_lik[518],1.30687,0.000729011,0.0459641,0.0461132,1.22848,1.30802,1.37969,4004.51,3618.73,34.5708,1.00086,2,B_only
log_lik[519],1.03234,0.00105309,0.0585476,0.0590028,0.932038,1.0331,1.12483,3139.64,2771.62,27.1044,1.00083,2,B_only
log_lik[520],1.28215,0.00080329,0.0504584,0.0513136,1.19515,1.28314,1.36197,3966.42,3519.96,34.242,1.00108,2,B_only
log_lik[521],1.17056,0.000624679,0.0363703,0.0365301,1.11092,1.17057,1.23066,3399.77,3142.41,29.3501,1.00093,2,B_only
log_lik[522],0.189373,0.00120039,0.0788674,0.0794341,0.0546937,0.191813,0.312929,4338.56,3472.41,37.4547,1.00173,2,B_only
log_lik[523],1.34004,0.000565077,0.0356427,0.0360616,1.2807,1.34035,1.39948,4025.05,3002.22,34.7481,1.00027,2,B_only
log_lik[524],1.22239,0.000631053,0.0369904,0.0377416,1.16177,1.22305,1.28217,3449.49,2807.55,29.7793,1.00071,2,B_only
log_lik[525],1.12776,0.000714512,0.0417835,0.0424214,1.05685,1.12896,1.19398,3440.63,2831.46,29.7029,1.00124,2,B_only
log_lik[526],1.62751,0.00076888,0.0384803,0.0389042,1.56208,1.62878,1.68942,2547.92,2846.76,21.9961,1.0004,2,B_only
log_lik[527],1.20849,0.000644091,0.0376903,0.0389427,1.14626,1.20907,1.26933,3441.07,2822.63,29.7066,1.00081,2,B_only
log_lik[528],-2.46055,0.0040029,0.192036,0.191444,-2.79235,-2.44726,-2.1679,2348.18,2483.05,20.2717,1.00026,2,B_only
log_lik[529],1.31529,0.000546686,0.0333514,0.033473,1.26159,1.31548,1.37048,3750.6,2729.15,32.3788,1.00048,2,B_only
log_lik[530],0.371744,0.00116594,0.073959,0.0750614,0.249242,0.374081,0.490186,4052.02,3013.02,34.981,1.002,2,B_only
log_lik[531],-2.45133,0.00393067,0.188591,0.188769,-2.77334,-2.43819,-2.16306,2348.46,2482.56,20.2742,1.00017,2,B_only
log_lik[532],1.57385,0.000593934,0.0350486,0.034608,1.51639,1.57388,1.63246,3547.71,2626.57,30.6272,1.0006,2,B_only
log_lik[533],0.00346641,0.00132528,0.0863164,0.0874836,-0.143623,0.00607101,0.138622,4259.8,3351.1,36.7747,1.00165,2,B_only
log_lik[534],-0.365739,0.00156662,0.0985197,0.0996049,-0.529927,-0.36294,-0.207593,3973.86,3549.13,34.3062,1.00201,2,B_only
log_lik[535],1.13016,0.000650599,0.0383489,0.0381658,1.06719,1.13006,1.19354,3480.0,3156.68,30.0427,1.00101,2,B_only
log_lik[536],0.503169,0.00109542,0.0689114,0.0703215,0.389094,0.505379,0.614024,3984.66,3000.59,34.3995,1.00199,2,B_only
log_lik[537],-1.45067,0.00200206,0.111126,0.109262,-1.63339,-1.44896,-1.26945,3104.14,3387.04,26.7979,1.00175,2,B_only
log_lik[538],1.33679,0.000548324,0.0343247,0.0344033,1.28125,1.33684,1.39405,3950.41,2875.55,34.1038,1.00084,2,B_only
log_lik[539],1.63341,0.000898891,0.0430822,0.0435744,1.56045,1.6354,1.70182,2334.13,3043.89,20.1505,1.00031,2,B_only
log_lik[540],0.443771,0.00103712,0.0684514,0.0687045,0.327103,0.445626,0.551003,4375.16,3596.05,37.7706,1.00166,2,B_only
log_lik[541],1.56009,0.00057685,0.0350796,0.0349729,1.50194,1.56032,1.61843,3761.12,3044.38,32.4696,1.00062,2,B_only
log_lik[542],0.841706,0.000908872,0.0550686,0.055235,0.748218,0.843959,0.928213,3697.65,3224.92,31.9217,1.00188,2,B_only
log_lik[543],-0.269284,0.00151578,0.0958083,0.0973964,-0.428847,-0.265835,-0.11668,4010.58,3452.92,34.6232,1.00202,2,B_only
log_lik[544],0.901084,0.000873212,0.052469,0.0527714,0.812373,0.903391,0.984709,3635.14,3186.78,31.382,1.0018,2,B_only
log_lik[545],-0.558961,0.0015798,0.0890216,0.0906972,-0.703557,-0.559192,-0.412516,3239.92,3330.49,27.9701,0.999825,2,B_only
log_lik[546],1.33869,0.000592024,0.0374823,0.0376821,1.27537,1.33874,1.40015,4050.23,3127.4,34.9655,1.00027,2,B_only
log_lik[547],0.834129,0.000913315,0.0553956,0.0558432,0.739842,0.836362,0.921311,3703.57,3224.92,31.9728,1.0019,2,B_only
log_lik[548],1.24304,0.000594454,0.0374368,0.0374895,1.18244,1.24387,1.30473,3980.43,3379.36,34.3629,0.999842,2,B_only
log_lik[549],1.41254,0.00064578,0.0403738,0.0398522,1.34559,1.41402,1.47697,3951.84,3090.36,34.1161,1.00079,2,B_only
log_lik[550],-1.44659,0.00229528,0.120247,0.121899,-1.64643,-1.44818,-1.25259,2765.5,3470.96,23.8745,1.00047,2,B_only
log_lik[551],-0.0444077,0.00135782,0.0881975,0.0897113,-0.194496,-0.0415391,0.0934115,4236.34,3410.16,36.5722,1.00172,2,B_only
log_lik[552],1.32616,0.000658873,0.0416944,0.0416104,1.25569,1.3267,1.39395,4035.46,3421.52,34.838,1.00061,2,B_only
log_lik[553],0.550822,0.00106988,0.0670415,0.0683543,0.439697,0.553015,0.658695,3956.64,3018.5,34.1576,1.00198,2,B_only
log_lik[554],0.728316,0.000973462,0.0598664,0.0605198,0.628197,0.730766,0.823581,3806.63,3084.95,32.8626,1.00194,2,B_only
log_lik[555],0.951132,0.00250896,0.141282,0.145686,0.705313,0.957894,1.16773,3229.4,3340.76,27.8793,1.00157,2,B_only
log_lik[556],1.49743,0.00127213,0.0681179,0.0691895,1.38075,1.50074,1.60369,2906.84,3053.97,25.0946,1.00095,2,B_only
log_lik[557],1.18473,0.00074904,0.0488568,0.0488603,1.10216,1.18589,1.2643,4278.45,3702.23,36.9357,0.999992,2,B_only
log_lik[558],-0.521628,0.00170234,0.105365,0.106791,-0.696724,-0.518034,-0.357008,3819.58,3193.78,32.9743,1.00076,2,B_only
log_lik[559],0.370757,0.00116647,0.0739963,0.075124,0.2482,0.373129,0.489224,4052.4,3013.02,34.9842,1.002,2,B_only
log_lik[560],-0.399463,0.00158403,0.0994181,0.100559,-0.565623,-0.397234,-0.240105,3956.83,3584.08,34.1592,1.00201,2,B_only
log_lik[561],0.791441,0.000937965,0.0572199,0.0576466,0.694882,0.793561,0.882215,3747.88,3210.33,32.3553,1.00192,2,B_only
log_lik[562],1.60489,0.00107377,0.0521192,0.052147,1.51722,1.60731,1.68592,2375.06,2902.05,20.5038,1.00043,2,B_only
log_lik[563],0.281927,0.00215274,0.141188,0.142084,0.0399861,0.286389,0.507228,4312.44,3507.92,37.2292,1.00071,2,B_only
log_lik[564],-0.499318,0.00168012,0.104653,0.106167,-0.674285,-0.495965,-0.335983,3870.6,3193.78,33.4148,1.0009,2,B_only
log_lik[565],0.348723,0.0010968,0.072363,0.072456,0.224888,0.350786,0.461721,4370.01,3304.26,37.7262,1.00193,2,B_only
log_lik[566],0.412074,0.00105683,0.0697581,0.0699159,0.292606,0.413994,0.521599,4375.57,3518.68,37.7742,1.00169,2,B_only
log_lik[567],0.146922,0.00128815,0.0822135,0.0840005,0.00849292,0.149983,0.278643,4103.16,3277.11,35.4225,1.00201,2,B_only
log_lik[568],0.388493,0.00115693,0.0733246,0.0745832,0.26731,0.390622,0.506296,4044.05,3038.78,34.9122,1.00201,2,B_only
log_lik[569],1.13529,0.000708325,0.0414051,0.0419829,1.06532,1.13629,1.20069,3441.06,2782.9,29.7065,1.00121,2,B_only
log_lik[570],-0.488641,0.00166946,0.104308,0.105731,-0.662939,-0.485295,-0.32575,3894.34,3165.46,33.6197,1.00094,2,B_only
log_lik[571],-2.47596,0.00414001,0.198524,0.19568,-2.81894,-2.46114,-2.17685,2348.57,2483.19,20.2751,1.00041,2,B_only
log_lik[572],-0.0703504,0.00137547,0.0892087,0.0906991,-0.221483,-0.0675342,0.0697533,4223.41,3379.92,36.4605,1.0018,2,B_only
log_lik[573],1.51618,0.000577747,0.036006,0.0356349,1.45689,1.51672,1.5758,3910.89,3130.4,33.7626,1.00067,2,B_only
log_lik[574],1.34762,0.000707454,0.043605,0.0433181,1.27452,1.34879,1.41659,3838.5,3156.3,33.1377,1.00137,2,B_only
log_lik[575],0.473604,0.00146925,0.0771297,0.0758438,0.345444,0.474496,0.599975,2841.58,2642.21,24.5313,1.00045,2,B_only
log_lik[576],1.15305,0.000820152,0.0536326,0.0531368,1.06315,1.15491,1.23941,4297.16,3613.25,37.0972,1.00035,2,B_only
log_lik[577],0.183787,0.00120409,0.0790939,0.0795449,0.048677,0.186197,0.307574,4335.83,3441.09,37.4311,1.00167,2,B_only
log_lik[578],-0.609625,0.0017892,0.108058,0.110637,-0.790681,-0.605688,-0.440995,3630.29,3436.3,31.3402,1.00049,2,B_only
log_lik[579],0.482097,0.00101355,0.0668685,0.0670061,0.367641,0.484335,0.587304,4370.96,3567.16,37.7344,1.00158,2,B_only
log_lik[580],-1.90148,0.00250522,0.125364,0.12417,-2.1142,-1.8972,-1.70459,2529.32,2731.06,21.8356,1.00032,2,B_only
log_lik[581],1.62372,0.000743661,0.0377334,0.0379756,1.56047,1.62472,1.68428,2619.98,2784.12,22.6182,1.00059,2,B_only
log_lik[582],-0.541378,0.00165462,0.102886,0.103988,-0.711778,-0.538966,-0.376688,3884.85,3582.12,33.5378,1.00198,2,B_only
log_lik[583],-2.46828,0.00406814,0.195133,0.193414,-2.80347,-2.45467,-2.17248,2348.52,2499.35,20.2747,1.00033,2,B_only
log_lik[584],-0.600473,0.00168251,0.104167,0.105114,-0.772467,-0.59839,-0.433532,3852.03,3481.51,33.2545,1.00199,2,B_only
log_lik[585],-0.629856,0.00180893,0.108649,0.111261,-0.813019,-0.625941,-0.460622,3590.23,3433.15,30.9944,1.00043,2,B_only
log_lik[586],-1.57035,0.00232104,0.119806,0.121885,-1.7671,-1.5714,-1.37732,2688.8,3384.96,23.2123,1.0005,2,B_only
log_lik[587],-1.50811,0.00202972,0.111371,0.109854,-1.69268,-1.50635,-1.32502,3035.59,3328.1,26.2062,1.00166,2,B_only
log_lik[588],1.3387,0.000553983,0.0348044,0.0353279,1.28203,1.33873,1.39687,3989.51,3004.38,34.4413,1.00067,2,B_only
log_lik[589],0.229999,0.00124272,0.0792225,0.0810139,0.0968754,0.23269,0.355154,4092.17,3167.47,35.3276,1.002,2,B_only
log_lik[590],1.31962,0.00068461,0.0432689,0.04342,1.2463,1.32061,1.38933,4025.07,3390.35,34.7483,1.0007,2,B_only
log_lik[591],0.0119021,0.00136242,0.0869039,0.0896026,-0.134108,0.0148161,0.150313,4090.12,3463.87,35.3099,1.00203,2,B_only
log_lik[592],0.606233,0.00104009,0.0648388,0.0657372,0.49807,0.608614,0.710473,3913.95,3119.13,33.789,1.00197,2,B_only
log_lik[593],1.25412,0.000600569,0.0354455,0.0362131,1.19626,1.25469,1.31164,3495.02,2780.15,30.1724,1.00047,2,B_only
log_lik[594],1.33385,0.000544273,0.0339162,0.0337065,1.27873,1.33422,1.39009,3912.43,2704.84,33.7759,1.00099,2,B_only
log_lik[595],1.24585,0.000580767,0.0361527,0.0358497,1.18692,1.24611,1.305,3921.98,3399.19,33.8584,1.00006,2,B_only
log_lik[596],1.07322,0.00101251,0.056782,0.0572936,0.975805,1.07439,1.16374,3195.24,2827.44,27.5844,1.00082,2,B_only
log_lik[597],1.29375,0.000563034,0.0338128,0.033757,1.23887,1.294,1.34899,3622.7,2857.94,31.2747,1.00079,2,B_only
log_lik[598],1.18172,0.000668464,0.039051,0.0400515,1.11678,1.18235,1.24441,3430.58,3001.09,29.6161,1.00097,2,B_only
log_lik[599],-0.532289,0.00171294,0.105702,0.107252,-0.707482,-0.52873,-0.367253,3796.48,3193.78,32.7749,1.00073,2,B_only
log_lik[600],0.995256,0.000720175,0.0448496,0.0455914,0.91956,0.995114,1.06714,3887.18,3586.4,33.5579,1.00092,2,B_only
log_lik[601],1.0132,0.000711861,0.0440118,0.0443171,0.939064,1.01324,1.08431,3832.91,3586.41,33.0894,1.00096,2,B_only
log_lik[602],0.883424,0.000782259,0.0499032,0.0497649,0.798209,0.884165,0.962339,4084.49,3573.51,35.2613,1.0007,2,B_only
log_lik[603],-2.14716,0.00266877,0.13035,0.127598,-2.37167,-2.14287,-1.93911,2402.66,2547.76,20.7421,0.999875,2,B_only
log_lik[604],1.58056,0.000605289,0.0351019,0.0348778,1.52267,1.58065,1.63929,3429.78,2576.59,29.6092,1.00056,2,B_only
log_lik[605],1.00807,0.000803892,0.0475929,0.0481432,0.927068,1.00987,1.08377,3527.96,3089.49,30.4568,1.00158,2,B_only
log_lik[606],0.898111,0.00151578,0.0962353,0.0971826,0.735883,0.900665,1.05014,4023.86,3105.15,34.7378,1.00136,2,B_only
log_lik[607],1.24256,0.000578034,0.0344513,0.0339842,1.1864,1.24268,1.29967,3589.22,2875.78,30.9856,1.00057,2,B_only
log_lik[608],0.564815,0.00178806,0.117005,0.118122,0.365826,0.568825,0.751082,4292.1,3507.05,37.0535,1.00077,2,B_only
log_lik[609],0.561223,0.0010643,0.0666304,0.0681055,0.450077,0.563512,0.668399,3949.79,3020.29,34.0984,1.00198,2,B_only
log_lik[610],1.24578,0.000580847,0.0362015,0.0358666,1.18686,1.24613,1.30508,3930.94,3399.61,33.9357,1.00002,2,B_only
log_lik[611],0.758281,0.000851367,0.0553174,0.0547793,0.666161,0.759397,0.84502,4245.57,3543.11,36.6519,1.00046,2,B_only
log_lik[612],-1.67299,0.00233925,0.119305,0.119883,-1.86818,-1.67376,-1.4807,2625.62,3132.88,22.6669,1.00048,2,B_only
log_lik[613],0.956,0.000743812,0.0466541,0.0470764,0.877494,0.956018,1.03026,4008.83,3591.52,34.6081,1.00085,2,B_only
log_lik[614],0.763604,0.000848339,0.0550906,0.0545865,0.671809,0.764813,0.850194,4241.51,3543.11,36.6168,1.00047,2,B_only
log_lik[615],0.981092,0.000822125,0.0488484,0.0492714,0.897694,0.983169,1.05881,3551.79,3089.72,30.6625,1.00165,2,B_only
log_lik[616],1.63388,0.000871911,0.0420002,0.0428065,1.56261,1.63573,1.70004,2358.44,3119.16,20.3603,1.00032,2,B_only
log_lik[617],0.609955,0.00103808,0.0646897,0.0655806,0.502045,0.612277,0.714057,3910.98,3119.13,33.7634,1.00197,2,B_only
log_lik[618],1.47767,0.00129836,0.0706176,0.0721561,1.35656,1.48053,1.58729,3020.1,3015.53,26.0725,1.00105,2,B_only
log_lik[619],-0.185297,0.00145359,0.0936076,0.0957582,-0.34138,-0.181835,-0.038424,4166.44,3423.59,35.9688,1.00149,2,B_only
log_lik[620],-0.984936,0.00183908,0.109774,0.111495,-1.16451,-0.983748,-0.808432,3581.85,3655.17,30.922,1.00199,2,B_only
log_lik[621],0.719886,0.00156821,0.102542,0.103569,0.547969,0.723669,0.880207,4290.94,3541.75,37.0435,1.00069,2,B_only
log_lik[622],1.05475,0.000691769,0.0420391,0.0420721,0.98467,1.05446,1.12305,3707.04,3483.78,32.0027,1.00101,2,B_only
log_lik[623],0.680325,0.000895992,0.0586145,0.0585552,0.582383,0.681181,0.772105,4301.51,3520.11,37.1348,1.00071,2,B_only
log_lik[624],1.15584,0.000814081,0.0532279,0.0528041,1.06647,1.15758,1.24164,4295.62,3647.81,37.084,1.00039,2,B_only
log_lik[625],0.251147,0.0012312,0.0784496,0.080358,0.11945,0.253935,0.375014,4087.16,3090.52,35.2843,1.00201,2,B_only
log_lik[626],1.20953,0.000596087,0.0346611,0.0347965,1.15302,1.2094,1.26662,3396.26,2835.37,29.3198,1.00071,2,B_only
log_lik[627],1.22118,0.000847605,0.0499195,0.0498675,1.13477,1.22294,1.29949,3530.6,2944.52,30.4795,1.00143,2,B_only
log_lik[628],-1.59047,0.00207922,0.11211,0.111302,-1.77613,-1.58932,-1.40626,2937.33,3158.13,25.3579,1.00149,2,B_only
log_lik[629],1.32953,0.000542192,0.033593,0.03325,1.27509,1.32965,1.38529,3863.6,2680.13,33.3543,1.0009,2,B_only
log_lik[630],1.24138,0.000577692,0.0343505,0.0338402,1.1851,1.2414,1.29844,3566.74,2855.29,30.7916,1.00052,2,B_only
log_lik[631],1.2771,0.000817234,0.0513035,0.0520518,1.18886,1.27833,1.35745,3959.4,3551.72,34.1814,1.00111,2,B_only
log_lik[632],1.24105,0.000577636,0.0343283,0.0338423,1.18478,1.24106,1.29805,3562.32,2834.28,30.7534,1.0005,2,B_only
log_lik[633],1.3199,0.000683574,0.0432058,0.0433464,1.2467,1.32089,1.38959,4025.76,3390.65,34.7543,1.0007,2,B_only
log_lik[634],0.999948,0.001118,0.0731644,0.072763,0.877658,1.00199,1.11582,4297.22,3271.01,37.0978,1.00042,2,B_only
log_lik[635],0.879088,0.00118967,0.0646498,0.0640834,0.769736,0.880264,0.982123,2991.24,2974.06,25.8233,1.00085,2,B_only
log_lik[636],-0.842814,0.00157688,0.0908936,0.0911636,-0.992953,-0.84259,-0.694463,3386.77,3252.3,29.2379,0.999566,2,B_only
log_lik[637],1.63248,0.000918706,0.0439231,0.0443195,1.55816,1.63482,1.70242,2320.43,3068.59,20.0322,1.00029,2,B_only
log_lik[638],0.909148,0.000868237,0.0521105,0.0523496,0.821048,0.911398,0.992617,3628.4,3175.19,31.3239,1.00178,2,B_only
log_lik[639],0.492579,0.00188527,0.123429,0.125187,0.281419,0.496392,0.688065,4293.86,3474.88,37.0687,1.00079,2,B_only
log_lik[640],-1.90931,0.00252331,0.126067,0.124841,-2.12371,-1.90538,-1.70989,2522.31,2731.37,21.7751,1.00029,2,B_only
log_lik[641],0.554235,0.0014176,0.0750456,0.0734395,0.428593,0.555278,0.677268,2896.47,2703.38,25.0052,1.0005,2,B_only
log_lik[642],0.749881,0.000856149,0.0556749,0.0551989,0.657925,0.750868,0.836928,4252.95,3511.15,36.7155,1.00045,2,B_only
log_lik[643],1.30081,0.000748356,0.0471346,0.0474457,1.21989,1.30181,1.37506,3993.78,3584.51,34.4782,1.00091,2,B_only
log_lik[644],1.18003,0.000618077,0.0359226,0.03618,1.12092,1.17991,1.23968,3387.38,3048.72,29.2432,1.00089,2,B_only
log_lik[645],1.4425,0.000620396,0.0389542,0.0384139,1.37787,1.44394,1.50513,3983.01,3213.9,34.3852,1.00072,2,B_only
log_lik[646],-0.154304,0.00143257,0.0924359,0.0940662,-0.308526,-0.150794,-0.00875082,4181.38,3333.96,36.0977,1.00155,2,B_only
log_lik[647],1.54921,0.000575795,0.0352103,0.0348738,1.49048,1.5495,1.60783,3762.85,2995.57,32.4846,1.00066,2,B_only
log_lik[648],1.24593,0.000581015,0.0351832,0.0350571,1.18838,1.2463,1.30357,3704.26,3170.15,31.9788,1.00012,2,B_only
log_lik[649],1.06844,0.00101735,0.0569914,0.0572303,0.970335,1.06945,1.15928,3187.08,2827.44,27.514,1.0008,2,B_only
log_lik[650],-0.0616963,0.00136958,0.0888721,0.0904889,-0.212612,-0.0588777,0.0776562,4227.73,3379.92,36.4979,1.00173,2,B_only
log_lik[651],1.41315,0.00137705,0.0785841,0.080295,1.27831,1.4163,1.5342,3331.03,3164.14,28.7567,1.00146,2,B_only
log_lik[652],0.973478,0.000827171,0.0491995,0.0498389,0.889797,0.975585,1.05194,3559.05,3141.02,30.7252,1.00167,2,B_only
log_lik[653],0.517831,0.00144171,0.07601,0.0747685,0.39101,0.518948,0.642432,2865.46,2684.02,24.7375,1.00048,2,B_only
log_lik[654],1.24094,0.000601882,0.0381026,0.038097,1.17933,1.24167,1.30335,4024.6,3513.7,34.7442,0.999824,2,B_only
log_lik[655],-0.94321,0.00161539,0.09272,0.0921934,-1.10118,-0.941218,-0.793288,3367.95,3323.13,29.0754,0.999485,2,B_only
log_lik[656],0.398904,0.00200702,0.131499,0.132492,0.174495,0.403275,0.609367,4301.83,3474.88,37.1376,1.0006,2,B_only
log_lik[657],1.55376,0.000570972,0.0351457,0.0348431,1.49506,1.55395,1.6125,3734.74,3025.21,32.2419,1.00065,2,B_only
log_lik[658],1.20816,0.000597157,0.034712,0.0347367,1.15147,1.208,1.26523,3393.9,2904.65,29.2994,1.00072,2,B_only
log_lik[659],0.149225,0.00122707,0.0804918,0.0813606,0.0120477,0.152079,0.274948,4323.28,3410.95,37.3228,1.00168,2,B_only
log_lik[660],-0.464358,0.00164517,0.103514,0.105322,-0.637099,-0.46093,-0.302859,3950.81,3218.31,34.1072,1.001,2,B_only
log_lik[661],0.789725,0.0014634,0.0956787,0.096454,0.629718,0.793168,0.939335,4287.97,3449.2,37.0179,1.00063,2,B_only
log_lik[662],0.808457,0.000822869,0.0531688,0.0528049,0.718353,0.809453,0.892083,4196.03,3597.59,36.2242,1.00055,2,B_only
log_lik[663],-1.60368,0.00208857,0.112289,0.112027,-1.79037,-1.60201,-1.41858,2920.05,3239.67,25.2087,1.00146,2,B_only
log_lik[664],1.55947,0.000576219,0.0350848,0.034991,1.50135,1.55959,1.61778,3768.93,3026.59,32.537,1.00062,2,B_only
log_lik[665],0.19867,0.00119424,0.0784903,0.078969,0.0648519,0.201218,0.321822,4341.45,3480.14,37.4796,1.00171,2,B_only
log_lik[666],0.398904,0.00200702,0.131499,0.132492,0.174495,0.403275,0.609367,4301.83,3474.88,37.1376,1.0006,2,B_only
log_lik[667],-1.29622,0.00216037,0.11267,0.111842,-1.48945,-1.29166,-1.11552,2765.62,2792.48,23.8755,1.0002,2,B_only
log_lik[668],1.27476,0.00078278,0.0472748,0.0470419,1.19378,1.27616,1.34857,3723.09,2992.83,32.1413,1.00171,2,B_only
log_lik[669],0.307128,0.00112344,0.0740681,0.0746459,0.180595,0.309164,0.423654,4366.28,3464.02,37.6939,1.00191,2,B_only
log_lik[670],0.363844,0.0011702,0.0742574,0.0753717,0.240549,0.366174,0.482415,4054.64,3012.55,35.0036,1.002,2,B_only
log_lik[671],1.13028,0.000712449,0.0416569,0.0422324,1.05961,1.13143,1.1963,3441.78,2799.68,29.7128,1.00123,2,B_only
log_lik[672],-0.715029,0.00156119,0.0896807,0.0915083,-0.861822,-0.71419,-0.570369,3367.21,3180.67,29.069,0.99969,2,B_only
log_lik[673],1.23361,0.000624068,0.039973,0.0401105,1.16813,1.23426,1.29889,4121.9,3511.3,35.5842,0.999808,2,B_only
log_lik[674],0.375689,0.00116382,0.0738098,0.0748149,0.253416,0.378006,0.49388,4050.81,3013.02,34.9705,1.002,2,B_only
log_lik[675],0.891381,0.00272638,0.150586,0.154911,0.626681,0.898709,1.12225,3105.67,3122.32,26.8111,1.00169,2,B_only
log_lik[676],0.80949,0.000927617,0.0564523,0.0569048,0.713548,0.811615,0.899073,3733.24,3243.38,32.2289,1.00191,2,B_only
log_lik[677],1.5727,0.000592258,0.0350444,0.0346642,1.51522,1.57277,1.63125,3565.79,2664.22,30.7833,1.0006,2,B_only
log_lik[678],-0.99677,0.00209558,0.117114,0.119917,-1.19727,-0.995333,-0.811465,3130.09,3453.67,27.022,1.00023,2,B_only
log_lik[679],0.827365,0.000917262,0.0556867,0.0561056,0.732398,0.829709,0.915143,3711.15,3242.98,32.0382,1.00189,2,B_only
log_lik[680],0.095933,0.00131615,0.0840111,0.0866108,-0.0450054,0.0989874,0.230171,4100.85,3451.89,35.4025,1.00202,2,B_only
log_lik[681],-1.04214,0.00212411,0.117817,0.120549,-1.2441,-1.04099,-0.856004,3082.98,3452.92,26.6153,1.00025,2,B_only
log_lik[682],1.23828,0.000610364,0.0388348,0.0390008,1.17494,1.23928,1.30159,4062.05,3649.07,35.0675,0.999819,2,B_only
log_lik[683],0.665741,0.00134504,0.0718469,0.070493,0.545539,0.666384,0.782829,2888.57,3025.39,24.9369,1.00063,2,B_only
log_lik[684],1.61975,0.000722331,0.0371543,0.0375703,1.55746,1.62047,1.67953,2692.91,2810.79,23.2478,1.00064,2,B_only
log_lik[685],0.96015,0.00112046,0.0615228,0.0611543,0.854749,0.961211,1.0577,3059.35,2807.28,26.4113,1.00078,2,B_only
log_lik[686],-2.24654,0.0040249,0.193164,0.191464,-2.57889,-2.23334,-1.9542,2350.33,2467.2,20.2903,1.0003,2,B_only
log_lik[687],0.566526,0.000962621,0.063369,0.0635908,0.45922,0.568277,0.666226,4353.9,3551.28,37.5871,1.00107,2,B_only
log_lik[688],1.3616,0.00144451,0.0849191,0.087304,1.217,1.36425,1.49318,3507.46,3273.75,30.2798,1.00188,2,B_only
log_lik[689],0.299646,0.00156017,0.0809931,0.079467,0.164935,0.300526,0.432286,2747.91,2749.45,23.7226,1.00036,2,B_only
log_lik[690],-2.20648,0.00373053,0.179435,0.17866,-2.51519,-2.195,-1.93083,2359.68,2494.23,20.3711,1.00011,2,B_only
log_lik[691],1.62524,0.000753021,0.0380029,0.0383689,1.56117,1.62619,1.68609,2592.04,2794.22,22.377,1.00056,2,B_only
log_lik[692],0.744512,0.000859208,0.055903,0.0553777,0.65214,0.745512,0.831845,4258.31,3511.27,36.7619,1.00044,2,B_only
log_lik[693],1.11403,0.000660076,0.0391464,0.0387681,1.04926,1.1141,1.17804,3529.51,3247.48,30.4701,1.00103,2,B_only
log_lik[694],0.167932,0.00121462,0.0797358,0.0802553,0.0321512,0.170636,0.292446,4329.98,3380.23,37.3806,1.0017,2,B_only
log_lik[695],0.229999,0.00124272,0.0792225,0.0810139,0.0968754,0.23269,0.355154,4092.17,3167.47,35.3276,1.002,2,B_only
log_lik[696],1.17372,0.000675548,0.0394583,0.0405004,1.10827,1.17443,1.2368,3431.74,3050.68,29.6261,1.00102,2,B_only
log_lik[697],1.2254,0.000628204,0.0368403,0.0375349,1.16477,1.22598,1.28503,3453.14,2767.16,29.8108,1.00069,2,B_only
log_lik[698],-1.04182,0.00185932,0.110181,0.111479,-1.22155,-1.04074,-0.863796,3530.28,3706.98,30.4768,1.002,2,B_only
log_lik[699],0.931633,0.00114558,0.0626484,0.0619261,0.825202,0.932538,1.03172,3031.85,2834.75,26.1739,1.00078,2,B_only
log_lik[700],0.702504,0.000883231,0.0576806,0.0575385,0.605974,0.703623,0.792693,4289.18,3578.1,37.0284,1.00066,2,B_only
log_lik[701],0.937849,0.00114018,0.0624054,0.0620438,0.831629,0.938768,1.03761,3036.35,2839.94,26.2127,1.00078,2,B_only
log_lik[702],1.33945,0.000584409,0.0369782,0.0373153,1.27739,1.33948,1.40012,4041.96,3040.87,34.8941,1.00023,2,B_only
log_lik[703],0.973077,0.000730222,0.0458736,0.0464954,0.895617,0.973061,1.04607,3958.92,3590.64,34.1773,1.00088,2,B_only
log_lik[704],0.119178,0.00124716,0.0817026,0.0828957,-0.0192632,0.121528,0.246638,4312.64,3418.56,37.2309,1.00183,2,B_only
log_lik[705],1.30646,0.000552665,0.0334718,0.0336516,1.25258,1.30658,1.36165,3686.57,2707.73,31.8261,1.00058,2,B_only
log_lik[706],0.191233,0.00119916,0.078792,0.0792919,0.056694,0.193743,0.314691,4338.86,3472.41,37.4573,1.00176,2,B_only
log_lik[707],-1.67569,0.00233974,0.119292,0.119559,-1.87124,-1.67633,-1.4835,2623.79,3132.88,22.6511,1.00049,2,B_only
log_lik[708],0.989408,0.000816566,0.0484633,0.0491262,0.906451,0.991381,1.06655,3543.73,3089.72,30.5929,1.00163,2,B_only
log_lik[709],-0.913977,0.00204013,0.115621,0.1184,-1.11182,-0.912311,-0.732489,3219.35,3583.75,27.7926,1.00019,2,B_only
log_lik[710],1.24876,0.000814436,0.0485665,0.0485188,1.16532,1.25053,1.32508,3624.76,2905.48,31.2925,1.00181,2,B_only
log_lik[711],-0.480816,0.00162508,0.101471,0.101884,-0.651156,-0.478777,-0.317819,3917.21,3583.24,33.8171,1.00198,2,B_only
log_lik[712],1.27266,0.000582642,0.0346147,0.0352951,1.21635,1.27324,1.32905,3541.38,2801.36,30.5726,1.00049,2,B_only
log_lik[713],0.175426,0.00135842,0.0724651,0.0734403,0.0529866,0.177878,0.29064,2908.65,2854.28,25.1103,0.999951,2,B_only
log_lik[714],-0.903492,0.00217829,0.128872,0.129661,-1.12391,-0.899196,-0.699231,3559.6,2954.58,30.7299,1.00185,2,B_only
log_lik[715],-0.880016,0.00195355,0.116734,0.117587,-1.07748,-0.875471,-0.693148,3628.94,2796.48,31.3285,1.00166,2,B_only
log_lik[716],-0.999679,0.00174155,0.0919316,0.0939487,-1.14838,-1.00001,-0.849668,2835.78,2670.2,24.4812,1.00014,2,B_only
log_lik[717],0.0351607,0.00126709,0.0664197,0.0658247,-0.0756453,0.0370223,0.141237,2800.18,2948.86,24.1739,0.999809,2,B_only
log_lik[718],-0.88768,0.00339378,0.171237,0.171956,-1.17454,-0.884343,-0.619645,2596.42,2661.39,22.4148,1.00356,2,B_only
log_lik[719],-0.553614,0.00180666,0.108519,0.110206,-0.735416,-0.551554,-0.383349,3674.82,3141.41,31.7246,1.00107,2,B_only
log_lik[720],-1.86015,0.00240143,0.115197,0.114176,-2.05822,-1.85548,-1.67867,2314.38,2623.54,19.98,1.00172,2,B_only
log_lik[721],-1.06357,0.00178288,0.0883802,0.0886553,-1.21332,-1.06277,-0.921282,2487.05,2664.21,21.4706,1.00025,2,B_only
log_lik[722],-0.0282284,0.00326091,0.1544,0.150628,-0.295576,-0.0236924,0.213865,2303.09,2738.08,19.8825,1.00299,2,B_only
log_lik[723],-2.3322,0.00358552,0.171668,0.169644,-2.62386,-2.32541,-2.06839,2298.75,2554.48,19.845,1.00039,2,B_only
log_lik[724],-1.40216,0.00372029,0.184945,0.18772,-1.70479,-1.40255,-1.10084,2500.28,2787.52,21.5848,1.00142,2,B_only
log_lik[725],-1.68148,0.00438871,0.19586,0.194533,-1.99618,-1.68458,-1.3571,1998.33,2795.68,17.2515,1.00434,2,B_only
log_lik[726],-1.64983,0.00371682,0.178926,0.175733,-1.95615,-1.63827,-1.3777,2360.44,2516.85,20.3776,1.00024,2,B_only
log_lik[727],-1.10602,0.00300258,0.16308,0.163699,-1.37805,-1.10167,-0.848006,2992.2,2885.49,25.8316,1.00202,2,B_only
log_lik[728],-1.8459,0.0040058,0.18668,0.185661,-2.14655,-1.84586,-1.53884,2166.18,2916.93,18.7005,1.00091,2,B_only
log_lik[729],0.251409,0.00230621,0.114527,0.116367,0.0631648,0.250054,0.437195,2557.93,3066.84,22.0825,1.00068,2,B_only
log_lik[730],0.345241,0.00195134,0.0991151,0.101211,0.181688,0.345485,0.504796,2604.33,3079.2,22.4831,0.999902,2,B_only
log_lik[731],-0.751615,0.00294291,0.155577,0.156023,-1.01506,-0.749368,-0.509234,2862.54,2890.15,24.7122,1.00306,2,B_only
log_lik[732],-0.651068,0.00253124,0.139756,0.139196,-0.889439,-0.649299,-0.433919,3116.29,2915.23,26.9028,1.0025,2,B_only
log_lik[733],0.298534,0.00156815,0.0827368,0.0839009,0.158097,0.300773,0.429418,2823.78,2833.87,24.3776,0.999764,2,B_only
log_lik[734],-0.563143,0.00161549,0.0976391,0.0995473,-0.724103,-0.560812,-0.408956,3715.14,3003.09,32.0727,1.00121,2,B_only
log_lik[735],-0.240621,0.0012799,0.0627815,0.0636983,-0.345205,-0.238853,-0.140125,2427.1,3405.25,20.9531,0.999834,2,B_only
log_lik[736],-1.45859,0.00194272,0.0864448,0.0871291,-1.60026,-1.4581,-1.31561,1982.03,2729.88,17.1108,0.999974,2,B_only
log_lik[737],0.323388,0.00164532,0.08633,0.0884603,0.178072,0.325057,0.461375,2742.7,2966.14,23.6776,0.999765,2,B_only
log_lik[738],-0.583997,0.00154276,0.0921,0.0922614,-0.73409,-0.581544,-0.438047,3616.76,2979.75,31.2234,1.00175,2,B_only
log_lik[739],-0.907559,0.00220437,0.130144,0.131453,-1.13046,-0.902989,-0.700847,3543.35,3044.39,30.5897,1.00183,2,B_only
log_lik[740],0.349925,0.00187258,0.0957595,0.0967383,0.191391,0.350788,0.503395,2622.62,2903.76,22.641,0.999838,2,B_only
log_lik[741],0.111883,0.00130152,0.069234,0.0702806,-0.00434429,0.113703,0.221478,2886.28,2882.79,24.9172,1.0001,2,B_only
log_lik[742],-1.04289,0.00175615,0.0868742,0.0870737,-1.18912,-1.04215,-0.90278,2475.58,2665.0,21.3716,1.00015,2,B_only
log_lik[743],-1.66062,0.00400251,0.190036,0.188987,-1.96999,-1.6621,-1.34913,2260.16,2663.05,19.5119,1.00076,2,B_only
log_lik[744],0.219601,0.00236791,0.11853,0.120709,0.0268928,0.218227,0.411886,2568.22,2798.63,22.1713,1.00099,2,B_only
log_lik[745],-0.0919613,0.00124993,0.0636997,0.0647141,-0.198933,-0.0906173,0.0102124,2634.36,3172.15,22.7423,0.999822,2,B_only
log_lik[746],-0.961058,0.001665,0.0815767,0.0816487,-1.09846,-0.960496,-0.829588,2425.87,2693.03,20.9425,0.999787,2,B_only
log_lik[747],-0.746293,0.00292259,0.154855,0.155444,-1.00887,-0.743854,-0.505342,2876.49,2890.15,24.8327,1.00305,2,B_only
log_lik[748],-1.35951,0.00438132,0.198319,0.198712,-1.67866,-1.35931,-1.03337,2068.07,2286.55,17.8536,1.00444,2,B_only
log_lik[749],-1.86383,0.00416065,0.187584,0.18484,-2.16568,-1.86484,-1.54731,2022.12,2569.74,17.4569,1.00363,2,B_only
log_lik[750],-0.553262,0.00179019,0.107677,0.109494,-0.733649,-0.551212,-0.383688,3685.8,3144.24,31.8194,1.00112,2,B_only
log_lik[751],-0.842221,0.0016033,0.0781742,0.0812931,-0.968381,-0.84241,-0.713715,2397.28,2742.7,20.6956,0.999776,2,B_only
log_lik[752],0.246852,0.00145776,0.0774944,0.0786996,0.114919,0.249502,0.370435,2879.87,2716.84,24.8619,1.0,2,B_only
log_lik[753],-2.06282,0.00381845,0.1772,0.171311,-2.35538,-2.06128,-1.77757,2138.31,2746.26,18.4599,1.00103,2,B_only
log_lik[754],-1.41432,0.00191102,0.0858208,0.0860127,-1.55789,-1.41385,-1.27776,2024.63,2909.24,17.4786,1.0012,2,B_only
log_lik[755],0.240382,0.00144673,0.0769568,0.0779293,0.109034,0.243007,0.362973,2884.44,2716.84,24.9013,1.00014,2,B_only
log_lik[756],-0.186565,0.00126525,0.0628796,0.0641294,-0.293198,-0.18519,-0.0849048,2493.3,3286.67,21.5246,0.999875,2,B_only
log_lik[757],-0.631119,0.00144274,0.0681486,0.0693388,-0.742397,-0.629162,-0.522443,2251.88,2847.13,19.4404,0.999858,2,B_only
log_lik[758],-0.89878,0.00342564,0.172319,0.17294,-1.18752,-0.895392,-0.628481,2580.0,2626.27,22.273,1.00359,2,B_only
log_lik[759],-0.208583,0.00127078,0.0628098,0.0637038,-0.314673,-0.207303,-0.108105,2462.57,3435.78,21.2593,0.999861,2,B_only
log_lik[760],0.0641765,0.0028719,0.139766,0.139078,-0.172368,0.0670413,0.285971,2409.47,2676.09,20.8009,1.00233,2,B_only
log_lik[761],-1.01147,0.00174705,0.0912805,0.0930745,-1.15862,-1.01207,-0.862488,2775.8,2614.78,23.9634,1.00015,2,B_only
log_lik[762],0.17417,0.00247972,0.124354,0.12423,-0.0301417,0.174402,0.376295,2538.41,2743.46,21.914,1.00138,2,B_only
log_lik[763],0.315358,0.00210194,0.105781,0.108068,0.142344,0.314008,0.4878,2593.82,3157.75,22.3924,1.00015,2,B_only
log_lik[764],-1.22994,0.0020851,0.103461,0.104816,-1.40521,-1.22771,-1.06323,2498.05,2736.17,21.5656,1.00116,2,B_only
log_lik[765],-0.555828,0.00186234,0.11129,0.112973,-0.742551,-0.55307,-0.379929,3636.2,3113.61,31.3912,1.0012,2,B_only
log_lik[766],0.207593,0.00139757,0.0745062,0.075458,0.0806029,0.209766,0.326127,2903.02,2878.94,25.0617,1.00009,2,B_only
log_lik[767],-1.38859,0.00189917,0.0850092,0.0851891,-1.52962,-1.38871,-1.25384,2009.04,2848.74,17.344,1.00119,2,B_only
log_lik[768],-0.598439,0.00151886,0.0896903,0.0906478,-0.746127,-0.596245,-0.454815,3534.29,3001.83,30.5114,1.00164,2,B_only
log_lik[769],0.0862876,0.00128669,0.068178,0.0688341,-0.0276479,0.0879075,0.195168,2872.94,2949.59,24.802,0.999927,2,B_only
log_lik[770],0.188248,0.00243527,0.122525,0.123457,-0.0131987,0.187092,0.388902,2555.9,2656.68,22.065,1.00127,2,B_only
log_lik[771],-1.20037,0.00184015,0.0862795,0.0885538,-1.33941,-1.20026,-1.05812,2208.17,2892.05,19.0631,0.999861,2,B_only
log_lik[772],-2.47666,0.00414823,0.198902,0.196277,-2.82078,-2.46191,-2.17731,2347.71,2450.34,20.2677,1.00037,2,B_only
log_lik[773],0.144837,0.001328,0.0707916,0.0717274,0.025694,0.146819,0.256952,2905.76,2860.78,25.0853,1.00002,2,B_only
log_lik[774],0.24614,0.00145652,0.0774342,0.0785275,0.114288,0.248812,0.369644,2880.53,2716.84,24.8675,1.0,2,B_only
log_lik[775],-0.476997,0.00556725,0.238944,0.230194,-0.908148,-0.457869,-0.107908,1888.07,2209.9,16.2997,1.00435,2,B_only
log_lik[776],-0.786524,0.00156224,0.078922,0.082176,-0.915329,-0.786041,-0.656418,2584.45,2678.73,22.3115,1.00001,2,B_only
log_lik[777],-0.0229216,0.00323725,0.153519,0.150058,-0.289485,-0.0181943,0.2186,2310.08,2738.44,19.9429,1.00295,2,B_only
log_lik[778],0.111987,0.0026915,0.132804,0.131533,-0.112195,0.113026,0.32437,2463.49,2880.93,21.2672,1.00192,2,B_only
log_lik[779],-1.58618,0.00198232,0.0883112,0.0877902,-1.73239,-1.58597,-1.4403,1985.89,2887.47,17.1442,1.0,2,B_only
log_lik[780],-1.9544,0.00264585,0.127498,0.127263,-2.17044,-1.94756,-1.75347,2339.16,2586.55,20.1939,1.00126,2,B_only
log_lik[781],-1.31757,0.00230829,0.113962,0.114094,-1.5099,-1.31345,-1.13779,2470.34,2569.76,21.3264,1.00107,2,B_only
log_lik[782],-1.03259,0.0027634,0.154008,0.154679,-1.2916,-1.02883,-0.79031,3158.75,2953.86,27.2694,1.0021,2,B_only
log_lik[783],-1.25506,0.00186653,0.0858694,0.0879538,-1.39624,-1.25512,-1.11294,2124.69,2983.03,18.3424,0.999899,2,B_only
log_lik[784],-0.570088,0.00203273,0.11922,0.119965,-0.773263,-0.567428,-0.383457,3510.03,3152.99,30.302,1.0016,2,B_only
log_lik[785],-0.966241,0.00167015,0.0818831,0.0820158,-1.10439,-0.96586,-0.834463,2430.43,2693.03,20.9818,0.999772,2,B_only
log_lik[786],0.219601,0.00236791,0.11853,0.120709,0.0268928,0.218227,0.411886,2568.22,2798.63,22.1713,1.00099,2,B_only
log_lik[787],0.208689,0.00238768,0.11991,0.120753,0.0146498,0.207439,0.404427,2570.04,2850.05,22.1871,1.00107,2,B_only
log_lik[788],-1.05383,0.00383008,0.18501,0.18738,-1.36195,-1.05043,-0.758153,2377.47,2592.65,20.5247,1.004,2,B_only
log_lik[789],0.276931,0.0015163,0.0802993,0.0816067,0.140076,0.279386,0.404005,2850.87,2749.63,24.6114,0.999918,2,B_only
log_lik[790],0.349962,0.00185778,0.0951377,0.0960127,0.19193,0.351246,0.501509,2631.61,2946.32,22.7186,0.999827,2,B_only
log_lik[791],0.286642,0.00153836,0.0813399,0.0828751,0.148293,0.288948,0.415523,2840.4,2791.81,24.5211,0.999789,2,B_only
log_lik[792],0.0750669,0.00282949,0.138143,0.136378,-0.15777,0.0776209,0.295653,2420.59,2775.34,20.8969,1.00224,2,B_only
log_lik[793],0.246852,0.00145776,0.0774944,0.0786996,0.114919,0.249502,0.370435,2879.87,2716.84,24.8619,1.0,2,B_only
log_lik[794],0.29129,0.0015496,0.0818681,0.0827802,0.151972,0.293522,0.420845,2834.77,2833.45,24.4725,0.999765,2,B_only
log_lik[795],0.349854,0.00184855,0.0947513,0.0953648,0.192481,0.351012,0.500498,2635.6,2944.42,22.753,0.999822,2,B_only
log_lik[796],-0.422223,0.00134801,0.0640527,0.0655655,-0.529388,-0.420622,-0.319712,2281.34,3054.41,19.6947,0.999862,2,B_only
log_lik[797],-0.917596,0.00226388,0.132976,0.133984,-1.14449,-0.913875,-0.705696,3507.96,2955.2,30.2841,1.00198,2,B_only
log_lik[798],0.258672,0.00147923,0.0785318,0.0797751,0.124648,0.261765,0.383428,2870.12,2756.26,24.7777,0.999936,2,B_only
log_lik[799],-1.78006,0.00224946,0.106919,0.106695,-1.96573,-1.77718,-1.61486,2267.39,2778.66,19.5743,1.00153,2,B_only
log_lik[800],-0.123428,0.00370827,0.170931,0.168131,-0.420743,-0.116094,0.143379,2186.48,2429.58,18.8758,1.00346,2,B_only
log_lik[801],-0.879229,0.00192243,0.11479,0.115663,-1.0723,-0.874251,-0.696326,3619.77,2777.16,31.2494,1.00181,2,B_only
log_lik[802],-0.808614,0.00314661,0.162731,0.163513,-1.08355,-0.806376,-0.554361,2734.69,2763.18,23.6085,1.0033,2,B_only
log_lik[803],0.325824,0.00206164,0.10397,0.105837,0.153923,0.324551,0.495508,2604.87,3103.05,22.4878,1.00006,2,B_only
log_lik[804],-0.896526,0.00178208,0.103866,0.105057,-1.0709,-0.893219,-0.72643,3437.14,2642.21,29.6727,1.00142,2,B_only
log_lik[805],0.323797,0.00164684,0.0864008,0.0884725,0.178518,0.325401,0.461938,2742.58,2966.14,23.6766,0.999765,2,B_only
log_lik[806],0.307908,0.00159437,0.0839602,0.0852703,0.165837,0.309839,0.441008,2813.39,2833.54,24.2879,0.999757,2,B_only
log_lik[807],-0.890167,0.00180196,0.105799,0.106537,-1.06778,-0.886344,-0.71702,3487.4,2827.44,30.1066,1.00165,2,B_only
log_lik[808],-1.54138,0.00196814,0.0875121,0.0872384,-1.68543,-1.54087,-1.39564,1978.04,2767.65,17.0764,0.999987,2,B_only
log_lik[809],0.0560765,0.00127366,0.067086,0.0670446,-0.0555024,0.0578905,0.163431,2829.53,2971.74,24.4272,0.999814,2,B_only
log_lik[810],0.348205,0.00191734,0.0976558,0.0989754,0.187387,0.349113,0.505054,2607.7,2925.04,22.5122,0.999869,2,B_only
log_lik[811],-1.71712,0.00203344,0.0917446,0.0915937,-1.87149,-1.71602,-1.56911,2039.22,2793.83,17.6045,0.999998,2,B_only
log_lik[812],0.0491429,0.00127127,0.0668573,0.0664326,-0.0620812,0.051031,0.155961,2820.61,2971.74,24.3502,0.999811,2,B_only
log_lik[813],0.337559,0.00200535,0.10147,0.10382,0.168944,0.337139,0.502499,2622.69,3143.5,22.6416,0.999972,2,B_only
log_lik[814],0.303439,0.00214332,0.107612,0.109925,0.128267,0.301334,0.47932,2586.14,3158.0,22.3261,1.00024,2,B_only
log_lik[815],-1.21776,0.00205762,0.102155,0.103601,-1.39106,-1.21579,-1.05346,2499.97,2736.38,21.5821,1.00111,2,B_only
log_lik[816],0.303319,0.00158119,0.0833456,0.084405,0.16212,0.305227,0.435557,2819.04,2833.9,24.3367,0.999761,2,B_only
log_lik[817],-1.49091,0.00290937,0.141711,0.140189,-1.73056,-1.48488,-1.26904,2405.02,2535.68,20.7624,1.00051,2,B_only
log_lik[818],-1.90987,0.00252163,0.121306,0.121925,-2.11574,-1.90476,-1.71807,2329.86,2570.23,20.1136,1.00116,2,B_only
log_lik[819],-0.584508,0.00154168,0.0920023,0.0921215,-0.734306,-0.58209,-0.438866,3613.97,2979.75,31.1993,1.00176,2,B_only
log_lik[820],0.185551,0.00136989,0.0730739,0.0740259,0.0613831,0.188127,0.301685,2909.0,2876.16,25.1133,1.00003,2,B_only
log_lik[821],0.182197,0.00136601,0.072869,0.0737348,0.0586001,0.184745,0.298195,2909.9,2876.16,25.121,0.99999,2,B_only
log_lik[822],0.125785,0.00131196,0.0698624,0.0707076,0.00894932,0.127928,0.236672,2896.02,2860.82,25.0013,1.00005,2,B_only
log_lik[823],-0.88295,0.0016363,0.0779196,0.0810648,-1.00907,-0.883661,-0.754489,2281.53,3073.58,19.6964,0.999895,2,B_only
log_lik[824],0.342924,0.00176155,0.0907492,0.0923817,0.192077,0.344634,0.488076,2679.26,2966.63,23.13,0.999784,2,B_only
log_lik[825],0.201173,0.0013891,0.0740729,0.0753775,0.0748959,0.203171,0.319208,2906.06,2897.73,25.0879,1.00007,2,B_only
log_lik[826],0.0641765,0.0028719,0.139766,0.139078,-0.172368,0.0670413,0.285971,2409.47,2676.09,20.8009,1.00233,2,B_only
log_lik[827],0.251784,0.0014665,0.0779181,0.0788239,0.11886,0.254617,0.375605,2876.81,2679.05,24.8354,1.00005,2,B_only
log_lik[828],0.230789,0.00143124,0.0761949,0.0773313,0.100159,0.233166,0.352451,2892.35,2776.54,24.9696,1.0001,2,B_only
log_lik[829],-0.616582,0.00150185,0.0873938,0.0895659,-0.759469,-0.614054,-0.475864,3424.39,2954.05,29.5627,1.00139,2,B_only
log_lik[830],0.194658,0.00138086,0.0736471,0.0747777,0.0689545,0.196882,0.311916,2905.31,2898.0,25.0815,1.00004,2,B_only
log_lik[831],0.0960124,0.0027501,0.135083,0.133831,-0.13275,0.0980538,0.311201,2446.55,2721.91,21.1209,1.00205,2,B_only
log_lik[832],-2.08516,0.00243692,0.116381,0.116611,-2.28601,-2.08207,-1.89582,2299.39,2641.21,19.8506,1.00077,2,B_only
log_lik[833],-0.426624,0.0013499,0.0641108,0.0655869,-0.534054,-0.425108,-0.323783,2278.1,3126.88,19.6668,0.999863,2,B_only
log_lik[834],-0.274965,0.00129089,0.0628422,0.0638371,-0.379424,-0.273516,-0.17446,2390.28,3305.72,20.6352,0.999832,2,B_only
log_lik[835],-2.47722,0.00415379,0.199167,0.196517,-2.82236,-2.46229,-2.17755,2347.79,2450.38,20.2684,1.0004,2,B_only
log_lik[836],-0.0367687,0.00125231,0.0646235,0.0647894,-0.145196,-0.0352405,0.0663804,2701.65,2996.43,23.3232,0.999813,2,B_only
log_lik[837],0.327763,0.00205341,0.103601,0.10547,0.156941,0.326754,0.496994,2606.39,3102.96,22.5009,1.00005,2,B_only
log_lik[838],0.334636,0.00202114,0.102167,0.103906,0.16569,0.333744,0.501259,2613.91,3095.3,22.5658,0.999992,2,B_only
log_lik[839],-1.57581,0.00330154,0.159756,0.158446,-1.8475,-1.567,-1.3283,2377.44,2437.29,20.5244,1.00019,2,B_only
log_lik[840],-0.69371,0.00663856,0.278058,0.279664,-1.1805,-0.674109,-0.257574,1779.98,2322.97,15.3665,1.00448,2,B_only
log_lik[841],0.147254,0.00256823,0.127933,0.127746,-0.0682264,0.147604,0.352622,2505.89,2756.36,21.6333,1.00162,2,B_only
log_lik[842],0.349443,0.00189303,0.0966225,0.0976375,0.190383,0.350324,0.504222,2614.29,2896.37,22.5691,0.999851,2,B_only
log_lik[843],0.305383,0.00158703,0.0836181,0.0849172,0.163868,0.307357,0.438043,2816.4,2812.63,24.3139,0.999759,2,B_only
log_lik[844],-1.31395,0.00186735,0.082962,0.0838911,-1.4511,-1.31395,-1.18163,1976.16,2965.25,17.0601,1.00114,2,B_only
log_lik[845],0.346029,0.00194374,0.0987876,0.100728,0.182739,0.346239,0.505345,2604.55,3104.59,22.485,0.999896,2,B_only
log_lik[846],-1.16815,0.00770255,0.315258,0.333841,-1.66539,-1.17853,-0.63443,1675.9,2342.76,14.468,1.00401,2,B_only
log_lik[847],0.349931,0.00185408,0.0949829,0.0959784,0.192219,0.35107,0.501163,2632.58,2921.64,22.7269,0.999823,2,B_only
log_lik[848],0.305566,0.00213614,0.107298,0.109729,0.13045,0.303691,0.480962,2584.13,3158.19,22.3087,1.00023,2,B_only
log_lik[849],0.32002,0.00163319,0.0857659,0.0875211,0.174897,0.321645,0.457387,2752.57,2942.7,23.7628,0.999761,2,B_only
