param,Mean,MCSE,StdDev,MAD,5%,50%,95%,ESS_bulk,ESS_tail,ESS_bulk/s,R_hat,participant_id,model
lp__,272.96,0.0465234,1.91976,1.80236,269.43,273.262,275.469,1772.11,2154.68,15.6583,1.00147,2,d_only
d[1],3.31485,0.00520552,0.253716,0.251719,2.90085,3.31453,3.72651,2404.25,2284.53,21.2438,1.00066,2,d_only
d[2],2.4723,0.00425544,0.194967,0.191987,2.1648,2.46851,2.80189,2108.72,2527.13,18.6326,1.00166,2,d_only
d[3],1.79733,0.00359354,0.15079,0.148497,1.56171,1.79562,2.05159,1837.24,2207.69,16.2337,1.00545,2,d_only
c,0.0558175,0.00263667,0.0909629,0.0872421,-0.0803361,0.0484266,0.215871,1231.27,1569.5,10.8794,1.00411,2,d_only
t0,0.039657,0.00115231,0.0360714,0.0291934,0.00216936,0.0290191,0.113551,1213.61,1176.03,10.7234,1.00293,2,d_only
B,1.83268,0.00539919,0.16733,0.135782,1.48698,1.87783,2.01815,1174.12,1074.45,10.3745,1.00304,2,d_only
p_lapse,0.317293,0.000438221,0.0232945,0.0234766,0.278791,0.317005,0.355934,2863.49,2530.64,25.3016,1.00079,2,d_only
c_vec[1],0.0558175,0.00263667,0.0909629,0.0872421,-0.0803361,0.0484266,0.215871,1231.27,1569.5,10.8794,1.00411,2,d_only
c_vec[2],0.0558175,0.00263667,0.0909629,0.0872421,-0.0803361,0.0484266,0.215871,1231.27,1569.5,10.8794,1.00411,2,d_only
c_vec[3],0.0558175,0.00263667,0.0909629,0.0872421,-0.0803361,0.0484266,0.215871,1231.27,1569.5,10.8794,1.00411,2,d_only
d_vec[1],3.31485,0.00520552,0.253716,0.251719,2.90085,3.31453,3.72651,2404.25,2284.53,21.2438,1.00066,2,d_only
d_vec[2],2.4723,0.00425544,0.194967,0.191987,2.1648,2.46851,2.80189,2108.72,2527.13,18.6326,1.00166,2,d_only
d_vec[3],1.79733,0.00359354,0.15079,0.148497,1.56171,1.79562,2.05159,1837.24,2207.69,16.2337,1.00545,2,d_only
pk[1],0.944055,0.000395668,0.0147395,0.0118803,0.917065,0.946626,0.961626,1804.92,1402.57,15.9482,0.999774,2,d_only
pk[2],0.880051,0.000400312,0.0187611,0.0181597,0.84773,0.881332,0.908145,2386.59,2194.72,21.0878,1.00103,2,d_only
pk[3],0.79943,0.000583447,0.0249688,0.0237925,0.754914,0.801283,0.8371,1952.72,2016.0,17.2541,1.00112,2,d_only
pf[1],0.0459988,0.000398565,0.0176403,0.0169782,0.021632,0.0435808,0.0771177,1995.61,2512.06,17.6331,1.0023,2,d_only
pf[2],0.101133,0.000720971,0.0278172,0.0284854,0.0572731,0.100136,0.147518,1473.45,1719.64,13.0194,1.00339,2,d_only
pf[3],0.172326,0.000980695,0.03506,0.0356468,0.114319,0.172718,0.23005,1316.19,1871.28,11.6298,1.00601,2,d_only
r,5.0,,0.0,0.0,5.0,5.0,5.0,,,,,2,d_only
vk[1],4.72027,0.00197834,0.0736973,0.0594014,4.58533,4.73313,4.80813,1804.92,1402.57,15.9482,0.999774,2,d_only
vk[2],4.40026,0.00200156,0.0938053,0.0907985,4.23865,4.40666,4.54072,2386.59,2194.72,21.0878,1.00103,2,d_only
vk[3],3.99715,0.00291723,0.124844,0.118963,3.77457,4.00642,4.1855,1952.72,2016.0,17.2541,1.00111,2,d_only
vf[1],0.229994,0.00199282,0.0882016,0.0848911,0.10816,0.217904,0.385589,1995.61,2512.06,17.6331,1.0023,2,d_only
vf[2],0.505666,0.00360486,0.139086,0.142427,0.286366,0.500679,0.737588,1473.45,1719.64,13.0194,1.00339,2,d_only
vf[3],0.861628,0.00490347,0.1753,0.178234,0.571596,0.863589,1.15025,1316.19,1871.28,11.6298,1.00601,2,d_only
sigma_k[1],0.509413,0.00152002,0.0590808,0.0529208,0.429543,0.502617,0.616671,1804.92,1402.57,15.9482,0.999774,2,d_only
sigma_k[2],0.723675,0.00101076,0.0483915,0.0479147,0.645824,0.723138,0.80338,2386.59,2194.72,21.0878,1.001,2,d_only
sigma_k[3],0.892701,0.000936275,0.0409461,0.0400671,0.825723,0.892268,0.961819,1952.72,2016.0,17.2541,1.00101,2,d_only
sigma_f[1],0.459134,0.00188917,0.0840052,0.0863009,0.3253,0.456517,0.596534,1995.61,2512.06,17.6331,1.0023,2,d_only
sigma_f[2],0.666009,0.00221986,0.0842132,0.0842597,0.519581,0.671225,0.792957,1473.45,1719.64,13.0194,1.00339,2,d_only
sigma_f[3],0.837898,0.00198759,0.070222,0.0687334,0.711514,0.845241,0.941081,1316.2,1871.28,11.6298,1.00601,2,d_only
log_lik[1],0.561213,0.00208191,0.1236,0.126358,0.360475,0.561694,0.762738,3544.31,3290.36,31.3173,1.00041,2,d_only
log_lik[2],1.09468,0.00123103,0.0677485,0.0660701,0.983015,1.09401,1.20629,3135.82,2894.11,27.708,1.00124,2,d_only
log_lik[3],1.10249,0.00125409,0.0690208,0.0677522,0.989371,1.10173,1.21596,3138.07,2923.86,27.7279,1.00121,2,d_only
log_lik[4],1.11495,0.00130057,0.0717318,0.0702056,0.996415,1.11466,1.23255,3159.92,2837.92,27.9209,1.00111,2,d_only
log_lik[5],0.719232,0.00120104,0.0698791,0.0649852,0.597815,0.723996,0.822578,3474.62,2960.21,30.7015,1.00018,2,d_only
log_lik[6],1.0277,0.00106351,0.0598908,0.0592743,0.929262,1.02789,1.12509,3194.51,2857.94,28.2265,1.0014,2,d_only
log_lik[7],0.981294,0.00108784,0.0630448,0.0627158,0.879932,0.980481,1.08526,3465.32,2891.24,30.6194,1.0009,2,d_only
log_lik[8],0.814978,0.00123809,0.065154,0.0632779,0.711125,0.814072,0.921524,2841.01,2644.51,25.103,1.0007,2,d_only
log_lik[9],0.565882,0.00208072,0.123559,0.126331,0.365717,0.566336,0.767044,3540.64,3194.66,31.2849,1.00041,2,d_only
log_lik[10],1.44214,0.00206919,0.113947,0.117046,1.25808,1.44179,1.6315,3055.06,2748.59,26.9944,1.00005,2,d_only
log_lik[11],0.460589,0.000705372,0.0385754,0.0388842,0.397019,0.46055,0.524907,3057.89,2853.9,27.0194,1.00172,2,d_only
log_lik[12],0.69749,0.00121899,0.0609151,0.0590158,0.600603,0.695288,0.79566,2616.73,2396.63,23.1213,1.0005,2,d_only
log_lik[13],0.81077,0.00126816,0.0656501,0.0636916,0.705128,0.809459,0.919354,2760.67,2575.47,24.3932,1.00056,2,d_only
log_lik[14],1.41116,0.00209108,0.115732,0.118393,1.22436,1.40926,1.60544,3066.91,2697.45,27.0991,1.00004,2,d_only
log_lik[15],1.06244,0.0012286,0.069826,0.0696711,0.949377,1.06134,1.1777,3349.34,2743.37,29.5946,1.00094,2,d_only
log_lik[16],0.686383,0.000847661,0.0503667,0.0492702,0.603705,0.686451,0.768274,3649.87,2511.15,32.25,1.00086,2,d_only
log_lik[17],0.814816,0.00124207,0.065238,0.0634069,0.710623,0.813844,0.921725,2831.42,2644.51,25.0183,1.00063,2,d_only
log_lik[18],0.757815,0.000821482,0.0486448,0.0489411,0.679699,0.757852,0.839386,3495.03,3025.22,30.8819,1.00062,2,d_only
log_lik[19],1.51537,0.00135275,0.0680992,0.0688078,1.39851,1.51966,1.61926,2658.87,2392.31,23.4936,0.999523,2,d_only
log_lik[20],0.375664,0.000719723,0.038178,0.0383589,0.312436,0.375465,0.439168,2880.64,3074.75,25.4532,1.0016,2,d_only
log_lik[21],-0.248477,0.00418069,0.203445,0.218014,-0.564494,-0.258337,0.101102,2482.61,2075.18,21.9363,1.00025,2,d_only
log_lik[22],0.814386,0.00124812,0.0653573,0.0632225,0.709807,0.813577,0.921938,2816.83,2607.56,24.8894,1.00065,2,d_only
log_lik[23],1.54234,0.00182199,0.0957548,0.0980773,1.3833,1.54362,1.6961,2832.18,2369.39,25.025,0.999957,2,d_only
log_lik[24],1.08307,0.00119808,0.0660585,0.0650025,0.973761,1.08255,1.19198,3143.23,2902.01,27.7734,1.00126,2,d_only
log_lik[25],0.813741,0.00125387,0.0654593,0.0633714,0.708898,0.812869,0.922034,2800.02,2589.48,24.7408,1.00068,2,d_only
log_lik[26],1.09007,0.00121778,0.0670533,0.0657043,0.979368,1.08932,1.20062,3135.03,2899.31,27.701,1.00124,2,d_only
log_lik[27],1.42033,0.00208421,0.115263,0.117892,1.2344,1.41872,1.61378,3064.33,2740.62,27.0762,1.00005,2,d_only
log_lik[28],0.991794,0.00100136,0.0572402,0.0565105,0.89723,0.992213,1.085,3289.98,3146.91,29.0701,1.00135,2,d_only
log_lik[29],1.42358,0.00208159,0.115086,0.117824,1.23768,1.42218,1.61604,3061.85,2740.62,27.0544,1.00008,2,d_only
log_lik[30],1.54537,0.00176708,0.0924167,0.0953083,1.3908,1.54733,1.69143,2818.62,2321.26,24.9052,0.999874,2,d_only
log_lik[31],0.860101,0.00210612,0.121461,0.125277,0.663135,0.858767,1.06116,3350.72,3185.6,29.6068,0.999802,2,d_only
log_lik[32],1.53187,0.00190413,0.100991,0.103877,1.36642,1.53213,1.69595,2873.2,2342.61,25.3875,1.00015,2,d_only
log_lik[33],-0.119886,0.00432347,0.216317,0.231177,-0.471359,-0.122586,0.235457,2556.81,2107.58,22.5919,1.00011,2,d_only
log_lik[34],1.03218,0.00117458,0.0673276,0.0663792,0.923593,1.03089,1.14256,3393.57,2744.5,29.9854,1.00094,2,d_only
log_lik[35],1.04793,0.00110443,0.0618389,0.0609226,0.945651,1.04716,1.14841,3169.06,2817.37,28.0016,1.0014,2,d_only
log_lik[36],0.561699,0.00103074,0.0563072,0.0547686,0.470953,0.560339,0.656832,3083.09,2448.39,27.2421,1.00067,2,d_only
log_lik[37],0.661315,0.00080973,0.0483735,0.0472483,0.581458,0.660912,0.739875,3690.91,2461.05,32.6127,1.00098,2,d_only
log_lik[38],0.79346,0.00109592,0.0610765,0.0591581,0.693426,0.793466,0.894892,3165.52,2448.7,27.9704,1.00086,2,d_only
log_lik[39],0.801603,0.00128558,0.0656436,0.0637226,0.696115,0.800093,0.908571,2696.15,2587.97,23.8231,1.00044,2,d_only
log_lik[40],-0.0853276,0.00433738,0.218458,0.233264,-0.444595,-0.0844886,0.271092,2573.59,2127.38,22.7401,1.00012,2,d_only
log_lik[41],0.260768,0.00212748,0.125545,0.125911,0.0533095,0.26079,0.461414,3580.89,3103.88,31.6406,1.00141,2,d_only
log_lik[42],0.802207,0.00113254,0.0622732,0.0604552,0.70065,0.802184,0.905832,3084.48,2488.82,27.2543,1.00086,2,d_only
log_lik[43],1.06363,0.00123075,0.0699212,0.069671,0.950198,1.06262,1.17926,3344.86,2743.37,29.555,1.00095,2,d_only
log_lik[44],0.857404,0.000940618,0.0567916,0.0562156,0.761701,0.859708,0.947737,3651.95,3439.13,32.2684,1.00092,2,d_only
log_lik[45],1.10089,0.0012493,0.0687488,0.0676105,0.988322,1.10034,1.21381,3137.75,2980.42,27.725,1.00121,2,d_only
log_lik[46],0.845114,0.000953497,0.057478,0.0566252,0.747861,0.847645,0.936266,3644.63,3452.77,32.2038,1.00119,2,d_only
log_lik[47],1.44288,0.00206867,0.113897,0.116907,1.25869,1.44259,1.63214,3054.67,2690.38,26.9909,1.00004,2,d_only
log_lik[48],0.886697,0.0009229,0.0556196,0.055394,0.794139,0.889218,0.977383,3645.58,3278.63,32.2122,1.00094,2,d_only
log_lik[49],1.09895,0.00129407,0.0724398,0.0714782,0.98228,1.09831,1.21841,3256.95,2684.48,28.7783,1.001,2,d_only
log_lik[50],1.50096,0.00199863,0.107973,0.111149,1.32555,1.50034,1.67868,2970.1,2581.56,26.2436,1.00021,2,d_only
log_lik[51],1.49786,0.00125725,0.0625269,0.0622084,1.39126,1.50204,1.59188,2591.48,2422.67,22.8982,0.999494,2,d_only
log_lik[52],1.10161,0.00125146,0.0688708,0.067808,0.988766,1.10101,1.2148,3138.78,2980.82,27.7341,1.00121,2,d_only
log_lik[53],0.78998,0.00108312,0.0606333,0.0589346,0.690601,0.789952,0.890233,3198.59,2480.81,28.2626,1.00087,2,d_only
log_lik[54],0.774126,0.00103249,0.0587573,0.0571407,0.677299,0.774514,0.869551,3305.65,2438.73,29.2086,1.0009,2,d_only
log_lik[55],0.814039,0.00125149,0.0654184,0.0631744,0.709151,0.813173,0.922101,2807.09,2589.48,24.8034,1.00069,2,d_only
log_lik[56],0.708457,0.000888892,0.0522557,0.0507992,0.623113,0.709173,0.793224,3589.99,2525.69,31.721,1.00076,2,d_only
log_lik[57],1.54056,0.00184225,0.0969939,0.0993816,1.3797,1.54149,1.69721,2841.51,2369.18,25.1075,0.999968,2,d_only
log_lik[58],0.517725,0.000835295,0.0499636,0.0485585,0.434243,0.519042,0.598021,3593.91,3054.79,31.7556,1.00027,2,d_only
log_lik[59],0.78957,0.00129231,0.0652987,0.0635697,0.685215,0.788156,0.896373,2650.65,2446.46,23.421,1.00046,2,d_only
log_lik[60],0.624273,0.000771143,0.0457196,0.0448161,0.549432,0.624224,0.699019,3606.4,2550.39,31.866,1.00117,2,d_only
log_lik[61],-0.36664,0.00389465,0.183745,0.19315,-0.634998,-0.383568,-0.0381645,2384.73,2068.65,21.0713,1.00054,2,d_only
log_lik[62],1.53517,0.00150842,0.0770479,0.0786925,1.40188,1.53991,1.65289,2730.25,2411.68,24.1244,0.999533,2,d_only
log_lik[63],0.760234,0.00128349,0.064024,0.0623858,0.657872,0.758361,0.864641,2598.94,2331.71,22.9641,1.00058,2,d_only
log_lik[64],0.441174,0.00361778,0.199193,0.200006,0.0753097,0.467992,0.72588,2909.12,2539.04,25.7048,0.999823,2,d_only
log_lik[65],0.995292,0.00111109,0.0642157,0.0638668,0.891844,0.99428,1.10086,3446.31,2890.18,30.4514,1.00091,2,d_only
log_lik[66],1.09842,0.00129315,0.0724104,0.0715622,0.981698,1.09784,1.21771,3260.02,2684.48,28.8054,1.001,2,d_only
log_lik[67],-0.587268,0.00140877,0.0773838,0.0769054,-0.713835,-0.588353,-0.457819,3082.28,3202.36,27.2349,0.999933,2,d_only
log_lik[68],0.206712,0.000802616,0.0434662,0.0437908,0.133803,0.208517,0.27477,3007.8,3050.25,26.5767,1.00079,2,d_only
log_lik[69],0.902531,0.00092302,0.0552715,0.0554181,0.810528,0.904341,0.992854,3599.63,3563.63,31.8062,1.00103,2,d_only
log_lik[70],0.983668,0.00098941,0.056785,0.055955,0.890213,0.984176,1.07557,3313.83,3079.02,29.2809,1.00134,2,d_only
log_lik[71],0.653964,0.00115846,0.0589556,0.0573402,0.559911,0.652084,0.751661,2706.71,2348.09,23.9164,1.00056,2,d_only
log_lik[72],1.52177,0.00139659,0.0705619,0.071477,1.40034,1.52675,1.63004,2685.1,2413.08,23.7254,0.999528,2,d_only
log_lik[73],0.790487,0.00129212,0.0653311,0.0635097,0.686072,0.789089,0.897454,2653.72,2478.37,23.4482,1.00042,2,d_only
log_lik[74],1.46759,0.00204702,0.111932,0.11421,1.28616,1.46739,1.65208,3029.57,2706.2,26.7691,1.00026,2,d_only
log_lik[75],0.648556,0.00209038,0.122854,0.124781,0.448627,0.648258,0.848131,3489.64,3290.48,30.8343,1.00009,2,d_only
log_lik[76],0.728988,0.00125627,0.0624736,0.0608611,0.629142,0.72686,0.831876,2590.15,2426.02,22.8865,1.00046,2,d_only
log_lik[77],1.54378,0.00180116,0.0944857,0.0970787,1.38646,1.54514,1.69412,2826.48,2354.16,24.9747,0.999974,2,d_only
log_lik[78],0.991669,0.00212063,0.120975,0.123614,0.795753,0.989271,1.19375,3276.87,3146.28,28.9543,0.999712,2,d_only
log_lik[79],0.452562,0.00222317,0.112407,0.100313,0.253543,0.468133,0.605525,3004.51,2482.19,26.5477,0.999908,2,d_only
log_lik[80],0.419032,0.000708553,0.0380905,0.038416,0.356411,0.419363,0.482746,2950.13,2894.41,26.0672,1.0017,2,d_only
log_lik[81],0.455808,0.00357966,0.197554,0.198069,0.0920361,0.482931,0.735674,2921.8,2538.87,25.8168,0.999867,2,d_only
log_lik[82],1.1131,0.0012915,0.0711671,0.0692197,0.995382,1.1128,1.22879,3153.18,2891.26,27.8613,1.00112,2,d_only
log_lik[83],-0.185776,0.00203099,0.11626,0.116718,-0.375816,-0.185855,0.00274119,3405.89,2981.7,30.0943,1.0015,2,d_only
log_lik[84],1.07455,0.0011746,0.0649266,0.0637848,0.967271,1.07353,1.18232,3155.41,2814.64,27.881,1.00129,2,d_only
log_lik[85],1.06684,0.00123655,0.0701761,0.0701314,0.953023,1.06587,1.18344,3337.05,2724.36,29.486,1.00096,2,d_only
log_lik[86],0.636355,0.000781624,0.0465467,0.0455883,0.559823,0.636097,0.712443,3635.8,2550.32,32.1258,1.00111,2,d_only
log_lik[87],0.805025,0.00114641,0.0626972,0.0609483,0.703205,0.805018,0.909851,3052.0,2472.32,26.9673,1.00074,2,d_only
log_lik[88],1.43607,0.00103968,0.0509249,0.0493159,1.35137,1.43754,1.51655,2470.53,2602.16,21.8295,1.00125,2,d_only
log_lik[89],1.07565,0.00125249,0.0708586,0.0706533,0.961347,1.07484,1.19371,3314.16,2724.06,29.2837,1.00097,2,d_only
log_lik[90],0.990077,0.000998766,0.0571395,0.0562859,0.895832,0.990522,1.08307,3294.9,3126.81,29.1136,1.00135,2,d_only
log_lik[91],-0.565305,0.00145109,0.0800342,0.0788629,-0.696145,-0.566873,-0.430155,3114.0,2775.45,27.5152,0.999897,2,d_only
log_lik[92],1.11414,0.00131358,0.0727865,0.0715561,0.996098,1.1135,1.23491,3188.3,2764.33,28.1717,1.00107,2,d_only
log_lik[93],-0.730569,0.00180843,0.116796,0.116686,-0.923828,-0.731281,-0.537257,4199.55,2999.66,37.107,1.00111,2,d_only
log_lik[94],1.05155,0.0011137,0.0622229,0.0613449,0.948661,1.05073,1.15315,3166.05,2794.5,27.9751,1.00138,2,d_only
log_lik[95],0.808627,0.00116676,0.0632879,0.0615513,0.706768,0.808299,0.913794,3000.13,2472.22,26.509,1.00089,2,d_only
log_lik[96],0.791371,0.00108814,0.0608086,0.0588072,0.691854,0.791353,0.891796,3188.5,2480.81,28.1734,1.00088,2,d_only
log_lik[97],1.54217,0.00159497,0.0821247,0.0846198,1.40157,1.5461,1.66851,2766.31,2366.53,24.443,0.999437,2,d_only
log_lik[98],0.877308,0.000933136,0.0550433,0.0565821,0.788319,0.876372,0.968219,3522.28,3079.23,31.1227,1.00085,2,d_only
log_lik[99],1.09527,0.00128766,0.072226,0.0716962,0.978649,1.09451,1.21423,3267.47,2704.1,28.8712,1.00099,2,d_only
log_lik[100],0.986603,0.00099363,0.0569432,0.0561736,0.892665,0.987081,1.07893,3304.18,3053.96,29.1956,1.00135,2,d_only
log_lik[101],1.034,0.00117778,0.0674803,0.066455,0.925127,1.0327,1.14481,3390.96,2724.81,29.9623,1.00094,2,d_only
log_lik[102],0.987936,0.00109881,0.063599,0.0634646,0.885615,0.987268,1.09299,3454.09,2912.32,30.5202,1.0009,2,d_only
log_lik[103],0.591037,0.000751723,0.0436419,0.0433542,0.519095,0.590919,0.662975,3430.8,2602.97,30.3144,1.00131,2,d_only
log_lik[104],1.52082,0.00194848,0.104187,0.107856,1.35048,1.52053,1.69087,2913.88,2496.16,25.7469,1.00018,2,d_only
log_lik[105],1.54596,0.00168906,0.0877202,0.0908758,1.39688,1.54894,1.68246,2794.82,2336.09,24.6949,0.999635,2,d_only
log_lik[106],0.813318,0.0012026,0.0642489,0.0620239,0.710211,0.812663,0.920271,2919.81,2553.99,25.7993,1.00086,2,d_only
log_lik[107],0.27808,0.00212691,0.125514,0.126368,0.070364,0.277844,0.479174,3574.03,3103.62,31.58,1.00124,2,d_only
log_lik[108],0.806595,0.00115483,0.0629463,0.0612704,0.704769,0.806366,0.912099,3033.21,2425.18,26.8013,1.00087,2,d_only
log_lik[109],0.419032,0.000708553,0.0380905,0.038416,0.356411,0.419363,0.482746,2950.13,2894.41,26.0672,1.0017,2,d_only
log_lik[110],1.53743,0.0015326,0.0784589,0.080339,1.40151,1.54201,1.65659,2742.16,2396.35,24.2296,0.999508,2,d_only
log_lik[111],-0.0200856,0.00210863,0.122693,0.123743,-0.221477,-0.0190598,0.177814,3537.64,3082.12,31.2584,1.00182,2,d_only
log_lik[112],1.53766,0.00186839,0.098598,0.101604,1.37452,1.53855,1.69723,2850.13,2357.58,25.1836,1.00008,2,d_only
log_lik[113],0.473367,0.000706055,0.0388376,0.039133,0.409323,0.473406,0.537444,3099.95,2887.7,27.391,1.00171,2,d_only
log_lik[114],0.80107,0.00128613,0.0656333,0.0635895,0.695537,0.799507,0.908111,2693.69,2557.0,23.8013,1.00045,2,d_only
log_lik[115],1.06147,0.00212936,0.120778,0.124044,0.867091,1.05933,1.26237,3236.59,3022.11,28.5984,0.99966,2,d_only
log_lik[116],0.75141,0.00127714,0.0635941,0.0620518,0.650417,0.749829,0.856502,2593.64,2330.95,22.9173,1.00041,2,d_only
log_lik[117],0.607555,0.00208863,0.123198,0.125013,0.407064,0.608146,0.807523,3516.74,3261.14,31.0738,1.00029,2,d_only
log_lik[118],0.782842,0.00105901,0.0597639,0.0583126,0.684305,0.783005,0.880679,3251.34,2502.92,28.7287,1.00094,2,d_only
log_lik[119],0.95556,0.000954901,0.0556327,0.0569304,0.863125,0.956038,1.0463,3413.84,3366.74,30.1645,1.00127,2,d_only
log_lik[120],1.05787,0.00122036,0.0694575,0.0690655,0.945492,1.05674,1.17177,3357.16,2724.26,29.6637,1.00094,2,d_only
log_lik[121],0.784916,0.00106576,0.0600117,0.0585671,0.68573,0.785168,0.883359,3232.21,2497.39,28.5597,1.00091,2,d_only
log_lik[122],-0.133055,0.00206603,0.118824,0.119671,-0.327125,-0.132795,0.0604063,3461.05,2828.27,30.5817,1.00145,2,d_only
log_lik[123],0.946186,0.000945939,0.0553958,0.0565119,0.853688,0.947153,1.03703,3449.97,3365.15,30.4837,1.00125,2,d_only
log_lik[124],0.810985,0.00126742,0.065643,0.0635912,0.705443,0.809717,0.919229,2762.94,2575.71,24.4132,1.00057,2,d_only
log_lik[125],0.845991,0.00210473,0.12153,0.125462,0.648832,0.844804,1.04593,3361.97,3206.59,29.7062,0.999812,2,d_only
log_lik[126],0.723999,0.00209467,0.122272,0.124165,0.527413,0.7239,0.923047,3441.5,3193.53,30.4089,0.999904,2,d_only
log_lik[127],0.776575,0.000833796,0.049382,0.0501321,0.697154,0.776571,0.859132,3520.53,3049.36,31.1072,1.00067,2,d_only
log_lik[128],-0.569287,0.00185559,0.119394,0.11874,-0.771722,-0.567514,-0.376793,4178.39,3100.98,36.92,1.00127,2,d_only
log_lik[129],0.296156,0.000756928,0.039797,0.0406261,0.229742,0.296565,0.360465,2858.09,3064.05,25.2539,1.00126,2,d_only
log_lik[130],1.43478,0.00103666,0.0507882,0.0493331,1.34999,1.43622,1.51519,2471.37,2630.17,21.8369,1.00118,2,d_only
log_lik[131],1.11553,0.001312,0.0725735,0.0711665,0.996785,1.11515,1.2355,3171.02,2764.24,28.019,1.00109,2,d_only
log_lik[132],0.850287,0.00089929,0.0532739,0.0546692,0.763777,0.849482,0.93872,3516.51,3104.04,31.0717,1.00079,2,d_only
log_lik[133],0.985738,0.00109517,0.0634153,0.0630695,0.883767,0.984998,1.09016,3459.82,2935.55,30.5708,1.0009,2,d_only
log_lik[134],0.773366,0.000831557,0.049248,0.0498451,0.693945,0.773363,0.855475,3521.0,3012.88,31.1114,1.00066,2,d_only
log_lik[135],1.54339,0.00161596,0.0833665,0.0859075,1.40067,1.54728,1.67193,2770.91,2381.51,24.4836,0.999526,2,d_only
log_lik[136],0.332369,0.00212496,0.12532,0.125415,0.125864,0.333552,0.532732,3565.8,3237.85,31.5072,1.00114,2,d_only
log_lik[137],0.754911,0.00111258,0.0655228,0.0613842,0.642039,0.758592,0.853983,3532.09,3296.66,31.2094,1.00046,2,d_only
log_lik[138],1.53704,0.00187318,0.0988925,0.10221,1.37364,1.53803,1.69703,2851.55,2357.58,25.1961,1.00009,2,d_only
log_lik[139],1.10715,0.00130765,0.0728075,0.0715584,0.989465,1.10633,1.22711,3228.81,2704.6,28.5297,1.00103,2,d_only
log_lik[140],0.814833,0.00124174,0.0652313,0.0634104,0.71072,0.813868,0.921703,2832.31,2644.51,25.0262,1.00065,2,d_only
log_lik[141],1.51486,0.00196634,0.10551,0.109043,1.34257,1.51425,1.68761,2931.83,2528.79,25.9055,1.00014,2,d_only
log_lik[142],0.724189,0.0012511,0.0622327,0.0606673,0.624709,0.721733,0.82619,2591.93,2410.5,22.9021,1.00047,2,d_only
log_lik[143],0.754901,0.000983675,0.0566876,0.0551079,0.661512,0.75547,0.847023,3403.91,2466.87,30.0768,1.00063,2,d_only
log_lik[144],1.11354,0.00129345,0.0712852,0.0694173,0.99564,1.11326,1.22943,3155.26,2891.63,27.8797,1.00113,2,d_only
log_lik[145],0.977131,0.00211877,0.121018,0.124256,0.781391,0.974736,1.17818,3285.01,3183.65,29.0262,0.999727,2,d_only
log_lik[146],0.955758,0.00104677,0.0609476,0.0615365,0.857771,0.954513,1.05613,3487.88,3053.42,30.8188,1.0009,2,d_only
log_lik[147],0.00928538,0.00142739,0.0894442,0.0857787,-0.146283,0.0143689,0.142393,3969.34,3447.59,35.0729,1.0002,2,d_only
log_lik[148],0.95556,0.000954901,0.0556327,0.0569304,0.863125,0.956038,1.0463,3413.84,3366.74,30.1645,1.00127,2,d_only
log_lik[149],1.48823,0.0020207,0.109727,0.112651,1.31022,1.48822,1.66891,2993.64,2663.84,26.4516,1.00036,2,d_only
log_lik[150],-0.643748,0.00132943,0.0717755,0.0720456,-0.762592,-0.643071,-0.527027,2963.76,2937.02,26.1877,1.00006,2,d_only
log_lik[151],1.09921,0.00124428,0.0684685,0.0673195,0.986686,1.0986,1.21138,3138.71,2980.42,27.7335,1.00122,2,d_only
log_lik[152],1.0435,0.00119463,0.0682755,0.0679125,0.933563,1.04232,1.15541,3381.31,2724.02,29.8771,1.00092,2,d_only
log_lik[153],0.791675,0.00108925,0.0608472,0.0587278,0.692042,0.791718,0.892122,3185.9,2480.81,28.1505,1.00089,2,d_only
log_lik[154],0.686618,0.00209236,0.122551,0.124498,0.488054,0.686705,0.887054,3465.61,3193.86,30.622,0.999989,2,d_only
log_lik[155],0.987498,0.00109808,0.0635623,0.0633998,0.885245,0.986812,1.09241,3455.73,2912.32,30.5346,1.0009,2,d_only
log_lik[156],0.802774,0.00113522,0.0623566,0.0605543,0.701049,0.802797,0.906776,3080.07,2504.78,27.2153,1.00084,2,d_only
log_lik[157],1.06184,0.00122752,0.069778,0.0694807,0.948965,1.06069,1.17704,3350.27,2743.37,29.6028,1.00095,2,d_only
log_lik[158],0.577126,0.000745755,0.0428611,0.0423436,0.507133,0.576586,0.647969,3388.22,2639.29,29.9381,1.00137,2,d_only
log_lik[159],1.27964,0.00213712,0.119375,0.120724,1.08644,1.27656,1.48135,3121.98,2866.41,27.5856,1.00009,2,d_only
log_lik[160],1.07548,0.00117714,0.0650464,0.0638296,0.968027,1.07454,1.18299,3153.01,2814.64,27.8598,1.00129,2,d_only
log_lik[161],0.611138,0.000761884,0.0448634,0.044109,0.538073,0.611119,0.684098,3538.4,2584.71,31.2652,1.00121,2,d_only
log_lik[162],1.42115,0.00208356,0.115219,0.117777,1.23543,1.4195,1.6145,3064.03,2740.62,27.0736,1.00006,2,d_only
log_lik[163],1.10713,0.00126864,0.069864,0.0682146,0.992784,1.1067,1.22163,3141.99,2869.66,27.7625,1.00119,2,d_only
log_lik[164],0.729351,0.00125665,0.0624918,0.0608313,0.629484,0.727279,0.832298,2590.02,2473.5,22.8853,1.00046,2,d_only
log_lik[165],1.0827,0.00126523,0.0713809,0.0711073,0.967964,1.08195,1.20109,3299.07,2724.03,29.1505,1.00096,2,d_only
log_lik[166],1.51429,0.00134619,0.0677123,0.0683165,1.39835,1.51875,1.61696,2654.21,2438.54,23.4525,0.999499,2,d_only
log_lik[167],1.35187,0.00212127,0.117922,0.119878,1.16251,1.34895,1.55285,3088.04,2757.37,27.2858,1.00003,2,d_only
log_lik[168],1.07202,0.00116771,0.0646044,0.0636028,0.965547,1.071,1.17878,3159.14,2835.64,27.914,1.0013,2,d_only
log_lik[169],0.741346,0.00209587,0.12215,0.124801,0.545438,0.741449,0.940925,3430.16,3220.56,30.3087,0.999895,2,d_only
log_lik[170],0.383897,0.00212333,0.125028,0.125409,0.179537,0.384824,0.585333,3564.65,3208.28,31.4971,1.00087,2,d_only
log_lik[171],1.46035,0.00110755,0.0542591,0.0532789,1.3684,1.46301,1.54557,2490.33,2452.75,22.0045,1.00027,2,d_only
log_lik[172],0.706495,0.00209354,0.1224,0.124481,0.508911,0.706449,0.906212,3450.19,3193.53,30.4858,0.999916,2,d_only
log_lik[173],0.23586,0.00113529,0.0699444,0.0668259,0.11462,0.240506,0.341342,3817.67,3577.79,33.7328,0.999954,2,d_only
log_lik[174],0.793303,0.00129126,0.0654258,0.0633944,0.688797,0.791866,0.900991,2663.16,2463.93,23.5315,1.00041,2,d_only
log_lik[175],1.02245,0.00115755,0.0665077,0.0661165,0.915402,1.0214,1.13117,3404.7,2785.64,30.0838,1.00093,2,d_only
log_lik[176],1.3963,0.00210074,0.116404,0.118689,1.20899,1.39432,1.5928,3071.59,2760.34,27.1404,1.00008,2,d_only
log_lik[177],1.11272,0.0013133,0.0728565,0.0716277,0.994685,1.11184,1.23334,3197.12,2734.62,28.2496,1.00106,2,d_only
log_lik[178],0.564558,0.000737376,0.0422023,0.0415264,0.495549,0.564112,0.634082,3358.65,2694.9,29.6769,1.00142,2,d_only
log_lik[179],0.600655,0.00208837,0.123257,0.125226,0.400087,0.601638,0.801226,3519.85,3261.14,31.1012,1.00031,2,d_only
log_lik[180],0.950921,0.0010392,0.0605577,0.0612729,0.853959,0.949726,1.05078,3494.21,3127.91,30.8747,1.0009,2,d_only
log_lik[181],0.130513,0.00422779,0.221159,0.230317,-0.258336,0.145426,0.471545,2675.19,2358.12,23.6379,0.999948,2,d_only
log_lik[182],-0.14053,0.00160058,0.101147,0.0981332,-0.316135,-0.135434,0.0122502,4035.96,3425.51,35.6615,1.00054,2,d_only
log_lik[183],0.260768,0.00212748,0.125545,0.125911,0.0533095,0.26079,0.461414,3580.89,3103.88,31.6406,1.00141,2,d_only
log_lik[184],0.786312,0.00129266,0.0651779,0.0634374,0.682298,0.784688,0.893523,2640.16,2354.39,23.3283,1.00043,2,d_only
log_lik[185],0.749716,0.00097239,0.0561573,0.0544752,0.657642,0.750409,0.841279,3436.42,2510.36,30.364,1.00057,2,d_only
log_lik[186],1.15402,0.00213825,0.120447,0.123407,0.95891,1.15121,1.35511,3183.63,2960.16,28.1304,0.999856,2,d_only
log_lik[187],1.0828,0.00119731,0.0660205,0.0649904,0.973546,1.08229,1.1916,3143.81,2902.01,27.7785,1.00126,2,d_only
log_lik[188],1.0913,0.0021327,0.120688,0.122844,0.896187,1.08938,1.29133,3219.65,3045.11,28.4487,0.999672,2,d_only
log_lik[189],1.40514,0.0020952,0.116016,0.118651,1.2182,1.40294,1.59997,3069.09,2730.35,27.1183,1.00004,2,d_only
log_lik[190],0.942066,0.00102551,0.059851,0.0604736,0.84591,0.940986,1.03989,3506.69,3052.97,30.9849,1.00088,2,d_only
log_lik[191],1.06636,0.00115249,0.0639079,0.0628926,0.961235,1.06555,1.17168,3159.3,2776.52,27.9154,1.00134,2,d_only
log_lik[192],1.50513,0.00199001,0.107305,0.110665,1.33024,1.50475,1.68129,2958.58,2546.9,26.1419,1.00015,2,d_only
log_lik[193],-0.29464,0.00126692,0.0764327,0.0745146,-0.424552,-0.290649,-0.176423,3642.15,3538.49,32.1819,1.00013,2,d_only
log_lik[194],0.110761,0.000880632,0.0488849,0.0482575,0.0266544,0.113934,0.185212,3160.71,3242.17,27.9279,1.00044,2,d_only
log_lik[195],1.53193,0.0014773,0.0752402,0.0768263,1.40144,1.53707,1.64716,2717.6,2412.03,24.0125,0.999508,2,d_only
log_lik[196],-0.24364,0.00170055,0.108007,0.105713,-0.434094,-0.238255,-0.0776124,4070.48,3373.82,35.9665,1.00062,2,d_only
log_lik[197],1.46307,0.00205165,0.112338,0.114622,1.28111,1.46278,1.64826,3037.22,2706.2,26.8368,1.00025,2,d_only
log_lik[198],1.54611,0.00170085,0.0884261,0.0915665,1.39573,1.5492,1.68397,2797.72,2297.54,24.7205,0.999652,2,d_only
log_lik[199],1.10291,0.00130079,0.0726416,0.0715877,0.985556,1.10242,1.22216,3244.88,2684.56,28.6716,1.00103,2,d_only
log_lik[200],0.679633,0.000836417,0.0498143,0.0487334,0.597603,0.679489,0.76083,3665.71,2461.42,32.39,1.0009,2,d_only
log_lik[201],1.53389,0.0018935,0.100241,0.103392,1.36949,1.53437,1.69636,2864.97,2401.71,25.3147,1.00014,2,d_only
log_lik[202],0.811457,0.00118646,0.0638214,0.0617265,0.708876,0.810988,0.917129,2954.86,2538.7,26.109,1.00077,2,d_only
log_lik[203],1.11575,0.00131091,0.0724743,0.0712764,0.997191,1.11516,1.23567,3164.45,2784.48,27.9609,1.00108,2,d_only
log_lik[204],1.10896,0.00131027,0.0728537,0.0717179,0.991566,1.10816,1.2293,3216.84,2704.6,28.4239,1.00104,2,d_only
log_lik[205],0.257024,0.000780896,0.0411959,0.041977,0.188523,0.257918,0.322584,2896.03,3207.54,25.5892,1.00104,2,d_only
log_lik[206],1.26346,0.0021387,0.119589,0.121398,1.07027,1.2607,1.46575,3129.55,2829.35,27.6526,1.00006,2,d_only
log_lik[207],0.166796,0.00212888,0.125387,0.125159,-0.0407607,0.168339,0.368218,3590.31,3183.81,31.7238,1.00189,2,d_only
log_lik[208],-0.0484873,0.00103357,0.0595643,0.0568962,-0.151653,-0.0444683,0.0419112,3401.27,3588.57,30.0534,1.00005,2,d_only
log_lik[209],0.944545,0.00102932,0.0600478,0.060716,0.848179,0.943561,1.04301,3501.66,3102.88,30.9405,1.00089,2,d_only
log_lik[210],1.11441,0.00129764,0.0715443,0.0700396,0.996198,1.11415,1.23062,3155.87,2859.5,27.8851,1.00112,2,d_only
log_lik[211],0.666064,0.000816131,0.0487389,0.0478465,0.585744,0.665671,0.745345,3683.03,2445.58,32.5431,1.00096,2,d_only
log_lik[212],1.43024,0.00102638,0.0503354,0.0486566,1.34625,1.43155,1.5102,2473.67,2621.02,21.8572,1.00132,2,d_only
log_lik[213],0.775721,0.0012911,0.0647399,0.0627954,0.671866,0.773514,0.882145,2614.81,2444.03,23.1044,1.00049,2,d_only
log_lik[214],0.604258,0.000757878,0.0444331,0.043771,0.53175,0.603999,0.676983,3503.17,2550.29,30.9538,1.00124,2,d_only
log_lik[215],0.811822,0.00118942,0.0638982,0.0617146,0.709074,0.811272,0.917677,2948.31,2538.7,26.0511,1.00077,2,d_only
log_lik[216],0.766827,0.00101215,0.0579503,0.056272,0.671296,0.767305,0.861034,3346.87,2454.47,29.5727,1.0009,2,d_only
log_lik[217],0.4998,0.000710176,0.039547,0.039853,0.434658,0.499799,0.565687,3169.34,2870.9,28.0042,1.00165,2,d_only
log_lik[218],0.813895,0.00125269,0.0654392,0.0632755,0.709032,0.81299,0.922008,2802.83,2589.48,24.7656,1.0007,2,d_only
log_lik[219],1.22574,0.00109819,0.0661649,0.0573721,1.10453,1.23478,1.31656,3712.01,3135.13,32.7992,1.00057,2,d_only
log_lik[220],0.218849,0.000797827,0.0428755,0.042989,0.146878,0.220066,0.285598,2961.49,3073.17,26.1676,1.00085,2,d_only
log_lik[221],1.0986,0.00129346,0.0724203,0.0714908,0.981898,1.09803,1.21794,3258.93,2684.48,28.7958,1.001,2,d_only
log_lik[222],0.363888,0.000723976,0.038303,0.0383507,0.299803,0.363662,0.427428,2867.79,3100.26,25.3396,1.00157,2,d_only
log_lik[223],0.8065,0.00115431,0.062931,0.061258,0.704674,0.806283,0.911885,3034.71,2425.18,26.8146,1.00087,2,d_only
log_lik[224],0.44952,0.000705434,0.0383913,0.0386051,0.386252,0.449642,0.513675,3019.46,2911.49,26.6798,1.00173,2,d_only
log_lik[225],0.762801,0.00209746,0.122007,0.12484,0.56667,0.762342,0.962415,3416.82,3233.65,30.1909,0.999876,2,d_only
log_lik[226],1.11215,0.001313,0.0728686,0.0716746,0.993846,1.11148,1.23275,3201.77,2715.12,28.2907,1.00106,2,d_only
log_lik[227],0.968058,0.00106633,0.0619503,0.0620206,0.867856,0.966654,1.07084,3476.45,2958.49,30.7178,1.0009,2,d_only
log_lik[228],0.709927,0.0008914,0.0523861,0.0509753,0.624388,0.710626,0.794899,3586.17,2525.69,31.6872,1.00076,2,d_only
log_lik[229],0.945532,0.00103084,0.0601265,0.0608631,0.849117,0.944483,1.04429,3500.78,3128.57,30.9327,1.00089,2,d_only
log_lik[230],0.941569,0.00102475,0.0598116,0.0603806,0.845522,0.94044,1.03933,3507.59,3052.97,30.9929,1.00088,2,d_only
log_lik[231],0.439751,0.000705973,0.0382619,0.0385262,0.376606,0.439907,0.503487,2996.12,2934.15,26.4735,1.00173,2,d_only
log_lik[232],1.503,0.00128309,0.064019,0.0641339,1.3935,1.50733,1.59983,2610.14,2422.88,23.063,0.999515,2,d_only
log_lik[233],0.682246,0.000794666,0.0468772,0.0465417,0.605931,0.681938,0.760115,3488.52,2924.16,30.8244,1.00044,2,d_only
log_lik[234],1.36999,0.00211419,0.117379,0.119798,1.18127,1.3677,1.56963,3080.89,2760.91,27.2226,1.0,2,d_only
log_lik[235],0.750434,0.000974125,0.0562301,0.0546122,0.658094,0.751161,0.842185,3431.41,2510.36,30.3198,1.00057,2,d_only
log_lik[236],0.813046,0.00120018,0.0641791,0.0619813,0.710125,0.812474,0.919648,2925.33,2553.99,25.8481,1.00083,2,d_only
log_lik[237],0.172158,0.000826309,0.0452779,0.0453187,0.0955479,0.17452,0.242149,3077.54,3081.16,27.193,1.00066,2,d_only
log_lik[238],0.19771,0.000806406,0.0439203,0.0443166,0.123519,0.199632,0.266711,3041.99,3074.01,26.8789,1.00075,2,d_only
log_lik[239],0.0784973,0.0013399,0.0835821,0.0798382,-0.0675783,0.0834753,0.202165,3934.56,3417.0,34.7655,1.00005,2,d_only
log_lik[240],0.673174,0.000793213,0.0468012,0.046597,0.596928,0.672948,0.750564,3487.91,2826.38,30.819,1.00041,2,d_only
log_lik[241],0.996309,0.00100835,0.0575164,0.0567811,0.901045,0.99688,1.08966,3271.9,3121.56,28.9103,1.00137,2,d_only
log_lik[242],0.814108,0.00125089,0.0654077,0.063177,0.709204,0.813206,0.92212,2808.6,2589.68,24.8167,1.00068,2,d_only
log_lik[243],0.183361,0.000816895,0.0446708,0.0451822,0.10807,0.185326,0.252592,3063.64,3227.88,27.0702,1.00069,2,d_only
log_lik[244],1.09104,0.00128018,0.071958,0.071408,0.974757,1.09018,1.20983,3279.83,2666.62,28.9805,1.00098,2,d_only
log_lik[245],0.564967,0.000737632,0.042223,0.0415496,0.495936,0.564502,0.634542,3360.63,2694.66,29.6944,1.00142,2,d_only
log_lik[246],-0.306886,0.00406062,0.194747,0.208442,-0.601909,-0.319325,0.03513,2439.38,2090.6,21.5542,1.00043,2,d_only
log_lik[247],0.923284,0.000997285,0.0583865,0.0587013,0.82933,0.922276,1.01882,3513.83,3077.13,31.0481,1.00089,2,d_only
log_lik[248],1.48492,0.00202559,0.110126,0.113071,1.30652,1.48491,1.66711,3000.88,2746.26,26.5156,1.00035,2,d_only
log_lik[249],1.03774,0.00108352,0.0608161,0.0598033,0.937365,1.03729,1.13659,3181.03,2775.9,28.1074,1.0014,2,d_only
log_lik[250],-0.663296,0.00132102,0.0706692,0.0708212,-0.781151,-0.662492,-0.548389,2917.52,2758.43,25.7791,1.00015,2,d_only
log_lik[251],1.51755,0.00195867,0.104938,0.108384,1.34618,1.51702,1.68995,2922.91,2546.3,25.8267,1.00022,2,d_only
log_lik[252],1.06713,0.00123707,0.0701987,0.0702242,0.953322,1.06614,1.18379,3337.44,2724.36,29.4894,1.00096,2,d_only
log_lik[253],0.182296,0.000817782,0.0447277,0.0451686,0.106848,0.184268,0.251473,3066.02,3145.52,27.0912,1.00069,2,d_only
log_lik[254],0.333533,0.00101378,0.0618652,0.0592821,0.227586,0.337641,0.428368,3730.57,3324.93,32.9631,1.00001,2,d_only
log_lik[255],1.43537,0.00207373,0.114389,0.11777,1.25096,1.43413,1.62517,3058.13,2748.5,27.0215,1.00001,2,d_only
log_lik[256],-0.24364,0.00170055,0.108007,0.105713,-0.434094,-0.238255,-0.0776124,4070.48,3373.82,35.9665,1.00062,2,d_only
log_lik[257],1.0258,0.00105984,0.059725,0.0591646,0.927561,1.02599,1.12291,3197.92,2950.38,28.2567,1.00141,2,d_only
log_lik[258],0.993473,0.00212086,0.12097,0.123733,0.797794,0.991074,1.19549,3276.28,3146.28,28.9491,0.999712,2,d_only
log_lik[259],1.09565,0.00128833,0.0722493,0.0716377,0.979071,1.09493,1.21491,3266.95,2704.1,28.8666,1.00099,2,d_only
log_lik[260],0.18408,0.00212894,0.125463,0.125349,-0.02305,0.185753,0.385649,3583.77,3132.05,31.666,1.00171,2,d_only
log_lik[261],0.78354,0.00106126,0.0598469,0.0583532,0.684782,0.783757,0.881504,3246.35,2502.92,28.6846,1.00093,2,d_only
log_lik[262],0.800389,0.00128679,0.0656193,0.0634511,0.694939,0.798704,0.907518,2689.93,2557.0,23.7681,1.00043,2,d_only
log_lik[263],-1.18216,0.00126728,0.0712584,0.0700176,-1.30112,-1.18191,-1.06469,3261.4,2735.49,28.8176,1.00218,2,d_only
log_lik[264],0.813701,0.00125417,0.0654641,0.0633594,0.708816,0.81284,0.921966,2798.7,2589.48,24.7292,1.00068,2,d_only
log_lik[265],0.81506,0.00123087,0.0649909,0.0630297,0.711269,0.814086,0.921503,2857.33,2590.44,25.2472,1.0008,2,d_only
log_lik[266],1.1176,0.00144853,0.0866329,0.0736825,0.948654,1.13379,1.22961,3671.69,3262.49,32.4429,1.00028,2,d_only
log_lik[267],0.0537763,0.00430623,0.222156,0.233653,-0.327003,0.0646527,0.403628,2635.4,2272.26,23.2863,1.00005,2,d_only
log_lik[268],1.10197,0.00129921,0.0725968,0.0715878,0.984594,1.10153,1.22127,3247.45,2703.89,28.6943,1.00102,2,d_only
log_lik[269],0.612145,0.0020888,0.123159,0.125055,0.411493,0.612877,0.812006,3512.63,3233.98,31.0374,1.00023,2,d_only
log_lik[270],1.52675,0.00192703,0.102627,0.105936,1.35916,1.52619,1.69378,2892.78,2463.85,25.5604,1.00021,2,d_only
log_lik[271],1.06184,0.00122752,0.069778,0.0694807,0.948965,1.06069,1.17704,3350.27,2743.37,29.6028,1.00095,2,d_only
log_lik[272],1.36105,0.00211788,0.117658,0.119621,1.17201,1.35831,1.56154,3083.97,2741.45,27.2498,1.0,2,d_only
log_lik[273],1.17097,0.00126778,0.0762654,0.0657751,1.02557,1.1832,1.27196,3715.83,3472.43,32.8329,1.00014,2,d_only
log_lik[274],1.54594,0.00174486,0.0910738,0.0942059,1.39289,1.54832,1.68917,2811.32,2307.18,24.8407,0.999824,2,d_only
log_lik[275],-0.584065,0.0014787,0.091947,0.0913652,-0.737381,-0.582248,-0.438069,3903.16,3279.69,34.4881,1.00101,2,d_only
log_lik[276],1.00329,0.0011246,0.0648895,0.0647703,0.898492,1.00235,1.10936,3430.4,2891.69,30.3109,1.00091,2,d_only
log_lik[277],0.985738,0.00109517,0.0634153,0.0630695,0.883767,0.984998,1.09016,3459.82,2935.55,30.5708,1.0009,2,d_only
log_lik[278],-1.22044,0.00139233,0.0840818,0.0830626,-1.35373,-1.2233,-1.08026,3791.88,2837.41,33.5049,1.00065,2,d_only
log_lik[279],0.103704,0.000887121,0.0493251,0.0483643,0.0185438,0.106862,0.178934,3169.2,3331.94,28.0029,1.00041,2,d_only
log_lik[280],0.116467,0.00129076,0.0802997,0.0768039,-0.0237879,0.121236,0.236154,3910.34,3546.42,34.5515,1.00002,2,d_only
log_lik[281],0.500885,0.00084716,0.0507598,0.0493867,0.414974,0.502275,0.581188,3601.79,3155.85,31.8252,1.00035,2,d_only
log_lik[282],0.50641,0.000711804,0.0397591,0.0398695,0.440851,0.50626,0.572318,3191.11,2871.39,28.1965,1.00163,2,d_only
log_lik[283],-0.576468,0.00185551,0.119415,0.118824,-0.779231,-0.574943,-0.383678,4179.17,3100.98,36.9269,1.0013,2,d_only
log_lik[284],0.103704,0.000887121,0.0493251,0.0483643,0.0185438,0.106862,0.178934,3169.2,3331.94,28.0029,1.00041,2,d_only
log_lik[285],-0.267765,0.00172106,0.109431,0.106729,-0.461233,-0.262814,-0.099432,4080.1,3288.14,36.0515,1.00069,2,d_only
log_lik[286],0.116182,0.000875677,0.0485499,0.0479617,0.032738,0.119385,0.190363,3152.16,3189.99,27.8523,1.00045,2,d_only
log_lik[287],-0.403021,0.00135736,0.0830461,0.0807469,-0.543378,-0.399696,-0.274301,3732.73,3583.47,32.9822,1.00036,2,d_only
log_lik[288],0.647038,0.000791502,0.0467493,0.0461946,0.570666,0.647125,0.724174,3492.29,2891.51,30.8577,1.00034,2,d_only
log_lik[289],1.38343,0.00210785,0.116912,0.120027,1.19501,1.38101,1.58212,3075.62,2740.21,27.1761,1.00009,2,d_only
log_lik[290],1.34562,0.00212336,0.118089,0.119752,1.15582,1.34269,1.54671,3089.22,2798.56,27.2962,1.00006,2,d_only
log_lik[291],0.92921,0.00211736,0.123457,0.11179,0.688099,0.953068,1.08708,3430.98,3123.65,30.316,1.00031,2,d_only
log_lik[292],1.11447,0.00131348,0.0727572,0.071215,0.996375,1.11381,1.23543,3185.91,2764.33,28.1506,1.00107,2,d_only
log_lik[293],0.141575,0.000852846,0.0470205,0.0464643,0.0612903,0.144494,0.213682,3116.17,3108.93,27.5343,1.00055,2,d_only
log_lik[294],1.47932,0.00117563,0.0579188,0.0564407,1.38071,1.48257,1.56832,2532.42,2360.48,22.3763,1.00011,2,d_only
log_lik[295],1.11568,0.00131134,0.072512,0.0712206,0.997044,1.11517,1.23548,3169.03,2784.48,28.0014,1.00109,2,d_only
log_lik[296],0.228837,0.000794169,0.0424089,0.0426684,0.158175,0.230215,0.295209,2932.5,3124.33,25.9114,1.0009,2,d_only
log_lik[297],1.09197,0.00122322,0.0673358,0.0657946,0.980723,1.09132,1.20307,3133.38,2918.16,27.6864,1.00125,2,d_only
log_lik[298],0.49803,0.000709781,0.0394925,0.039951,0.43301,0.498023,0.56365,3165.59,2892.65,27.971,1.00166,2,d_only
log_lik[299],1.49106,0.00122535,0.0607046,0.0596348,1.38751,1.49497,1.58317,2567.16,2407.52,22.6833,0.999665,2,d_only
log_lik[300],0.706386,0.000885407,0.052073,0.0506226,0.621215,0.706954,0.790734,3595.48,2525.69,31.7695,1.00077,2,d_only
log_lik[301],0.109676,0.000881627,0.0489523,0.0482852,0.025376,0.112837,0.184224,3162.05,3242.17,27.9397,1.00043,2,d_only
log_lik[302],-0.0756275,0.0010602,0.0614673,0.0588926,-0.182199,-0.0717931,0.0181332,3443.2,3557.32,30.4239,1.00001,2,d_only
log_lik[303],0.137927,0.00126279,0.0784338,0.0752958,0.00115051,0.142806,0.254842,3894.98,3547.4,34.4158,1.0,2,d_only
log_lik[304],0.722773,0.000914651,0.0535512,0.0518596,0.63466,0.723152,0.809617,3554.65,2428.91,31.4087,1.00069,2,d_only
log_lik[305],-1.13619,0.00145561,0.0897493,0.0887088,-1.27684,-1.13847,-0.987667,3908.5,2923.52,34.5353,1.00046,2,d_only
log_lik[306],-0.542154,0.00185434,0.119207,0.118113,-0.74548,-0.539746,-0.350657,4169.32,3128.4,36.8399,1.00122,2,d_only
log_lik[307],-0.473576,0.0014097,0.0868834,0.0851404,-0.620164,-0.470372,-0.338294,3785.31,3517.19,33.4468,1.00069,2,d_only
log_lik[308],0.260137,0.000779004,0.041072,0.0417669,0.191935,0.261003,0.325565,2891.86,3151.75,25.5523,1.00106,2,d_only
log_lik[309],-0.120395,0.001579,0.0996784,0.0960925,-0.294092,-0.114948,0.029583,4029.32,3456.87,35.6029,1.00055,2,d_only
log_lik[310],-1.43265,0.00133409,0.070085,0.0706494,-1.55017,-1.43227,-1.32004,2802.82,2733.18,24.7656,1.00081,2,d_only
log_lik[311],-0.0667625,0.00105151,0.060845,0.0581277,-0.172509,-0.0629188,0.0260231,3431.21,3591.2,30.318,1.00002,2,d_only
log_lik[312],-1.20681,0.00127306,0.0694211,0.0686887,-1.32327,-1.20623,-1.09368,3048.36,2691.82,26.9352,1.00183,2,d_only
log_lik[313],0.0422106,0.00138618,0.08668,0.0829054,-0.10909,0.0472777,0.170974,3953.69,3415.95,34.9346,1.00008,2,d_only
log_lik[314],0.463339,0.00070545,0.0386274,0.0388836,0.399462,0.46321,0.527616,3070.22,2876.1,27.1284,1.00171,2,d_only
log_lik[315],0.699464,0.000871783,0.0514707,0.050254,0.615471,0.699616,0.782671,3604.2,2550.29,31.8465,1.00081,2,d_only
log_lik[316],1.5334,0.00189618,0.10043,0.103443,1.36883,1.53378,1.69641,2867.23,2386.73,25.3347,1.00012,2,d_only
log_lik[317],-0.834505,0.00156162,0.097704,0.0978616,-0.9961,-0.834694,-0.676439,3958.31,3019.1,34.9755,1.0004,2,d_only
log_lik[318],-0.594555,0.00185451,0.119417,0.119073,-0.796794,-0.59283,-0.401003,4179.17,3075.68,36.9269,1.00117,2,d_only
log_lik[319],1.54603,0.00173922,0.0907338,0.0939715,1.39341,1.54864,1.68832,2810.15,2307.71,24.8303,0.999793,2,d_only
log_lik[320],0.814973,0.00122588,0.0648711,0.0627643,0.711246,0.814045,0.921293,2869.45,2555.22,25.3543,1.0008,2,d_only
log_lik[321],1.53725,0.00187159,0.0987946,0.102061,1.37393,1.53827,1.69704,2850.82,2357.58,25.1897,1.00011,2,d_only
log_lik[322],0.815063,0.00123192,0.0650155,0.0629773,0.711238,0.814068,0.921374,2854.54,2590.44,25.2226,1.00076,2,d_only
log_lik[323],0.77682,0.0010404,0.059063,0.0575559,0.679454,0.777065,0.873356,3289.7,2438.7,29.0676,1.00092,2,d_only
log_lik[324],1.10412,0.00130279,0.0726953,0.0717792,0.986699,1.10332,1.2237,3240.67,2704.07,28.6344,1.00103,2,d_only
log_lik[325],0.784909,0.00129268,0.0651235,0.0632122,0.680829,0.783136,0.89229,2635.65,2354.39,23.2885,1.00043,2,d_only
log_lik[326],0.784574,0.00106464,0.0599707,0.0584683,0.685492,0.784874,0.882895,3234.75,2502.92,28.5821,1.0009,2,d_only
log_lik[327],-1.01875,0.00146337,0.0928337,0.0907127,-1.16493,-1.02239,-0.856851,4101.3,3080.45,36.2389,1.00188,2,d_only
log_lik[328],0.74235,0.000955234,0.055421,0.0535959,0.651544,0.742845,0.832668,3477.09,2398.82,30.7234,1.0006,2,d_only
log_lik[329],0.812803,0.00119816,0.0641199,0.0619767,0.709804,0.812225,0.919059,2928.77,2553.99,25.8785,1.00082,2,d_only
log_lik[330],0.793897,0.00109758,0.0611331,0.0591575,0.694036,0.793843,0.895384,3161.53,2448.7,27.9351,1.00083,2,d_only
log_lik[331],0.943555,0.0010278,0.0599692,0.0605933,0.847328,0.942598,1.04158,3501.87,3102.88,30.9424,1.00089,2,d_only
log_lik[332],0.740837,0.000951848,0.0552721,0.0533463,0.650213,0.741352,0.83095,3486.59,2398.82,30.8074,1.00061,2,d_only
log_lik[333],1.33008,0.000908344,0.0512112,0.0490977,1.24171,1.33223,1.40897,3141.15,3373.07,27.7551,1.00089,2,d_only
log_lik[334],1.11117,0.00128353,0.0706982,0.0686958,0.994282,1.11115,1.22679,3148.58,2914.85,27.8207,1.00115,2,d_only
log_lik[335],0.142877,0.00125632,0.0780027,0.0751188,0.00709942,0.147779,0.259477,3890.27,3547.4,34.3742,1.0,2,d_only
log_lik[336],1.45705,0.00205731,0.112842,0.115058,1.27417,1.45663,1.64313,3047.73,2671.5,26.9296,1.00018,2,d_only
log_lik[337],0.765446,0.00128662,0.0642717,0.0624493,0.662901,0.763517,0.869616,2600.95,2441.89,22.9819,1.00041,2,d_only
log_lik[338],0.994063,0.00100484,0.0573769,0.0567295,0.898982,0.994427,1.08717,3279.71,3173.73,28.9794,1.00136,2,d_only
log_lik[339],-0.20573,0.00118576,0.0705255,0.0690833,-0.327414,-0.201833,-0.0977648,3543.76,3596.47,31.3125,1.00004,2,d_only
log_lik[340],0.570262,0.000741046,0.0424957,0.0420464,0.500942,0.569584,0.640478,3372.52,2657.31,29.7994,1.0014,2,d_only
log_lik[341],1.53919,0.00185545,0.0978029,0.100163,1.37675,1.54013,1.69737,2846.41,2328.39,25.1507,1.00007,2,d_only
log_lik[342],-0.0284641,0.00147348,0.0925432,0.0886056,-0.190178,-0.0231981,0.110723,3988.06,3387.81,35.2383,1.00027,2,d_only
log_lik[343],-0.125235,0.00158424,0.100035,0.0966029,-0.299415,-0.11994,0.0254364,4030.26,3456.87,35.6112,1.00054,2,d_only
log_lik[344],0.440685,0.000705902,0.038273,0.0385414,0.377544,0.440852,0.504528,2999.29,2934.15,26.5015,1.00173,2,d_only
log_lik[345],-0.256352,0.0012326,0.0739315,0.0722706,-0.382389,-0.252106,-0.141988,3603.06,3477.79,31.8365,1.00016,2,d_only
log_lik[346],0.186555,0.000814244,0.044501,0.045075,0.111666,0.188677,0.255912,3058.5,3119.89,27.0248,1.0007,2,d_only
log_lik[347],0.489577,0.000708136,0.0392461,0.0396785,0.425022,0.489495,0.554509,3137.58,2824.19,27.7235,1.00168,2,d_only
log_lik[348],-0.376964,0.00179786,0.114857,0.113034,-0.576353,-0.372529,-0.198037,4118.38,3213.23,36.3898,1.00099,2,d_only
log_lik[349],0.775934,0.000833345,0.0493549,0.05009,0.696589,0.775982,0.85841,3520.91,3013.01,31.1106,1.00067,2,d_only
log_lik[350],0.252868,0.000783453,0.0413647,0.0421169,0.183938,0.253888,0.318515,2901.56,3116.94,25.6381,1.00101,2,d_only
log_lik[351],-0.883108,0.0016676,0.107494,0.107016,-1.05498,-0.886922,-0.698696,4214.13,3005.79,37.2359,1.00126,2,d_only
log_lik[352],0.810531,0.00117947,0.0636367,0.0615968,0.708363,0.810178,0.915967,2970.24,2538.86,26.2449,1.00081,2,d_only
log_lik[353],-0.631687,0.00150279,0.0937114,0.0928528,-0.787004,-0.630747,-0.482011,3925.21,3143.75,34.683,1.00093,2,d_only
log_lik[354],1.54391,0.00162635,0.0839825,0.0868965,1.40026,1.54777,1.67403,2774.83,2381.51,24.5183,0.999566,2,d_only
log_lik[355],0.317365,0.00103314,0.0631528,0.0602636,0.208767,0.321293,0.414177,3745.58,3354.65,33.0958,0.999995,2,d_only
log_lik[356],0.814416,0.00121472,0.0645851,0.0626403,0.711224,0.813666,0.921349,2891.94,2589.84,25.5531,1.00083,2,d_only
log_lik[357],0.383897,0.00212333,0.125028,0.125409,0.179537,0.384824,0.585333,3564.65,3208.28,31.4971,1.00087,2,d_only
log_lik[358],0.640316,0.000785488,0.046826,0.0459476,0.563107,0.639846,0.716879,3648.61,2516.45,32.2389,1.00109,2,d_only
log_lik[359],1.19072,0.00214009,0.120245,0.122432,0.996442,1.18847,1.3937,3163.45,2877.17,27.9521,0.999982,2,d_only
log_lik[360],1.21362,0.0011337,0.0683253,0.0592506,1.08733,1.22332,1.30639,3718.87,3219.0,32.8598,1.00027,2,d_only
log_lik[361],1.11371,0.0013136,0.0728154,0.0715642,0.995733,1.11304,1.23447,3190.27,2724.24,28.1891,1.00107,2,d_only
log_lik[362],1.18498,0.00213989,0.120281,0.122748,0.990406,1.18299,1.38712,3166.0,2892.44,27.9746,0.999964,2,d_only
log_lik[363],0.603489,0.000757465,0.0443858,0.0437654,0.531076,0.60322,0.676046,3499.98,2550.29,30.9257,1.00125,2,d_only
log_lik[364],0.837269,0.000885832,0.0524814,0.0541628,0.751956,0.83648,0.92447,3517.76,3058.21,31.0827,1.00079,2,d_only
log_lik[365],0.0760217,0.00134308,0.0837948,0.0800815,-0.0704045,0.0808665,0.199881,3936.1,3417.0,34.7792,1.00005,2,d_only
log_lik[366],0.734717,0.000811685,0.0478949,0.0482614,0.657342,0.734955,0.814874,3489.36,2978.51,30.8318,1.00057,2,d_only
log_lik[367],0.536211,0.0007223,0.0408841,0.0409201,0.469218,0.535959,0.604533,3268.46,2731.85,28.88,1.00155,2,d_only
log_lik[368],0.783714,0.00106183,0.0598676,0.0583427,0.684902,0.783933,0.88174,3245.05,2502.92,28.6731,1.00093,2,d_only
log_lik[369],0.71022,0.000891904,0.0524122,0.0510083,0.624594,0.710943,0.795288,3586.63,2525.69,31.6913,1.00076,2,d_only
log_lik[370],0.0628217,0.00135999,0.084926,0.081258,-0.0856705,0.0678069,0.188701,3941.98,3415.99,34.8312,1.00007,2,d_only
log_lik[371],-0.671938,0.00152016,0.0949801,0.0949224,-0.828889,-0.671333,-0.520012,3932.9,3170.01,34.7509,1.001,2,d_only
log_lik[372],1.36797,0.000929881,0.0486883,0.0467895,1.28656,1.36894,1.44538,2767.68,3029.36,24.4551,1.00135,2,d_only
log_lik[373],-1.0893,0.00134807,0.0831871,0.0800428,-1.22108,-1.09267,-0.946806,3909.41,3007.97,34.5434,1.0023,2,d_only
log_lik[374],0.56826,0.000808793,0.0480593,0.0469904,0.489505,0.569177,0.646952,3542.67,2960.27,31.3029,1.00013,2,d_only
log_lik[375],-1.33336,0.00133333,0.0751111,0.0748124,-1.45324,-1.33503,-1.20604,3280.69,2615.14,28.988,1.00093,2,d_only
log_lik[376],-0.375243,0.00133524,0.0814264,0.0790945,-0.513947,-0.371968,-0.24933,3711.54,3581.59,32.795,1.00025,2,d_only
log_lik[377],0.219375,0.000797628,0.0428504,0.0429697,0.147466,0.220544,0.286048,2959.47,3095.45,26.1498,1.00085,2,d_only
log_lik[378],-0.0939171,0.00107812,0.062752,0.0598484,-0.202168,-0.0898787,0.00152779,3414.34,3558.42,30.169,0.999983,2,d_only
log_lik[379],0.798742,0.000850705,0.0503929,0.0511393,0.717643,0.798494,0.882993,3514.49,3074.65,31.0539,1.00071,2,d_only
log_lik[380],0.708457,0.000888892,0.0522557,0.0507992,0.623113,0.709173,0.793224,3589.99,2525.69,31.721,1.00076,2,d_only
log_lik[381],0.986619,0.00109662,0.0634889,0.0632187,0.884454,0.985858,1.09131,3457.17,2935.55,30.5474,1.0009,2,d_only
log_lik[382],0.56975,0.000808185,0.048015,0.0470397,0.491158,0.570691,0.648389,3541.84,2960.27,31.2956,1.00013,2,d_only
log_lik[383],0.866107,0.00210672,0.121433,0.12532,0.669638,0.864972,1.06711,3347.36,3159.13,29.5771,0.999799,2,d_only
log_lik[384],0.634158,0.000792187,0.0468147,0.0462368,0.557419,0.634065,0.711073,3498.29,2858.51,30.9107,1.0003,2,d_only
log_lik[385],-0.439021,0.00138479,0.0850565,0.0831953,-0.582835,-0.435534,-0.307257,3761.11,3549.12,33.2329,1.00064,2,d_only
log_lik[386],0.906389,0.00092373,0.055218,0.0553249,0.814128,0.907992,0.996896,3586.2,3530.54,31.6875,1.00105,2,d_only
log_lik[387],1.23223,0.0021403,0.119923,0.121272,1.03823,1.22968,1.43536,3142.94,2749.46,27.7709,1.00017,2,d_only
log_lik[388],0.23722,0.000790858,0.0420317,0.0425061,0.167447,0.238541,0.303347,2916.17,3104.78,25.7672,1.00094,2,d_only
log_lik[389],0.800111,0.00128704,0.0656133,0.0634315,0.694748,0.798452,0.907275,2688.21,2557.0,23.7529,1.00047,2,d_only
log_lik[390],0.493145,0.000708783,0.0393473,0.0398617,0.42832,0.493213,0.558237,3147.35,2824.08,27.8099,1.00168,2,d_only
log_lik[391],1.10583,0.00130556,0.072763,0.0715754,0.988302,1.10496,1.22517,3236.79,2685.03,28.6002,1.00102,2,d_only
log_lik[392],0.839058,0.000887631,0.0525878,0.0541321,0.753448,0.838128,0.92634,3518.85,3058.21,31.0923,1.00079,2,d_only
log_lik[393],-0.877509,0.00156414,0.097692,0.0975521,-1.03801,-0.877855,-0.718836,3947.34,3018.44,34.8785,1.00027,2,d_only
log_lik[394],0.728029,0.000808709,0.0477114,0.0479753,0.650916,0.728297,0.808251,3488.56,2981.24,30.8248,1.00054,2,d_only
log_lik[395],0.475633,0.000706263,0.0388896,0.0391392,0.411432,0.475642,0.53985,3104.77,2887.7,27.4336,1.00171,2,d_only
log_lik[396],1.50943,0.00131783,0.0660444,0.0665437,1.39646,1.51394,1.60953,2637.36,2438.39,23.3036,0.999546,2,d_only
log_lik[397],0.988053,0.00212015,0.120985,0.123835,0.792,0.985835,1.19027,3277.86,3183.95,28.963,0.999717,2,d_only
log_lik[398],1.34667,0.00212302,0.118062,0.119613,1.15686,1.34372,1.54775,3088.42,2757.37,27.2891,1.00007,2,d_only
log_lik[399],0.18161,0.00212894,0.125454,0.125088,-0.025564,0.183146,0.383114,3588.76,3132.05,31.7101,1.00172,2,d_only
log_lik[400],1.08824,0.00127518,0.0717703,0.0712358,0.972047,1.08728,1.20661,3284.98,2704.56,29.0259,1.00097,2,d_only
log_lik[401],1.03508,0.00117969,0.0675711,0.0666621,0.926213,1.03383,1.14614,3391.06,2724.81,29.9632,1.00094,2,d_only
log_lik[402],0.815039,0.00123538,0.0650943,0.0632999,0.711207,0.814078,0.921439,2846.0,2626.31,25.1471,1.00074,2,d_only
log_lik[403],0.434133,0.000706484,0.0382017,0.038342,0.371146,0.434395,0.498017,2982.81,2956.58,26.3559,1.00172,2,d_only
log_lik[404],1.52322,0.00194031,0.103589,0.107149,1.35404,1.52277,1.69197,2904.71,2513.09,25.6659,1.00019,2,d_only
log_lik[405],1.00205,0.00112248,0.0647842,0.0646443,0.897516,1.00115,1.10813,3433.42,2891.69,30.3375,1.00092,2,d_only
log_lik[406],1.11571,0.00130609,0.0721046,0.0702129,0.997245,1.11533,1.23475,3160.0,2837.89,27.9216,1.0011,2,d_only
log_lik[407],1.51679,0.00196088,0.105103,0.108547,1.34528,1.51615,1.6893,2926.11,2546.3,25.855,1.00021,2,d_only
log_lik[408],0.915452,0.000985846,0.0577911,0.0582175,0.822431,0.914324,1.01033,3516.35,3076.78,31.0703,1.00089,2,d_only
log_lik[409],1.1154,0.00213512,0.120607,0.122525,0.919599,1.11341,1.31659,3202.75,3044.28,28.2994,0.99972,2,d_only
log_lik[410],1.08476,0.002132,0.120709,0.122897,0.889979,1.08278,1.28467,3223.86,3045.11,28.4859,0.999641,2,d_only
log_lik[411],1.53745,0.00186999,0.0986964,0.101888,1.37423,1.53842,1.69714,2850.44,2357.58,25.1863,1.00009,2,d_only
log_lik[412],1.11135,0.00131245,0.072876,0.0716047,0.993153,1.11074,1.23191,3210.68,2723.34,28.3694,1.00105,2,d_only
log_lik[413],0.277703,0.00076806,0.0404126,0.0414732,0.211187,0.278274,0.34248,2870.52,3115.08,25.3638,1.00115,2,d_only
log_lik[414],1.54605,0.00173734,0.0906201,0.0940272,1.39345,1.5488,1.68819,2810.0,2307.71,24.8291,0.999768,2,d_only
log_lik[415],1.07234,0.00116858,0.0646449,0.0635776,0.965811,1.0713,1.17924,3159.02,2835.64,27.9129,1.0013,2,d_only
log_lik[416],1.26472,0.0021386,0.119573,0.121367,1.07159,1.26193,1.46691,3128.85,2808.24,27.6464,1.00004,2,d_only
log_lik[417],0.551851,0.00208432,0.123682,0.125863,0.351294,0.552276,0.753268,3550.97,3291.62,31.3762,1.00039,2,d_only
log_lik[418],0.730412,0.000929689,0.0542665,0.052425,0.641069,0.730819,0.818283,3531.35,2413.49,31.2028,1.00066,2,d_only
log_lik[419],0.196119,0.000807097,0.044002,0.0444236,0.12179,0.19811,0.265073,3046.51,3073.07,26.9188,1.00074,2,d_only
log_lik[420],-0.455301,0.00139671,0.0859303,0.0843166,-0.601086,-0.452163,-0.321913,3773.0,3516.76,33.338,1.00069,2,d_only
log_lik[421],0.54716,0.00208555,0.123723,0.125837,0.346636,0.547563,0.748416,3554.2,3292.11,31.4047,1.00039,2,d_only
log_lik[422],1.49606,0.00200779,0.108693,0.111624,1.31985,1.49564,1.67523,2981.57,2654.07,26.345,1.00024,2,d_only
log_lik[423],0.245921,0.00212792,0.125559,0.125922,0.0386773,0.246428,0.447281,3583.68,3157.62,31.6652,1.00142,2,d_only
log_lik[424],-0.843104,0.0017141,0.11065,0.109481,-1.0204,-0.846681,-0.654642,4219.0,2953.02,37.2789,1.00122,2,d_only
log_lik[425],1.41369,0.00208925,0.115606,0.118284,1.2272,1.41174,1.60781,3066.2,2740.46,27.0928,1.00003,2,d_only
log_lik[426],1.10383,0.00125816,0.0692552,0.0677766,0.990475,1.10308,1.21777,3141.1,2923.73,27.7546,1.0012,2,d_only
log_lik[427],1.19925,0.00214031,0.120188,0.12259,1.00498,1.1967,1.40228,3160.92,2771.38,27.9297,1.0,2,d_only
log_lik[428],0.580732,0.000748266,0.0430583,0.0426016,0.51045,0.580311,0.651796,3402.34,2620.55,30.0629,1.00136,2,d_only
log_lik[429],0.982634,0.00109004,0.0631564,0.0625983,0.881165,0.981874,1.08668,3463.63,2891.24,30.6045,1.0009,2,d_only
log_lik[430],0.351532,0.000728947,0.0384791,0.0385848,0.28713,0.351269,0.414581,2852.15,3034.93,25.2014,1.00153,2,d_only
log_lik[431],1.07319,0.00213071,0.120744,0.12343,0.879001,1.07142,1.27335,3230.18,3022.13,28.5417,0.99965,2,d_only
log_lik[432],0.74151,0.00126866,0.063102,0.0616877,0.641028,0.739762,0.845153,2589.25,2387.49,22.8785,1.00044,2,d_only
log_lik[433],0.808293,0.0011647,0.0632299,0.0615097,0.706522,0.808,0.913638,3009.73,2456.35,26.5938,1.0009,2,d_only
log_lik[434],0.649886,0.000791508,0.0467429,0.0461306,0.57352,0.649973,0.727006,3490.98,2881.39,30.8461,1.00035,2,d_only
log_lik[435],0.543396,0.000725635,0.0411958,0.040899,0.476126,0.543326,0.611932,3287.68,2775.35,29.0498,1.00152,2,d_only
log_lik[436],0.988239,0.00190789,0.112106,0.0986486,0.769939,1.01004,1.12962,3505.6,3054.34,30.9753,1.0004,2,d_only
log_lik[437],0.425348,0.000913013,0.0551591,0.0535561,0.331335,0.427718,0.511324,3651.14,3269.22,32.2613,1.0,2,d_only
log_lik[438],0.309893,0.000749188,0.0393933,0.0399873,0.243571,0.310092,0.373723,2848.59,3153.61,25.17,1.00135,2,d_only
log_lik[439],1.01489,0.00212362,0.120908,0.124045,0.819474,1.01271,1.21561,3265.42,3045.11,28.8531,0.999696,2,d_only
log_lik[440],1.28814,0.00213606,0.119249,0.120289,1.09509,1.28496,1.49001,3116.86,2740.9,27.5404,1.00014,2,d_only
log_lik[441],-0.620502,0.00149746,0.0933219,0.0923457,-0.77525,-0.619478,-0.47188,3921.66,3143.88,34.6516,1.00094,2,d_only
log_lik[442],-1.11045,0.00147438,0.0911883,0.0903637,-1.25512,-1.11222,-0.960109,3934.9,2971.14,34.7685,1.0004,2,d_only
log_lik[443],1.49706,0.00200599,0.108551,0.111694,1.32094,1.49654,1.67588,2979.54,2654.07,26.3271,1.00022,2,d_only
log_lik[444],1.51755,0.00195867,0.104938,0.108384,1.34618,1.51702,1.68995,2922.91,2546.3,25.8267,1.00022,2,d_only
log_lik[445],1.10966,0.00127778,0.0703706,0.0682662,0.993165,1.10947,1.22484,3145.98,2914.59,27.7977,1.00116,2,d_only
log_lik[446],0.693265,0.00209275,0.1225,0.12465,0.495583,0.693323,0.893697,3459.69,3193.5,30.5697,0.99996,2,d_only
log_lik[447],0.792404,0.00209985,0.121822,0.125096,0.59619,0.792569,0.991723,3399.76,3233.69,30.0401,0.999857,2,d_only
log_lik[448],0.513846,0.000713933,0.0400141,0.0400922,0.448011,0.513782,0.580109,3209.23,2743.36,28.3566,1.00162,2,d_only
log_lik[449],-0.482929,0.00141619,0.0873595,0.0856872,-0.630276,-0.47999,-0.34656,3792.66,3484.78,33.5117,1.00073,2,d_only
log_lik[450],-0.8671,0.00168703,0.108821,0.107953,-1.04175,-0.870651,-0.681309,4217.53,2981.98,37.2659,1.00139,2,d_only
log_lik[451],0.165205,0.000832239,0.0456635,0.045502,0.0876222,0.167816,0.235615,3086.31,3079.77,27.2705,1.00063,2,d_only
log_lik[452],1.30237,0.00213386,0.119016,0.120167,1.10995,1.29976,1.50479,3109.52,2760.49,27.4755,1.00023,2,d_only
log_lik[453],0.821487,0.00210242,0.121657,0.125198,0.624994,0.821291,1.02047,3378.64,3261.0,29.8535,0.999836,2,d_only
log_lik[454],-0.378994,0.00133828,0.0816484,0.0792814,-0.518341,-0.375626,-0.25255,3714.04,3581.98,32.817,1.00025,2,d_only
log_lik[455],-0.664345,0.0015171,0.0947572,0.094514,-0.820821,-0.663323,-0.512615,3930.62,3196.67,34.7307,1.00105,2,d_only
log_lik[456],0.597598,0.00319008,0.179338,0.173147,0.262772,0.626231,0.840214,3061.96,2837.89,27.0553,0.999783,2,d_only
log_lik[457],1.15251,0.00213815,0.120454,0.123259,0.95721,1.14976,1.35372,3184.04,2960.16,28.134,0.999843,2,d_only
log_lik[458],1.48267,0.00202876,0.110387,0.113154,1.30385,1.4827,1.66533,3005.54,2746.26,26.5568,1.00031,2,d_only
log_lik[459],1.20626,0.00214043,0.120138,0.122444,1.01141,1.20376,1.409,3158.2,2771.38,27.9057,1.00008,2,d_only
log_lik[460],-0.877108,0.00156409,0.0976937,0.0975324,-1.0376,-0.877451,-0.71844,3947.57,3018.44,34.8806,1.00027,2,d_only
log_lik[461],0.253388,0.000783131,0.0413434,0.0421216,0.18458,0.254384,0.319002,2899.07,3230.2,25.616,1.00102,2,d_only
log_lik[462],-1.13288,0.00129715,0.0771118,0.0759514,-1.2568,-1.13453,-1.00417,3644.16,2808.38,32.1996,1.00309,2,d_only
log_lik[463],0.778136,0.00104435,0.059214,0.0576947,0.680429,0.778443,0.874877,3281.46,2454.14,28.9948,1.00095,2,d_only
log_lik[464],1.01426,0.00114336,0.0658154,0.0654334,0.907825,1.0134,1.12143,3413.07,2766.15,30.1577,1.00091,2,d_only
log_lik[465],1.08667,0.00127237,0.0716624,0.071287,0.970756,1.08567,1.20495,3291.21,2724.03,29.081,1.00097,2,d_only
log_lik[466],1.11583,0.00131007,0.0724037,0.0711684,0.99739,1.11535,1.23579,3163.64,2784.48,27.9538,1.00108,2,d_only
log_lik[467],1.00993,0.0018304,0.107871,0.0935696,0.799962,1.03107,1.14687,3533.21,3126.32,31.2193,1.0004,2,d_only
log_lik[468],1.39085,0.00210388,0.116627,0.119289,1.20346,1.38862,1.58832,3072.43,2759.79,27.1478,1.00011,2,d_only
log_lik[469],1.53641,0.00187793,0.0991851,0.10265,1.37287,1.53737,1.69674,2853.15,2401.95,25.2103,1.00007,2,d_only
log_lik[470],0.139959,0.000854279,0.0471157,0.0466287,0.0594424,0.142857,0.212256,3119.36,3108.93,27.5625,1.00054,2,d_only
log_lik[471],0.198911,0.00212885,0.12551,0.125633,-0.00831772,0.200624,0.400227,3584.64,3107.01,31.6737,1.00157,2,d_only
log_lik[472],-0.0612231,0.00104607,0.0604564,0.0576589,-0.166082,-0.0572037,0.0306165,3420.98,3553.16,30.2276,1.00003,2,d_only
log_lik[473],0.0974808,0.0013154,0.081945,0.0783728,-0.0461039,0.102527,0.218971,3924.03,3447.5,34.6726,1.00003,2,d_only
log_lik[474],0.567515,0.000809101,0.0480817,0.046997,0.488718,0.568485,0.646257,3543.11,2983.24,31.3068,1.00013,2,d_only
log_lik[475],1.49106,0.00122535,0.0607046,0.0596348,1.38751,1.49497,1.58317,2567.16,2407.52,22.6833,0.999665,2,d_only
log_lik[476],0.939953,0.00211461,0.121138,0.125014,0.74453,0.938515,1.14124,3304.5,3210.41,29.1984,0.999756,2,d_only
log_lik[477],0.962904,0.00105808,0.0615283,0.0616871,0.863699,0.961644,1.06481,3478.82,2981.57,30.7386,1.0009,2,d_only
log_lik[478],0.708481,0.00123283,0.061451,0.0595559,0.610182,0.706061,0.808621,2604.49,2309.6,23.0132,1.00049,2,d_only
log_lik[479],0.276158,0.000769028,0.0404677,0.0414227,0.209315,0.276838,0.340919,2871.25,3115.08,25.3702,1.00115,2,d_only
log_lik[480],0.137927,0.00126279,0.0784338,0.0752958,0.00115051,0.142806,0.254842,3894.98,3547.4,34.4158,1.0,2,d_only
log_lik[481],0.872786,0.000927237,0.0547362,0.0564691,0.784508,0.871772,0.963461,3521.23,3129.49,31.1134,1.00083,2,d_only
log_lik[482],1.4501,0.00206319,0.113381,0.116204,1.2667,1.44974,1.63751,3050.75,2709.58,26.9563,1.00018,2,d_only
log_lik[483],0.0931009,0.002126,0.124772,0.125691,-0.113135,0.0955514,0.293061,3582.75,3132.51,31.657,1.00174,2,d_only
log_lik[484],1.0588,0.00122203,0.0695327,0.0691554,0.946172,1.05768,1.17284,3356.56,2723.74,29.6584,1.00094,2,d_only
log_lik[485],0.044504,0.0021209,0.124068,0.12469,-0.158151,0.0464897,0.244305,3576.33,3212.67,31.6003,1.00157,2,d_only
log_lik[486],1.0949,0.00123166,0.0677822,0.0661313,0.983249,1.09425,1.20647,3135.61,2917.27,27.7061,1.00124,2,d_only
log_lik[487],0.0184347,0.00432637,0.22192,0.233728,-0.357391,0.0279089,0.370918,2620.74,2258.62,23.1567,1.00012,2,d_only
log_lik[488],0.94822,0.000947769,0.0554409,0.0563458,0.855659,0.949154,1.03898,3443.68,3426.3,30.4282,1.00126,2,d_only
log_lik[489],0.815017,0.00122768,0.0649149,0.0627741,0.711418,0.814086,0.92146,2865.08,2555.22,25.3157,1.00083,2,d_only
log_lik[490],1.0761,0.00117882,0.0651259,0.0640025,0.968529,1.07529,1.18389,3152.54,2814.64,27.8557,1.00129,2,d_only
log_lik[491],0.327445,0.00212514,0.125343,0.125464,0.120532,0.328471,0.527983,3570.58,3237.85,31.5495,1.00113,2,d_only
log_lik[492],0.935555,0.0010156,0.0593378,0.0599342,0.840457,0.934541,1.03219,3513.69,3052.31,31.0468,1.00088,2,d_only
log_lik[493],1.09639,0.00123601,0.0680158,0.0664126,0.984241,1.0958,1.20807,3136.94,2932.83,27.7179,1.00124,2,d_only
log_lik[494],0.586799,0.00208788,0.123377,0.12572,0.385654,0.587655,0.787371,3526.56,3289.36,31.1605,1.00042,2,d_only
log_lik[495],-0.432696,0.00138008,0.084711,0.0827951,-0.575661,-0.429388,-0.301287,3756.59,3582.86,33.1931,1.0006,2,d_only
log_lik[496],-0.218535,0.00167797,0.106447,0.104352,-0.405554,-0.213432,-0.0551099,4065.01,3377.04,35.9182,1.00054,2,d_only
log_lik[497],1.42826,0.00102213,0.0501539,0.0484302,1.34473,1.42973,1.50787,2475.12,2586.84,21.87,1.00141,2,d_only
log_lik[498],1.08553,0.00127032,0.0715824,0.0713148,0.969872,1.0845,1.20373,3294.39,2724.03,29.109,1.00096,2,d_only
log_lik[499],0.291395,0.00106497,0.065269,0.0625274,0.178019,0.295344,0.39089,3768.85,3385.77,33.3014,0.999934,2,d_only
log_lik[500],1.11271,0.0012898,0.0710655,0.0691869,0.995356,1.11246,1.22838,3152.4,2891.26,27.8544,1.00113,2,d_only
log_lik[501],0.228312,0.000794355,0.042433,0.0427294,0.157569,0.229673,0.294692,2933.67,3098.68,25.9218,1.0009,2,d_only
log_lik[502],0.637237,0.00208986,0.122948,0.124653,0.436798,0.637107,0.838029,3496.93,3263.47,30.8987,1.00016,2,d_only
log_lik[503],-0.553474,0.00185516,0.119305,0.117948,-0.75601,-0.551329,-0.361684,4171.8,3127.55,36.8618,1.00123,2,d_only
log_lik[504],0.0326385,0.000954379,0.0539685,0.0521464,-0.0602202,0.0361574,0.114801,3276.66,3620.81,28.9524,1.00022,2,d_only
log_lik[505],-0.602857,0.00185367,0.119392,0.119207,-0.805173,-0.601212,-0.408622,4180.81,3075.8,36.9414,1.00119,2,d_only
log_lik[506],0.146958,0.000848093,0.0467054,0.0461102,0.0672839,0.149765,0.218438,3109.32,3084.18,27.4738,1.00057,2,d_only
log_lik[507],0.825598,0.0021028,0.121635,0.125322,0.62892,0.825503,1.02473,3376.12,3261.41,29.8313,0.999832,2,d_only
log_lik[508],1.46543,0.00112443,0.0551448,0.0541784,1.37145,1.46833,1.55128,2500.78,2435.97,22.0968,1.00016,2,d_only
log_lik[509],1.18354,0.00213983,0.120289,0.122992,0.988594,1.1816,1.38546,3165.75,2914.84,27.9724,0.99997,2,d_only
log_lik[510],0.462423,0.00070542,0.0386098,0.0389088,0.398625,0.462301,0.526721,3063.51,2897.4,27.0691,1.00171,2,d_only
log_lik[511],0.345624,0.000999554,0.0609195,0.0584539,0.241684,0.349425,0.438816,3717.44,3296.57,32.8471,0.999978,2,d_only
log_lik[512],1.09424,0.00122976,0.0676806,0.0660718,0.982746,1.09367,1.20571,3135.46,2872.9,27.7048,1.00125,2,d_only
log_lik[513],0.944545,0.00102932,0.0600478,0.060716,0.848179,0.943561,1.04301,3501.66,3102.88,30.9405,1.00089,2,d_only
log_lik[514],0.714286,0.000899018,0.0527762,0.0513672,0.628162,0.714983,0.800028,3576.61,2459.9,31.6028,1.00073,2,d_only
log_lik[515],0.737802,0.00126517,0.0629162,0.0613575,0.637302,0.736033,0.840902,2589.46,2379.74,22.8803,1.00044,2,d_only
log_lik[516],0.586301,0.000749993,0.0433701,0.0429639,0.514906,0.585975,0.657927,3409.45,2602.97,30.1257,1.00133,2,d_only
log_lik[517],0.00235578,0.000983772,0.0560329,0.0542725,-0.0945729,0.00623933,0.088306,3321.99,3594.63,29.3529,1.00015,2,d_only
log_lik[518],1.11231,0.0013131,0.0728657,0.0716191,0.993963,1.11157,1.23298,3201.21,2754.46,28.2857,1.00106,2,d_only
log_lik[519],1.53193,0.0014773,0.0752402,0.0768263,1.40144,1.53707,1.64716,2717.6,2412.03,24.0125,0.999508,2,d_only
log_lik[520],1.1155,0.00131209,0.0725818,0.0711102,0.99678,1.11511,1.23565,3171.43,2764.39,28.0226,1.00109,2,d_only
log_lik[521],0.587884,0.000750544,0.0434602,0.0429929,0.516151,0.587619,0.659497,3414.24,2639.12,30.1681,1.00133,2,d_only
log_lik[522],-0.0944714,0.00107866,0.0627909,0.0598866,-0.202772,-0.0903864,0.0009834,3415.53,3558.42,30.1795,0.999983,2,d_only
log_lik[523],1.0767,0.00125438,0.0709376,0.0707718,0.962256,1.07587,1.19476,3312.92,2724.06,29.2728,1.00097,2,d_only
log_lik[524],0.909098,0.000976714,0.0573153,0.0582485,0.816844,0.908048,1.00308,3518.78,3053.45,31.0917,1.00088,2,d_only
log_lik[525],0.813632,0.000863443,0.0511523,0.0523256,0.73095,0.813192,0.898967,3512.93,3006.3,31.04,1.00075,2,d_only
log_lik[526],1.11222,0.00213482,0.120618,0.122626,0.916436,1.11031,1.3132,3204.3,3044.94,28.313,0.999701,2,d_only
log_lik[527],0.894519,0.000956283,0.0562499,0.0577042,0.803894,0.89334,0.987011,3521.03,3129.73,31.1117,1.00087,2,d_only
log_lik[528],-1.46324,0.00135573,0.0710394,0.0708727,-1.58371,-1.46313,-1.35107,2791.93,2548.09,24.6693,1.00069,2,d_only
log_lik[529],1.02014,0.00115353,0.0663125,0.0659643,0.913349,1.01914,1.12899,3407.59,2785.64,30.1093,1.00093,2,d_only
log_lik[530],0.142052,0.0012574,0.0780746,0.0751514,0.0061049,0.146921,0.258703,3891.24,3547.4,34.3828,1.0,2,d_only
log_lik[531],-1.45512,0.00134878,0.0705635,0.0705901,-1.57466,-1.45452,-1.34404,2778.96,2635.94,24.5548,1.00093,2,d_only
log_lik[532],1.29649,0.00213483,0.119116,0.120373,1.10372,1.2938,1.49865,3112.49,2779.92,27.5018,1.00023,2,d_only
log_lik[533],-0.203523,0.00118368,0.0703748,0.0687379,-0.325053,-0.19952,-0.0958299,3541.79,3596.47,31.2951,1.00008,2,d_only
log_lik[534],-0.43027,0.00182465,0.116819,0.115243,-0.631212,-0.425629,-0.246901,4137.25,3186.06,36.5565,1.00106,2,d_only
log_lik[535],0.54801,0.000727949,0.041404,0.0410759,0.480528,0.547891,0.616675,3298.88,2775.96,29.1488,1.00149,2,d_only
log_lik[536],0.253055,0.00111326,0.0684793,0.0660251,0.134851,0.257199,0.356428,3801.62,3512.13,33.5909,0.999949,2,d_only
log_lik[537],-1.03701,0.00143179,0.0904303,0.0883881,-1.1784,-1.04073,-0.879911,4064.36,3182.63,35.9125,1.0019,2,d_only
log_lik[538],1.06124,0.00122643,0.0697296,0.0693913,0.948441,1.0601,1.17616,3351.36,2743.37,29.6124,1.00094,2,d_only
log_lik[539],0.98624,0.00211992,0.120991,0.123834,0.79024,0.984063,1.18853,3278.61,3183.65,28.9696,0.999719,2,d_only
log_lik[540],0.0606151,0.000927548,0.0521006,0.0506149,-0.0298986,0.0637872,0.139734,3231.33,3430.1,28.5519,1.00029,2,d_only
log_lik[541],1.32289,0.00212967,0.118621,0.120166,1.13164,1.31932,1.52475,3099.53,2834.14,27.3873,1.00016,2,d_only
log_lik[542],0.548789,0.000817674,0.0487022,0.047326,0.468613,0.550039,0.627621,3561.8,3005.67,31.4719,1.00009,2,d_only
log_lik[543],-0.361359,0.00178862,0.114193,0.111992,-0.560081,-0.356748,-0.183965,4114.71,3212.96,36.3574,1.00092,2,d_only
log_lik[544],0.602244,0.000797548,0.0472314,0.0466742,0.524947,0.602555,0.679749,3514.18,2849.29,31.0512,1.00022,2,d_only
log_lik[545],0.195463,0.00413601,0.218811,0.226972,-0.193182,0.212017,0.526389,2719.12,2403.3,24.026,0.999959,2,d_only
log_lik[546],1.08933,0.00127713,0.0718444,0.0713253,0.973132,1.08837,1.20777,3283.27,2704.56,29.0108,1.00097,2,d_only
log_lik[547],0.542007,0.000821165,0.0489535,0.047427,0.461431,0.543176,0.620758,3569.36,3005.6,31.5387,1.00008,2,d_only
log_lik[548],0.736217,0.000941784,0.0548222,0.0529915,0.646333,0.736547,0.825455,3516.46,2398.14,31.0713,1.00063,2,d_only
log_lik[549],1.48037,0.00203186,0.110644,0.113313,1.30114,1.48052,1.6629,3009.95,2770.26,26.5958,1.00029,2,d_only
log_lik[550],-0.955751,0.00155966,0.0967725,0.0970466,-1.1127,-0.956717,-0.796907,3957.36,2995.45,34.9671,1.00014,2,d_only
log_lik[551],-0.231077,0.00120941,0.0722435,0.0707592,-0.354871,-0.227096,-0.119499,3573.63,3575.5,31.5764,0.999949,2,d_only
log_lik[552],1.10485,0.00130398,0.0727254,0.0717894,0.987464,1.10399,1.22443,3239.49,2704.07,28.624,1.00102,2,d_only
log_lik[553],0.293834,0.00106195,0.065068,0.0623437,0.180686,0.297787,0.393031,3766.91,3324.89,33.2842,0.999935,2,d_only
log_lik[554],0.448136,0.000891187,0.0537035,0.0521966,0.357452,0.450082,0.532402,3634.17,3240.95,32.1114,0.999975,2,d_only
log_lik[555],0.00845446,0.00211493,0.123367,0.123642,-0.19309,0.0098801,0.208381,3555.03,3106.62,31.4121,1.00149,2,d_only
log_lik[556],0.530681,0.00208996,0.123867,0.126082,0.330338,0.531078,0.731349,3563.14,3221.81,31.4838,1.00048,2,d_only
log_lik[557],0.784916,0.00106576,0.0600117,0.0585671,0.68573,0.785168,0.883359,3232.21,2497.39,28.5597,1.00091,2,d_only
log_lik[558],-0.494834,0.00142428,0.0879535,0.0861145,-0.643556,-0.492385,-0.357243,3800.2,3484.78,33.5784,1.00081,2,d_only
log_lik[559],0.141227,0.00125848,0.0781464,0.0751098,0.00510666,0.1461,0.257862,3892.34,3547.4,34.3925,1.0,2,d_only
log_lik[560],-0.453863,0.00183402,0.117526,0.116007,-0.655806,-0.449458,-0.268561,4143.13,3154.66,36.6085,1.00113,2,d_only
log_lik[561],0.503955,0.000844911,0.0506091,0.0493616,0.418676,0.505409,0.584293,3600.15,3130.58,31.8107,1.00037,2,d_only
log_lik[562],0.792404,0.00209985,0.121822,0.125096,0.59619,0.792569,0.991723,3399.76,3233.69,30.0401,0.999857,2,d_only
log_lik[563],0.777803,0.00129169,0.0648303,0.063104,0.673682,0.775759,0.885009,2619.61,2413.64,23.1468,1.00044,2,d_only
log_lik[564],-0.482929,0.00141619,0.0873595,0.0856872,-0.630276,-0.47999,-0.34656,3792.66,3484.78,33.5117,1.00073,2,d_only
log_lik[565],0.00180427,0.00098431,0.0560708,0.0543732,-0.0951757,0.00569043,0.0878257,3323.1,3594.63,29.3628,1.00015,2,d_only
log_lik[566],0.0408783,0.000946439,0.0534139,0.0515525,-0.0511324,0.0444262,0.122211,3263.11,3623.94,28.8327,1.00024,2,d_only
log_lik[567],-0.0423752,0.0014901,0.0936631,0.0896596,-0.206049,-0.0372545,0.0990194,3995.94,3387.88,35.3079,1.00027,2,d_only
log_lik[568],0.156075,0.00123908,0.0768531,0.0742049,0.0217909,0.161261,0.270864,3878.81,3547.39,34.273,1.0,2,d_only
log_lik[569],0.82098,0.000870123,0.0515497,0.0526698,0.737776,0.820551,0.906954,3513.15,3005.73,31.042,1.00076,2,d_only
log_lik[570],-0.477217,0.00141224,0.0870697,0.0853178,-0.623894,-0.474067,-0.341463,3787.9,3484.78,33.4697,1.0007,2,d_only
log_lik[571],-1.48069,0.00137938,0.0729166,0.0733014,-1.60571,-1.47957,-1.36414,2839.94,2488.05,25.0935,1.00083,2,d_only
log_lik[572],-0.245922,0.00122308,0.0732382,0.071615,-0.370751,-0.24188,-0.132542,3590.95,3574.94,31.7295,1.00001,2,d_only
log_lik[573],1.38809,0.0021054,0.116735,0.119526,1.20002,1.38585,1.58564,3073.41,2740.44,27.1565,1.0001,2,d_only
log_lik[574],1.51326,0.00197062,0.105831,0.109295,1.3405,1.51276,1.68719,2936.58,2528.79,25.9475,1.00014,2,d_only
log_lik[575],1.25236,0.00102565,0.0616307,0.0541208,1.14037,1.25938,1.33909,3707.12,3208.22,32.7559,1.00073,2,d_only
log_lik[576],0.794757,0.0011009,0.0612455,0.0594337,0.694813,0.79471,0.896342,3155.06,2448.78,27.878,1.00083,2,d_only
log_lik[577],-0.0977973,0.00108192,0.0630245,0.0601451,-0.206591,-0.0937545,-0.00216543,3420.47,3547.95,30.2231,0.999976,2,d_only
log_lik[578],-0.5414,0.00145411,0.0901428,0.0885781,-0.692563,-0.539314,-0.399109,3832.35,3308.14,33.8625,1.00086,2,d_only
log_lik[579],0.0846549,0.000904834,0.0505347,0.0494858,-0.00251065,0.0880551,0.161628,3199.88,3446.13,28.274,1.00035,2,d_only
log_lik[580],-1.19001,0.00126715,0.0705592,0.0699473,-1.30831,-1.18938,-1.07522,3186.88,2672.09,28.1591,1.00227,2,d_only
log_lik[581],1.13726,0.00213702,0.120522,0.123423,0.941957,1.13459,1.33891,3190.97,2980.51,28.1952,0.999777,2,d_only
log_lik[582],-0.550155,0.00185497,0.119279,0.118069,-0.753245,-0.547889,-0.358443,4171.87,3127.55,36.8624,1.00126,2,d_only
log_lik[583],-1.47094,0.00136443,0.0716945,0.0713055,-1.59335,-1.47054,-1.35872,2807.4,2457.21,24.8061,1.00083,2,d_only
log_lik[584],-0.588771,0.00185495,0.119425,0.119047,-0.791175,-0.587026,-0.395561,4178.37,3100.98,36.9198,1.0012,2,d_only
log_lik[585],-0.552018,0.00146049,0.0906106,0.0892279,-0.703737,-0.549926,-0.408709,3839.57,3279.23,33.9262,1.00088,2,d_only
log_lik[586],-1.01346,0.0015368,0.095297,0.0953516,-1.16593,-1.01449,-0.856906,3964.07,2948.39,35.0263,1.0002,2,d_only
log_lik[587],-1.05975,0.00139204,0.0873311,0.0847637,-1.19738,-1.06344,-0.908943,4013.76,3132.01,35.4654,1.0019,2,d_only
log_lik[588],1.06799,0.00123862,0.0702662,0.0702749,0.954108,1.06695,1.1848,3335.48,2724.36,29.4721,1.00096,2,d_only
log_lik[589],0.0249154,0.00140794,0.0881383,0.084219,-0.128657,0.0298324,0.156023,3964.09,3447.27,35.0265,1.00009,2,d_only
log_lik[590],1.10826,0.00130936,0.0728382,0.0716001,0.990771,1.1073,1.22875,3221.59,2704.6,28.4658,1.00104,2,d_only
log_lik[591],-0.149362,0.00160986,0.101779,0.0987828,-0.326281,-0.14445,0.00466587,4039.92,3431.76,35.6966,1.00047,2,d_only
log_lik[592],0.341597,0.00100426,0.0612327,0.058758,0.237077,0.345588,0.435065,3722.97,3324.79,32.8959,0.999975,2,d_only
log_lik[593],0.943555,0.0010278,0.0599692,0.0605933,0.847328,0.942598,1.04158,3501.87,3102.88,30.9424,1.00089,2,d_only
log_lik[594],1.05345,0.00121242,0.0690974,0.069037,0.941955,1.0525,1.16703,3366.23,2704.7,29.7439,1.00093,2,d_only
log_lik[595],0.723881,0.000916774,0.0536539,0.051902,0.63548,0.724302,0.81081,3553.19,2428.91,31.3958,1.00069,2,d_only
log_lik[596],1.53909,0.00155218,0.0796057,0.0816534,1.40145,1.54356,1.66121,2749.48,2381.29,24.2943,0.999476,2,d_only
log_lik[597],0.990554,0.00110316,0.0638181,0.0636313,0.888059,0.989728,1.09579,3451.78,2889.8,30.4998,1.0009,2,d_only
log_lik[598],0.867089,0.000919914,0.0543553,0.0561989,0.77909,0.866234,0.957066,3520.28,3053.98,31.105,1.00082,2,d_only
log_lik[599],-0.500509,0.00142808,0.0882319,0.0864017,-0.649759,-0.498081,-0.362509,3804.35,3332.13,33.615,1.00078,2,d_only
log_lik[600],0.435071,0.000706388,0.038211,0.0383388,0.372007,0.43533,0.498904,2984.66,2933.76,26.3723,1.00172,2,d_only
log_lik[601],0.449057,0.000705449,0.0383844,0.038579,0.38579,0.44922,0.513213,3018.66,2911.01,26.6728,1.00173,2,d_only
log_lik[602],0.352028,0.000728738,0.0384711,0.0385808,0.287696,0.351787,0.415153,2853.08,3034.93,25.2097,1.00153,2,d_only
log_lik[603],-1.28202,0.00135407,0.0792292,0.0790318,-1.40738,-1.28459,-1.14823,3583.07,2602.64,31.6598,1.00083,2,d_only
log_lik[604],1.28208,0.00213684,0.11934,0.120439,1.08892,1.2788,1.48375,3120.51,2866.41,27.5727,1.00009,2,d_only
log_lik[605],0.700209,0.000798847,0.0471155,0.0466202,0.623711,0.70029,0.778623,3486.48,2935.84,30.8064,1.00048,2,d_only
log_lik[606],1.05116,0.00111268,0.0621802,0.0613059,0.948357,1.0504,1.15257,3166.0,2794.5,27.9746,1.00138,2,d_only
log_lik[607],0.693617,0.000860609,0.0509717,0.0497713,0.61061,0.693884,0.776231,3626.07,2533.6,32.0398,1.00083,2,d_only
log_lik[608],0.800526,0.00128666,0.0656222,0.06345,0.695099,0.798866,0.907638,2690.49,2557.0,23.773,1.00044,2,d_only
log_lik[609],0.302771,0.00105093,0.0643353,0.0613661,0.191132,0.306558,0.400998,3758.62,3239.21,33.211,0.999936,2,d_only
log_lik[610],0.724433,0.000917839,0.0537052,0.0520445,0.635916,0.724755,0.8114,3550.23,2445.23,31.3697,1.00068,2,d_only
log_lik[611],0.2648,0.00077621,0.0408903,0.0415714,0.1968,0.265554,0.329972,2885.97,3152.22,25.5003,1.00108,2,d_only
log_lik[612],-1.06092,0.00150819,0.0935465,0.0933898,-1.21007,-1.06217,-0.906305,4003.86,2971.0,35.3779,1.00029,2,d_only
log_lik[613],0.405199,0.000711305,0.0380535,0.0381178,0.342768,0.405429,0.468894,2928.46,2938.01,25.8757,1.00167,2,d_only
log_lik[614],0.26842,0.000773958,0.0407525,0.0417294,0.200809,0.26907,0.333388,2883.44,3100.05,25.4779,1.00111,2,d_only
log_lik[615],0.675273,0.00079351,0.0468161,0.046505,0.599059,0.674967,0.752872,3487.97,2826.38,30.8195,1.00042,2,d_only
log_lik[616],1.01312,0.0021234,0.120913,0.124145,0.817472,1.01097,1.21398,3266.29,3045.11,28.8608,0.999698,2,d_only
log_lik[617],0.344819,0.00100049,0.060982,0.0584338,0.240824,0.348652,0.438138,3718.18,3296.57,32.8537,0.999986,2,d_only
log_lik[618],0.497472,0.00209931,0.124153,0.125513,0.297212,0.498075,0.69809,3583.51,3238.15,31.6638,1.00047,2,d_only
log_lik[619],-0.310976,0.00128122,0.0774766,0.0754523,-0.442357,-0.307287,-0.191098,3654.74,3608.46,32.2931,1.00011,2,d_only
log_lik[620],-0.817083,0.00174068,0.112422,0.111231,-0.999412,-0.820061,-0.62662,4216.08,2953.02,37.2531,1.00116,2,d_only
log_lik[621],0.809773,0.00127123,0.0656753,0.0641769,0.704296,0.808536,0.918141,2750.53,2593.1,24.3036,1.00054,2,d_only
log_lik[622],0.482404,0.000707044,0.0390549,0.0393619,0.417915,0.482282,0.547086,3122.6,2833.93,27.5911,1.0017,2,d_only
log_lik[623],0.212523,0.000800277,0.0431802,0.0434956,0.140107,0.21405,0.279919,2985.8,3072.74,26.3824,1.00081,2,d_only
log_lik[624],0.794041,0.00109813,0.0611519,0.059176,0.694153,0.79399,0.895545,3160.73,2448.7,27.9281,1.00084,2,d_only
log_lik[625],0.0422106,0.00138618,0.08668,0.0829054,-0.10909,0.0472777,0.170974,3953.69,3415.95,34.9346,1.00008,2,d_only
log_lik[626],0.633454,0.000778929,0.0463446,0.0454125,0.557168,0.633165,0.709301,3634.87,2584.9,32.1175,1.00112,2,d_only
log_lik[627],1.54356,0.00180467,0.0946993,0.0972398,1.38596,1.54477,1.69478,2827.07,2354.16,24.9799,0.999973,2,d_only
log_lik[628],-1.09068,0.00134626,0.082991,0.080027,-1.22206,-1.09382,-0.948872,3902.9,3007.97,34.4858,1.00235,2,d_only
log_lik[629],1.04419,0.00119585,0.0683323,0.0680496,0.934296,1.043,1.15616,3378.76,2724.02,29.8545,1.00092,2,d_only
log_lik[630],0.689864,0.000853773,0.0506561,0.0494871,0.607223,0.690061,0.772075,3637.5,2500.01,32.1408,1.00085,2,d_only
log_lik[631],1.11572,0.00131113,0.0724934,0.0713194,0.997119,1.11511,1.23558,3168.29,2784.48,27.9948,1.00109,2,d_only
log_lik[632],0.688918,0.000852091,0.0505772,0.0493813,0.606284,0.689096,0.771127,3640.92,2516.61,32.171,1.00085,2,d_only
log_lik[633],1.10814,0.00130918,0.0728352,0.0716019,0.990628,1.10717,1.22858,3221.37,2704.6,28.4639,1.00104,2,d_only
log_lik[634],0.813318,0.0012026,0.0642489,0.0620239,0.710211,0.812663,0.920271,2919.81,2553.99,25.7993,1.00086,2,d_only
log_lik[635],1.48629,0.0012044,0.0595219,0.05792,1.38496,1.4903,1.57779,2552.52,2392.48,22.554,0.999785,2,d_only
log_lik[636],-0.129823,0.00431769,0.215604,0.230893,-0.478674,-0.133614,0.225496,2551.34,2107.62,22.5435,1.00013,2,d_only
log_lik[637],0.966102,0.00211753,0.121052,0.124759,0.769935,0.964242,1.16734,3289.92,3183.8,29.0696,0.99974,2,d_only
log_lik[638],0.60955,0.000795867,0.0471044,0.0464561,0.532215,0.609613,0.686669,3509.49,2840.9,31.0097,1.00024,2,d_only
log_lik[639],0.795295,0.00129038,0.0654874,0.0634474,0.690511,0.793767,0.901843,2670.21,2529.65,23.5938,1.00047,2,d_only
log_lik[640],-1.19215,0.00126741,0.0703848,0.0698144,-1.31029,-1.19136,-1.07752,3170.71,2712.77,28.0162,1.00222,2,d_only
log_lik[641],1.31,0.000913587,0.0533547,0.0499727,1.2181,1.31323,1.38965,3344.44,3103.74,29.5513,1.00051,2,d_only
log_lik[642],0.2591,0.000779632,0.0411131,0.0418958,0.190772,0.259966,0.32459,2891.43,3151.75,25.5486,1.00105,2,d_only
log_lik[643],1.11352,0.00131357,0.0728261,0.0715157,0.995561,1.11267,1.23436,3191.51,2724.24,28.2,1.00107,2,d_only
log_lik[644],0.598073,0.000754751,0.0440571,0.0434548,0.525808,0.597941,0.670583,3475.33,2585.05,30.7078,1.00128,2,d_only
log_lik[645],1.45975,0.00205484,0.11262,0.115002,1.27721,1.45911,1.64516,3043.65,2671.5,26.8936,1.0002,2,d_only
log_lik[646],-0.29355,0.00126595,0.0763625,0.0744706,-0.423341,-0.289591,-0.175467,3640.37,3538.49,32.1661,1.00014,2,d_only
log_lik[647],1.34139,0.00212468,0.118197,0.119973,1.15111,1.33836,1.54224,3091.27,2798.56,27.3143,1.0001,2,d_only
log_lik[648],0.710513,0.000892408,0.0524382,0.0510171,0.624836,0.711271,0.795676,3584.92,2492.84,31.6762,1.00076,2,d_only
log_lik[649],1.53837,0.0015435,0.0790969,0.0810471,1.40123,1.54294,1.65896,2746.62,2396.5,24.269,0.999475,2,d_only
log_lik[650],-0.240977,0.00121854,0.0729078,0.0715122,-0.36567,-0.237039,-0.128389,3584.99,3574.94,31.6768,0.999956,2,d_only
log_lik[651],0.403421,0.00212285,0.124896,0.125713,0.199898,0.404082,0.604984,3577.96,3206.88,31.6146,1.0009,2,d_only
log_lik[652],0.668265,0.000792611,0.0467725,0.0462584,0.592016,0.668191,0.745516,3487.94,2826.38,30.8193,1.0004,2,d_only
log_lik[653],1.28459,0.000951995,0.0566781,0.0518357,1.18533,1.28904,1.36765,3571.38,3230.35,31.5565,1.00041,2,d_only
log_lik[654],0.741343,0.000952975,0.0553218,0.0534001,0.650658,0.741825,0.831525,3483.68,2398.82,30.7816,1.00061,2,d_only
log_lik[655],-0.237333,0.00419935,0.20489,0.220438,-0.556385,-0.247038,0.113073,2488.41,2075.18,21.9874,1.0002,2,d_only
log_lik[656],0.787872,0.00129255,0.0652367,0.0635501,0.68369,0.786204,0.894887,2645.57,2431.21,23.3761,1.00045,2,d_only
log_lik[657],1.33388,0.00212686,0.118378,0.120029,1.14331,1.33027,1.53535,3094.72,2833.0,27.3448,1.00012,2,d_only
log_lik[658],0.631631,0.000777294,0.0462188,0.0453308,0.555617,0.631412,0.707133,3632.08,2584.9,32.0929,1.00113,2,d_only
log_lik[659],-0.118307,0.00110193,0.0644639,0.062104,-0.228988,-0.113978,-0.0201903,3446.92,3581.65,30.4568,0.999955,2,d_only
log_lik[660],-0.464192,0.00140308,0.0863978,0.0847322,-0.610557,-0.461037,-0.329726,3778.17,3517.02,33.3837,1.00065,2,d_only
log_lik[661],0.812719,0.00126013,0.0655554,0.0634406,0.707462,0.811923,0.920778,2784.03,2592.24,24.5995,1.00067,2,d_only
log_lik[662],0.299217,0.000755161,0.0397029,0.0406706,0.232826,0.299597,0.363346,2857.27,3086.54,25.2467,1.00128,2,d_only
log_lik[663],-1.09547,0.00134008,0.0823152,0.0796594,-1.22651,-1.09855,-0.955348,3881.76,3007.59,34.2991,1.00238,2,d_only
log_lik[664],1.32401,0.0021294,0.118598,0.120093,1.13283,1.32033,1.52585,3099.55,2834.14,27.3874,1.00015,2,d_only
log_lik[665],-0.0889285,0.00107324,0.0624015,0.0595017,-0.196733,-0.0848749,0.00610132,3406.09,3558.42,30.096,0.999992,2,d_only
log_lik[666],0.787872,0.00129255,0.0652367,0.0635501,0.68369,0.786204,0.894887,2645.57,2431.21,23.3761,1.00045,2,d_only
log_lik[667],-0.551122,0.00300782,0.133657,0.12486,-0.739948,-0.568597,-0.304751,2138.03,2010.24,18.8915,0.999787,2,d_only
log_lik[668],1.5353,0.00188533,0.0996682,0.102816,1.37127,1.5358,1.69638,2855.18,2417.47,25.2282,1.00009,2,d_only
log_lik[669],-0.0235946,0.00100915,0.0578277,0.0554052,-0.123435,-0.0195431,0.0644261,3363.15,3663.13,29.7166,1.0001,2,d_only
log_lik[670],0.135451,0.00126602,0.0786493,0.0755101,-0.00169902,0.140267,0.252792,3897.12,3546.87,34.4348,1.00001,2,d_only
log_lik[671],0.816089,0.000865648,0.0512835,0.0524368,0.733494,0.815738,0.901592,3514.19,3006.4,31.0513,1.00074,2,d_only
log_lik[672],0.013937,0.00432837,0.221857,0.233749,-0.361151,0.023198,0.366471,2618.86,2258.62,23.1401,1.00011,2,d_only
log_lik[673],0.753037,0.000979665,0.0564958,0.0549155,0.66009,0.753734,0.845032,3412.57,2499.07,30.1533,1.00056,2,d_only
log_lik[674],0.145352,0.00125309,0.0777872,0.0749882,0.00998141,0.150314,0.26157,3888.4,3514.18,34.3577,1.0,2,d_only
log_lik[675],-0.0248135,0.00210743,0.122571,0.123373,-0.22574,-0.0236075,0.173103,3535.51,3056.77,31.2396,1.0018,2,d_only
log_lik[676],0.520012,0.000833837,0.0498613,0.0485213,0.436806,0.521228,0.60042,3591.16,3079.11,31.7313,1.00031,2,d_only
log_lik[677],1.29885,0.00213445,0.119076,0.12028,1.10623,1.29624,1.50119,3111.09,2779.92,27.4894,1.00023,2,d_only
log_lik[678],-0.739099,0.00154285,0.0965997,0.0966482,-0.899181,-0.738894,-0.584413,3951.85,3222.23,34.9183,1.00089,2,d_only
log_lik[679],0.535961,0.000824445,0.0491892,0.0477227,0.454575,0.536776,0.614893,3574.87,3006.05,31.5874,1.00015,2,d_only
log_lik[680],-0.0831363,0.00153753,0.0968662,0.0934702,-0.25294,-0.077874,0.0627101,4010.62,3458.7,35.4377,1.00041,2,d_only
log_lik[681],-0.76154,0.00154896,0.0969917,0.0974536,-0.92226,-0.761689,-0.605881,3960.33,3222.63,34.9933,1.00071,2,d_only
log_lik[682],0.746321,0.000964339,0.0558155,0.0542095,0.654659,0.747007,0.837403,3454.82,2414.83,30.5266,1.00059,2,d_only
log_lik[683],1.38119,0.000947362,0.0483764,0.0466708,1.30023,1.38201,1.45822,2642.85,2564.29,23.3521,1.00128,2,d_only
log_lik[684],1.15853,0.00213854,0.120426,0.123389,0.963748,1.1558,1.36011,3182.07,2936.64,28.1166,0.999908,2,d_only
log_lik[685],1.51393,0.00134401,0.0675834,0.0682834,1.3983,1.51847,1.61645,2652.75,2438.54,23.4396,0.999478,2,d_only
log_lik[686],-1.26591,0.0013749,0.0729998,0.0735099,-1.39153,-1.26466,-1.14961,2865.57,2530.69,25.3201,1.00095,2,d_only
log_lik[687],0.138342,0.000855716,0.0472113,0.0466823,0.0575945,0.141332,0.210716,3121.5,3108.93,27.5814,1.00054,2,d_only
log_lik[688],0.339752,0.0021247,0.125284,0.125622,0.134491,0.340803,0.539571,3560.41,3237.85,31.4596,1.00106,2,d_only
log_lik[689],1.11202,0.00146797,0.0877319,0.074531,0.940543,1.12833,1.22494,3664.7,3263.1,32.3811,1.00033,2,d_only
log_lik[690],-1.25956,0.0013461,0.0715789,0.0718994,-1.38249,-1.25829,-1.1449,2874.94,2499.99,25.4028,1.00111,2,d_only
log_lik[691],1.12796,0.00213625,0.120559,0.122588,0.932084,1.12585,1.3296,3195.36,3044.28,28.2341,0.999775,2,d_only
log_lik[692],0.255466,0.00078185,0.0412588,0.0420289,0.186766,0.256465,0.320931,2898.22,3177.47,25.6086,1.00103,2,d_only
log_lik[693],0.533234,0.000721012,0.0407595,0.0407674,0.466526,0.533054,0.601369,3260.39,2713.29,28.8086,1.00156,2,d_only
log_lik[694],-0.107221,0.00109113,0.0636862,0.0613097,-0.216702,-0.103052,-0.0104996,3433.05,3547.95,30.3342,0.999965,2,d_only
log_lik[695],0.0249154,0.00140794,0.0881383,0.084219,-0.128657,0.0298324,0.156023,3964.09,3447.27,35.0265,1.00009,2,d_only
log_lik[696],0.85903,0.00090977,0.0538286,0.0556849,0.771467,0.858124,0.948039,3518.44,3130.02,31.0888,1.00081,2,d_only
log_lik[697],0.912285,0.000981277,0.0575531,0.0581827,0.81968,0.911287,1.00678,3517.6,3077.34,31.0813,1.00089,2,d_only
log_lik[698],-0.847332,0.00170951,0.110342,0.109309,-1.02502,-0.850898,-0.659245,4219.56,2953.02,37.2838,1.00125,2,d_only
log_lik[699],1.50506,0.00129391,0.064648,0.064602,1.39459,1.50945,1.60304,2618.93,2422.88,23.1407,0.999517,2,d_only
log_lik[700],0.227262,0.000794728,0.0424813,0.0427864,0.156573,0.22861,0.29363,2934.57,3098.68,25.9297,1.00089,2,d_only
log_lik[701],1.50707,0.00130477,0.0652808,0.0655571,1.39557,1.51145,1.60619,2625.88,2422.88,23.2022,0.999496,2,d_only
log_lik[702],1.08644,0.00127196,0.0716466,0.0712882,0.970632,1.08537,1.2047,3292.41,2724.03,29.0916,1.00097,2,d_only
log_lik[703],0.418083,0.000708716,0.038086,0.0383792,0.355387,0.418385,0.481763,2946.38,2894.23,26.0341,1.0017,2,d_only
log_lik[704],-0.13604,0.00111916,0.0657054,0.0634363,-0.24932,-0.131841,-0.0354211,3470.02,3551.07,30.661,1.00001,2,d_only
log_lik[705],1.00741,0.00113161,0.0652369,0.0652422,0.902067,1.00655,1.11344,3423.27,2892.28,30.2478,1.00092,2,d_only
log_lik[706],-0.0933628,0.00107758,0.062713,0.0598228,-0.201565,-0.0893754,0.00206476,3413.52,3558.42,30.1617,0.999984,2,d_only
log_lik[707],-1.06217,0.00150738,0.0934937,0.0934435,-1.2112,-1.06342,-0.907609,4002.86,2971.0,35.369,1.00029,2,d_only
log_lik[708],0.682941,0.000794796,0.0468842,0.0464948,0.606634,0.682656,0.760933,3488.48,2924.16,30.8241,1.00044,2,d_only
log_lik[709],-0.697769,0.00152978,0.0956794,0.0952792,-0.85635,-0.697738,-0.544882,3937.8,3143.41,34.7942,1.00097,2,d_only
log_lik[710],1.54007,0.00184723,0.0972989,0.09983,1.37876,1.54089,1.697,2843.66,2369.18,25.1264,1.00002,2,d_only
log_lik[711],-0.509666,0.00184967,0.118774,0.117649,-0.71327,-0.50619,-0.319981,4161.4,3207.02,36.77,1.00129,2,d_only
log_lik[712],0.964787,0.00106108,0.0616822,0.0617887,0.865229,0.963369,1.06701,3478.94,2981.95,30.7397,1.0009,2,d_only
log_lik[713],-0.718122,0.00138654,0.0735518,0.074014,-0.844815,-0.71631,-0.600349,2858.94,2522.17,25.2614,1.00095,2,d_only
log_lik[714],-1.33815,0.00226108,0.108222,0.110921,-1.50983,-1.34371,-1.15199,2316.16,2550.46,20.4655,1.00474,2,d_only
log_lik[715],-1.33199,0.00225758,0.107955,0.111086,-1.50389,-1.33715,-1.14747,2312.03,2577.27,20.429,1.00481,2,d_only
log_lik[716],-1.32934,0.00207193,0.100292,0.104756,-1.49324,-1.33144,-1.1632,2350.48,2410.33,20.7687,1.00488,2,d_only
log_lik[717],-0.718111,0.00138691,0.0735542,0.0739926,-0.844815,-0.716289,-0.600349,2857.72,2522.17,25.2507,1.00096,2,d_only
log_lik[718],-1.26367,0.0013513,0.072967,0.0736692,-1.38771,-1.26287,-1.14692,2966.23,2553.15,26.2094,1.00135,2,d_only
log_lik[719],-1.25937,0.00134194,0.0729618,0.0738846,-1.38359,-1.25866,-1.14111,2997.07,2669.06,26.482,1.00171,2,d_only
log_lik[720],-1.2624,0.00134848,0.072509,0.0731166,-1.38556,-1.26133,-1.14622,2937.03,2555.55,25.9515,1.00143,2,d_only
log_lik[721],-0.718027,0.00138847,0.0735761,0.0740272,-0.844662,-0.716072,-0.600349,2853.15,2522.17,25.2103,1.00098,2,d_only
log_lik[722],-0.718149,0.00138553,0.0735513,0.074111,-0.844815,-0.716359,-0.60035,2862.88,2522.17,25.2963,1.00093,2,d_only
log_lik[723],-1.44134,0.00153031,0.0792912,0.0808184,-1.57245,-1.44115,-1.3129,2689.41,2744.23,23.7635,1.00214,2,d_only
log_lik[724],-1.38464,0.00198948,0.0976507,0.0988957,-1.54081,-1.38932,-1.21843,2436.89,2620.06,21.5323,1.00393,2,d_only
log_lik[725],-1.26612,0.00136594,0.0731897,0.0742114,-1.39037,-1.26509,-1.14918,2920.68,2530.42,25.807,1.00097,2,d_only
log_lik[726],-0.7181,0.0013862,0.0735589,0.0739928,-0.844815,-0.716126,-0.600348,2861.06,2522.17,25.2802,1.00096,2,d_only
log_lik[727],-1.36166,0.00215584,0.104209,0.105793,-1.52687,-1.36818,-1.18162,2361.95,2599.55,20.87,1.00439,2,d_only
log_lik[728],-1.41163,0.00177339,0.0887851,0.0907327,-1.55378,-1.41539,-1.2658,2529.2,2527.7,22.3479,1.0032,2,d_only
log_lik[729],-0.718146,0.00138565,0.0735507,0.074111,-0.844815,-0.716359,-0.600349,2862.38,2522.17,25.2918,1.00094,2,d_only
log_lik[730],-0.718142,0.00138581,0.0735502,0.074111,-0.844815,-0.716357,-0.600349,2861.67,2522.17,25.2856,1.00095,2,d_only
log_lik[731],-1.26277,0.00134808,0.0729385,0.073794,-1.387,-1.2621,-1.14618,2974.9,2553.01,26.2861,1.00135,2,d_only
log_lik[732],-1.26177,0.00134545,0.0729292,0.0739912,-1.38589,-1.26115,-1.14451,2982.84,2553.69,26.3562,1.00134,2,d_only
log_lik[733],-0.718132,0.00138617,0.0735503,0.0740357,-0.844815,-0.716325,-0.600349,2860.2,2522.17,25.2726,1.00095,2,d_only
log_lik[734],-1.25834,0.00134113,0.0729775,0.0743189,-1.38273,-1.25763,-1.14056,3002.87,2632.25,26.5332,1.00184,2,d_only
log_lik[735],-0.718088,0.00138755,0.0735604,0.074019,-0.844815,-0.716104,-0.600349,2855.48,2522.17,25.2309,1.00098,2,d_only
log_lik[736],-1.36094,0.00166468,0.0829051,0.0852966,-1.49931,-1.36093,-1.22674,2477.79,2325.62,21.8936,1.00418,2,d_only
log_lik[737],-0.718135,0.00138608,0.0735501,0.0740399,-0.844815,-0.716328,-0.600349,2860.5,2522.17,25.2752,1.00096,2,d_only
log_lik[738],-1.25777,0.00134068,0.0729785,0.074364,-1.38185,-1.25719,-1.14001,3005.27,2631.84,26.5544,1.00194,2,d_only
log_lik[739],-1.33887,0.00225991,0.108186,0.110825,-1.51063,-1.34447,-1.1526,2317.31,2550.46,20.4757,1.00473,2,d_only
log_lik[740],-0.71814,0.00138587,0.0735501,0.0740819,-0.844815,-0.716356,-0.600349,2861.38,2522.17,25.283,1.00096,2,d_only
log_lik[741],-0.718117,0.00138671,0.0735528,0.0739865,-0.844815,-0.716302,-0.600349,2858.45,2522.17,25.2571,1.00095,2,d_only
log_lik[742],-0.718028,0.00138848,0.073576,0.0740272,-0.844665,-0.716072,-0.600349,2853.13,2522.17,25.2101,1.00098,2,d_only
log_lik[743],-1.40096,0.00185986,0.0923534,0.0941999,-1.54947,-1.40453,-1.24585,2495.43,2527.9,22.0495,1.00351,2,d_only
log_lik[744],-0.718146,0.00138562,0.0735508,0.074111,-0.844815,-0.716359,-0.600349,2862.47,2522.17,25.2927,1.00094,2,d_only
log_lik[745],-0.7181,0.00138721,0.0735569,0.0739907,-0.844815,-0.716175,-0.600349,2856.53,2522.17,25.2402,1.00099,2,d_only
log_lik[746],-0.718032,0.00138849,0.0735755,0.0740272,-0.844687,-0.716072,-0.600349,2853.15,2522.17,25.2103,1.00098,2,d_only
log_lik[747],-1.26273,0.00134795,0.0729377,0.0738748,-1.38687,-1.26209,-1.14618,2974.92,2553.01,26.2863,1.00134,2,d_only
log_lik[748],-1.26542,0.0013606,0.0730982,0.0739545,-1.3899,-1.26451,-1.14882,2936.15,2513.83,25.9437,1.00098,2,d_only
log_lik[749],-1.26645,0.00136888,0.073243,0.0741027,-1.39115,-1.2654,-1.14918,2912.72,2530.42,25.7367,1.001,2,d_only
log_lik[750],-1.25929,0.00134187,0.0729633,0.0739676,-1.3835,-1.25857,-1.1411,2997.87,2669.06,26.489,1.00175,2,d_only
log_lik[751],-1.25617,0.00133712,0.0727836,0.0741183,-1.37928,-1.25544,-1.13841,3007.55,2632.23,26.5746,1.00178,2,d_only
log_lik[752],-0.718128,0.00138634,0.0735508,0.074027,-0.844815,-0.716319,-0.600349,2859.69,2522.17,25.2681,1.00095,2,d_only
log_lik[753],-1.42386,0.00167195,0.0847234,0.0859974,-1.56103,-1.42571,-1.28357,2578.74,2546.37,22.7856,1.00279,2,d_only
log_lik[754],-1.25849,0.00133507,0.072337,0.0730038,-1.3811,-1.25765,-1.14222,2978.47,2586.5,26.3176,1.00153,2,d_only
log_lik[755],-0.718127,0.00138636,0.0735509,0.0740259,-0.844815,-0.716318,-0.600349,2859.53,2522.17,25.2667,1.00095,2,d_only
log_lik[756],-0.718092,0.00138743,0.0735591,0.0740256,-0.844815,-0.716104,-0.600349,2855.94,2522.17,25.235,1.00098,2,d_only
log_lik[757],-0.718055,0.00138825,0.07357,0.0740271,-0.844814,-0.716072,-0.600349,2853.48,2522.17,25.2132,1.00098,2,d_only
log_lik[758],-1.26373,0.00135155,0.0729698,0.0736502,-1.38797,-1.26295,-1.14693,2965.36,2553.15,26.2018,1.00135,2,d_only
log_lik[759],-0.718091,0.00138748,0.0735596,0.0740256,-0.844815,-0.716104,-0.600349,2855.77,2522.17,25.2335,1.00098,2,d_only
log_lik[760],-0.718148,0.00138555,0.0735511,0.074111,-0.844815,-0.716359,-0.600349,2862.7,2522.17,25.2947,1.00094,2,d_only
log_lik[761],-1.32986,0.00206027,0.0997316,0.104118,-1.49304,-1.332,-1.16491,2356.0,2395.04,20.8175,1.00486,2,d_only
log_lik[762],-0.718147,0.0013856,0.0735509,0.074111,-0.844815,-0.716359,-0.600349,2862.62,2522.17,25.294,1.00094,2,d_only
log_lik[763],-0.718144,0.00138572,0.0735504,0.074111,-0.844815,-0.716358,-0.600349,2862.12,2522.17,25.2895,1.00095,2,d_only
log_lik[764],-0.718025,0.00138828,0.0735754,0.0740532,-0.844671,-0.716072,-0.600348,2853.93,2522.17,25.2172,1.00098,2,d_only
log_lik[765],-1.25961,0.00134217,0.0729571,0.0737736,-1.38385,-1.25873,-1.14117,2996.48,2650.39,26.4767,1.00172,2,d_only
log_lik[766],-0.718125,0.00138645,0.0735513,0.0740201,-0.844815,-0.716314,-0.600349,2859.3,2522.17,25.2647,1.00095,2,d_only
log_lik[767],-1.25831,0.00133478,0.0723449,0.0730037,-1.38109,-1.25747,-1.14199,2979.03,2594.57,26.3226,1.0015,2,d_only
log_lik[768],-1.25751,0.00134045,0.0729752,0.0744663,-1.38141,-1.25696,-1.13954,3007.77,2681.79,26.5765,1.00193,2,d_only
log_lik[769],-0.718115,0.00138678,0.0735532,0.0739865,-0.844815,-0.716298,-0.600349,2858.18,2522.17,25.2547,1.00096,2,d_only
log_lik[770],-0.718147,0.0013856,0.0735509,0.074111,-0.844815,-0.716359,-0.600349,2862.58,2522.17,25.2936,1.00094,2,d_only
log_lik[771],-1.34113,0.00188877,0.0917217,0.0947427,-1.49386,-1.34164,-1.18985,2400.21,2311.43,21.2081,1.0047,2,d_only
log_lik[772],-1.48316,0.00138188,0.0733425,0.0740676,-1.60909,-1.4818,-1.36615,2862.38,2538.87,25.2919,1.00083,2,d_only
log_lik[773],-0.71812,0.00138663,0.0735522,0.0740079,-0.844815,-0.716306,-0.600349,2858.74,2522.17,25.2597,1.00096,2,d_only
log_lik[774],-0.718128,0.00138634,0.0735508,0.0740269,-0.844815,-0.716319,-0.600349,2859.69,2522.17,25.2681,1.00096,2,d_only
log_lik[775],-0.71815,0.00138547,0.0735517,0.074111,-0.844815,-0.716359,-0.600534,2863.15,2530.64,25.2986,1.00093,2,d_only
log_lik[776],-1.25624,0.00133808,0.0728385,0.0741912,-1.37942,-1.25563,-1.13854,3008.66,2632.23,26.5844,1.00177,2,d_only
log_lik[777],-0.718149,0.00138553,0.0735513,0.074111,-0.844815,-0.716359,-0.600349,2862.88,2522.17,25.2962,1.00093,2,d_only
log_lik[778],-0.718148,0.00138557,0.073551,0.074111,-0.844815,-0.716359,-0.600349,2862.69,2522.17,25.2946,1.00094,2,d_only
log_lik[779],-1.37177,0.00157691,0.0793481,0.0807347,-1.50527,-1.37128,-1.24385,2525.38,2414.31,22.3142,1.00383,2,d_only
log_lik[780],-1.26342,0.00135386,0.0726383,0.0729407,-1.38692,-1.26246,-1.14697,2927.35,2555.79,25.8659,1.00121,2,d_only
log_lik[781],-0.718028,0.00138808,0.073574,0.0740532,-0.84471,-0.716072,-0.600348,2854.44,2522.17,25.2217,1.00099,2,d_only
log_lik[782],-1.35458,0.0021977,0.105847,0.107847,-1.52274,-1.36128,-1.17124,2342.65,2529.81,20.6995,1.00452,2,d_only
log_lik[783],-1.34502,0.00184014,0.0896677,0.092524,-1.49456,-1.34567,-1.19746,2415.16,2270.5,21.3402,1.00459,2,d_only
log_lik[784],-1.26027,0.0013429,0.0729447,0.0734451,-1.38488,-1.25951,-1.14218,2991.97,2660.49,26.4369,1.00168,2,d_only
log_lik[785],-0.718031,0.00138849,0.0735755,0.0740272,-0.844685,-0.716072,-0.600349,2853.13,2522.17,25.2101,1.00098,2,d_only
log_lik[786],-0.718146,0.00138562,0.0735508,0.074111,-0.844815,-0.716359,-0.600349,2862.47,2522.17,25.2927,1.00094,2,d_only
log_lik[787],-0.718147,0.00138562,0.0735508,0.074111,-0.844815,-0.716359,-0.600349,2862.5,2522.17,25.2929,1.00094,2,d_only
log_lik[788],-1.26445,0.00135486,0.0730111,0.0737075,-1.38894,-1.26354,-1.14779,2956.53,2552.88,26.1237,1.00128,2,d_only
log_lik[789],-0.71813,0.00138625,0.0735505,0.0740321,-0.844815,-0.716323,-0.600349,2859.92,2522.17,25.2701,1.00095,2,d_only
log_lik[790],-0.71814,0.00138588,0.0735501,0.0740816,-0.844815,-0.716356,-0.600349,2861.37,2522.17,25.2829,1.00096,2,d_only
log_lik[791],-0.718131,0.00138622,0.0735504,0.0740337,-0.844815,-0.716324,-0.600349,2859.95,2522.17,25.2704,1.00095,2,d_only
log_lik[792],-0.718148,0.00138556,0.0735511,0.074111,-0.844815,-0.716359,-0.600349,2862.71,2522.17,25.2947,1.00094,2,d_only
log_lik[793],-0.718128,0.00138634,0.0735508,0.074027,-0.844815,-0.716319,-0.600349,2859.69,2522.17,25.2681,1.00095,2,d_only
log_lik[794],-0.718132,0.0013862,0.0735504,0.0740345,-0.844815,-0.716324,-0.600349,2860.02,2522.17,25.271,1.00095,2,d_only
log_lik[795],-0.71814,0.00138589,0.0735501,0.0740814,-0.844815,-0.716356,-0.600349,2861.35,2522.17,25.2828,1.00096,2,d_only
log_lik[796],-0.718072,0.00138791,0.073565,0.0740239,-0.844815,-0.716092,-0.600349,2854.16,2522.17,25.2193,1.001,2,d_only
log_lik[797],-1.34053,0.00225643,0.10807,0.110875,-1.51188,-1.34622,-1.15419,2318.73,2532.96,20.4882,1.00471,2,d_only
log_lik[798],-0.718129,0.00138631,0.0735507,0.074029,-0.844815,-0.716321,-0.600349,2859.8,2522.17,25.2691,1.00095,2,d_only
log_lik[799],-1.26159,0.00134472,0.0724289,0.0727038,-1.38527,-1.26058,-1.14593,2946.42,2555.55,26.0344,1.00152,2,d_only
log_lik[800],-0.718149,0.00138551,0.0735514,0.074111,-0.844815,-0.716359,-0.600355,2862.96,2522.17,25.297,1.00093,2,d_only
log_lik[801],-1.33115,0.00225405,0.107789,0.110999,-1.5032,-1.33609,-1.14764,2311.57,2542.79,20.4249,1.00482,2,d_only
log_lik[802],-1.26319,0.00134947,0.0729491,0.0733831,-1.38714,-1.26219,-1.14666,2970.86,2553.33,26.2504,1.00132,2,d_only
log_lik[803],-0.718143,0.00138574,0.0735503,0.074111,-0.844815,-0.716358,-0.600349,2862.04,2522.17,25.2889,1.00095,2,d_only
log_lik[804],-1.3277,0.00221147,0.105925,0.109876,-1.49818,-1.33155,-1.15077,2315.54,2517.71,20.46,1.00488,2,d_only
log_lik[805],-0.718135,0.00138608,0.0735501,0.0740399,-0.844815,-0.716328,-0.600349,2860.5,2522.17,25.2752,1.00096,2,d_only
log_lik[806],-0.718133,0.00138614,0.0735502,0.0740372,-0.844815,-0.716326,-0.600349,2860.36,2522.17,25.274,1.00095,2,d_only
log_lik[807],-1.32812,0.0022225,0.106398,0.110025,-1.49904,-1.33217,-1.1495,2314.42,2534.23,20.4501,1.00488,2,d_only
log_lik[808],-1.3679,0.00160646,0.0805375,0.0822371,-1.50285,-1.36716,-1.23741,2506.91,2415.62,22.151,1.00396,2,d_only
log_lik[809],-0.718112,0.00138685,0.0735538,0.073991,-0.844815,-0.716293,-0.600349,2857.9,2522.17,25.2523,1.00095,2,d_only
log_lik[810],-0.718141,0.00138584,0.0735501,0.0741107,-0.844815,-0.716357,-0.600349,2861.55,2522.17,25.2845,1.00096,2,d_only
log_lik[811],-1.38346,0.00149871,0.0762429,0.0775489,-1.51162,-1.38315,-1.25967,2576.79,2549.59,22.7684,1.00341,2,d_only
log_lik[812],-0.718112,0.00138687,0.0735539,0.0739926,-0.844815,-0.716292,-0.600349,2857.86,2522.17,25.2519,1.00095,2,d_only
log_lik[813],-0.718143,0.00138578,0.0735502,0.074111,-0.844815,-0.716357,-0.600349,2861.85,2522.17,25.2872,1.00095,2,d_only
log_lik[814],-0.718145,0.0013857,0.0735504,0.074111,-0.844815,-0.716358,-0.600349,2862.21,2522.17,25.2903,1.00094,2,d_only
log_lik[815],-0.718025,0.0013883,0.0735755,0.0740532,-0.844667,-0.716072,-0.600348,2853.9,2522.17,25.2169,1.00099,2,d_only
log_lik[816],-0.718133,0.00138616,0.0735503,0.0740365,-0.844815,-0.716326,-0.600349,2860.34,2522.17,25.2738,1.00096,2,d_only
log_lik[817],-0.718047,0.00138741,0.0735684,0.0740285,-0.844803,-0.716092,-0.600348,2857.01,2522.17,25.2444,1.00099,2,d_only
log_lik[818],-1.26293,0.00135117,0.0725722,0.0728153,-1.3864,-1.26177,-1.14689,2932.67,2555.79,25.9129,1.00136,2,d_only
log_lik[819],-1.25776,0.00134068,0.0729784,0.0743648,-1.38183,-1.25719,-1.13998,3005.32,2631.84,26.5549,1.00193,2,d_only
log_lik[820],-0.718123,0.00138652,0.0735516,0.0740159,-0.844815,-0.716312,-0.600349,2859.06,2522.17,25.2625,1.00095,2,d_only
log_lik[821],-0.718123,0.00138652,0.0735517,0.0740153,-0.844815,-0.716311,-0.600349,2859.04,2522.17,25.2624,1.00095,2,d_only
log_lik[822],-0.718118,0.00138668,0.0735525,0.074007,-0.844815,-0.716304,-0.600349,2858.58,2522.17,25.2583,1.00095,2,d_only
log_lik[823],-1.25617,0.00133654,0.0727423,0.0739946,-1.37925,-1.25575,-1.1384,3006.15,2612.57,26.5622,1.00172,2,d_only
log_lik[824],-0.718138,0.00138597,0.0735501,0.0740636,-0.844815,-0.716344,-0.600349,2861.06,2522.17,25.2801,1.00097,2,d_only
log_lik[825],-0.718124,0.00138647,0.0735514,0.0740189,-0.844815,-0.716314,-0.600349,2859.18,2522.17,25.2636,1.00095,2,d_only
log_lik[826],-0.718148,0.00138555,0.0735511,0.074111,-0.844815,-0.716359,-0.600349,2862.7,2522.17,25.2947,1.00094,2,d_only
log_lik[827],-0.718128,0.00138633,0.0735508,0.0740279,-0.844815,-0.71632,-0.600349,2859.75,2522.17,25.2687,1.00095,2,d_only
log_lik[828],-0.718126,0.00138639,0.073551,0.0740242,-0.844815,-0.716317,-0.600349,2859.4,2522.17,25.2655,1.00094,2,d_only
log_lik[829],-1.25725,0.00134019,0.0729684,0.074606,-1.38088,-1.25673,-1.1393,3007.96,2681.79,26.5782,1.00189,2,d_only
log_lik[830],-0.718124,0.00138649,0.0735515,0.0740177,-0.844815,-0.716313,-0.600349,2859.11,2522.17,25.2629,1.00095,2,d_only
log_lik[831],-0.718148,0.00138556,0.0735511,0.074111,-0.844815,-0.716359,-0.600349,2862.72,2522.17,25.2948,1.00094,2,d_only
log_lik[832],-1.41999,0.00135049,0.0706433,0.072069,-1.53864,-1.41962,-1.30565,2766.18,2643.82,24.4418,1.00208,2,d_only
log_lik[833],-0.718072,0.00138792,0.0735651,0.0740239,-0.844815,-0.716092,-0.600349,2854.14,2522.17,25.219,1.001,2,d_only
log_lik[834],-0.718085,0.00138762,0.0735613,0.0740051,-0.844815,-0.716104,-0.600349,2855.16,2522.17,25.2281,1.00098,2,d_only
log_lik[835],-1.48367,0.00138363,0.0734388,0.0741325,-1.60986,-1.48209,-1.3664,2861.59,2530.64,25.2849,1.00088,2,d_only
log_lik[836],-0.718105,0.00138708,0.0735556,0.0739921,-0.844815,-0.716277,-0.600349,2857.01,2522.17,25.2444,1.00097,2,d_only
log_lik[837],-0.718143,0.00138575,0.0735503,0.074111,-0.844815,-0.716358,-0.600349,2862.03,2522.17,25.2888,1.00095,2,d_only
log_lik[838],-0.718143,0.00138577,0.0735503,0.074111,-0.844815,-0.716358,-0.600349,2861.91,2522.17,25.2877,1.00095,2,d_only
log_lik[839],-0.718068,0.00138687,0.073564,0.0740238,-0.844813,-0.716092,-0.600348,2858.97,2522.17,25.2617,1.00097,2,d_only
log_lik[840],-0.71815,0.00138545,0.0735519,0.074111,-0.844815,-0.71636,-0.600534,2863.21,2530.64,25.2992,1.00093,2,d_only
log_lik[841],-0.718147,0.00138558,0.073551,0.074111,-0.844815,-0.716359,-0.600349,2862.66,2522.17,25.2943,1.00094,2,d_only
log_lik[842],-0.718141,0.00138586,0.0735501,0.0740822,-0.844815,-0.716356,-0.600349,2861.45,2522.17,25.2837,1.00096,2,d_only
log_lik[843],-0.718133,0.00138615,0.0735503,0.0740368,-0.844815,-0.716326,-0.600349,2860.35,2522.17,25.274,1.00096,2,d_only
log_lik[844],-1.25781,0.00133421,0.0723765,0.0728888,-1.38055,-1.25694,-1.1411,2984.61,2577.06,26.3719,1.00147,2,d_only
log_lik[845],-0.718142,0.00138582,0.0735502,0.074111,-0.844815,-0.716357,-0.600349,2861.64,2522.17,25.2853,1.00096,2,d_only
log_lik[846],-0.718151,0.00138543,0.0735521,0.074111,-0.844815,-0.71636,-0.600534,2863.29,2530.64,25.2999,1.00093,2,d_only
log_lik[847],-0.71814,0.00138589,0.0735501,0.0740815,-0.844815,-0.716356,-0.600349,2861.38,2522.17,25.283,1.00096,2,d_only
log_lik[848],-0.718144,0.00138571,0.0735504,0.074111,-0.844815,-0.716358,-0.600349,2862.2,2522.17,25.2902,1.00095,2,d_only
log_lik[849],-0.718135,0.00138609,0.0735502,0.0740393,-0.844815,-0.716327,-0.600349,2860.56,2522.17,25.2757,1.00095,2,d_only
