param,Mean,MCSE,StdDev,MAD,5%,50%,95%,ESS_bulk,ESS_tail,ESS_bulk/s,R_hat,participant_id,model
lp__,376.685,0.0556008,1.98806,1.89807,372.939,376.97,379.411,1306.22,2146.54,8.10599,1.00353,2,t0_only
t0[1],0.152391,0.000552239,0.018495,0.0175849,0.118166,0.15434,0.179591,1188.94,1247.0,7.37822,1.00003,2,t0_only
t0[2],0.234458,0.000519021,0.0173246,0.0165065,0.203362,0.236146,0.259676,1181.32,1482.63,7.33092,1.00039,2,t0_only
t0[3],0.266576,0.000493066,0.0164174,0.0154336,0.236807,0.268366,0.290934,1160.95,1668.4,7.2045,1.00055,2,t0_only
c,-0.2418,0.00136913,0.0533187,0.0531314,-0.329902,-0.241975,-0.154538,1548.08,1967.27,9.60691,1.00009,2,t0_only
d,2.00121,0.00592642,0.223955,0.225723,1.63819,1.99393,2.38419,1428.2,1786.83,8.863,1.00243,2,t0_only
B,0.767795,0.00538195,0.184479,0.180775,0.504913,0.742734,1.10833,1190.15,1606.47,7.38571,1.00385,2,t0_only
r,3.2582,0.0203785,0.753914,0.755883,2.13626,3.19352,4.61263,1371.93,1957.59,8.51377,1.00402,2,t0_only
p_lapse,0.151524,0.000600364,0.0279595,0.0278068,0.105805,0.15081,0.198517,2154.91,1940.39,13.3728,1.00182,2,t0_only
c_vec[1],-0.2418,0.00136913,0.0533187,0.0531314,-0.329902,-0.241975,-0.154538,1548.08,1967.27,9.60691,1.00009,2,t0_only
c_vec[2],-0.2418,0.00136913,0.0533187,0.0531314,-0.329902,-0.241975,-0.154538,1548.08,1967.27,9.60691,1.00009,2,t0_only
c_vec[3],-0.2418,0.00136913,0.0533187,0.0531314,-0.329902,-0.241975,-0.154538,1548.08,1967.27,9.60691,1.00009,2,t0_only
d_vec[1],2.00121,0.00592642,0.223955,0.225723,1.63819,1.99393,2.38419,1428.2,1786.83,8.863,1.00243,2,t0_only
d_vec[2],2.00121,0.00592642,0.223955,0.225723,1.63819,1.99393,2.38419,1428.2,1786.83,8.863,1.00243,2,t0_only
d_vec[3],2.00121,0.00592642,0.223955,0.225723,1.63819,1.99393,2.38419,1428.2,1786.83,8.863,1.00243,2,t0_only
pk[1],0.891307,0.000561861,0.0224321,0.0220183,0.851467,0.893089,0.924956,1611.82,1972.08,10.0025,1.00271,2,t0_only
pk[2],0.891307,0.000561861,0.0224321,0.0220183,0.851467,0.893089,0.924956,1611.82,1972.08,10.0025,1.00271,2,t0_only
pk[3],0.891307,0.000561861,0.0224321,0.0220183,0.851467,0.893089,0.924956,1611.82,1972.08,10.0025,1.00271,2,t0_only
pf[1],0.225818,0.00104798,0.0380483,0.0377718,0.166548,0.223525,0.291271,1342.64,1635.1,8.332,1.00188,2,t0_only
pf[2],0.225818,0.00104798,0.0380483,0.0377718,0.166548,0.223525,0.291271,1342.64,1635.1,8.332,1.00188,2,t0_only
pf[3],0.225818,0.00104798,0.0380483,0.0377718,0.166548,0.223525,0.291271,1342.64,1635.1,8.332,1.00188,2,t0_only
vk[1],2.88999,0.0165129,0.607135,0.617679,1.96973,2.8394,3.97134,1357.39,1989.29,8.42359,1.00359,2,t0_only
vk[2],2.88999,0.0165129,0.607135,0.617679,1.96973,2.8394,3.97134,1357.39,1989.29,8.42359,1.00359,2,t0_only
vk[3],2.88999,0.0165129,0.607135,0.617679,1.96973,2.8394,3.97134,1357.39,1989.29,8.42359,1.00359,2,t0_only
vf[1],0.759242,0.00806431,0.289563,0.277004,0.362387,0.715272,1.30498,1305.83,1707.42,8.10359,1.00275,2,t0_only
vf[2],0.759242,0.00806431,0.289563,0.277004,0.362387,0.715272,1.30498,1305.83,1707.42,8.10359,1.00275,2,t0_only
vf[3],0.759242,0.00806431,0.289563,0.277004,0.362387,0.715272,1.30498,1305.83,1707.42,8.10359,1.00275,2,t0_only
sigma_k[1],0.559249,0.0028934,0.110147,0.111024,0.390317,0.551661,0.751732,1451.51,2037.97,9.00765,1.00367,2,t0_only
sigma_k[2],0.559249,0.0028934,0.110147,0.111024,0.390317,0.551661,0.751732,1451.51,2037.97,9.00765,1.00367,2,t0_only
sigma_k[3],0.559249,0.0028934,0.110147,0.111024,0.390317,0.551661,0.751732,1451.51,2037.97,9.00765,1.00367,2,t0_only
sigma_f[1],0.749555,0.00347627,0.125509,0.128788,0.549337,0.744534,0.965756,1315.55,1811.28,8.16395,1.00323,2,t0_only
sigma_f[2],0.749555,0.00347627,0.125509,0.128788,0.549337,0.744534,0.965756,1315.55,1811.28,8.16395,1.00323,2,t0_only
sigma_f[3],0.749555,0.00347627,0.125509,0.128788,0.549337,0.744534,0.965756,1315.55,1811.28,8.16395,1.00323,2,t0_only
log_lik[1],1.22975,0.000909807,0.0549545,0.0533313,1.13719,1.23042,1.31969,3678.76,3481.13,22.8293,1.00045,2,t0_only
log_lik[2],1.11261,0.00128444,0.0737358,0.0732298,0.9865,1.11519,1.2309,3332.29,3360.84,20.6792,1.00048,2,t0_only
log_lik[3],1.15621,0.00120839,0.0679971,0.0684382,1.04002,1.15858,1.26461,3204.77,3455.39,19.8879,1.00037,2,t0_only
log_lik[4],1.25354,0.000993239,0.054126,0.0549896,1.16189,1.2543,1.33888,3020.21,3426.96,18.7425,1.00057,2,t0_only
log_lik[5],-0.513463,0.00434873,0.257942,0.260516,-0.959467,-0.503422,-0.107611,3590.75,3318.71,22.2831,1.00036,2,t0_only
log_lik[6],0.804645,0.0017017,0.110972,0.111856,0.612568,0.808324,0.982928,4293.93,3075.68,26.6468,1.001,2,t0_only
log_lik[7],1.27604,0.000651176,0.0391216,0.0392514,1.21112,1.27598,1.33947,3693.46,2385.95,22.9205,1.00073,2,t0_only
log_lik[8],1.05604,0.00167367,0.085902,0.0832304,0.904613,1.06085,1.18648,2675.74,3011.2,16.6049,1.00145,2,t0_only
log_lik[9],1.23143,0.00090714,0.0547451,0.0531973,1.13899,1.23206,1.32098,3673.07,3450.14,22.794,1.00045,2,t0_only
log_lik[10],1.34098,0.000547863,0.0359892,0.0360869,1.28115,1.34097,1.3999,4400.15,2173.66,27.3061,1.00215,2,t0_only
log_lik[11],0.921406,0.00119753,0.0593551,0.0592923,0.822433,0.922317,1.01923,2468.59,2770.4,15.3193,1.00036,2,t0_only
log_lik[12],-0.63561,0.00424776,0.266766,0.263912,-1.09447,-0.625422,-0.227865,4149.61,2445.3,25.7513,1.00014,2,t0_only
log_lik[13],0.897682,0.00194236,0.105942,0.103842,0.712223,0.904062,1.0596,3027.6,3065.92,18.7884,1.00123,2,t0_only
log_lik[14],1.35099,0.000544608,0.0356363,0.0354752,1.29119,1.35137,1.4094,4349.57,2301.36,26.9922,1.00176,2,t0_only
log_lik[15],1.33746,0.000561483,0.0358972,0.0347677,1.2775,1.33711,1.39862,4138.23,2311.6,25.6806,1.00028,2,t0_only
log_lik[16],1.28454,0.000617167,0.0396126,0.0389054,1.21804,1.28494,1.34942,4181.91,3050.42,25.9517,1.00055,2,t0_only
log_lik[17],1.03993,0.001705,0.0880375,0.0855773,0.885502,1.04502,1.1751,2708.92,2932.81,16.8108,1.00132,2,t0_only
log_lik[18],1.03489,0.00098165,0.0508348,0.0506004,0.946199,1.0369,1.11591,2763.59,2886.28,17.15,1.00075,2,t0_only
log_lik[19],1.10372,0.000736674,0.0434837,0.0453391,1.03278,1.10318,1.17586,3508.38,3016.29,21.772,0.999993,2,t0_only
log_lik[20],0.763508,0.00131268,0.0646065,0.0640429,0.654968,0.764301,0.868928,2431.51,2849.13,15.0892,1.00074,2,t0_only
log_lik[21],-0.395246,0.00120938,0.0744146,0.0727761,-0.522357,-0.392643,-0.277545,3859.18,3446.72,23.9489,1.00017,2,t0_only
log_lik[22],1.01323,0.00175467,0.0915213,0.0890886,0.85287,1.01848,1.15275,2766.6,3002.33,17.1687,1.00125,2,t0_only
log_lik[23],1.24443,0.000629418,0.03949,0.0406096,1.18005,1.24391,1.30934,3988.47,2445.26,24.7513,1.00084,2,t0_only
log_lik[24],1.0538,0.00137578,0.0811962,0.0808823,0.914803,1.05685,1.18438,3524.39,3267.07,21.8713,1.00107,2,t0_only
log_lik[25],0.984997,0.00180442,0.0951346,0.0926416,0.818866,0.990257,1.13041,2828.82,3138.63,17.5549,1.00125,2,t0_only
log_lik[26],1.08863,0.00132291,0.0768121,0.076458,0.957354,1.09154,1.21261,3409.31,3332.73,21.1572,1.0008,2,t0_only
log_lik[27],1.34836,0.000545095,0.0357248,0.0358218,1.28865,1.34852,1.40679,4372.13,2211.18,27.1322,1.00179,2,t0_only
log_lik[28],0.651246,0.00190169,0.128745,0.128318,0.43184,0.655625,0.85588,4649.71,3259.29,28.8548,1.0008,2,t0_only
log_lik[29],1.34737,0.000545358,0.0357592,0.0356646,1.28747,1.34731,1.40592,4371.53,2261.7,27.1285,1.00191,2,t0_only
log_lik[30],1.2276,0.00064424,0.0400327,0.0408209,1.16285,1.22739,1.29392,3907.11,2329.0,24.2464,1.00063,2,t0_only
log_lik[31],1.31867,0.000742905,0.0436046,0.0435736,1.24789,1.31927,1.39015,3483.21,3263.34,21.6158,0.999869,2,t0_only
log_lik[32],1.27121,0.000605101,0.0385813,0.0395158,1.20783,1.27035,1.33447,4125.59,2204.08,25.6022,1.00136,2,t0_only
log_lik[33],-0.272351,0.00113461,0.0716416,0.0697243,-0.396392,-0.26948,-0.158274,4067.81,3352.07,25.2436,1.00034,2,t0_only
log_lik[34],1.31898,0.000573248,0.0365776,0.0365509,1.25883,1.31873,1.3795,4138.82,2435.3,25.6843,1.0004,2,t0_only
log_lik[35],0.892708,0.00159177,0.100655,0.100875,0.719709,0.897045,1.05439,4027.55,3128.0,24.9938,1.00089,2,t0_only
log_lik[36],-1.83527,0.00512985,0.250996,0.242478,-2.23052,-1.84642,-1.39655,2432.7,2714.46,15.0966,1.00079,2,t0_only
log_lik[37],1.25299,0.000691194,0.0420652,0.0410576,1.18262,1.25317,1.32184,3748.76,3061.8,23.2637,1.00059,2,t0_only
log_lik[38],1.30088,0.000934045,0.0470298,0.0462301,1.21976,1.30282,1.37496,2570.15,2608.22,15.9496,1.00041,2,t0_only
log_lik[39],0.717397,0.00216066,0.127079,0.123996,0.49744,0.723867,0.913113,3515.27,3190.78,21.8147,1.00148,2,t0_only
log_lik[40],-0.241507,0.00111807,0.0709678,0.0691103,-0.364348,-0.238837,-0.128648,4109.49,3321.34,25.5023,1.00047,2,t0_only
log_lik[41],1.09989,0.00110726,0.0708907,0.0708369,0.978923,1.10209,1.21212,4108.06,3600.52,25.4934,1.00088,2,t0_only
log_lik[42],1.26953,0.00107914,0.0532533,0.0517794,1.17561,1.2715,1.35249,2442.15,2904.25,15.1553,1.00063,2,t0_only
log_lik[43],1.33799,0.000562141,0.0358991,0.0348251,1.27795,1.33771,1.39891,4127.08,2251.79,25.6115,1.00028,2,t0_only
log_lik[44],0.0790944,0.00292641,0.194966,0.196889,-0.255207,0.0873322,0.381935,4546.58,3408.88,28.2147,1.00058,2,t0_only
log_lik[45],1.1469,0.00122541,0.0692415,0.0693651,1.02892,1.14928,1.25751,3228.54,3454.56,20.0353,1.00031,2,t0_only
log_lik[46],0.0263035,0.00304486,0.20102,0.203437,-0.315299,0.0351473,0.337687,4464.92,3358.29,27.708,1.00043,2,t0_only
log_lik[47],1.34069,0.000548001,0.0359996,0.036123,1.28089,1.34066,1.39957,4401.57,2173.66,27.3149,1.00216,2,t0_only
log_lik[48],0.204593,0.00266072,0.180469,0.17948,-0.105493,0.213108,0.486772,4711.3,3320.83,29.2369,1.00057,2,t0_only
log_lik[49],1.33933,0.000649256,0.0384848,0.0384352,1.27563,1.33948,1.40304,3549.17,2789.85,22.0251,0.999977,2,t0_only
log_lik[50],1.30804,0.000571794,0.0372392,0.0382754,1.24768,1.30747,1.36931,4299.19,2226.0,26.6795,1.0023,2,t0_only
log_lik[51],1.07229,0.000755367,0.0442435,0.0460673,0.999943,1.07171,1.14569,3457.34,2873.54,21.4553,0.99997,2,t0_only
log_lik[52],1.15107,0.00121784,0.0686851,0.0690499,1.03375,1.15326,1.26059,3216.8,3392.68,19.9625,1.00032,2,t0_only
log_lik[53],1.30915,0.000885821,0.0452192,0.0442545,1.23232,1.31064,1.38012,2646.3,2501.37,16.4222,1.00026,2,t0_only
log_lik[54],1.33042,0.000719416,0.0397855,0.0394034,1.26364,1.3308,1.39478,3085.6,2758.47,19.1483,1.00018,2,t0_only
log_lik[55],0.997075,0.00178346,0.0935971,0.0911566,0.833381,1.00233,1.14049,2801.41,3014.01,17.3847,1.00126,2,t0_only
log_lik[56],1.30816,0.000563514,0.0377471,0.036815,1.24417,1.30839,1.37037,4536.52,2468.04,28.1523,1.00044,2,t0_only
log_lik[57],1.25072,0.000623774,0.0392817,0.0402349,1.18666,1.25013,1.31532,4014.98,2386.4,24.9158,1.00098,2,t0_only
log_lik[58],0.749799,0.00115245,0.060131,0.0594475,0.646662,0.751435,0.844888,2788.21,2998.7,17.3028,1.00121,2,t0_only
log_lik[59],0.529125,0.00239837,0.148222,0.144974,0.269676,0.537623,0.758391,3898.04,3051.23,24.1901,1.00129,2,t0_only
log_lik[60],1.20002,0.00080296,0.0457956,0.0453782,1.12395,1.2005,1.27534,3281.82,2905.6,20.366,1.00059,2,t0_only
log_lik[61],-0.52448,0.00130692,0.0776223,0.0752673,-0.654963,-0.52268,-0.400414,3581.49,3242.58,22.2257,1.00025,2,t0_only
log_lik[62],1.15051,0.000705366,0.0422772,0.0438813,1.0818,1.15002,1.22053,3629.08,2809.98,22.521,1.00011,2,t0_only
log_lik[63],0.130412,0.00291589,0.191649,0.189118,-0.209447,0.140692,0.426537,4432.95,2800.7,27.5096,1.00084,2,t0_only
log_lik[64],0.171469,0.000959348,0.0622245,0.0619791,0.0662938,0.173584,0.27176,4269.43,3528.87,26.4948,0.999954,2,t0_only
log_lik[65],1.2888,0.000629597,0.0383478,0.0384712,1.22503,1.28877,1.35117,3782.67,2416.32,23.4741,1.00044,2,t0_only
log_lik[66],1.33969,0.000646062,0.0383786,0.0383916,1.27591,1.33979,1.40318,3571.71,2787.83,22.165,0.999969,2,t0_only
log_lik[67],0.0537101,0.00365357,0.200358,0.198617,-0.297883,0.0654513,0.363263,2999.33,3034.11,18.613,1.00009,2,t0_only
log_lik[68],0.438596,0.00141801,0.0732875,0.0726659,0.314884,0.440099,0.55804,2688.75,3056.45,16.6856,1.00125,2,t0_only
log_lik[69],0.27221,0.00252753,0.172628,0.172156,-0.0226689,0.280743,0.542957,4783.78,3322.17,29.6867,1.00049,2,t0_only
log_lik[70],0.616754,0.00194982,0.132729,0.131504,0.391296,0.621405,0.827189,4693.14,3277.31,29.1242,1.00085,2,t0_only
log_lik[71],-1.11066,0.00510473,0.29336,0.296429,-1.59536,-1.10548,-0.648026,3382.63,2483.45,20.9916,0.999975,2,t0_only
log_lik[72],1.11692,0.000728275,0.0431532,0.0449722,1.04696,1.11637,1.18867,3535.6,3065.02,21.9409,1.00002,2,t0_only
log_lik[73],0.54263,0.00238164,0.146724,0.143538,0.287308,0.550927,0.769173,3871.62,3075.48,24.0261,1.00138,2,t0_only
log_lik[74],1.32971,0.000554606,0.0364133,0.0369986,1.27021,1.32973,1.38874,4393.05,2194.67,27.262,1.00246,2,t0_only
log_lik[75],1.25963,0.000858731,0.0512098,0.0496824,1.17352,1.25999,1.34363,3586.65,3417.97,22.2577,1.00027,2,t0_only
log_lik[76],-0.261095,0.00352684,0.232468,0.229313,-0.668062,-0.248574,0.0935193,4479.97,2683.13,27.8014,1.00067,2,t0_only
log_lik[77],1.23801,0.00063512,0.0396994,0.0406328,1.17347,1.23764,1.30345,3956.49,2404.46,24.5528,1.00078,2,t0_only
log_lik[78],1.34546,0.000676442,0.0399514,0.0398416,1.28001,1.34563,1.41076,3526.95,2910.85,21.8872,0.999747,2,t0_only
log_lik[79],-1.48148,0.00581943,0.272867,0.278008,-1.91153,-1.49331,-1.01524,2210.87,2944.17,13.72,1.00111,2,t0_only
log_lik[80],0.844802,0.0012606,0.062035,0.0621954,0.741,0.845196,0.945576,2434.48,2720.13,15.1077,1.00041,2,t0_only
log_lik[81],0.182172,0.000956463,0.0620026,0.0616499,0.0774638,0.18408,0.282162,4265.01,3364.6,26.4674,0.99998,2,t0_only
log_lik[82],1.23182,0.00104892,0.0573973,0.0581447,1.13396,1.23331,1.32239,3044.8,3720.91,18.8952,1.0008,2,t0_only
log_lik[83],0.787382,0.00167107,0.109112,0.1079,0.601979,0.794769,0.957519,4278.21,3585.37,26.5493,1.00054,2,t0_only
log_lik[84],1.01313,0.00143519,0.0862171,0.0863666,0.864349,1.0162,1.15113,3654.69,3246.73,22.6799,1.00126,2,t0_only
log_lik[85],1.33934,0.000564442,0.0359204,0.0348719,1.27974,1.33919,1.4,4098.89,2500.32,25.4365,1.00027,2,t0_only
log_lik[86],1.21797,0.000766992,0.0445884,0.044177,1.14313,1.2183,1.29104,3408.65,2883.41,21.1531,1.00048,2,t0_only
log_lik[87],1.25426,0.0011413,0.0560405,0.0552071,1.15479,1.25651,1.34102,2419.65,2958.41,15.0156,1.00079,2,t0_only
log_lik[88],0.985686,0.000798157,0.0461784,0.0482675,0.910576,0.985189,1.06185,3380.53,3114.34,20.9786,0.9999,2,t0_only
log_lik[89],1.3422,0.000575269,0.0361215,0.0351195,1.28316,1.34202,1.40253,3989.57,2626.39,24.7581,1.00021,2,t0_only
log_lik[90],0.643955,0.00191174,0.129587,0.128782,0.422896,0.648403,0.849924,4652.18,3258.66,28.8701,1.00085,2,t0_only
log_lik[91],0.134757,0.00340535,0.190687,0.187483,-0.198316,0.14778,0.428419,3131.06,3096.18,19.4304,1.00008,2,t0_only
log_lik[92],1.30639,0.000823039,0.0454043,0.0460044,1.23092,1.30657,1.37925,3090.17,3080.25,19.1767,1.00026,2,t0_only
log_lik[93],-0.930914,0.00151161,0.0956876,0.0940171,-1.09274,-0.928782,-0.776164,4049.42,3459.48,25.1295,1.0014,2,t0_only
log_lik[94],0.908707,0.00157167,0.0987638,0.0987532,0.738527,0.913053,1.0678,3979.2,3208.01,24.6937,1.00093,2,t0_only
log_lik[95],1.22784,0.00123705,0.0606037,0.0586273,1.11961,1.2308,1.32131,2414.39,2831.97,14.983,1.00082,2,t0_only
log_lik[96],1.30606,0.00090446,0.0459075,0.0450993,1.22738,1.30778,1.37821,2614.84,2538.01,16.2269,1.00035,2,t0_only
log_lik[97],1.17612,0.000686376,0.0415712,0.042463,1.10869,1.17567,1.24552,3706.72,2903.17,23.0028,1.00036,2,t0_only
log_lik[98],1.16955,0.000826356,0.0449811,0.0449316,1.09227,1.17135,1.24043,3050.46,2692.49,18.9303,1.00072,2,t0_only
log_lik[99],1.34141,0.00062885,0.0378222,0.0375666,1.27852,1.34167,1.404,3657.14,2704.15,22.6951,1.00001,2,t0_only
log_lik[100],0.629209,0.00193227,0.131291,0.12971,0.405497,0.633588,0.837572,4670.21,3249.43,28.982,1.00078,2,t0_only
log_lik[101],1.32029,0.000571145,0.0365086,0.0365855,1.26039,1.32007,1.38099,4153.82,2451.3,25.7774,1.00039,2,t0_only
log_lik[102],1.28217,0.000640795,0.0387508,0.0388418,1.21773,1.2822,1.34522,3738.46,2383.29,23.1998,1.00059,2,t0_only
log_lik[103],1.14803,0.00090774,0.048993,0.0492303,1.06728,1.14824,1.22784,2957.18,2740.01,18.3514,1.00072,2,t0_only
log_lik[104],1.28787,0.000589814,0.0379868,0.0390762,1.22565,1.28727,1.35015,4213.53,2317.47,26.1479,1.00181,2,t0_only
log_lik[105],1.20409,0.00066412,0.0407567,0.0414168,1.13798,1.20398,1.27189,3812.0,2545.18,23.6562,1.00057,2,t0_only
log_lik[106],1.16515,0.00142456,0.0705174,0.0685293,1.04103,1.16959,1.27113,2490.68,2742.97,15.4564,1.00166,2,t0_only
log_lik[107],1.10866,0.00109391,0.0698232,0.0697029,0.989854,1.11079,1.21985,4082.1,3500.98,25.3323,1.0008,2,t0_only
log_lik[108],1.24395,0.00118026,0.0578573,0.0564639,1.14079,1.24652,1.33303,2413.29,2754.21,14.9762,1.00101,2,t0_only
log_lik[109],0.844802,0.0012606,0.062035,0.0621954,0.741,0.845196,0.945576,2434.48,2720.13,15.1077,1.00041,2,t0_only
log_lik[110],1.15767,0.000700192,0.0420834,0.0437483,1.08948,1.15713,1.22741,3648.73,2676.99,22.6429,1.00024,2,t0_only
log_lik[111],0.927578,0.0013924,0.0918684,0.0913719,0.771402,0.933423,1.07304,4378.97,3443.51,27.1746,1.00087,2,t0_only
log_lik[112],1.2589,0.00061636,0.039006,0.0397129,1.19522,1.25813,1.32289,4054.91,2260.0,25.1636,1.00117,2,t0_only
log_lik[113],0.944648,0.0011755,0.0584805,0.0583553,0.847483,0.945576,1.04152,2486.34,2833.04,15.4295,1.0004,2,t0_only
log_lik[114],0.708359,0.00217247,0.12811,0.124938,0.487341,0.714935,0.905802,3533.78,3190.78,21.9296,1.00148,2,t0_only
log_lik[115],1.35618,0.000643549,0.0383836,0.0379929,1.29411,1.35617,1.41938,3591.53,2868.65,22.288,0.999836,2,t0_only
log_lik[116],0.0175745,0.00307938,0.203678,0.202694,-0.33912,0.0282713,0.331872,4497.07,2576.95,27.9075,1.00086,2,t0_only
log_lik[117],1.24601,0.000882541,0.0529228,0.0514516,1.15663,1.24643,1.33252,3626.63,3357.54,22.5058,1.00045,2,t0_only
log_lik[118],1.32144,0.000801373,0.0422924,0.0416946,1.24992,1.32278,1.38878,2817.88,2828.58,17.4869,1.00052,2,t0_only
log_lik[119],0.497603,0.00212867,0.1465,0.144944,0.247824,0.503074,0.729222,4819.89,3276.52,29.9109,1.0007,2,t0_only
log_lik[120],1.33523,0.00055985,0.0359163,0.0349845,1.27632,1.33476,1.39657,4175.25,2408.23,25.9104,1.0003,2,t0_only
log_lik[121],1.31841,0.000824119,0.0430486,0.0426614,1.24572,1.3198,1.38666,2765.37,2725.78,17.1611,1.00042,2,t0_only
log_lik[122],0.836353,0.00156834,0.103063,0.102215,0.661244,0.843418,0.998795,4337.86,3539.95,26.9195,1.00058,2,t0_only
log_lik[123],0.457853,0.0021932,0.151101,0.150365,0.199095,0.463962,0.69687,4836.71,3286.2,30.0152,1.00069,2,t0_only
log_lik[124],0.902975,0.00193519,0.1053,0.102927,0.718469,0.909227,1.06418,3015.3,3090.26,18.7121,1.00126,2,t0_only
log_lik[125],1.31533,0.000750302,0.0440471,0.0441003,1.2437,1.31581,1.38728,3483.9,3260.91,21.6201,0.999942,2,t0_only
log_lik[126],1.28285,0.000816176,0.048261,0.0474132,1.20356,1.28373,1.36145,3523.3,3216.69,21.8645,1.00057,2,t0_only
log_lik[127],1.05651,0.000962023,0.0499856,0.0497705,0.969607,1.05846,1.13668,2780.09,2770.75,17.2525,1.001,2,t0_only
log_lik[128],-0.680132,0.00143819,0.0929165,0.0918852,-0.836533,-0.677841,-0.529982,4220.63,3591.88,26.192,1.0014,2,t0_only
log_lik[129],0.611883,0.00137664,0.068888,0.0682017,0.496352,0.612628,0.724647,2515.52,2833.0,15.6106,1.00092,2,t0_only
log_lik[130],0.984105,0.00079883,0.046212,0.0482719,0.908798,0.983587,1.06033,3378.99,3114.34,20.969,0.999898,2,t0_only
log_lik[131],1.29197,0.000876301,0.0479312,0.0483506,1.2112,1.29192,1.36879,3041.43,3322.01,18.8743,1.00037,2,t0_only
log_lik[132],1.13985,0.000867109,0.0464011,0.0465021,1.05926,1.1417,1.21262,2957.24,2695.84,18.3517,1.00088,2,t0_only
log_lik[133],1.28015,0.000644207,0.0388729,0.0389738,1.21527,1.28013,1.34324,3722.55,2383.29,23.101,1.00061,2,t0_only
log_lik[134],1.05282,0.000965466,0.0501326,0.0500315,0.965644,1.05478,1.13314,2776.05,2774.6,17.2274,1.00094,2,t0_only
log_lik[135],1.18234,0.000681564,0.0413942,0.0422716,1.11545,1.18193,1.25164,3729.79,2765.06,23.146,1.0004,2,t0_only
log_lik[136],1.13504,0.00105407,0.0666078,0.066587,1.02122,1.13658,1.24142,4010.7,3470.41,24.8892,1.00037,2,t0_only
log_lik[137],-0.361547,0.00395011,0.243346,0.245849,-0.781553,-0.351871,0.0172542,3884.1,3245.41,24.1036,1.00032,2,t0_only
log_lik[138],1.26041,0.000614987,0.0389546,0.0396979,1.19672,1.25964,1.32433,4063.16,2260.0,25.2148,1.00108,2,t0_only
log_lik[139],1.32981,0.000714047,0.0408147,0.0413425,1.26267,1.33014,1.39669,3303.63,2873.28,20.5014,1.00018,2,t0_only
log_lik[140],1.0413,0.00170239,0.0878576,0.0853539,0.887072,1.04641,1.17625,2705.77,2932.81,16.7912,1.00133,2,t0_only
log_lik[141],1.29486,0.000583465,0.0377309,0.0388778,1.23334,1.29418,1.35659,4240.53,2288.04,26.3155,1.00205,2,t0_only
log_lik[142],-0.319436,0.00362866,0.238239,0.235137,-0.736125,-0.307746,0.041254,4442.26,2561.08,27.5674,1.00065,2,t0_only
log_lik[143],1.33582,0.000602107,0.036974,0.03679,1.2748,1.33632,1.39731,3870.77,2285.89,24.0209,1.00052,2,t0_only
log_lik[144],1.23624,0.00103806,0.056742,0.057447,1.1398,1.23764,1.32592,3038.15,3694.72,18.8539,1.00087,2,t0_only
log_lik[145],1.34291,0.000683533,0.0403115,0.0401137,1.27667,1.34298,1.40858,3514.09,2926.25,21.8074,0.999753,2,t0_only
log_lik[146],1.2515,0.000692569,0.0405798,0.0403445,1.18449,1.25189,1.31692,3504.2,2554.27,21.746,1.00055,2,t0_only
log_lik[147],0.115772,0.0012561,0.0765026,0.0754372,-0.0137219,0.118088,0.237334,3753.15,3361.83,23.2909,1.002,2,t0_only
log_lik[148],0.497603,0.00212867,0.1465,0.144944,0.247824,0.503074,0.729222,4819.89,3276.52,29.9109,1.0007,2,t0_only
log_lik[149],1.31757,0.000563801,0.0368775,0.0375905,1.25765,1.31722,1.37764,4348.69,2199.24,26.9867,1.00249,2,t0_only
log_lik[150],-0.236886,0.00453061,0.231717,0.234573,-0.633124,-0.225614,0.128288,2602.0,3484.86,16.1472,1.00015,2,t0_only
log_lik[151],1.1373,0.00124248,0.0705128,0.0703609,1.01701,1.13979,1.24978,3256.03,3391.62,20.206,1.00039,2,t0_only
log_lik[152],1.3268,0.000562354,0.0361938,0.0358994,1.26743,1.32646,1.38789,4186.83,2517.85,25.9823,1.00035,2,t0_only
log_lik[153],1.30535,0.000908644,0.046064,0.0452341,1.22623,1.30711,1.37799,2607.79,2538.01,16.1832,1.00038,2,t0_only
log_lik[154],1.27164,0.000837072,0.0496894,0.0485335,1.18928,1.27236,1.35305,3555.24,3360.78,22.0628,1.00036,2,t0_only
log_lik[155],1.28177,0.000641473,0.0387751,0.038795,1.2173,1.2818,1.34484,3733.57,2383.29,23.1695,1.00062,2,t0_only
log_lik[156],1.26674,0.00109098,0.0537733,0.0523869,1.17181,1.26888,1.3506,2435.13,2904.05,15.1117,1.00069,2,t0_only
log_lik[157],1.33718,0.000561189,0.0358973,0.0348379,1.27738,1.33682,1.39846,4145.41,2290.24,25.7252,1.00028,2,t0_only
log_lik[158],1.12534,0.000948611,0.050265,0.0505747,1.04294,1.12585,1.20779,2842.73,2739.35,17.6411,1.00075,2,t0_only
log_lik[159],1.36895,0.000562315,0.0354724,0.0347447,1.31047,1.36814,1.42878,4020.91,2221.26,24.9526,0.999911,2,t0_only
log_lik[160],1.0175,0.00142897,0.0856821,0.0855122,0.870159,1.02042,1.15467,3640.74,3211.91,22.5934,1.00121,2,t0_only
log_lik[161],1.1799,0.000845582,0.0470837,0.0469336,1.10153,1.18042,1.25687,3160.22,2700.53,19.6114,1.00052,2,t0_only
log_lik[162],1.34812,0.000545157,0.0357333,0.0358525,1.28834,1.34823,1.40658,4372.56,2211.18,27.1348,1.00178,2,t0_only
log_lik[163],1.18528,0.00115209,0.064038,0.0647855,1.07639,1.1875,1.28741,3128.59,3487.21,19.4151,1.00063,2,t0_only
log_lik[164],-0.256664,0.00351919,0.232025,0.228718,-0.662497,-0.244084,0.0973082,4482.13,2682.79,27.8148,1.00068,2,t0_only
log_lik[165],1.34334,0.000589797,0.0364805,0.0354539,1.28323,1.34335,1.40382,3864.0,2574.22,23.9788,1.00015,2,t0_only
log_lik[166],1.10161,0.000737983,0.0435358,0.0452825,1.03066,1.10094,1.17385,3504.08,2871.41,21.7453,0.999989,2,t0_only
log_lik[167],1.36284,0.000545036,0.0353331,0.0349768,1.30304,1.36307,1.42146,4241.08,2227.98,26.3189,1.0002,2,t0_only
log_lik[168],1.00129,0.00145138,0.0876619,0.0877035,0.850263,1.00454,1.14195,3692.6,3268.19,22.9152,1.00119,2,t0_only
log_lik[169],1.28785,0.000806597,0.0476199,0.0469556,1.20979,1.28874,1.36582,3515.68,3292.64,21.8173,1.0004,2,t0_only
log_lik[170],1.1586,0.00101868,0.0637292,0.0633384,1.05014,1.15995,1.26033,3923.91,3292.36,24.3507,1.00027,2,t0_only
log_lik[171],1.01687,0.000784126,0.0455044,0.0474044,0.942789,1.01641,1.09213,3394.9,2984.29,21.0678,0.999923,2,t0_only
log_lik[172],1.27768,0.000825916,0.0489219,0.0480173,1.19684,1.27876,1.35768,3535.26,3294.06,21.9388,1.00054,2,t0_only
log_lik[173],0.403092,0.00123334,0.069332,0.0692112,0.286096,0.405042,0.516175,3234.19,3065.87,20.0704,1.00217,2,t0_only
log_lik[174],0.584751,0.00232935,0.142038,0.138709,0.337821,0.59329,0.803943,3791.11,3151.25,23.5265,1.0016,2,t0_only
log_lik[175],1.31163,0.000586187,0.0369848,0.0372078,1.25051,1.3117,1.37308,4072.11,2528.38,25.2703,1.0004,2,t0_only
log_lik[176],1.35473,0.000544557,0.0355187,0.0354789,1.29498,1.35522,1.41286,4319.69,2298.76,26.8068,1.00124,2,t0_only
log_lik[177],1.31422,0.000790664,0.0439584,0.0448626,1.24183,1.3143,1.38468,3134.69,3145.6,19.453,1.00029,2,t0_only
log_lik[178],1.10444,0.000981614,0.0513782,0.0519413,1.0202,1.10517,1.18865,2770.38,2720.04,17.1922,1.00078,2,t0_only
log_lik[179],1.24364,0.000886601,0.0532188,0.0516699,1.15359,1.24398,1.33066,3635.02,3479.98,22.5579,1.00038,2,t0_only
log_lik[180],1.2467,0.000701296,0.0408583,0.040572,1.17895,1.24703,1.31253,3471.44,2714.65,21.5427,1.00046,2,t0_only
log_lik[181],-0.0626371,0.00103651,0.0671383,0.0656335,-0.177211,-0.0601076,0.0437009,4278.41,3468.42,26.5506,1.00085,2,t0_only
log_lik[182],-0.0798257,0.00129547,0.0812077,0.0792666,-0.218665,-0.0769509,0.0495714,3977.39,3163.67,24.6825,1.00187,2,t0_only
log_lik[183],1.09989,0.00110726,0.0708907,0.0708369,0.978923,1.10209,1.21212,4108.06,3600.52,25.4934,1.00088,2,t0_only
log_lik[184],0.481965,0.00245678,0.153433,0.150399,0.213385,0.490841,0.719467,3987.65,2941.94,24.7462,1.00124,2,t0_only
log_lik[185],1.33497,0.000590232,0.0366623,0.0363018,1.27431,1.3355,1.39591,3952.11,2157.99,24.5256,1.00043,2,t0_only
log_lik[186],1.36599,0.000603894,0.0367495,0.0364032,1.30616,1.36547,1.42699,3737.09,2866.18,23.1913,1.00002,2,t0_only
log_lik[187],1.05246,0.0013778,0.0813638,0.0810734,0.91302,1.05549,1.18325,3529.11,3267.07,21.9006,1.00106,2,t0_only
log_lik[188],1.35993,0.000630191,0.0377991,0.0377139,1.29836,1.35968,1.4223,3629.59,2922.96,22.5241,1.00005,2,t0_only
log_lik[189],1.35257,0.000544482,0.035585,0.0353857,1.29309,1.35291,1.4108,4338.1,2299.25,26.921,1.00153,2,t0_only
log_lik[190],1.23781,0.000717186,0.0413675,0.04118,1.16921,1.23845,1.30385,3403.3,2661.81,21.1199,1.00058,2,t0_only
log_lik[191],0.97521,0.00148622,0.0908216,0.090985,0.818565,0.978599,1.12139,3774.18,3057.05,23.4215,1.00115,2,t0_only
log_lik[192],1.30444,0.000574925,0.0373745,0.0386618,1.24376,1.30392,1.36564,4282.83,2172.41,26.578,1.00225,2,t0_only
log_lik[193],-0.548782,0.00152179,0.0947188,0.0928534,-0.710107,-0.54442,-0.398696,3914.36,3514.72,24.2914,1.00038,2,t0_only
log_lik[194],0.250718,0.00144294,0.0777606,0.0769542,0.119127,0.25259,0.375104,2918.5,2938.19,18.1114,1.00123,2,t0_only
log_lik[195],1.14127,0.000711886,0.0425233,0.0442722,1.07231,1.1406,1.21166,3599.66,2850.13,22.3385,1.00004,2,t0_only
log_lik[196],-0.217852,0.00132509,0.0843635,0.0831686,-0.362738,-0.215307,-0.0847776,4111.86,3272.27,25.517,1.00184,2,t0_only
log_lik[197],1.33197,0.000553081,0.0363273,0.0367881,1.2724,1.33201,1.39088,4397.59,2168.57,27.2902,1.00248,2,t0_only
log_lik[198],1.20762,0.000661204,0.0406505,0.0415271,1.1417,1.20762,1.27506,3826.69,2543.83,23.7473,1.00056,2,t0_only
log_lik[199],1.33582,0.000676403,0.0394215,0.0399625,1.2709,1.33616,1.40081,3434.67,2777.88,21.3146,0.99993,2,t0_only
log_lik[200],1.27647,0.000636365,0.0402524,0.0396677,1.20877,1.27682,1.34215,4060.17,2921.32,25.1962,1.00053,2,t0_only
log_lik[201],1.26733,0.000608655,0.0387163,0.0394873,1.20384,1.2666,1.33098,4106.6,2240.58,25.4844,1.00112,2,t0_only
log_lik[202],1.19695,0.00133512,0.065623,0.063603,1.0809,1.2008,1.29705,2456.53,2742.5,15.2445,1.00144,2,t0_only
log_lik[203],1.28657,0.000894624,0.0488428,0.0492772,1.20427,1.28683,1.36447,3032.16,3323.82,18.8167,1.00041,2,t0_only
log_lik[204],1.32611,0.000734269,0.0416054,0.0425265,1.25782,1.32663,1.39338,3253.66,2895.16,20.1913,1.00006,2,t0_only
log_lik[205],0.536351,0.00139806,0.0708522,0.070144,0.417191,0.537537,0.652749,2581.3,2920.69,16.0188,1.00098,2,t0_only
log_lik[206],1.3694,0.00056654,0.0355683,0.0350473,1.31093,1.36865,1.42922,3992.15,2367.78,24.7741,0.999979,2,t0_only
log_lik[207],1.04899,0.00118635,0.0770798,0.0767538,0.918002,1.05194,1.17129,4232.06,3690.54,26.2629,1.00099,2,t0_only
log_lik[208],-0.0633988,0.00146617,0.084914,0.0843322,-0.206394,-0.0609941,0.0713053,3373.67,3492.78,20.936,1.00091,2,t0_only
log_lik[209],1.24031,0.000712752,0.0412251,0.0408702,1.17205,1.24084,1.30627,3420.64,2661.81,21.2275,1.00058,2,t0_only
log_lik[210],1.24615,0.00101286,0.0552544,0.0559569,1.15245,1.24719,1.33346,3026.0,3589.13,18.7785,1.00073,2,t0_only
log_lik[211],1.25928,0.000676758,0.0415882,0.0405532,1.18984,1.25963,1.3274,3824.26,3037.94,23.7322,1.00047,2,t0_only
log_lik[212],0.978559,0.000801162,0.0463295,0.0483768,0.903025,0.977876,1.05481,3377.88,3163.08,20.9621,0.999894,2,t0_only
log_lik[213],0.334818,0.0026418,0.169552,0.165907,0.036396,0.343292,0.59778,4227.84,2779.63,26.2367,1.00125,2,t0_only
log_lik[214],1.16913,0.000867154,0.0477462,0.0477296,1.09003,1.16963,1.24729,3093.35,2720.29,19.1964,1.00059,2,t0_only
log_lik[215],1.19178,0.00135037,0.0664357,0.0644054,1.07448,1.19592,1.29252,2460.06,2703.14,15.2664,1.00144,2,t0_only
log_lik[216],1.33436,0.000665578,0.0383534,0.0380352,1.27066,1.33483,1.39709,3361.18,2471.23,20.8585,1.00027,2,t0_only
log_lik[217],0.992168,0.00112658,0.0565854,0.0566331,0.899211,0.99297,1.08571,2536.83,2741.21,15.7428,1.00037,2,t0_only
log_lik[218],0.991071,0.00179394,0.0943629,0.0918364,0.826068,0.996349,1.13587,2815.37,3014.64,17.4714,1.00126,2,t0_only
log_lik[219],0.772099,0.000862782,0.0504129,0.0518913,0.688101,0.771917,0.854464,3470.89,3454.69,21.5393,1.00018,2,t0_only
log_lik[220],0.462234,0.00141389,0.0727075,0.0720698,0.339921,0.463477,0.580562,2657.52,3081.82,16.4918,1.00111,2,t0_only
log_lik[221],1.33957,0.000647121,0.0384137,0.0383847,1.2758,1.33966,1.40311,3566.9,2809.0,22.1351,0.999968,2,t0_only
log_lik[222],0.74124,0.00132415,0.0652718,0.0646933,0.631855,0.741661,0.848187,2440.01,2856.03,15.142,1.00083,2,t0_only
log_lik[223],1.24461,0.00117781,0.0577415,0.0563782,1.14165,1.24718,1.33365,2413.12,2754.21,14.9751,1.00096,2,t0_only
log_lik[224],0.901147,0.00121557,0.0600924,0.0604956,0.801061,0.901605,0.999655,2456.39,2767.79,15.2437,1.00037,2,t0_only
log_lik[225],1.29386,0.00079485,0.046846,0.0461992,1.21764,1.29454,1.37067,3505.48,3364.26,21.754,1.00033,2,t0_only
log_lik[226],1.3166,0.000780167,0.0435043,0.0443927,1.24515,1.31659,1.3866,3151.56,3082.12,19.5576,1.00023,2,t0_only
log_lik[227],1.2635,0.000672347,0.0398734,0.0397942,1.19795,1.26402,1.32831,3608.15,2559.16,22.3911,1.00087,2,t0_only
log_lik[228],1.30956,0.000560749,0.0376412,0.0367493,1.24571,1.30969,1.37159,4555.96,2467.63,28.2729,1.00045,2,t0_only
log_lik[229],1.2413,0.000710982,0.0411683,0.0408375,1.17312,1.24185,1.30728,3426.17,2661.81,21.2618,1.00056,2,t0_only
log_lik[230],1.2373,0.000718074,0.0413961,0.0412545,1.16855,1.23795,1.3035,3399.97,2661.81,21.0992,1.0006,2,t0_only
log_lik[231],0.883174,0.00123073,0.0607285,0.060972,0.781563,0.883731,0.98235,2447.34,2759.88,15.1875,1.00047,2,t0_only
log_lik[232],1.08098,0.000750379,0.0440371,0.0460373,1.00898,1.08054,1.15391,3468.56,2875.39,21.5248,0.999974,2,t0_only
log_lik[233],0.946591,0.00104942,0.0540363,0.0532492,0.853353,0.948709,1.03261,2729.16,2841.32,16.9364,1.0002,2,t0_only
log_lik[234],1.36002,0.000545159,0.0353809,0.035247,1.30049,1.36043,1.41841,4257.4,2350.12,26.4202,1.00046,2,t0_only
log_lik[235],1.33513,0.000591532,0.0366967,0.0363285,1.27431,1.33573,1.3961,3934.22,2155.28,24.4146,1.00042,2,t0_only
log_lik[236],1.17089,0.00140915,0.069652,0.067565,1.04829,1.17563,1.27564,2483.9,2742.97,15.4143,1.00161,2,t0_only
log_lik[237],0.371122,0.00142767,0.0749184,0.0742179,0.244668,0.372261,0.492762,2766.74,3119.24,17.1696,1.00133,2,t0_only
log_lik[238],0.421042,0.00142081,0.0737151,0.0728991,0.296582,0.422693,0.541048,2706.97,3081.65,16.7987,1.00117,2,t0_only
log_lik[239],0.204497,0.0012444,0.0743135,0.0734553,0.0789819,0.206516,0.323587,3644.91,3265.27,22.6192,1.0023,2,t0_only
log_lik[240],0.935883,0.00105645,0.0543998,0.0537642,0.841658,0.938039,1.02249,2730.29,2884.96,16.9434,1.00035,2,t0_only
log_lik[241],0.670428,0.00187553,0.126528,0.126282,0.454953,0.674567,0.872363,4614.4,3231.14,28.6356,1.00072,2,t0_only
log_lik[242],1.00005,0.00177823,0.0932164,0.0908166,0.836923,1.00518,1.14269,2794.77,2990.3,17.3435,1.0013,2,t0_only
log_lik[243],0.393025,0.00142485,0.0743926,0.073665,0.26743,0.394551,0.513943,2740.11,3119.34,17.0043,1.00117,2,t0_only
log_lik[244],1.3428,0.00060976,0.0372391,0.0366275,1.28074,1.34258,1.40432,3691.86,2674.95,22.9106,1.00005,2,t0_only
log_lik[245],1.10513,0.00098057,0.0513425,0.0519029,1.02099,1.10584,1.18935,2773.3,2720.04,17.2103,1.00077,2,t0_only
log_lik[246],-0.456645,0.00125295,0.0758863,0.0740723,-0.585395,-0.454113,-0.336216,3731.66,3308.89,23.1576,1.00021,2,t0_only
log_lik[247],1.21854,0.000750306,0.0424403,0.0424336,1.14714,1.21956,1.28577,3288.84,2786.95,20.4096,1.00068,2,t0_only
log_lik[248],1.31975,0.000562051,0.0367942,0.0373833,1.25989,1.31951,1.37989,4353.5,2232.47,27.0165,1.00258,2,t0_only
log_lik[249],0.848103,0.00164744,0.105897,0.106438,0.664979,0.8526,1.01756,4173.5,3101.18,25.8995,1.00095,2,t0_only
log_lik[250],-0.388228,0.00494692,0.244777,0.249291,-0.802753,-0.379841,0.00327011,2436.1,3522.01,15.1177,1.00027,2,t0_only
log_lik[251],1.29184,0.000586205,0.0378421,0.0389801,1.23003,1.2911,1.35392,4234.89,2247.72,26.2805,1.00198,2,t0_only
log_lik[252],1.33946,0.000564687,0.0359235,0.0349487,1.27986,1.33932,1.40015,4095.3,2455.33,25.4142,1.00027,2,t0_only
log_lik[253],0.390943,0.00142513,0.0744427,0.0737426,0.265212,0.392379,0.511835,2743.08,3119.34,17.0228,1.00121,2,t0_only
log_lik[254],0.524467,0.0012135,0.0662198,0.0665634,0.412888,0.525847,0.631113,3044.86,3051.0,18.8955,1.00164,2,t0_only
log_lik[255],1.34346,0.000546741,0.0358984,0.0358963,1.28364,1.34349,1.40213,4388.7,2008.17,27.235,1.00199,2,t0_only
log_lik[256],-0.217852,0.00132509,0.0843635,0.0831686,-0.362738,-0.215307,-0.0847776,4111.86,3272.27,25.517,1.00184,2,t0_only
log_lik[257],0.796472,0.00171196,0.111923,0.112188,0.603374,0.800205,0.976179,4318.21,3076.15,26.7975,1.00091,2,t0_only
log_lik[258],1.34577,0.000675568,0.0399075,0.0397386,1.28042,1.34592,1.411,3526.74,2910.85,21.8859,0.99975,2,t0_only
log_lik[259],1.34124,0.000630795,0.0378837,0.0376539,1.27827,1.34146,1.40389,3645.86,2783.6,22.6252,1.00001,2,t0_only
log_lik[260],1.0588,0.00117087,0.0758883,0.075886,0.929622,1.06187,1.17929,4209.91,3537.8,26.1255,1.00103,2,t0_only
log_lik[261],1.32046,0.00080888,0.0425393,0.0420886,1.2486,1.32184,1.38839,2799.4,2805.61,17.3723,1.00054,2,t0_only
log_lik[262],0.696931,0.00218732,0.129411,0.126032,0.473533,0.704001,0.895824,3559.61,3190.48,22.0899,1.00148,2,t0_only
log_lik[263],-1.79535,0.00273968,0.130548,0.129704,-2.02,-1.78948,-1.58889,2297.07,2515.93,14.2549,1.00145,2,t0_only
log_lik[264],0.983468,0.00180704,0.0953285,0.092905,0.816893,0.988805,1.12919,2831.58,3138.32,17.572,1.00127,2,t0_only
log_lik[265],1.08284,0.0016189,0.0822822,0.0798696,0.937803,1.0877,1.20784,2624.49,2964.49,16.2868,1.00136,2,t0_only
log_lik[266],0.679695,0.000881161,0.0521633,0.0540227,0.591336,0.680181,0.764611,3564.8,3620.01,22.1221,1.0005,2,t0_only
log_lik[267],-0.123989,0.00106195,0.0684417,0.0671577,-0.240416,-0.121229,-0.0147916,4238.72,3355.28,26.3043,1.00073,2,t0_only
log_lik[268],1.3368,0.000669357,0.0391726,0.0396584,1.27226,1.33689,1.40124,3464.44,2818.86,21.4993,0.999938,2,t0_only
log_lik[269],1.24757,0.00087985,0.0527271,0.0511848,1.15852,1.24787,1.33387,3622.68,3386.52,22.4813,1.00044,2,t0_only
log_lik[270],1.2797,0.000597301,0.0382811,0.0392751,1.21718,1.27897,1.3425,4167.49,2244.79,25.8622,1.00168,2,t0_only
log_lik[271],1.33718,0.000561189,0.0358973,0.0348379,1.27738,1.33682,1.39846,4145.41,2290.24,25.7252,1.00028,2,t0_only
log_lik[272],1.36149,0.000544975,0.0353527,0.0349762,1.30201,1.36175,1.4201,4254.44,2309.96,26.4018,1.00039,2,t0_only
log_lik[273],0.724448,0.000872857,0.0513164,0.0528704,0.637746,0.724462,0.808168,3513.26,3552.84,21.8023,1.00029,2,t0_only
log_lik[274],1.22086,0.00065004,0.0402441,0.040949,1.15575,1.22085,1.28788,3884.53,2390.7,24.1062,1.00062,2,t0_only
log_lik[275],-1.10462,0.00161579,0.100718,0.0995753,-1.27513,-1.10251,-0.941912,3919.21,3175.69,24.3215,1.00076,2,t0_only
log_lik[276],1.29582,0.000617568,0.0379219,0.0380734,1.23342,1.29576,1.35766,3860.09,2441.83,23.9546,1.0004,2,t0_only
log_lik[277],1.28015,0.000644207,0.0388729,0.0389738,1.21527,1.28013,1.34324,3722.55,2383.29,23.101,1.00061,2,t0_only
log_lik[278],-2.07484,0.00303663,0.141738,0.139955,-2.32063,-2.06724,-1.85073,2215.14,2197.06,13.7465,1.0016,2,t0_only
log_lik[279],0.236844,0.0014444,0.0780838,0.0773269,0.105054,0.238559,0.36164,2937.76,2938.19,18.2309,1.00114,2,t0_only
log_lik[280],0.252793,0.00124307,0.073112,0.0724747,0.130229,0.254632,0.370403,3538.96,3294.18,21.9618,1.00224,2,t0_only
log_lik[281],0.729394,0.00116001,0.0607095,0.0600538,0.62573,0.73131,0.82554,2802.59,3031.01,17.392,1.00111,2,t0_only
log_lik[282],1.00392,0.00111357,0.0560921,0.0563023,0.912172,1.00494,1.09663,2555.29,2717.45,15.8574,1.00043,2,t0_only
log_lik[283],-0.690919,0.00144108,0.0930648,0.0920278,-0.848194,-0.688567,-0.539948,4219.64,3591.71,26.1859,1.00136,2,t0_only
log_lik[284],0.236844,0.0014444,0.0780838,0.0773269,0.105054,0.238559,0.36164,2937.76,2938.19,18.2309,1.00114,2,t0_only
log_lik[285],-0.25062,0.00133241,0.0850838,0.0837661,-0.396006,-0.247794,-0.116628,4136.06,3331.03,25.6672,1.00182,2,t0_only
log_lik[286],0.261371,0.00144177,0.0775118,0.0767206,0.13064,0.263158,0.38523,2903.98,2970.83,18.0213,1.00125,2,t0_only
log_lik[287],-0.760011,0.00155312,0.0978938,0.0963379,-0.927276,-0.755713,-0.605815,4012.41,3211.79,24.8998,1.00056,2,t0_only
log_lik[288],0.904925,0.00107551,0.0554257,0.0551478,0.808872,0.907097,0.993798,2734.24,2869.38,16.9679,1.00072,2,t0_only
log_lik[289],1.35751,0.000545176,0.0354406,0.0354974,1.29798,1.35803,1.41576,4288.5,2254.43,26.6132,1.00072,2,t0_only
log_lik[290],1.36368,0.000545216,0.0353249,0.0349023,1.30418,1.36381,1.42243,4239.79,2152.14,26.3109,1.00017,2,t0_only
log_lik[291],0.53072,0.000892199,0.0550081,0.0561404,0.438079,0.532213,0.620179,3847.79,3615.92,23.8782,1.0006,2,t0_only
log_lik[292],1.30396,0.000832517,0.0458406,0.0464611,1.22772,1.30418,1.37761,3080.71,3157.01,19.118,1.00029,2,t0_only
log_lik[293],0.311219,0.00143399,0.0763415,0.0751707,0.181693,0.312593,0.433824,2841.19,2943.94,17.6316,1.00131,2,t0_only
log_lik[294],1.04346,0.000770964,0.0449106,0.0467097,0.970194,1.04296,1.11802,3421.25,3023.84,21.2313,0.999942,2,t0_only
log_lik[295],1.28857,0.000887931,0.0485073,0.0487769,1.20687,1.28877,1.36612,3035.92,3382.65,18.84,1.00041,2,t0_only
log_lik[296],0.481661,0.00141018,0.072227,0.0714028,0.360433,0.482923,0.599745,2638.6,3006.46,16.3744,1.00109,2,t0_only
log_lik[297],1.0984,0.00130748,0.0755645,0.0752208,0.969019,1.10119,1.22008,3379.24,3332.59,20.9706,1.00067,2,t0_only
log_lik[298],0.989011,0.00113,0.0567161,0.0566373,0.89572,0.989842,1.08291,2534.22,2781.63,15.7266,1.00038,2,t0_only
log_lik[299],1.0613,0.000761478,0.0445008,0.0462993,0.988441,1.06068,1.13514,3447.11,2990.36,21.3918,0.999957,2,t0_only
log_lik[300],1.30615,0.000567679,0.0379012,0.0370418,1.2422,1.30647,1.3685,4510.19,2397.21,27.9889,1.00043,2,t0_only
log_lik[301],0.248585,0.00144317,0.0778103,0.0769608,0.116696,0.250429,0.373037,2921.22,2938.19,18.1282,1.00124,2,t0_only
log_lik[302],-0.117048,0.0014695,0.086097,0.0849151,-0.262254,-0.113975,0.0195121,3456.84,3399.73,21.4521,1.00111,2,t0_only
log_lik[303],0.279977,0.0012421,0.072433,0.0715676,0.158349,0.281221,0.396984,3476.03,3351.89,21.5712,1.00228,2,t0_only
log_lik[304],1.32062,0.000553515,0.0368656,0.0358682,1.25889,1.32055,1.38152,4640.73,2280.63,28.799,1.00045,2,t0_only
log_lik[305],-1.98329,0.00263999,0.126378,0.126043,-2.19852,-1.97778,-1.77964,2313.56,2456.98,14.3573,1.00149,2,t0_only
log_lik[306],-0.639649,0.00142744,0.0923362,0.0913126,-0.795896,-0.637823,-0.491171,4233.68,3492.64,26.273,1.00137,2,t0_only
log_lik[307],-0.89584,0.00157566,0.0993831,0.097661,-1.06542,-0.892782,-0.737695,4019.81,3175.96,24.9458,1.00065,2,t0_only
log_lik[308],0.542378,0.00139657,0.0706985,0.069896,0.423349,0.543506,0.658638,2574.57,2898.54,15.977,1.00099,2,t0_only
log_lik[309],-0.053221,0.00128997,0.0805809,0.078959,-0.190886,-0.050658,0.0747783,3950.26,3137.62,24.5142,1.00195,2,t0_only
log_lik[310],-2.22518,0.00404507,0.184404,0.176547,-2.55332,-2.21285,-1.94439,2152.13,1980.87,13.3555,1.00179,2,t0_only
log_lik[311],-0.0995233,0.00146841,0.0857122,0.0847067,-0.244324,-0.0969263,0.0370485,3430.13,3370.2,21.2864,1.00109,2,t0_only
log_lik[312],-1.85563,0.00301532,0.141273,0.137602,-2.10127,-1.84959,-1.63164,2230.72,2435.06,13.8432,1.00154,2,t0_only
log_lik[313],0.158096,0.00124775,0.0754615,0.074783,0.0310053,0.160119,0.279022,3704.0,3268.86,22.9859,1.00213,2,t0_only
log_lik[314],0.926422,0.00119289,0.059169,0.0589546,0.82773,0.927327,1.024,2471.68,2731.12,15.3385,1.00035,2,t0_only
log_lik[315],1.2991,0.000583132,0.0384528,0.0375178,1.23431,1.29916,1.36236,4408.61,2730.06,27.3585,1.0004,2,t0_only
log_lik[316],1.26831,0.000607762,0.0386825,0.0395211,1.20479,1.26761,1.33173,4111.7,2240.58,25.516,1.00118,2,t0_only
log_lik[317],-1.54841,0.00179879,0.101968,0.0992444,-1.72011,-1.54736,-1.3823,3211.74,3087.79,19.9311,1.00096,2,t0_only
log_lik[318],-0.718231,0.00144848,0.0934281,0.0926816,-0.877052,-0.715939,-0.566473,4206.89,3592.0,26.1068,1.00134,2,t0_only
log_lik[319],1.21916,0.000651494,0.0402971,0.0410081,1.15386,1.21909,1.28621,3876.55,2392.72,24.0567,1.00061,2,t0_only
log_lik[320],1.09976,0.00158245,0.0799502,0.0771439,0.958675,1.10458,1.22066,2593.49,2964.55,16.0944,1.00139,2,t0_only
log_lik[321],1.25991,0.000615444,0.0389718,0.039687,1.19623,1.25919,1.32388,4059.48,2260.0,25.192,1.00113,2,t0_only
log_lik[322],1.07911,0.00162672,0.0827903,0.0801562,0.933125,1.08396,1.20475,2632.92,2964.49,16.3392,1.00135,2,t0_only
log_lik[323],1.32821,0.000742552,0.0404564,0.0397684,1.26061,1.3289,1.39348,2996.46,2797.97,18.5951,1.00015,2,t0_only
log_lik[324],1.3344,0.000686057,0.0397687,0.0403453,1.26899,1.33477,1.40013,3399.09,2769.26,21.0938,1.00009,2,t0_only
log_lik[325],0.461977,0.00248159,0.155634,0.152028,0.188386,0.471153,0.703195,4027.39,2941.53,24.9928,1.0012,2,t0_only
log_lik[326],1.31894,0.000820281,0.0429193,0.0425707,1.24631,1.32036,1.38711,2774.73,2725.42,17.2192,1.00044,2,t0_only
log_lik[327],-1.44217,0.00185193,0.101949,0.100875,-1.61803,-1.44067,-1.27816,3027.14,3166.99,18.7855,1.00117,2,t0_only
log_lik[328],1.33253,0.000581471,0.0364529,0.0360619,1.27221,1.33292,1.39319,4089.06,2437.2,25.3755,1.00046,2,t0_only
log_lik[329],1.17558,0.00139633,0.0689392,0.066768,1.0542,1.18003,1.2792,2477.17,2742.97,15.3726,1.00154,2,t0_only
log_lik[330],1.29971,0.000940473,0.0472784,0.046445,1.21799,1.3018,1.37386,2562.6,2568.05,15.9027,1.00043,2,t0_only
log_lik[331],1.23931,0.000714524,0.041282,0.0409712,1.17097,1.2399,1.30535,3414.65,2661.81,21.1903,1.00058,2,t0_only
log_lik[332],1.33187,0.00058037,0.0364393,0.035869,1.27144,1.33202,1.39234,4094.35,2468.49,25.4084,1.00047,2,t0_only
log_lik[333],0.869781,0.000838843,0.0485329,0.0504256,0.789187,0.869557,0.948925,3392.37,3329.43,21.0521,0.999841,2,t0_only
log_lik[334],1.21469,0.00108911,0.0598923,0.0607071,1.11285,1.21664,1.30964,3069.48,3590.14,19.0483,1.00069,2,t0_only
log_lik[335],0.286238,0.00124185,0.0722764,0.0714432,0.165091,0.28759,0.403186,3463.02,3350.1,21.4905,1.00224,2,t0_only
log_lik[336],1.33479,0.000551286,0.0362205,0.0365413,1.2753,1.33486,1.39368,4410.93,2192.53,27.3729,1.0023,2,t0_only
log_lik[337],0.198151,0.00282216,0.184365,0.181238,-0.12786,0.208552,0.483623,4380.42,2800.78,27.1836,1.00089,2,t0_only
log_lik[338],0.660885,0.00188849,0.127631,0.127529,0.443726,0.665401,0.863926,4633.17,3287.58,28.7521,1.00081,2,t0_only
log_lik[339],-0.373986,0.00149943,0.0914818,0.0905552,-0.531948,-0.369998,-0.229695,3757.51,3615.79,23.318,1.00063,2,t0_only
log_lik[340],1.11397,0.000966904,0.0508772,0.0514869,1.03119,1.11461,1.1979,2802.43,2700.92,17.3911,1.00075,2,t0_only
log_lik[341],1.25484,0.000620049,0.0391435,0.0398776,1.19096,1.25405,1.31908,4035.19,2392.21,25.0412,1.00118,2,t0_only
log_lik[342],0.0669716,0.00126575,0.0776946,0.0763261,-0.0646857,0.0691117,0.190493,3806.03,3303.57,23.6191,1.00185,2,t0_only
log_lik[343],-0.0596067,0.00129129,0.0807318,0.0791154,-0.197599,-0.0568424,0.0686061,3956.55,3137.62,24.5532,1.00198,2,t0_only
log_lik[344],0.884896,0.00122931,0.0606683,0.0609389,0.783446,0.885411,0.983909,2448.04,2759.88,15.1918,1.00045,2,t0_only
log_lik[345],-0.473632,0.00151177,0.0933829,0.092108,-0.633199,-0.469232,-0.326375,3857.35,3547.37,23.9376,1.00043,2,t0_only
log_lik[346],0.399265,0.00142399,0.0742422,0.0735338,0.273911,0.400963,0.520175,2733.77,3145.3,16.965,1.00114,2,t0_only
log_lik[347],0.973885,0.00114596,0.0573327,0.0571437,0.879177,0.974707,1.06918,2516.26,2822.6,15.6152,1.00042,2,t0_only
log_lik[348],-0.401536,0.00136756,0.0882149,0.0862718,-0.552207,-0.399784,-0.260931,4214.91,3452.33,26.1565,1.00165,2,t0_only
log_lik[349],1.05577,0.000962713,0.050015,0.0498164,0.968837,1.05772,1.13598,2779.62,2773.9,17.2495,1.00097,2,t0_only
log_lik[350],0.5283,0.00140001,0.0710568,0.0702942,0.408788,0.529673,0.645079,2589.72,2920.75,16.071,1.00101,2,t0_only
log_lik[351],-1.18873,0.00162315,0.09767,0.0963639,-1.35864,-1.1872,-1.02919,3632.9,3388.57,22.5447,1.00127,2,t0_only
log_lik[352],1.20857,0.00129969,0.0637687,0.0618401,1.0954,1.21191,1.3066,2448.7,2803.39,15.1959,1.00128,2,t0_only
log_lik[353],-1.19266,0.00163659,0.100962,0.0991303,-1.36428,-1.19035,-1.02911,3830.79,3187.05,23.7727,1.00081,2,t0_only
log_lik[354],1.18542,0.000679151,0.0413057,0.0421299,1.11864,1.18494,1.2547,3736.87,2718.18,23.1899,1.00043,2,t0_only
log_lik[355],0.504467,0.00121733,0.0667377,0.0670099,0.392032,0.505561,0.612054,3074.6,2977.68,19.08,1.00175,2,t0_only
log_lik[356],1.13357,0.00150456,0.0751653,0.072904,1.0007,1.13824,1.24792,2537.74,2895.94,15.7485,1.00147,2,t0_only
log_lik[357],1.1586,0.00101868,0.0637292,0.0633384,1.05014,1.15995,1.26033,3923.91,3292.36,24.3507,1.00027,2,t0_only
log_lik[358],1.22372,0.000755094,0.0441893,0.04391,1.14947,1.22406,1.29594,3457.9,2882.7,21.4587,1.00065,2,t0_only
log_lik[359],1.36826,0.00058993,0.0362559,0.0356374,1.30926,1.3676,1.42861,3816.28,2784.24,23.6827,1.00003,2,t0_only
log_lik[360],0.761383,0.000865173,0.0506165,0.0521789,0.67669,0.761287,0.844187,3477.2,3518.65,21.5785,1.00026,2,t0_only
log_lik[361],1.30911,0.000812106,0.0449084,0.0455963,1.23474,1.30923,1.38146,3106.08,3172.15,19.2754,1.00029,2,t0_only
log_lik[362],1.36797,0.000592033,0.036327,0.035535,1.30908,1.36717,1.42836,3805.86,2804.48,23.6181,1.0,2,t0_only
log_lik[363],1.16791,0.000869561,0.0478197,0.0478179,1.08877,1.1684,1.24616,3083.36,2720.29,19.1345,1.00062,2,t0_only
log_lik[364],1.12536,0.000885663,0.0470646,0.0469437,1.04362,1.12727,1.19985,2916.18,2765.64,18.097,1.00097,2,t0_only
log_lik[365],0.20134,0.00124447,0.0743918,0.0735523,0.0758141,0.203419,0.320467,3648.34,3210.83,22.6405,1.00234,2,t0_only
log_lik[366],1.00809,0.00100421,0.0518488,0.0513143,0.918033,1.01013,1.09102,2747.74,2954.53,17.0516,1.00049,2,t0_only
log_lik[367],1.05614,0.00104997,0.0537634,0.0542592,0.967889,1.05702,1.14556,2650.96,2707.76,16.4511,1.00049,2,t0_only
log_lik[368],1.32021,0.000810768,0.0426018,0.0420652,1.24819,1.32162,1.38815,2795.27,2826.52,17.3466,1.00055,2,t0_only
log_lik[369],1.30983,0.000560231,0.0376204,0.0367299,1.24602,1.30994,1.37184,4559.26,2467.63,28.2934,1.00045,2,t0_only
log_lik[370],0.184483,0.00124483,0.0748095,0.0740641,0.0584315,0.18641,0.30389,3668.82,3132.22,22.7676,1.00209,2,t0_only
log_lik[371],-1.26595,0.0016572,0.101066,0.0987218,-1.43664,-1.26412,-1.1028,3740.47,3189.14,23.2123,1.00081,2,t0_only
log_lik[372],0.908543,0.00082706,0.0477661,0.0494705,0.82875,0.908466,0.986111,3381.3,3343.93,20.9834,0.999859,2,t0_only
log_lik[373],-1.58654,0.00210033,0.108538,0.109458,-1.77322,-1.58269,-1.41288,2670.21,3017.0,16.5705,1.00124,2,t0_only
log_lik[374],0.810768,0.00112334,0.0583541,0.0575639,0.711216,0.812844,0.903756,2749.14,2969.73,17.0603,1.00092,2,t0_only
log_lik[375],-2.17079,0.00360556,0.165363,0.160466,-2.46065,-2.16012,-1.91466,2158.8,2044.85,13.3969,1.00174,2,t0_only
log_lik[376],-0.70613,0.0015447,0.0971758,0.0959155,-0.872101,-0.701414,-0.553641,3996.83,3250.08,24.8031,1.00052,2,t0_only
log_lik[377],0.463259,0.0014137,0.0726823,0.0720313,0.340895,0.46452,0.581601,2656.21,3081.9,16.4837,1.0011,2,t0_only
log_lik[378],-0.153202,0.00147542,0.0868854,0.0852171,-0.300009,-0.149835,-0.0153671,3505.44,3411.33,21.7537,1.00083,2,t0_only
log_lik[379],1.08187,0.000937246,0.0489506,0.048786,0.997278,1.08375,1.16025,2808.65,2702.07,17.4297,1.00125,2,t0_only
log_lik[380],1.30816,0.000563514,0.0377471,0.036815,1.24417,1.30839,1.37037,4536.52,2468.04,28.1523,1.00044,2,t0_only
log_lik[381],1.28096,0.000642836,0.0388238,0.0387609,1.2163,1.28101,1.34394,3729.26,2383.29,23.1427,1.0006,2,t0_only
log_lik[382],0.812559,0.00112255,0.0583006,0.0576091,0.713125,0.814595,0.905379,2748.16,2969.73,17.0542,1.00092,2,t0_only
log_lik[383],1.32007,0.000739771,0.0434192,0.0435898,1.24966,1.32072,1.39144,3485.36,3231.57,21.6291,0.999843,2,t0_only
log_lik[384],0.889614,0.00108428,0.0559203,0.0554386,0.793107,0.891995,0.979091,2737.56,2797.14,16.9885,1.00069,2,t0_only
log_lik[385],-0.829519,0.0015644,0.0987154,0.0972977,-0.998968,-0.825613,-0.673161,4020.45,3083.18,24.9497,1.0006,2,t0_only
log_lik[386],0.288657,0.00249623,0.170719,0.169679,-0.00192506,0.296992,0.556493,4798.76,3335.31,29.7797,1.00044,2,t0_only
log_lik[387],1.36951,0.000575777,0.0358138,0.0355698,1.31056,1.36864,1.42941,3918.44,2415.78,24.3167,0.999991,2,t0_only
log_lik[388],0.497949,0.00140684,0.0718211,0.0712632,0.377164,0.499029,0.615879,2620.99,2944.03,16.2651,1.00105,2,t0_only
log_lik[389],0.692319,0.00219329,0.129936,0.126503,0.468189,0.699427,0.89205,3568.56,3190.48,22.1454,1.00145,2,t0_only
log_lik[390],0.98028,0.0011393,0.057074,0.0570038,0.886087,0.981111,1.0751,2523.33,2823.47,15.659,1.0004,2,t0_only
log_lik[391],1.33202,0.000701069,0.0403225,0.04098,1.2658,1.3324,1.39813,3345.37,2852.08,20.7604,1.00022,2,t0_only
log_lik[392],1.12735,0.000883155,0.0469742,0.0468813,1.04569,1.12925,1.20156,2921.4,2765.64,18.1293,1.00096,2,t0_only
log_lik[393],-1.6186,0.00186251,0.102917,0.0999564,-1.79099,-1.61656,-1.45006,3074.27,3077.65,19.078,1.00102,2,t0_only
log_lik[394],1.00029,0.00101043,0.0521363,0.0516161,0.910176,1.00232,1.08357,2742.6,3001.18,17.0198,1.00043,2,t0_only
log_lik[395],0.948753,0.00117145,0.0583227,0.0581162,0.851977,0.949572,1.0454,2489.66,2833.04,15.4501,1.00034,2,t0_only
log_lik[396],1.09243,0.000743598,0.0437609,0.045577,1.02132,1.09185,1.16497,3482.11,2811.09,21.609,0.99998,2,t0_only
log_lik[397],1.34484,0.000678199,0.0400399,0.0399459,1.27956,1.34505,1.41024,3522.83,2909.77,21.8616,0.999747,2,t0_only
log_lik[398],1.36354,0.000545178,0.035326,0.0349416,1.30408,1.36369,1.42227,4239.71,2214.67,26.3104,1.0002,2,t0_only
log_lik[399],1.05741,0.00117305,0.076057,0.0760847,0.927985,1.06038,1.178,4214.01,3537.8,26.1509,1.001,2,t0_only
log_lik[400],1.34326,0.000599205,0.0369342,0.036217,1.28222,1.34298,1.4044,3756.39,2550.41,23.3111,1.00008,2,t0_only
log_lik[401],1.32107,0.000569946,0.0364688,0.0364328,1.26115,1.32086,1.38163,4167.47,2451.3,25.8621,1.00038,2,t0_only
log_lik[402],1.06645,0.00165279,0.0845056,0.0820354,0.916965,1.07148,1.19532,2656.98,3010.95,16.4884,1.00136,2,t0_only
log_lik[403],0.872804,0.00123913,0.0610883,0.0614522,0.770468,0.873372,0.972425,2442.89,2720.13,15.1599,1.00044,2,t0_only
log_lik[404],1.28473,0.000592685,0.0381005,0.0392941,1.22232,1.28403,1.34718,4193.9,2306.61,26.0261,1.00179,2,t0_only
log_lik[405],1.29474,0.00061969,0.0379873,0.03812,1.23211,1.29456,1.35657,3841.52,2441.1,23.8393,1.0004,2,t0_only
log_lik[406],1.2691,0.000949301,0.0516929,0.0524654,1.18157,1.2695,1.35107,3013.68,3426.7,18.702,1.00065,2,t0_only
log_lik[407],1.29271,0.000585416,0.0378102,0.0389171,1.23098,1.29204,1.35477,4231.84,2247.72,26.2616,1.00201,2,t0_only
log_lik[408],1.21036,0.000763811,0.0428828,0.0430782,1.13757,1.21153,1.2784,3243.87,2777.31,20.1305,1.00072,2,t0_only
log_lik[409],1.36257,0.000619773,0.0373663,0.0371815,1.30169,1.3623,1.42454,3670.71,2901.76,22.7794,1.00019,2,t0_only
log_lik[410],1.35916,0.00063308,0.0379228,0.03784,1.2975,1.35887,1.42172,3619.37,2911.67,22.4608,0.999981,2,t0_only
log_lik[411],1.2594,0.000615902,0.0389889,0.0397412,1.19574,1.25858,1.3234,4057.11,2260.0,25.1772,1.00117,2,t0_only
log_lik[412],1.3195,0.000766902,0.0429409,0.0439761,1.24921,1.31971,1.38861,3180.36,3009.65,19.7364,1.0002,2,t0_only
log_lik[413],0.576326,0.00138746,0.0698234,0.0691387,0.459071,0.577074,0.691032,2540.22,2943.19,15.7639,1.00088,2,t0_only
log_lik[414],1.21859,0.000651979,0.0403147,0.0410524,1.15331,1.21854,1.28571,3874.44,2392.72,24.0436,1.00061,2,t0_only
log_lik[415],1.00279,0.00144936,0.0874798,0.0874555,0.852172,1.00592,1.14332,3687.58,3268.19,22.884,1.00123,2,t0_only
log_lik[416],1.36938,0.000566195,0.03556,0.0350553,1.31087,1.36864,1.42918,3996.48,2367.78,24.801,0.999958,2,t0_only
log_lik[417],1.22635,0.000915179,0.0553774,0.0537639,1.13292,1.22721,1.31713,3691.19,3595.2,22.9064,1.00048,2,t0_only
log_lik[418],1.32608,0.000569678,0.0365686,0.0361519,1.26447,1.32611,1.38654,4401.05,2292.37,27.3117,1.00046,2,t0_only
log_lik[419],0.417937,0.00142128,0.0737905,0.0729322,0.293275,0.419614,0.538076,2710.6,3106.84,16.8212,1.00116,2,t0_only
log_lik[420],-0.860817,0.00156965,0.099045,0.097155,-1.02978,-0.857197,-0.703058,4018.68,3097.2,24.9387,1.00063,2,t0_only
log_lik[421],1.22463,0.000917883,0.055591,0.0540124,1.13081,1.22563,1.31588,3698.44,3595.2,22.9515,1.00051,2,t0_only
log_lik[422],1.31193,0.000568467,0.0370919,0.0380755,1.25189,1.31142,1.37268,4316.44,2213.53,26.7865,1.00226,2,t0_only
log_lik[423],1.09223,0.00111898,0.0718233,0.0716704,0.969774,1.09452,1.20574,4127.33,3661.92,25.613,1.00085,2,t0_only
log_lik[424],-1.11874,0.00158592,0.0971089,0.095917,-1.28388,-1.11753,-0.960144,3769.61,3553.01,23.3931,1.00128,2,t0_only
log_lik[425],1.35029,0.000544706,0.0356595,0.0356386,1.2906,1.35064,1.4087,4354.79,2219.82,27.0245,1.00184,2,t0_only
log_lik[426],1.16426,0.00119331,0.0669131,0.0674973,1.05039,1.16662,1.27153,3181.15,3455.07,19.7413,1.0004,2,t0_only
log_lik[427],1.36864,0.00058687,0.0361548,0.0358227,1.30951,1.36803,1.42895,3835.58,2774.72,23.8025,1.00009,2,t0_only
log_lik[428],1.13127,0.000938204,0.0499393,0.0500212,1.04924,1.13191,1.21277,2868.15,2681.34,17.7989,1.00069,2,t0_only
log_lik[429],1.27729,0.000649066,0.0390464,0.0391724,1.21223,1.27726,1.34065,3699.95,2385.95,22.9608,1.0007,2,t0_only
log_lik[430],0.717796,0.00133538,0.0659569,0.0652064,0.60762,0.718253,0.825776,2448.51,2813.41,15.1947,1.00091,2,t0_only
log_lik[431],1.35772,0.000638245,0.0381477,0.0379718,1.29591,1.35773,1.42065,3605.49,2914.22,22.3746,1.00002,2,t0_only
log_lik[432],-0.106754,0.00327058,0.216725,0.214811,-0.486778,-0.0944722,0.226407,4513.45,2611.21,28.0092,1.00092,2,t0_only
log_lik[433],1.23075,0.00122711,0.0601147,0.0584235,1.12319,1.23342,1.32358,2412.93,2784.51,14.9739,1.00095,2,t0_only
log_lik[434],0.908306,0.00107352,0.0553154,0.0549493,0.81257,0.910473,0.996909,2732.92,2892.82,16.9597,1.00072,2,t0_only
log_lik[435],1.06852,0.00103339,0.0531751,0.0537943,0.981367,1.06954,1.15669,2677.44,2742.62,16.6154,1.00047,2,t0_only
log_lik[436],0.576215,0.000887223,0.0541324,0.0551728,0.484635,0.577448,0.664892,3768.5,3616.95,23.3862,1.00066,2,t0_only
log_lik[437],0.63737,0.00118848,0.0632401,0.0638255,0.529915,0.638977,0.73824,2901.76,3130.55,18.0075,1.00164,2,t0_only
log_lik[438],0.638274,0.00136769,0.0681796,0.0677173,0.524161,0.638931,0.749718,2497.46,2876.1,15.4985,1.00095,2,t0_only
log_lik[439],1.34932,0.000665279,0.0393998,0.0390655,1.2852,1.34927,1.41401,3545.2,2868.4,22.0005,0.999767,2,t0_only
log_lik[440],1.36859,0.000560267,0.035431,0.0346537,1.30995,1.36803,1.42826,4042.14,2358.04,25.0843,0.999992,2,t0_only
log_lik[441],-1.1721,0.00163141,0.100919,0.0995,-1.34328,-1.1699,-1.00885,3852.82,3241.01,23.9095,1.0008,2,t0_only
log_lik[442],-1.9523,0.00252996,0.122373,0.122958,-2.16006,-1.94773,-1.75529,2359.03,2636.4,14.6394,1.00144,2,t0_only
log_lik[443],1.31116,0.000569119,0.0371211,0.0381412,1.25104,1.31067,1.37203,4313.58,2294.2,26.7688,1.00224,2,t0_only
log_lik[444],1.29184,0.000586205,0.0378421,0.0389801,1.23003,1.2911,1.35392,4234.89,2247.72,26.2805,1.00198,2,t0_only
log_lik[445],1.20302,0.00111492,0.0615563,0.0627033,1.09802,1.20527,1.30056,3092.38,3590.7,19.1904,1.00064,2,t0_only
log_lik[446],1.27368,0.00083333,0.0494307,0.048489,1.19189,1.27471,1.35438,3548.85,3360.78,22.0231,1.00047,2,t0_only
log_lik[447],1.30184,0.000778816,0.0458131,0.0456395,1.22708,1.30238,1.37702,3491.27,3179.28,21.6658,1.00018,2,t0_only
log_lik[448],1.01707,0.00109847,0.0555274,0.0554607,0.92614,1.01795,1.10916,2578.34,2716.88,16.0004,1.00052,2,t0_only
log_lik[449],-0.913718,0.00157879,0.0995431,0.0975492,-1.08328,-0.910482,-0.755237,4015.28,3150.48,24.9176,1.00066,2,t0_only
log_lik[450],-1.1605,0.00160726,0.0974322,0.095866,-1.3286,-1.15894,-1.00138,3693.71,3394.25,22.9221,1.00112,2,t0_only
log_lik[451],0.357517,0.00142927,0.0752434,0.0744756,0.23031,0.358687,0.479513,2783.27,3119.67,17.2722,1.0014,2,t0_only
log_lik[452],1.36779,0.000557124,0.0353758,0.0344114,1.30899,1.36737,1.42725,4071.58,2231.26,25.267,0.999937,2,t0_only
log_lik[453],1.30931,0.000763259,0.044838,0.0449456,1.23589,1.30982,1.3825,3487.1,3190.4,21.6399,1.00003,2,t0_only
log_lik[454],-0.713417,0.00154582,0.0972768,0.0960116,-0.879892,-0.708839,-0.56117,4000.59,3337.1,24.8265,1.00052,2,t0_only
log_lik[455],-1.25221,0.00165305,0.101051,0.0989423,-1.42334,-1.24988,-1.08849,3756.96,3242.89,23.3146,1.00082,2,t0_only
log_lik[456],0.285425,0.000930954,0.05988,0.0601831,0.184519,0.286655,0.381643,4188.11,3424.05,25.9902,1.00011,2,t0_only
log_lik[457],1.36588,0.000604493,0.0367718,0.0364883,1.30594,1.36535,1.42684,3733.93,2888.72,23.1717,1.00002,2,t0_only
log_lik[458],1.32118,0.000560922,0.0367395,0.0374053,1.26145,1.32101,1.38126,4359.15,2233.98,27.0516,1.0027,2,t0_only
log_lik[459],1.3689,0.000584407,0.0360755,0.0359881,1.30987,1.36823,1.42914,3854.19,2726.06,23.918,1.00004,2,t0_only
log_lik[460],-1.61796,0.00186184,0.102905,0.1,-1.79044,-1.616,-1.4494,3047.46,3077.65,18.9116,1.00102,2,t0_only
log_lik[461],0.529307,0.00139977,0.0710313,0.0702699,0.409864,0.530674,0.646037,2588.79,2920.75,16.0653,1.001,2,t0_only
log_lik[462],-1.68142,0.00234008,0.116158,0.117159,-1.87912,-1.67603,-1.49371,2477.89,2903.24,15.3771,1.00131,2,t0_only
log_lik[463],1.32696,0.000754543,0.040816,0.0401642,1.25887,1.32776,1.39254,2958.12,2795.94,18.3572,1.00013,2,t0_only
log_lik[464],1.30506,0.000598845,0.0373679,0.0374013,1.24318,1.30514,1.36632,3999.03,2548.09,24.8168,1.00041,2,t0_only
log_lik[465],1.34339,0.000600878,0.0367875,0.0360011,1.28285,1.343,1.4043,3791.22,2507.99,23.5272,1.0001,2,t0_only
log_lik[466],1.28298,0.000906417,0.049441,0.0499079,1.19985,1.28318,1.36176,3025.5,3349.55,18.7754,1.00047,2,t0_only
log_lik[467],0.59317,0.000887805,0.0538079,0.0549231,0.502193,0.594283,0.680937,3727.44,3616.95,23.1314,1.00065,2,t0_only
log_lik[468],1.35595,0.000544748,0.0354831,0.0354014,1.29625,1.35646,1.41411,4306.6,2341.82,26.7255,1.00104,2,t0_only
log_lik[469],1.26191,0.000613619,0.0389034,0.0395471,1.1982,1.26106,1.32567,4074.85,2260.0,25.2873,1.00111,2,t0_only
log_lik[470],0.308049,0.00143427,0.0764163,0.0753045,0.17834,0.309423,0.430765,2845.23,2943.94,17.6567,1.00132,2,t0_only
log_lik[471],1.06704,0.00115794,0.0748858,0.0749555,0.939737,1.07013,1.18639,4189.34,3380.55,25.9978,1.00098,2,t0_only
log_lik[472],-0.0885733,0.00146773,0.085471,0.0845373,-0.232579,-0.0859924,0.0474868,3412.95,3481.41,21.1798,1.00101,2,t0_only
log_lik[473],0.228676,0.00124379,0.0737128,0.0730417,0.105292,0.230527,0.34685,3591.0,3265.19,22.2847,1.00235,2,t0_only
log_lik[474],0.809871,0.00112373,0.0583808,0.0575825,0.710261,0.811946,0.902944,2750.16,2969.73,17.0667,1.00094,2,t0_only
log_lik[475],1.0613,0.000761478,0.0445008,0.0462993,0.988441,1.06068,1.13514,3447.11,2990.36,21.3918,0.999957,2,t0_only
log_lik[476],1.33591,0.000701977,0.0412829,0.0410286,1.26838,1.33641,1.40338,3490.84,3194.76,21.6631,0.99975,2,t0_only
log_lik[477],1.25851,0.00068069,0.0401689,0.0398398,1.19199,1.2589,1.32361,3560.06,2523.0,22.0927,1.0008,2,t0_only
log_lik[478],-0.507275,0.00398711,0.25586,0.252273,-0.948627,-0.497673,-0.118583,4287.12,2492.29,26.6046,1.0005,2,t0_only
log_lik[479],0.573345,0.00138831,0.0699009,0.0693228,0.455987,0.574097,0.688205,2542.21,2943.19,15.7762,1.00091,2,t0_only
log_lik[480],0.279977,0.0012421,0.072433,0.0715676,0.158349,0.281221,0.396984,3476.03,3351.89,21.5712,1.00228,2,t0_only
log_lik[481],1.16462,0.000833386,0.0452227,0.0450985,1.08687,1.16663,1.23584,3031.12,2712.9,18.8102,1.00067,2,t0_only
log_lik[482],1.3378,0.000549519,0.0361071,0.0364226,1.27812,1.33785,1.39655,4413.22,2085.74,27.3872,1.00227,2,t0_only
log_lik[483],1.00471,0.00125823,0.0824643,0.0824581,0.865369,1.00853,1.13551,4315.57,3654.7,26.7811,1.00106,2,t0_only
log_lik[484],1.3357,0.000560072,0.0359092,0.0349257,1.27649,1.33538,1.39707,4169.94,2340.2,25.8774,1.0003,2,t0_only
log_lik[485],0.973079,0.00131176,0.0863158,0.0862822,0.826147,0.977336,1.10922,4347.52,3587.13,26.9794,1.00104,2,t0_only
log_lik[486],1.11378,0.00128252,0.0735857,0.07311,0.987926,1.11642,1.23197,3328.46,3360.84,20.6555,1.00048,2,t0_only
log_lik[487],-0.152982,0.00107485,0.0690605,0.0674775,-0.27009,-0.150089,-0.0429976,4210.29,3349.69,26.1279,1.00053,2,t0_only
log_lik[488],0.466481,0.00217897,0.150102,0.149349,0.209429,0.472421,0.703973,4832.79,3286.2,29.9909,1.00077,2,t0_only
log_lik[489],1.0938,0.00159546,0.0807757,0.078166,0.951344,1.0987,1.21619,2604.01,3011.48,16.1597,1.00144,2,t0_only
log_lik[490],1.02039,0.00142484,0.0853275,0.0852096,0.873559,1.02327,1.15697,3631.5,3212.13,22.536,1.00119,2,t0_only
log_lik[491],1.13272,0.00105757,0.0668915,0.0670266,1.01813,1.13429,1.2394,4019.53,3528.23,24.944,1.00042,2,t0_only
log_lik[492],1.23119,0.000728771,0.0417409,0.041668,1.16122,1.23211,1.29775,3363.3,2690.5,20.8716,1.00067,2,t0_only
log_lik[493],1.12179,0.00126914,0.0725446,0.072224,0.997776,1.12436,1.23756,3303.49,3391.13,20.5005,1.00054,2,t0_only
log_lik[494],1.23884,0.000894803,0.0538201,0.0522336,1.14755,1.23911,1.32709,3648.41,3449.74,22.641,1.00034,2,t0_only
log_lik[495],-0.817336,0.00156239,0.0985802,0.0969197,-0.986673,-0.813008,-0.661267,4019.32,3082.84,24.9427,1.00059,2,t0_only
log_lik[496],-0.183954,0.00131764,0.0836055,0.0819801,-0.32831,-0.181449,-0.0513784,4081.0,3216.32,25.3255,1.00195,2,t0_only
log_lik[497],0.976174,0.000802152,0.0463798,0.0484538,0.900598,0.975574,1.05229,3377.49,3137.94,20.9597,0.999891,2,t0_only
log_lik[498],1.34343,0.000597444,0.03669,0.0360585,1.28316,1.34323,1.4042,3813.87,2494.99,23.6677,1.00011,2,t0_only
log_lik[499],0.472268,0.00122299,0.0675669,0.0678715,0.358268,0.473616,0.580864,3122.32,3038.14,19.3762,1.00181,2,t0_only
log_lik[500],1.22805,0.00105801,0.0579516,0.05887,1.12938,1.22961,1.31931,3049.98,3719.9,18.9273,1.00074,2,t0_only
log_lik[501],0.480641,0.00141039,0.0722523,0.0714413,0.359378,0.481923,0.598779,2639.18,3006.46,16.378,1.00107,2,t0_only
log_lik[502],1.25594,0.000865252,0.0516749,0.050076,1.16895,1.25621,1.34065,3599.15,3370.6,22.3353,1.00029,2,t0_only
log_lik[503],-0.656486,0.00143189,0.0925821,0.091218,-0.813349,-0.654411,-0.507931,4228.63,3524.98,26.2416,1.00148,2,t0_only
log_lik[504],0.0968414,0.00145599,0.0813074,0.0803827,-0.0400593,0.0987523,0.226894,3136.65,3269.95,19.4651,1.00094,2,t0_only
log_lik[505],-0.730838,0.00145194,0.09359,0.0930672,-0.890043,-0.72837,-0.578849,4200.43,3558.8,26.0667,1.00126,2,t0_only
log_lik[506],0.321774,0.00143301,0.0760922,0.0750522,0.192561,0.323169,0.444414,2834.97,3015.37,17.593,1.00132,2,t0_only
log_lik[507],1.31034,0.000761076,0.0447033,0.0448542,1.23713,1.31086,1.38342,3486.36,3190.24,21.6354,1.00005,2,t0_only
log_lik[508],1.02377,0.000780819,0.0453521,0.0473374,0.949945,1.02337,1.09896,3400.38,2961.07,21.1018,0.999926,2,t0_only
log_lik[509],1.3679,0.000592567,0.0363452,0.0356519,1.30894,1.3671,1.42833,3802.08,2743.28,23.5946,1.00003,2,t0_only
log_lik[510],0.924752,0.00119444,0.0592311,0.0590667,0.82586,0.925612,1.02237,2470.86,2731.12,15.3334,1.00036,2,t0_only
log_lik[511],0.5394,0.00121048,0.0658314,0.0662214,0.428198,0.540927,0.645108,3025.54,3002.11,18.7756,1.00169,2,t0_only
log_lik[512],1.11028,0.00128827,0.0740371,0.0735694,0.983547,1.11272,1.22922,3339.66,3360.84,20.725,1.0005,2,t0_only
log_lik[513],1.24031,0.000712752,0.0412251,0.0408702,1.17205,1.24084,1.30627,3420.64,2661.81,21.2275,1.00058,2,t0_only
log_lik[514],1.31355,0.000553634,0.0373458,0.0365084,1.24999,1.31373,1.37488,4612.06,2345.63,28.6211,1.00044,2,t0_only
log_lik[515],-0.152779,0.00334422,0.221481,0.217815,-0.541366,-0.140332,0.186883,4506.76,2649.1,27.9677,1.00093,2,t0_only
log_lik[516],1.14036,0.000921871,0.0494307,0.0498906,1.05948,1.14073,1.22121,2912.55,2739.31,18.0745,1.00077,2,t0_only
log_lik[517],0.0370614,0.00145974,0.082664,0.0819431,-0.103528,0.0392811,0.168394,3224.2,3358.94,20.0084,1.00081,2,t0_only
log_lik[518],1.31593,0.00078315,0.0436326,0.0445865,1.24422,1.31592,1.38611,3147.3,3082.12,19.5312,1.00025,2,t0_only
log_lik[519],1.14127,0.000711886,0.0425233,0.0442722,1.07231,1.1406,1.21166,3599.66,2850.13,22.3385,1.00004,2,t0_only
log_lik[520],1.29245,0.000874648,0.04785,0.0482544,1.21175,1.29242,1.36916,3042.76,3351.52,18.8825,1.00034,2,t0_only
log_lik[521],1.14293,0.000917173,0.0492849,0.049766,1.06216,1.14332,1.22345,2926.0,2758.86,18.1579,1.0008,2,t0_only
log_lik[522],-0.154297,0.00147553,0.0869092,0.0852025,-0.301089,-0.150971,-0.0164854,3506.57,3445.26,21.7607,1.00084,2,t0_only
log_lik[523],1.34244,0.000577057,0.036162,0.0350404,1.28342,1.3421,1.4028,3971.4,2645.79,24.6453,1.0002,2,t0_only
log_lik[524],1.20367,0.000774613,0.0432393,0.0432715,1.1303,1.20509,1.27278,3206.15,2725.97,19.8965,1.00074,2,t0_only
log_lik[525],1.09877,0.00091804,0.0482352,0.0479705,1.01529,1.10084,1.17619,2844.22,2684.25,17.6504,1.00115,2,t0_only
log_lik[526],1.36224,0.000621124,0.0374213,0.0373445,1.30137,1.36193,1.42421,3665.69,2901.37,22.7482,1.00011,2,t0_only
log_lik[527],1.18815,0.000798835,0.0440471,0.0442554,1.11307,1.18964,1.25849,3131.68,2763.0,19.4343,1.00093,2,t0_only
log_lik[528],-2.2348,0.0041424,0.188717,0.180803,-2.57096,-2.22155,-1.94846,2153.4,1949.2,13.3633,1.00182,2,t0_only
log_lik[529],1.30981,0.000589616,0.0370896,0.0372748,1.24852,1.3098,1.37124,4053.6,2544.19,25.1555,1.00041,2,t0_only
log_lik[530],0.285195,0.00124189,0.0723025,0.0714149,0.163928,0.286622,0.402169,3465.57,3350.1,21.5063,1.00228,2,t0_only
log_lik[531],-2.23266,0.00411963,0.187702,0.18026,-2.56786,-2.21933,-1.94714,2152.9,1949.2,13.3603,1.00181,2,t0_only
log_lik[532],1.36815,0.000558377,0.0353964,0.0344251,1.30936,1.3676,1.42766,4056.55,2206.51,25.1738,0.99993,2,t0_only
log_lik[533],-0.369635,0.00149892,0.0913959,0.0903313,-0.527196,-0.365638,-0.225382,3753.85,3615.79,23.2953,1.00066,2,t0_only
log_lik[534],-0.476946,0.00138596,0.0896417,0.0881913,-0.62873,-0.474799,-0.33343,4236.51,3424.63,26.2906,1.0015,2,t0_only
log_lik[535],1.07643,0.00102247,0.0527915,0.0533925,0.989887,1.07757,1.16358,2695.97,2724.1,16.7304,1.00055,2,t0_only
log_lik[536],0.424558,0.00123037,0.0687864,0.0688598,0.308725,0.426662,0.536133,3195.82,3065.87,19.8323,1.00204,2,t0_only
log_lik[537],-1.47857,0.00190375,0.103181,0.102526,-1.65621,-1.47676,-1.31432,2935.92,2979.87,18.2195,1.00117,2,t0_only
log_lik[538],1.33689,0.000560919,0.0358982,0.0348522,1.27704,1.33654,1.3983,4148.64,2290.24,25.7452,1.00029,2,t0_only
log_lik[539],1.34452,0.000679082,0.0400846,0.0399691,1.2791,1.34471,1.40997,3521.36,2909.77,21.8525,0.99975,2,t0_only
log_lik[540],0.152013,0.001452,0.0800449,0.0791265,0.0178184,0.153752,0.279928,3058.15,3200.71,18.978,1.00092,2,t0_only
log_lik[541],1.36618,0.000546745,0.035329,0.0346484,1.30687,1.3662,1.42517,4124.23,2107.96,25.5937,1.0001,2,t0_only
log_lik[542],0.787325,0.00113319,0.0590467,0.0582837,0.686269,0.789029,0.881433,2764.73,2904.1,17.1571,1.00109,2,t0_only
log_lik[543],-0.379688,0.00136233,0.087783,0.0859371,-0.529213,-0.377803,-0.240269,4206.74,3515.07,26.1058,1.00165,2,t0_only
log_lik[544],0.851529,0.00110435,0.0571178,0.0562433,0.75372,0.853816,0.943048,2753.22,2998.31,17.0857,1.00077,2,t0_only
log_lik[545],-0.0121228,0.00101734,0.0660701,0.0649294,-0.124784,-0.00960679,0.0935773,4298.37,3497.9,26.6744,1.00051,2,t0_only
log_lik[546],1.34312,0.000603147,0.0370465,0.0365922,1.28159,1.34278,1.40431,3731.08,2550.48,23.154,1.00008,2,t0_only
log_lik[547],0.779145,0.00113646,0.0592855,0.0583938,0.677838,0.780845,0.873271,2767.82,2904.1,17.1763,1.00118,2,t0_only
log_lik[548],1.32957,0.000579357,0.0364515,0.0358415,1.26938,1.32984,1.38967,4117.2,2352.33,25.5501,1.00071,2,t0_only
log_lik[549],1.32259,0.000559824,0.0366854,0.037426,1.26306,1.3225,1.38249,4367.12,2274.06,27.101,1.0027,2,t0_only
log_lik[550],-1.74019,0.00202084,0.106327,0.107785,-1.91882,-1.73703,-1.56905,2764.22,2648.11,17.154,1.00115,2,t0_only
log_lik[551],-0.423916,0.00150548,0.0924513,0.0911213,-0.583325,-0.419515,-0.277789,3810.52,3547.21,23.647,1.00058,2,t0_only
log_lik[552],1.33344,0.000692236,0.0399946,0.0405527,1.26793,1.33395,1.39891,3379.01,2789.73,20.9692,1.00024,2,t0_only
log_lik[553],0.475296,0.00122248,0.0674891,0.0678789,0.361532,0.476578,0.583641,3117.94,3051.56,19.349,1.0018,2,t0_only
log_lik[554],0.665216,0.00118076,0.0624862,0.0631193,0.559119,0.667199,0.764317,2870.02,3115.89,17.8105,1.00141,2,t0_only
log_lik[555],0.948205,0.00135529,0.0893491,0.0891268,0.795396,0.953562,1.08918,4367.01,3364.12,27.1004,1.00094,2,t0_only
log_lik[556],1.21852,0.000927453,0.0563497,0.0549653,1.12334,1.21967,1.31093,3717.06,3519.86,23.067,1.00062,2,t0_only
log_lik[557],1.31841,0.000824119,0.0430486,0.0426614,1.24572,1.3198,1.38666,2765.37,2725.78,17.1611,1.00042,2,t0_only
log_lik[558],-0.936424,0.00158283,0.0997337,0.098691,-1.10455,-0.933137,-0.777053,4010.37,3074.19,24.8872,1.00067,2,t0_only
log_lik[559],0.284151,0.00124194,0.0723286,0.0714807,0.162786,0.285548,0.401152,3467.19,3351.3,21.5164,1.00226,2,t0_only
log_lik[560],-0.510731,0.00139437,0.0902465,0.0887735,-0.662687,-0.508841,-0.365935,4241.12,3425.13,26.3191,1.00135,2,t0_only
log_lik[561],0.733117,0.00115867,0.0606045,0.0599288,0.62955,0.73501,0.828976,2798.47,3031.13,17.3665,1.00115,2,t0_only
log_lik[562],1.30184,0.000778816,0.0458131,0.0456395,1.22708,1.30238,1.37702,3491.27,3179.28,21.6658,1.00018,2,t0_only
log_lik[563],0.363133,0.00260564,0.166465,0.16305,0.0704629,0.372556,0.621188,4186.19,2822.37,25.9782,1.00128,2,t0_only
log_lik[564],-0.913718,0.00157879,0.0995431,0.0975492,-1.08328,-0.910482,-0.755237,4015.28,3150.48,24.9176,1.00066,2,t0_only
log_lik[565],0.0359722,0.0014598,0.0826886,0.0819916,-0.104622,0.0382123,0.167322,3226.0,3358.94,20.0196,1.00081,2,t0_only
log_lik[566],0.113097,0.00145488,0.0809364,0.0799515,-0.0235167,0.114859,0.242288,3114.36,3228.62,19.3268,1.00088,2,t0_only
log_lik[567],0.0489104,0.00126934,0.0781332,0.0768527,-0.0837085,0.0507659,0.17329,3829.95,3302.7,23.7675,1.00169,2,t0_only
log_lik[568],0.302907,0.00124113,0.0718588,0.0711461,0.182501,0.304432,0.418702,3424.84,3280.75,21.2535,1.00223,2,t0_only
log_lik[569],1.10707,0.000908173,0.0478759,0.047591,1.02436,1.10921,1.18343,2863.2,2732.48,17.7682,1.00111,2,t0_only
log_lik[570],-0.902804,0.00157688,0.0994465,0.0974571,-1.07231,-0.899682,-0.744502,4017.54,3175.96,24.9317,1.00065,2,t0_only
log_lik[571],-2.23801,0.00417948,0.190388,0.182884,-2.57941,-2.22495,-1.95033,2154.8,1940.39,13.372,1.00182,2,t0_only
log_lik[572],-0.453126,0.00150915,0.093003,0.091781,-0.613097,-0.448608,-0.305613,3838.06,3547.37,23.8179,1.00045,2,t0_only
log_lik[573],1.35655,0.000544885,0.0354665,0.0352375,1.29691,1.35703,1.41476,4298.26,2342.83,26.6738,1.00094,2,t0_only
log_lik[574],1.29657,0.000581928,0.0376679,0.0387975,1.23521,1.29596,1.35823,4247.71,2304.27,26.3601,1.00205,2,t0_only
log_lik[575],0.796041,0.000857153,0.0499568,0.0514772,0.712667,0.796039,0.877859,3445.07,3363.44,21.3791,1.00009,2,t0_only
log_lik[576],1.29731,0.000946758,0.0477841,0.0470427,1.21444,1.29932,1.3724,2546.42,2693.34,15.8023,1.00048,2,t0_only
log_lik[577],-0.160872,0.0014762,0.0870517,0.0852114,-0.30812,-0.157478,-0.0228357,3516.32,3508.87,21.8212,1.00082,2,t0_only
log_lik[578],-1.02467,0.00159932,0.100343,0.0991997,-1.19441,-1.02237,-0.862407,3973.29,3178.02,24.6571,1.00072,2,t0_only
log_lik[579],0.199366,0.00144802,0.0789533,0.0785143,0.0666887,0.201239,0.326215,2989.52,3021.12,18.5521,1.00109,2,t0_only
log_lik[580],-1.81427,0.00282068,0.133646,0.131281,-2.04484,-1.80881,-1.60236,2273.71,2532.38,14.11,1.00147,2,t0_only
log_lik[581],1.36463,0.000610648,0.0370052,0.0364589,1.30425,1.36421,1.42606,3707.64,2867.12,23.0085,1.00013,2,t0_only
log_lik[582],-0.651542,0.00143058,0.0925105,0.0914544,-0.808242,-0.649481,-0.503162,4229.79,3525.03,26.2489,1.00141,2,t0_only
log_lik[583],-2.23648,0.00416125,0.189561,0.182069,-2.5747,-2.22302,-1.94949,2153.91,1949.2,13.3665,1.00181,2,t0_only
log_lik[584],-0.709476,0.0014461,0.0933135,0.0924641,-0.86805,-0.707176,-0.558077,4210.93,3591.94,26.1318,1.00135,2,t0_only
log_lik[585],-1.04465,0.00160327,0.100452,0.0993777,-1.21455,-1.0422,-0.882179,3961.8,3112.76,24.5858,1.00072,2,t0_only
log_lik[586],-1.82412,0.00217821,0.110711,0.112714,-2.01007,-1.82016,-1.6471,2586.54,2893.09,16.0513,1.00125,2,t0_only
log_lik[587],-1.52481,0.00197943,0.105125,0.104611,-1.70665,-1.52282,-1.35726,2820.28,3034.82,17.5019,1.00118,2,t0_only
log_lik[588],1.33979,0.000565458,0.035934,0.0349279,1.28015,1.33962,1.40076,4085.53,2455.33,25.3536,1.00026,2,t0_only
log_lik[589],0.135891,0.00125213,0.0760085,0.0751006,0.0073729,0.138083,0.257478,3731.12,3333.13,23.1542,1.00205,2,t0_only
log_lik[590],1.32765,0.000726075,0.0412815,0.0419408,1.2598,1.32806,1.39447,3272.48,2849.54,20.308,1.00008,2,t0_only
log_lik[591],-0.0915289,0.00129791,0.0814818,0.0798615,-0.230839,-0.0887621,0.0384146,3989.8,3163.67,24.7595,1.00187,2,t0_only
log_lik[592],0.534429,0.00121151,0.0659609,0.0662549,0.42301,0.535918,0.640702,3032.4,2979.72,18.8182,1.00168,2,t0_only
log_lik[593],1.23931,0.000714524,0.041282,0.0409712,1.17097,1.2399,1.30535,3414.65,2661.81,21.1903,1.00058,2,t0_only
log_lik[594],1.33285,0.000559493,0.0359702,0.0351976,1.27402,1.33238,1.39438,4180.05,2503.35,25.9402,1.00033,2,t0_only
log_lik[595],1.32147,0.000555552,0.0368137,0.03597,1.25993,1.3214,1.3822,4639.8,2282.04,28.7932,1.00045,2,t0_only
log_lik[596],1.16346,0.00069593,0.0419246,0.0433548,1.09525,1.16294,1.23287,3668.81,2644.97,22.7675,1.00023,2,t0_only
log_lik[597],1.28455,0.00063677,0.0386063,0.0387479,1.22039,1.28456,1.34732,3756.23,2461.58,23.31,1.0005,2,t0_only
log_lik[598],1.15839,0.000842124,0.0455249,0.0454039,1.07984,1.16025,1.22958,3011.07,2731.77,18.6858,1.00082,2,t0_only
log_lik[599],-0.947228,0.00158477,0.0998196,0.0988891,-1.11567,-0.943914,-0.787371,4006.31,3074.19,24.862,1.00068,2,t0_only
log_lik[600],0.874537,0.00123774,0.0610285,0.0614789,0.772294,0.875095,0.974138,2443.84,2720.13,15.1657,1.00044,2,t0_only
log_lik[601],0.900296,0.00121631,0.0601229,0.0605562,0.800175,0.900766,0.998835,2455.85,2767.79,15.2403,1.00038,2,t0_only
log_lik[602],0.718739,0.00133495,0.0659296,0.0652202,0.608555,0.719195,0.826799,2448.04,2813.41,15.1918,1.00091,2,t0_only
log_lik[603],-2.13126,0.00334736,0.154469,0.149734,-2.40315,-2.12399,-1.88883,2175.41,2020.73,13.5,1.00169,2,t0_only
log_lik[604],1.36885,0.000561714,0.0354598,0.0346666,1.3103,1.36818,1.42867,4026.61,2221.26,24.988,0.999928,2,t0_only
log_lik[605],0.967731,0.00103484,0.0533043,0.0525009,0.875962,0.969732,1.05251,2730.46,2928.52,16.9445,1.00035,2,t0_only
log_lik[606],0.906948,0.00157389,0.098972,0.0989006,0.736455,0.911341,1.06639,3985.14,3208.01,24.7306,1.00093,2,t0_only
log_lik[607],1.29278,0.000597705,0.0389554,0.0383403,1.22704,1.29303,1.35677,4302.07,2932.57,26.6974,1.00049,2,t0_only
log_lik[608],0.699228,0.00218435,0.12915,0.125758,0.476206,0.706349,0.897844,3554.73,3190.48,22.0596,1.00147,2,t0_only
log_lik[609],0.486385,0.00122058,0.0672041,0.0678775,0.373217,0.487372,0.594172,3100.45,3001.91,19.2405,1.00179,2,t0_only
log_lik[610],1.32188,0.000556643,0.0367889,0.0360422,1.26038,1.3218,1.3827,4638.52,2352.49,28.7853,1.00045,2,t0_only
log_lik[611],0.551397,0.00139426,0.0704676,0.0697317,0.432789,0.552279,0.667236,2563.86,2898.25,15.9106,1.00098,2,t0_only
log_lik[612],-1.88899,0.00233667,0.115726,0.117073,-2.08293,-1.88537,-1.70464,2466.42,2832.22,15.3059,1.00134,2,t0_only
log_lik[613],0.819005,0.00127891,0.0628777,0.0628256,0.713379,0.819402,0.921948,2432.51,2736.7,15.0955,1.0006,2,t0_only
log_lik[614],0.558396,0.00139241,0.0702876,0.0696733,0.440127,0.559343,0.673898,2556.77,2898.14,15.8666,1.00098,2,t0_only
log_lik[615],0.938362,0.00105485,0.0543161,0.0537846,0.844369,0.940499,1.02483,2729.88,2884.96,16.9408,1.00034,2,t0_only
log_lik[616],1.34904,0.000666122,0.0394408,0.0391311,1.28494,1.34899,1.41379,3543.13,2867.11,21.9876,0.999767,2,t0_only
log_lik[617],0.538407,0.00121069,0.0658573,0.0662235,0.427147,0.539937,0.644227,3027.3,3002.11,18.7866,1.00168,2,t0_only
log_lik[618],1.20584,0.000947092,0.0579199,0.056846,1.10807,1.20697,1.30039,3765.05,3317.14,23.3648,1.00061,2,t0_only
log_lik[619],-0.580774,0.00152624,0.095258,0.0933589,-0.743042,-0.576313,-0.430634,3936.63,3484.29,24.4296,1.00042,2,t0_only
log_lik[620],-1.07419,0.00156554,0.0967834,0.0949547,-1.23871,-1.07204,-0.915885,3845.49,3572.91,23.864,1.00116,2,t0_only
log_lik[621],0.874234,0.00197342,0.108767,0.106547,0.684975,0.880852,1.04123,3087.57,3040.58,19.1605,1.00114,2,t0_only
log_lik[622],0.960983,0.00115911,0.0578461,0.0575808,0.865254,0.961941,1.05694,2499.84,2830.32,15.5133,1.00036,2,t0_only
log_lik[623],0.449917,0.00141609,0.0730104,0.0723925,0.326934,0.45136,0.568645,2672.43,3081.63,16.5843,1.00116,2,t0_only
log_lik[624],1.29932,0.000942623,0.0473619,0.046597,1.21746,1.30138,1.37356,2559.81,2568.05,15.8854,1.00042,2,t0_only
log_lik[625],0.158096,0.00124775,0.0754615,0.074783,0.0310053,0.160119,0.279022,3704.0,3268.86,22.9859,1.00213,2,t0_only
log_lik[626],1.21371,0.000775655,0.0448799,0.0445477,1.13863,1.21421,1.28745,3375.63,2798.21,20.9482,1.00054,2,t0_only
log_lik[627],1.23909,0.000634166,0.0396644,0.0406069,1.17459,1.23862,1.30442,3962.89,2461.38,24.5925,1.00082,2,t0_only
log_lik[628],-1.58949,0.00210673,0.108728,0.109729,-1.7762,-1.5855,-1.41559,2664.27,3017.0,16.5337,1.00124,2,t0_only
log_lik[629],1.32724,0.000562016,0.0361746,0.0359275,1.26785,1.32697,1.38838,4184.6,2534.64,25.9684,1.00035,2,t0_only
log_lik[630],1.28856,0.000607633,0.0392921,0.0384303,1.22199,1.28887,1.3529,4236.05,3087.93,26.2877,1.00045,2,t0_only
log_lik[631],1.28758,0.000891273,0.0486745,0.0489985,1.20565,1.2878,1.36534,3034.69,3323.82,18.8324,1.00038,2,t0_only
log_lik[632],1.28748,0.000610194,0.0393785,0.0385853,1.22108,1.28778,1.35196,4222.55,3087.93,26.2039,1.00049,2,t0_only
log_lik[633],1.3279,0.000724723,0.0412285,0.0418711,1.26007,1.32832,1.3948,3275.29,2849.54,20.3255,1.00012,2,t0_only
log_lik[634],1.16515,0.00142456,0.0705174,0.0685293,1.04103,1.16959,1.27113,2490.68,2742.97,15.4564,1.00166,2,t0_only
log_lik[635],1.05391,0.000765475,0.0446718,0.0465055,0.980775,1.0532,1.12815,3439.44,3022.21,21.3442,0.999948,2,t0_only
log_lik[636],-0.281368,0.0011396,0.0718399,0.0699237,-0.405697,-0.278467,-0.166838,4053.74,3268.21,25.1563,1.00029,2,t0_only
log_lik[637],1.3409,0.000688959,0.0405922,0.0405372,1.27423,1.3411,1.40692,3506.37,3119.61,21.7595,0.999759,2,t0_only
log_lik[638],0.860265,0.00109996,0.056847,0.0559506,0.762404,0.862636,0.951673,2749.85,3023.17,17.0648,1.00084,2,t0_only
log_lik[639],0.61527,0.00229122,0.138626,0.135299,0.375142,0.623227,0.828177,3731.7,3151.53,23.1578,1.00167,2,t0_only
log_lik[640],-1.81949,0.00284385,0.134541,0.132559,-2.05254,-1.81358,-1.60654,2266.38,2515.63,14.0645,1.00148,2,t0_only
log_lik[641],0.850088,0.000844275,0.0489168,0.0506241,0.768749,0.850013,0.930346,3401.95,3300.55,21.1115,0.999827,2,t0_only
log_lik[642],0.54037,0.00139707,0.0707498,0.0699452,0.421245,0.5416,0.656626,2577.04,2854.89,15.9924,1.00097,2,t0_only
log_lik[643],1.31024,0.000807462,0.0447001,0.0454745,1.2362,1.31036,1.38205,3113.26,3212.2,19.32,1.00035,2,t0_only
log_lik[644],1.15932,0.000886345,0.0483339,0.0486377,1.07908,1.15959,1.23793,3023.87,2721.54,18.7653,1.00071,2,t0_only
log_lik[645],1.33355,0.00055206,0.0362674,0.0367597,1.27397,1.33368,1.39244,4404.08,2129.39,27.3304,1.00239,2,t0_only
log_lik[646],-0.546645,0.0015215,0.0946821,0.0929545,-0.707906,-0.542208,-0.396591,3911.43,3517.23,24.2732,1.00039,2,t0_only
log_lik[647],1.36421,0.000545399,0.0353217,0.0349824,1.30468,1.36432,1.42284,4242.7,2091.37,26.329,1.00011,2,t0_only
log_lik[648],1.31011,0.000559719,0.0375998,0.0367724,1.24631,1.31033,1.37215,4562.63,2467.63,28.3143,1.00045,2,t0_only
log_lik[649],1.16089,0.000697827,0.0419952,0.0434597,1.09272,1.1604,1.23052,3657.68,2644.97,22.6985,1.00027,2,t0_only
log_lik[650],-0.443398,0.00150792,0.0928206,0.0916255,-0.603405,-0.43893,-0.296698,3827.59,3514.84,23.7529,1.00055,2,t0_only
log_lik[651],1.16716,0.00100581,0.0626797,0.0618945,1.06049,1.16859,1.26728,3896.32,3189.26,24.1794,1.00021,2,t0_only
log_lik[652],0.930081,0.00106017,0.0545949,0.053984,0.835358,0.932309,1.01725,2729.31,2886.78,16.9373,1.00037,2,t0_only
log_lik[653],0.825847,0.000850538,0.0493854,0.0508443,0.743889,0.825758,0.906647,3417.53,3411.4,21.2082,0.999937,2,t0_only
log_lik[654],1.3321,0.000580694,0.0364428,0.0358513,1.27178,1.33233,1.39271,4087.59,2468.49,25.3664,1.00046,2,t0_only
log_lik[655],-0.383987,0.00120188,0.0741525,0.0723612,-0.510851,-0.381516,-0.266894,3879.45,3365.07,24.0747,1.00016,2,t0_only
log_lik[656],0.5044,0.00242898,0.150957,0.148317,0.240243,0.512984,0.737909,3946.43,3048.39,24.4904,1.0012,2,t0_only
log_lik[657],1.36507,0.000545841,0.0353206,0.0350329,1.30534,1.36514,1.42367,4240.83,2093.29,26.3174,1.00006,2,t0_only
log_lik[658],1.21102,0.00078107,0.0450625,0.044807,1.13539,1.21162,1.2851,3355.94,2757.56,20.826,1.0006,2,t0_only
log_lik[659],-0.201407,0.00148036,0.0879237,0.0866465,-0.352012,-0.198179,-0.0630516,3554.52,3507.22,22.0583,1.00064,2,t0_only
log_lik[660],-0.87787,0.00157256,0.0992137,0.0973465,-1.04695,-0.874372,-0.720081,4020.89,3072.17,24.9525,1.00064,2,t0_only
log_lik[661],0.950322,0.00186213,0.0994868,0.0970285,0.776878,0.956066,1.10252,2900.96,3113.62,18.0025,1.00136,2,t0_only
log_lik[662],0.617769,0.00137472,0.0687311,0.068274,0.502656,0.618618,0.730308,2510.96,2854.27,15.5823,1.00093,2,t0_only
log_lik[663],-1.59968,0.00212936,0.109405,0.110631,-1.78629,-1.59573,-1.42442,2641.34,3065.93,16.3914,1.00125,2,t0_only
log_lik[664],1.36608,0.00054664,0.0353276,0.0347487,1.30682,1.36609,1.42498,4125.12,2107.96,25.5993,1.00013,2,t0_only
log_lik[665],-0.143341,0.00147442,0.0866712,0.0847335,-0.290253,-0.140033,-0.0058738,3493.39,3390.55,21.679,1.00094,2,t0_only
log_lik[666],0.5044,0.00242898,0.150957,0.148317,0.240243,0.512984,0.737909,3946.43,3048.39,24.4904,1.0012,2,t0_only
log_lik[667],-0.790162,0.00160243,0.0867458,0.0857176,-0.936256,-0.787723,-0.648696,2949.84,3217.61,18.3058,1.00049,2,t0_only
log_lik[668],1.26439,0.000611352,0.0388181,0.0395034,1.20066,1.26353,1.32801,4091.45,2247.77,25.3904,1.00114,2,t0_only
log_lik[669],-0.0142031,0.00146306,0.0838173,0.083051,-0.156607,-0.0124711,0.118503,3298.33,3388.8,20.4684,1.00082,2,t0_only
log_lik[670],0.276845,0.00124222,0.0725114,0.0716721,0.155169,0.278103,0.393906,3482.24,3351.89,21.6097,1.00221,2,t0_only
log_lik[671],1.10155,0.000914765,0.0481155,0.0479012,1.01832,1.10366,1.17863,2850.49,2694.15,17.6893,1.00117,2,t0_only
log_lik[672],-0.15671,0.00107655,0.0691402,0.0677058,-0.273911,-0.153708,-0.0463906,4205.35,3349.69,26.0971,1.00046,2,t0_only
log_lik[673],1.3356,0.000597162,0.0368446,0.0365597,1.27413,1.33605,1.39665,3890.04,2232.59,24.1404,1.0004,2,t0_only
log_lik[674],0.289366,0.00124172,0.0721981,0.0713639,0.168587,0.290626,0.406235,3455.8,3350.1,21.4457,1.00228,2,t0_only
log_lik[675],0.924077,0.0013988,0.0922965,0.091696,0.766893,0.930088,1.07015,4379.35,3443.51,27.177,1.00084,2,t0_only
log_lik[676],0.752567,0.00115139,0.060052,0.0593278,0.649503,0.754202,0.847706,2785.9,2906.92,17.2885,1.00122,2,t0_only
log_lik[677],1.36801,0.000557866,0.0353878,0.0343985,1.3091,1.36742,1.42761,4064.36,2246.01,25.2222,0.999959,2,t0_only
log_lik[678],-1.38555,0.00170132,0.101191,0.0980816,-1.5575,-1.3845,-1.22063,3547.93,3082.38,22.0174,1.00087,2,t0_only
log_lik[679],0.771847,0.0011393,0.0594973,0.0587759,0.670119,0.773591,0.866339,2771.29,2904.1,17.1978,1.0011,2,t0_only
log_lik[680],-0.00426503,0.00128,0.0794151,0.0776959,-0.139311,-0.00223155,0.121972,3894.02,3165.52,24.1652,1.00184,2,t0_only
log_lik[681],-1.42466,0.00171985,0.101271,0.0980927,-1.59568,-1.42352,-1.25877,3477.59,2935.92,21.5809,1.00089,2,t0_only
log_lik[682],1.33401,0.000585495,0.0365347,0.036082,1.27348,1.33441,1.395,4031.81,2393.71,25.0202,1.00044,2,t0_only
log_lik[683],0.922646,0.000822344,0.0474828,0.0493028,0.844013,0.922432,0.999799,3378.85,3287.35,20.9681,0.999867,2,t0_only
log_lik[684],1.36633,0.000602116,0.036684,0.0361593,1.30672,1.36576,1.42717,3748.95,2822.06,23.2649,0.999986,2,t0_only
log_lik[685],1.10091,0.000738418,0.0435531,0.0453507,1.02997,1.10026,1.17315,3502.67,2871.41,21.7365,0.999989,2,t0_only
log_lik[686],-2.01561,0.00411386,0.18747,0.180258,-2.35007,-2.00215,-1.73056,2153.24,1959.25,13.3624,1.00181,2,t0_only
log_lik[687],0.304877,0.00143455,0.076491,0.0755322,0.175272,0.306252,0.427692,2848.67,2943.94,17.678,1.00131,2,t0_only
log_lik[688],1.1385,0.00104887,0.0661854,0.066092,1.0255,1.14002,1.24396,3995.94,3471.96,24.7977,1.00035,2,t0_only
log_lik[689],0.675093,0.000881961,0.0522505,0.0540242,0.586695,0.675747,0.760124,3568.29,3620.2,22.1437,1.00054,2,t0_only
log_lik[690],-1.99631,0.00393168,0.179521,0.172503,-2.31595,-1.98521,-1.72138,2152.43,2034.97,13.3573,1.00178,2,t0_only
log_lik[691],1.36379,0.000614487,0.037155,0.0367361,1.30328,1.36346,1.42546,3692.63,2889.56,22.9154,1.0002,2,t0_only
log_lik[692],0.533334,0.0013988,0.070929,0.0701569,0.414062,0.534544,0.649877,2584.36,2920.69,16.0378,1.00097,2,t0_only
log_lik[693],1.05099,0.0010567,0.054004,0.0545117,0.962129,1.05181,1.14105,2641.65,2767.39,16.3933,1.00049,2,t0_only
log_lik[694],-0.179498,0.0014781,0.0874538,0.0859502,-0.328074,-0.176185,-0.0418808,3524.71,3508.87,21.8733,1.00074,2,t0_only
log_lik[695],0.135891,0.00125213,0.0760085,0.0751006,0.0073729,0.138083,0.257478,3731.12,3333.13,23.1542,1.00205,2,t0_only
log_lik[696],1.14952,0.000854255,0.045948,0.0460117,1.06993,1.15122,1.22166,2984.4,2690.85,18.5203,1.00093,2,t0_only
log_lik[697],1.20703,0.000769213,0.0430608,0.0432186,1.13398,1.20838,1.27581,3227.04,2716.71,20.026,1.00079,2,t0_only
log_lik[698],-1.12605,0.00158949,0.0971638,0.0958981,-1.2922,-1.12468,-0.966911,3759.22,3553.01,23.3286,1.00127,2,t0_only
log_lik[699],1.08457,0.000748276,0.0439509,0.0461063,1.0129,1.08404,1.1574,3473.32,2876.36,21.5544,0.999977,2,t0_only
log_lik[700],0.4786,0.00141079,0.0723029,0.0715405,0.357267,0.479869,0.596792,2641.67,3007.44,16.3934,1.00104,2,t0_only
log_lik[701],1.08815,0.000746158,0.0438646,0.0458854,1.01687,1.08762,1.16088,3475.42,2836.81,21.5675,0.999982,2,t0_only
log_lik[702],1.3434,0.000600179,0.0367675,0.0359488,1.28292,1.34305,1.40426,3795.79,2507.99,23.5555,1.0001,2,t0_only
log_lik[703],0.843036,0.0012619,0.0620936,0.0621511,0.739047,0.84336,0.943905,2434.13,2739.0,15.1055,1.00043,2,t0_only
log_lik[704],-0.236447,0.00148404,0.088668,0.0876266,-0.387938,-0.233291,-0.0967228,3600.74,3617.24,22.3451,1.00063,2,t0_only
log_lik[705],1.29935,0.000610342,0.0377092,0.0376007,1.23661,1.29929,1.36104,3911.37,2513.99,24.2728,1.0004,2,t0_only
log_lik[706],-0.152106,0.00147531,0.0868617,0.0851235,-0.298929,-0.148686,-0.0142588,3503.94,3412.4,21.7444,1.00086,2,t0_only
log_lik[707],-1.89064,0.00234122,0.115875,0.117245,-2.08507,-1.88706,-1.70592,2463.04,2832.61,15.2849,1.00134,2,t0_only
log_lik[708],0.947411,0.00104888,0.0540083,0.0531315,0.854253,0.949558,1.03337,2728.96,2841.32,16.9351,1.0002,2,t0_only
log_lik[709],-1.31237,0.00167246,0.101108,0.097904,-1.48316,-1.31044,-1.14932,3668.71,3162.13,22.7669,1.00085,2,t0_only
log_lik[710],1.25227,0.000622373,0.0392298,0.0400673,1.1883,1.25163,1.31675,4024.55,2447.86,24.9752,1.0011,2,t0_only
log_lik[711],-0.591731,0.00141496,0.0916014,0.0903626,-0.745334,-0.589353,-0.445048,4243.93,3558.53,26.3366,1.00145,2,t0_only
log_lik[712],1.26034,0.000677639,0.0400608,0.0397498,1.19409,1.26078,1.32538,3580.0,2539.86,22.2164,1.00088,2,t0_only
log_lik[713],-0.30575,0.00142291,0.0810702,0.0786335,-0.44092,-0.304814,-0.171444,3260.57,2783.81,20.2342,1.00094,2,t0_only
log_lik[714],-0.463289,0.00199877,0.110899,0.107437,-0.653762,-0.45706,-0.290578,3096.96,2980.9,19.2189,1.00088,2,t0_only
log_lik[715],-0.487798,0.00182395,0.102088,0.100088,-0.662054,-0.483347,-0.32663,3149.0,3010.92,19.5418,1.00134,2,t0_only
log_lik[716],-0.780023,0.00166794,0.0888174,0.0905026,-0.927175,-0.77879,-0.638553,2844.0,2888.04,17.649,1.00036,2,t0_only
log_lik[717],-0.348496,0.00138292,0.077841,0.0757827,-0.478918,-0.347314,-0.217001,3177.5,2645.09,19.7186,1.00165,2,t0_only
log_lik[718],-0.696802,0.00261109,0.146504,0.148993,-0.942382,-0.694037,-0.461026,3161.24,3063.88,19.6178,1.00027,2,t0_only
log_lik[719],-0.422098,0.00182404,0.103086,0.0997949,-0.598995,-0.417148,-0.259384,3209.41,2767.1,19.9166,1.00078,2,t0_only
log_lik[720],-1.73604,0.00254124,0.120094,0.117441,-1.94363,-1.72929,-1.54521,2267.81,2482.63,14.0734,1.00141,2,t0_only
log_lik[721],-0.888153,0.00176355,0.0853174,0.0839956,-1.03597,-0.884723,-0.753027,2358.94,2692.25,14.6389,1.00103,2,t0_only
log_lik[722],-0.443551,0.00175871,0.105784,0.107678,-0.619613,-0.442034,-0.275043,3636.99,2896.32,22.5701,0.999444,2,t0_only
log_lik[723],-2.14363,0.00422474,0.190321,0.183871,-2.47531,-2.13639,-1.84367,2040.4,2128.79,12.6621,1.00151,2,t0_only
log_lik[724],-0.912187,0.00331753,0.176691,0.177196,-1.21072,-0.905607,-0.628856,2888.08,2776.95,17.9226,1.00045,2,t0_only
log_lik[725],-1.43967,0.00419841,0.202457,0.2054,-1.77766,-1.43638,-1.10683,2361.8,2676.73,14.6567,1.00046,2,t0_only
log_lik[726],-1.37959,0.00350285,0.160351,0.152869,-1.66366,-1.36982,-1.12937,2153.54,2063.94,13.3642,1.00176,2,t0_only
log_lik[727],-0.593212,0.00263749,0.142641,0.14149,-0.834022,-0.588846,-0.364514,2962.55,2988.39,18.3847,1.0,2,t0_only
log_lik[728],-1.50546,0.00440459,0.215147,0.21547,-1.87011,-1.50188,-1.15736,2425.45,2895.35,15.0516,1.00022,2,t0_only
log_lik[729],-0.349853,0.0016461,0.0982279,0.0990875,-0.512858,-0.349014,-0.189147,3577.42,3055.39,22.2004,0.999693,2,t0_only
log_lik[730],-0.297853,0.00157741,0.0925674,0.0915852,-0.451974,-0.297262,-0.145892,3460.99,2738.39,21.4779,1.00018,2,t0_only
log_lik[731],-0.575032,0.00237664,0.133852,0.134178,-0.798912,-0.571651,-0.35846,3183.68,2756.58,19.757,1.0003,2,t0_only
log_lik[732],-0.488715,0.00218341,0.122855,0.122054,-0.691428,-0.483634,-0.290014,3179.75,2946.58,19.7326,1.00043,2,t0_only
log_lik[733],-0.280533,0.0014862,0.0856277,0.083784,-0.422626,-0.279677,-0.136926,3332.17,2681.43,20.6784,1.00055,2,t0_only
log_lik[734],-0.4448,0.00170212,0.0963624,0.0946955,-0.608931,-0.439661,-0.291565,3223.67,2758.9,20.0051,1.00122,2,t0_only
log_lik[735],-0.454197,0.00137975,0.0742348,0.0739875,-0.575665,-0.453612,-0.331438,2901.32,2879.65,18.0047,1.00168,2,t0_only
log_lik[736],-1.4112,0.00193696,0.0862295,0.0853409,-1.55389,-1.40958,-1.27024,2025.17,2881.97,12.5676,1.00033,2,t0_only
log_lik[737],-0.279073,0.00150722,0.0871489,0.0855204,-0.425598,-0.278953,-0.133038,3354.49,2886.61,20.817,1.00042,2,t0_only
log_lik[738],-0.473505,0.00164423,0.0929124,0.0921201,-0.633746,-0.469544,-0.325179,3211.82,2762.44,19.9316,1.00142,2,t0_only
log_lik[739],-0.46308,0.002019,0.111893,0.108193,-0.65535,-0.456768,-0.288857,3089.99,2868.24,19.1756,1.00081,2,t0_only
log_lik[740],-0.289551,0.00155978,0.0911471,0.0897809,-0.442509,-0.28872,-0.139728,3430.32,2838.5,21.2876,1.00032,2,t0_only
log_lik[741],-0.323882,0.00140182,0.0794497,0.0769502,-0.455795,-0.323182,-0.190105,3223.56,2729.72,20.0045,1.00135,2,t0_only
log_lik[742],-0.87489,0.00173974,0.0843821,0.0830829,-1.02079,-0.871707,-0.741076,2370.97,2730.83,14.7135,1.00099,2,t0_only
log_lik[743],-1.24542,0.00396768,0.202859,0.202112,-1.59951,-1.23834,-0.920844,2659.18,2551.91,16.5021,1.00076,2,t0_only
log_lik[744],-0.362716,0.00166042,0.0993438,0.100715,-0.527476,-0.362531,-0.201371,3600.34,2985.38,22.3426,0.999581,2,t0_only
log_lik[745],-0.39429,0.00136463,0.0758009,0.0752616,-0.520328,-0.393258,-0.267858,3092.01,2929.08,19.1881,1.00184,2,t0_only
log_lik[746],-0.82389,0.00165609,0.0811815,0.0806425,-0.96463,-0.821265,-0.694898,2419.49,2813.33,15.0147,1.00087,2,t0_only
log_lik[747],-0.570356,0.00236724,0.133322,0.133649,-0.792317,-0.566906,-0.354534,3184.44,2765.63,19.7617,1.00027,2,t0_only
log_lik[748],-1.13475,0.00354686,0.18503,0.184151,-1.45523,-1.12853,-0.838539,2757.08,2922.22,17.1096,1.00021,2,t0_only
log_lik[749],-1.61325,0.00444151,0.204621,0.209341,-1.95162,-1.61295,-1.27915,2143.46,2408.07,13.3017,1.00038,2,t0_only
log_lik[750],-0.422693,0.00181441,0.102565,0.0993975,-0.598966,-0.417968,-0.260563,3211.54,2688.32,19.9299,1.00086,2,t0_only
log_lik[751],-0.765348,0.00154487,0.0828928,0.0839527,-0.906392,-0.764726,-0.63456,2890.32,3296.91,17.9365,1.00166,2,t0_only
log_lik[752],-0.288841,0.00145454,0.0833667,0.0815751,-0.428474,-0.288464,-0.149678,3298.37,2812.34,20.4687,1.00067,2,t0_only
log_lik[753],-1.81522,0.00463769,0.213499,0.210433,-2.1618,-1.81456,-1.46603,2150.17,2674.41,13.3433,1.0003,2,t0_only
log_lik[754],-1.34111,0.00172439,0.0863859,0.0859713,-1.48987,-1.3376,-1.20436,2527.85,2860.97,15.6871,1.00004,2,t0_only
log_lik[755],-0.290169,0.00145122,0.0831293,0.0817239,-0.42975,-0.289829,-0.150922,3295.14,2739.04,20.4487,1.00076,2,t0_only
log_lik[756],-0.431699,0.00136933,0.0747076,0.0748022,-0.553937,-0.430655,-0.307779,2985.51,2925.14,18.5272,1.00167,2,t0_only
log_lik[757],-0.638393,0.00150279,0.074343,0.0741509,-0.761193,-0.637016,-0.518909,2492.7,3029.57,15.469,1.0007,2,t0_only
log_lik[758],-0.706879,0.00263039,0.147487,0.150368,-0.954661,-0.703794,-0.468834,3158.47,3040.92,19.6005,1.00012,2,t0_only
log_lik[759],-0.440768,0.00137334,0.0745018,0.0746321,-0.562844,-0.439654,-0.317201,2947.49,2904.36,18.2913,1.00178,2,t0_only
log_lik[760],-0.416132,0.00172262,0.103647,0.106708,-0.587095,-0.415008,-0.249388,3639.37,2970.22,22.5849,0.999524,2,t0_only
log_lik[761],-0.799806,0.00167041,0.0885597,0.0905366,-0.946861,-0.798713,-0.658559,2820.15,2939.09,17.501,1.0003,2,t0_only
log_lik[762],-0.379645,0.00167937,0.100749,0.102558,-0.547169,-0.379207,-0.218319,3617.61,2989.29,22.4498,0.999676,2,t0_only
log_lik[763],-0.319289,0.00160989,0.0952606,0.0949914,-0.475813,-0.319507,-0.1626,3518.04,2876.29,21.8319,0.999827,2,t0_only
log_lik[764],-1.00118,0.00200454,0.0951534,0.0932472,-1.16724,-0.997195,-0.849158,2278.8,2530.85,14.1416,1.00126,2,t0_only
log_lik[765],-0.421263,0.00185583,0.1048,0.101344,-0.599489,-0.416059,-0.255121,3200.65,2947.95,19.8623,1.00081,2,t0_only
log_lik[766],-0.29758,0.00143591,0.0820256,0.0801263,-0.434673,-0.296971,-0.161562,3275.64,2852.72,20.3277,1.00079,2,t0_only
log_lik[767],-1.31671,0.00170648,0.0855708,0.0858047,-1.46189,-1.31356,-1.18051,2534.67,2821.94,15.7294,1.00016,2,t0_only
log_lik[768],-0.491761,0.00162074,0.0913926,0.0900503,-0.650667,-0.487831,-0.345327,3201.26,2880.23,19.8661,1.00157,2,t0_only
log_lik[769],-0.331798,0.00139479,0.078876,0.0764877,-0.463499,-0.331133,-0.199271,3209.78,2669.81,19.9189,1.00148,2,t0_only
log_lik[770],-0.374549,0.00167362,0.100332,0.101646,-0.541177,-0.373926,-0.213083,3612.54,2988.48,22.4183,0.999634,2,t0_only
log_lik[771],-1.08262,0.00181563,0.0862689,0.0878761,-1.2244,-1.08224,-0.941084,2280.08,3030.61,14.1495,1.00072,2,t0_only
log_lik[772],-2.23808,0.00418049,0.190439,0.182987,-2.57934,-2.22508,-1.95037,2154.83,1940.39,13.3723,1.00182,2,t0_only
log_lik[773],-0.314184,0.00141207,0.0802516,0.0782255,-0.446723,-0.313561,-0.179984,3243.93,2793.53,20.1309,1.001,2,t0_only
log_lik[774],-0.288984,0.00145417,0.0833403,0.0814968,-0.428554,-0.288654,-0.149787,3298.24,2812.34,20.4679,1.00067,2,t0_only
log_lik[775],-0.555198,0.00194971,0.114784,0.116672,-0.745404,-0.551728,-0.376294,3484.48,2787.29,21.6236,0.999754,2,t0_only
log_lik[776],-0.705377,0.00154485,0.0837748,0.084812,-0.848261,-0.705111,-0.572907,2954.68,3237.89,18.3359,1.00172,2,t0_only
log_lik[777],-0.442037,0.00175662,0.105666,0.10771,-0.617737,-0.440356,-0.273904,3636.48,2896.32,22.5669,0.999439,2,t0_only
log_lik[778],-0.400899,0.00170401,0.10245,0.104643,-0.571477,-0.3998,-0.237005,3632.93,3089.2,22.5449,0.999676,2,t0_only
log_lik[779],-1.55599,0.00195728,0.0888012,0.0873299,-1.70306,-1.55337,-1.41174,2076.31,2850.68,12.885,1.00051,2,t0_only
log_lik[780],-1.81124,0.00284776,0.132937,0.129901,-2.04315,-1.80381,-1.60033,2219.62,2233.38,13.7743,1.00156,2,t0_only
log_lik[781],-1.06619,0.00217754,0.10246,0.0989975,-1.24647,-1.06193,-0.903347,2246.17,2299.66,13.9391,1.00135,2,t0_only
log_lik[782],-0.530276,0.00243912,0.133008,0.129941,-0.755528,-0.52539,-0.316842,2988.3,2868.56,18.5445,1.00014,2,t0_only
log_lik[783],-1.15665,0.00185762,0.0859202,0.086408,-1.29597,-1.15683,-1.01464,2163.73,2834.94,13.4275,1.00065,2,t0_only
log_lik[784],-0.427249,0.0019471,0.109725,0.106769,-0.611698,-0.422207,-0.252835,3190.55,3015.36,19.7996,1.00048,2,t0_only
log_lik[785],-0.827054,0.00166092,0.0813622,0.0807695,-0.967936,-0.824239,-0.697791,2416.46,2813.33,14.9958,1.00087,2,t0_only
log_lik[786],-0.362716,0.00166042,0.0993438,0.100715,-0.527476,-0.362531,-0.201371,3600.34,2985.38,22.3426,0.999581,2,t0_only
log_lik[787],-0.366917,0.0016651,0.0996981,0.100847,-0.531886,-0.366302,-0.205793,3606.15,2940.74,22.3787,0.999596,2,t0_only
log_lik[788],-0.849105,0.00291389,0.160822,0.16158,-1.12174,-0.843823,-0.589445,3069.48,2944.92,19.0483,0.999938,2,t0_only
log_lik[789],-0.283411,0.00147163,0.0845862,0.0831335,-0.423992,-0.282984,-0.142285,3311.36,2805.79,20.5493,1.00069,2,t0_only
log_lik[790],-0.288257,0.00155645,0.0908826,0.0895324,-0.43963,-0.287303,-0.138764,3425.56,2838.2,21.258,1.00038,2,t0_only
log_lik[791],-0.281986,0.00147788,0.0850324,0.0835049,-0.423112,-0.281372,-0.13968,3319.52,2803.88,20.6,1.00054,2,t0_only
log_lik[792],-0.412734,0.00171838,0.103381,0.106165,-0.583875,-0.411867,-0.24694,3639.49,3090.63,22.5856,0.999533,2,t0_only
log_lik[793],-0.288841,0.00145454,0.0833667,0.0815751,-0.428474,-0.288464,-0.149678,3298.37,2812.34,20.4687,1.00067,2,t0_only
log_lik[794],-0.281376,0.00148104,0.0852579,0.0833446,-0.423239,-0.280757,-0.1386,3325.46,2815.46,20.6368,1.0005,2,t0_only
log_lik[795],-0.287493,0.00155436,0.0907183,0.0893394,-0.438734,-0.286604,-0.137891,3422.06,2838.2,21.2363,1.00036,2,t0_only
log_lik[796],-0.535256,0.00142665,0.073466,0.0737854,-0.656992,-0.533746,-0.415444,2677.5,2686.3,16.6158,1.00129,2,t0_only
log_lik[797],-0.464055,0.00206504,0.11415,0.110725,-0.659579,-0.457101,-0.284907,3072.13,2801.43,19.0647,1.00074,2,t0_only
log_lik[798],-0.286549,0.00146091,0.0838212,0.0816509,-0.427002,-0.285992,-0.146678,3302.63,2855.67,20.4952,1.00065,2,t0_only
log_lik[799],-1.66953,0.00231837,0.110868,0.108901,-1.86269,-1.66454,-1.49393,2316.39,2549.24,14.3748,1.00124,2,t0_only
log_lik[800],-0.469683,0.00179675,0.107828,0.109361,-0.647775,-0.467609,-0.299778,3628.58,2874.05,22.5179,0.999509,2,t0_only
log_lik[801],-0.496084,0.00179996,0.100799,0.0998927,-0.668618,-0.491574,-0.336092,3155.73,3040.52,19.5835,1.00134,2,t0_only
log_lik[802],-0.625583,0.00247533,0.139326,0.140953,-0.858685,-0.622225,-0.401375,3180.98,2879.78,19.7402,1.00017,2,t0_only
log_lik[803],-0.313025,0.00160145,0.0945564,0.0942096,-0.469779,-0.313158,-0.157017,3503.52,2850.58,21.7418,0.999932,2,t0_only
log_lik[804],-0.574319,0.00169597,0.0942941,0.0959486,-0.734636,-0.570246,-0.425801,3098.5,3183.48,19.2284,1.00111,2,t0_only
log_lik[805],-0.279075,0.00150762,0.0871788,0.0854452,-0.425691,-0.278965,-0.132971,3354.97,2886.61,20.82,1.00041,2,t0_only
log_lik[806],-0.279677,0.00149342,0.0861468,0.0847139,-0.423339,-0.278808,-0.135123,3338.61,2793.76,20.7184,1.0005,2,t0_only
log_lik[807],-0.555687,0.00170989,0.0953465,0.0960402,-0.718095,-0.551497,-0.405709,3122.19,3245.81,19.3754,1.00107,2,t0_only
log_lik[808],-1.50639,0.00195089,0.0876074,0.0870937,-1.65173,-1.50409,-1.36425,2047.2,2975.47,12.7043,1.00036,2,t0_only
log_lik[809],-0.34153,0.00138744,0.0782477,0.0759823,-0.471942,-0.34064,-0.2094,3191.39,2651.18,19.8048,1.00156,2,t0_only
log_lik[810],-0.293981,0.00156983,0.0919519,0.0911703,-0.447875,-0.293126,-0.143249,3447.63,2768.97,21.395,1.0003,2,t0_only
log_lik[811],-1.69338,0.00200755,0.0945155,0.0929454,-1.85452,-1.69142,-1.54151,2213.64,2603.22,13.7372,1.00095,2,t0_only
log_lik[812],-0.34382,0.00138589,0.0781104,0.0760074,-0.474408,-0.342863,-0.212269,3187.38,2596.69,19.78,1.0015,2,t0_only
log_lik[813],-0.304836,0.00158931,0.093547,0.0924805,-0.459873,-0.304377,-0.151153,3484.58,2817.9,21.6243,1.00003,2,t0_only
log_lik[814],-0.325764,0.00161809,0.0959436,0.0961578,-0.4833,-0.326062,-0.167959,3528.9,2900.75,21.8993,0.999847,2,t0_only
log_lik[815],-0.992472,0.0019834,0.094271,0.092686,-1.1564,-0.988562,-0.842085,2283.84,2565.02,14.1728,1.00126,2,t0_only
log_lik[816],-0.28006,0.0014898,0.0858863,0.0845021,-0.42291,-0.279193,-0.135878,3334.22,2815.22,20.6912,1.0005,2,t0_only
log_lik[817],-1.21122,0.00267292,0.123864,0.119401,-1.43126,-1.20598,-1.01508,2189.99,2109.0,13.5904,1.00157,2,t0_only
log_lik[818],-1.77615,0.00269697,0.126598,0.122791,-1.99599,-1.76968,-1.57506,2241.06,2373.05,13.9074,1.0015,2,t0_only
log_lik[819],-0.474165,0.00164326,0.092851,0.0919714,-0.634417,-0.470136,-0.326089,3211.39,2762.44,19.929,1.00146,2,t0_only
log_lik[820],-0.303095,0.00142682,0.0813594,0.0789084,-0.438459,-0.302617,-0.167871,3265.92,2750.88,20.2673,1.00093,2,t0_only
log_lik[821],-0.303966,0.0014255,0.0812625,0.0787043,-0.439294,-0.303303,-0.169128,3264.37,2773.71,20.2577,1.00095,2,t0_only
log_lik[822],-0.319719,0.00140598,0.0797788,0.0774014,-0.451178,-0.319091,-0.184971,3232.01,2771.23,20.0569,1.00122,2,t0_only
log_lik[823],-0.808664,0.00154658,0.0824099,0.0832772,-0.948703,-0.808685,-0.678607,2847.02,3159.33,17.6678,1.00146,2,t0_only
log_lik[824],-0.281489,0.00153234,0.0890177,0.0881372,-0.429466,-0.280485,-0.134013,3388.35,2822.76,21.0271,1.0005,2,t0_only
log_lik[825],-0.299147,0.00143317,0.081826,0.0795855,-0.435614,-0.298328,-0.163415,3271.92,2820.39,20.3046,1.0008,2,t0_only
log_lik[826],-0.416132,0.00172262,0.103647,0.106708,-0.587095,-0.415008,-0.249388,3639.37,2970.22,22.5849,0.999524,2,t0_only
log_lik[827],-0.287862,0.00145715,0.0835529,0.0815588,-0.427466,-0.287488,-0.148651,3301.03,2812.34,20.4852,1.00066,2,t0_only
log_lik[828],-0.292227,0.0014465,0.0827902,0.0814147,-0.430755,-0.291939,-0.153403,3289.93,2787.43,20.4164,1.00083,2,t0_only
log_lik[829],-0.513864,0.00159973,0.0899238,0.0882132,-0.668224,-0.509833,-0.369905,3180.7,3076.71,19.7385,1.00197,2,t0_only
log_lik[830],-0.30077,0.00143047,0.0816282,0.0790745,-0.436796,-0.30022,-0.164871,3268.01,2769.39,20.2803,1.00083,2,t0_only
log_lik[831],-0.406082,0.00171024,0.102859,0.105659,-0.577155,-0.405163,-0.241573,3636.24,3221.1,22.5655,0.999608,2,t0_only
log_lik[832],-2.01661,0.00281033,0.130837,0.126492,-2.24466,-2.00969,-1.81089,2206.68,2077.5,13.694,1.00169,2,t0_only
log_lik[833],-0.537322,0.00142812,0.0734637,0.0737659,-0.658796,-0.535723,-0.417411,2673.46,2686.3,16.5907,1.00128,2,t0_only
log_lik[834],-0.468892,0.00138732,0.0739914,0.0739348,-0.589985,-0.468633,-0.346715,2854.54,2796.34,17.7145,1.00147,2,t0_only
log_lik[835],-2.23821,0.00418211,0.190512,0.183149,-2.57961,-2.22525,-1.95045,2154.84,1940.39,13.3723,1.00182,2,t0_only
log_lik[836],-0.373725,0.00137072,0.0766012,0.0752955,-0.501512,-0.373097,-0.245032,3132.64,2812.96,19.4402,1.00174,2,t0_only
log_lik[837],-0.31178,0.0015997,0.0944102,0.0939214,-0.468029,-0.311987,-0.156414,3500.25,2855.38,21.7215,0.999982,2,t0_only
log_lik[838],-0.307051,0.00159275,0.0938321,0.0930792,-0.463274,-0.306987,-0.153184,3489.44,2900.26,21.6544,1.00003,2,t0_only
log_lik[839],-1.29461,0.00304184,0.140023,0.133964,-1.54308,-1.2863,-1.07161,2167.65,2063.17,13.4518,1.00165,2,t0_only
log_lik[840],-0.602906,0.00205449,0.118917,0.121524,-0.803165,-0.599791,-0.417364,3368.02,2861.02,20.9009,0.999896,2,t0_only
log_lik[841],-0.389076,0.00169014,0.10151,0.104048,-0.557061,-0.388787,-0.226705,3624.01,2991.26,22.4896,0.999699,2,t0_only
log_lik[842],-0.291479,0.00156438,0.0915138,0.0907141,-0.444665,-0.290624,-0.141494,3437.02,2816.13,21.3292,1.00028,2,t0_only
log_lik[843],-0.279878,0.0014914,0.0860018,0.0846756,-0.423141,-0.278988,-0.13539,3336.21,2793.76,20.7035,1.00049,2,t0_only
log_lik[844],-1.24508,0.00166301,0.0837056,0.0840207,-1.38527,-1.24326,-1.11223,2554.4,2661.85,15.8518,1.00029,2,t0_only
log_lik[845],-0.296951,0.00157572,0.0924297,0.0913476,-0.451214,-0.296299,-0.145193,3457.94,2738.39,21.459,1.00026,2,t0_only
log_lik[846],-0.711555,0.00233917,0.12905,0.129158,-0.931902,-0.705231,-0.508543,3056.46,2937.01,18.9675,1.0002,2,t0_only
log_lik[847],-0.287947,0.00155561,0.0908168,0.0893447,-0.438976,-0.287025,-0.138428,3424.18,2838.2,21.2495,1.00035,2,t0_only
log_lik[848],-0.324647,0.00161671,0.0958286,0.0958586,-0.481754,-0.325008,-0.167134,3526.9,2900.75,21.8869,0.999843,2,t0_only
log_lik[849],-0.279093,0.00150395,0.0869106,0.0852602,-0.424652,-0.279,-0.133302,3350.59,2814.43,20.7928,1.00037,2,t0_only
