param,Mean,MCSE,StdDev,MAD,5%,50%,95%,ESS_bulk,ESS_tail,ESS_bulk/s,R_hat,participant_id,model
lp__,430.143,0.0539014,1.98038,1.8446,426.517,430.434,432.738,1457.9,1944.98,12.586,1.00073,2,B_only
B[1],0.44401,0.00344508,0.0987774,0.0969805,0.299578,0.434194,0.618842,782.583,711.526,6.75602,1.00274,2,B_only
B[2],0.727728,0.00547708,0.156758,0.150032,0.495217,0.714447,1.00899,785.112,738.602,6.77785,1.0027,2,B_only
B[3],0.852493,0.00635296,0.181787,0.174373,0.578396,0.836998,1.17407,788.494,822.048,6.80704,1.00215,2,B_only
c,-0.199931,0.00104704,0.0430252,0.0414018,-0.271083,-0.200448,-0.129646,1720.24,1709.45,14.8508,1.00443,2,B_only
d,2.0648,0.00740994,0.214401,0.212879,1.72666,2.05727,2.43423,852.347,896.132,7.35829,1.00181,2,B_only
t0,0.235305,0.000275012,0.0100139,0.0103521,0.217503,0.236226,0.250155,1306.67,1417.92,11.2804,1.00346,2,B_only
r,3.04315,0.0241495,0.693202,0.648117,2.03282,2.97158,4.27703,789.753,827.203,6.81792,1.00192,2,B_only
p_lapse,0.119463,0.000474326,0.0229557,0.0230969,0.0829202,0.118962,0.158158,2346.52,2450.38,20.2574,1.00053,2,B_only
c_vec[1],-0.199931,0.00104704,0.0430252,0.0414018,-0.271083,-0.200448,-0.129646,1720.24,1709.45,14.8508,1.00443,2,B_only
c_vec[2],-0.199931,0.00104704,0.0430252,0.0414018,-0.271083,-0.200448,-0.129646,1720.24,1709.45,14.8508,1.00443,2,B_only
c_vec[3],-0.199931,0.00104704,0.0430252,0.0414018,-0.271083,-0.200448,-0.129646,1720.24,1709.45,14.8508,1.00443,2,B_only
d_vec[1],2.0648,0.00740994,0.214401,0.212879,1.72666,2.05727,2.43423,852.347,896.132,7.35829,1.00181,2,B_only
d_vec[2],2.0648,0.00740994,0.214401,0.212879,1.72666,2.05727,2.43423,852.347,896.132,7.35829,1.00181,2,B_only
d_vec[3],2.0648,0.00740994,0.214401,0.212879,1.72666,2.05727,2.43423,852.347,896.132,7.35829,1.00181,2,B_only
pk[1],0.88951,0.00073608,0.0222165,0.0215826,0.85175,0.891227,0.923183,889.556,1120.73,7.67951,1.00231,2,B_only
pk[2],0.88951,0.00073608,0.0222165,0.0215826,0.85175,0.891227,0.923183,889.556,1120.73,7.67951,1.00231,2,B_only
pk[3],0.88951,0.00073608,0.0222165,0.0215826,0.85175,0.891227,0.923183,889.556,1120.73,7.67951,1.00231,2,B_only
pf[1],0.20408,0.0010325,0.0317609,0.0319823,0.152146,0.203323,0.256619,938.876,847.066,8.10528,1.00208,2,B_only
pf[2],0.20408,0.0010325,0.0317609,0.0319823,0.152146,0.203323,0.256619,938.876,847.066,8.10528,1.00208,2,B_only
pf[3],0.20408,0.0010325,0.0317609,0.0319823,0.152146,0.203323,0.256619,938.876,847.066,8.10528,1.00208,2,B_only
vk[1],2.69308,0.0191848,0.548581,0.519973,1.86823,2.64656,3.662,790.968,846.136,6.8284,1.0019,2,B_only
vk[2],2.69308,0.0191848,0.548581,0.519973,1.86823,2.64656,3.662,790.968,846.136,6.8284,1.0019,2,B_only
vk[3],2.69308,0.0191848,0.548581,0.519973,1.86823,2.64656,3.662,790.968,846.136,6.8284,1.0019,2,B_only
vf[1],0.63896,0.00796742,0.233388,0.220281,0.314526,0.608721,1.06457,804.142,867.842,6.94213,1.002,2,B_only
vf[2],0.63896,0.00796742,0.233388,0.220281,0.314526,0.608721,1.06457,804.142,867.842,6.94213,1.002,2,B_only
vf[3],0.63896,0.00796742,0.233388,0.220281,0.314526,0.608721,1.06457,804.142,867.842,6.94213,1.002,2,B_only
sigma_k[1],0.544797,0.00370078,0.106658,0.10406,0.383954,0.537827,0.730446,808.691,900.885,6.98141,1.00197,2,B_only
sigma_k[2],0.544797,0.00370078,0.106658,0.10406,0.383954,0.537827,0.730446,808.691,900.885,6.98141,1.00197,2,B_only
sigma_k[3],0.544797,0.00370078,0.106658,0.10406,0.383954,0.537827,0.730446,808.691,900.885,6.98141,1.00197,2,B_only
sigma_f[1],0.699052,0.00402467,0.114462,0.113412,0.515597,0.6957,0.890339,797.706,844.529,6.88657,1.00197,2,B_only
sigma_f[2],0.699052,0.00402467,0.114462,0.113412,0.515597,0.6957,0.890339,797.706,844.529,6.88657,1.00197,2,B_only
sigma_f[3],0.699052,0.00402467,0.114462,0.113412,0.515597,0.6957,0.890339,797.706,844.529,6.88657,1.00197,2,B_only
log_lik[1],1.5143,0.00124895,0.0659384,0.0663613,1.40076,1.51757,1.61644,2822.76,2959.88,24.3688,1.00077,2,B_only
log_lik[2],1.10105,0.00119316,0.0747686,0.0749116,0.973444,1.10293,1.21788,3918.88,3151.93,33.8316,1.00143,2,B_only
log_lik[3],1.14441,0.00111318,0.0696415,0.0704267,1.02657,1.14652,1.25295,3904.96,3177.47,33.7114,1.00143,2,B_only
log_lik[4],1.24222,0.000906,0.056713,0.0571921,1.14468,1.24379,1.33115,3932.09,3586.99,33.9456,1.00127,2,B_only
log_lik[5],-0.507719,0.00335415,0.206042,0.20755,-0.858486,-0.501577,-0.178346,3856.05,3233.13,33.2892,1.00099,2,B_only
log_lik[6],0.797671,0.00165631,0.105902,0.106719,0.619133,0.799793,0.964354,4087.66,3114.39,35.2887,1.00127,2,B_only
log_lik[7],1.28638,0.000569701,0.0340683,0.0342335,1.23086,1.28694,1.34199,3590.41,2773.18,30.9959,1.00051,2,B_only
log_lik[8],0.890142,0.00130486,0.0853313,0.0846483,0.747685,0.8929,1.02475,4288.45,3415.77,37.022,1.00067,2,B_only
log_lik[9],1.51677,0.00124546,0.0656143,0.0661117,1.40392,1.51994,1.61827,2810.29,2959.6,24.2611,1.00072,2,B_only
log_lik[10],1.46421,0.00060419,0.0379826,0.0375162,1.40048,1.46524,1.52593,3990.01,3224.73,34.4457,1.00071,2,B_only
log_lik[11],1.02778,0.000704962,0.0433251,0.0434965,0.955018,1.02775,1.09769,3787.29,3552.88,32.6955,1.00098,2,B_only
log_lik[12],-0.50375,0.00295458,0.194721,0.196865,-0.832819,-0.499365,-0.189824,4360.87,3320.46,37.6473,1.0005,2,B_only
log_lik[13],0.741225,0.00153661,0.100471,0.101627,0.572363,0.744759,0.898555,4291.22,3542.26,37.046,1.00062,2,B_only
log_lik[14],1.49621,0.0005853,0.0366889,0.0361705,1.43543,1.49712,1.55587,3958.67,3069.51,34.1751,1.0007,2,B_only
log_lik[15],1.33718,0.000549173,0.0344009,0.0344729,1.28151,1.33717,1.39453,3955.13,2832.13,34.1445,1.00087,2,B_only
log_lik[16],1.24015,0.000577546,0.0342747,0.0336131,1.18401,1.24018,1.29649,3551.26,2731.07,30.6579,1.00048,2,B_only
log_lik[17],0.87454,0.00133018,0.0869814,0.0863419,0.729173,0.877293,1.01176,4288.9,3445.41,37.0259,1.00071,2,B_only
log_lik[18],1.06956,0.000759906,0.0446577,0.0450316,0.99358,1.07096,1.13932,3479.4,3077.85,30.0376,1.00143,2,B_only
log_lik[19],0.965089,0.00111603,0.061325,0.060748,0.860548,0.966188,1.06231,3064.99,2806.31,26.46,1.0008,2,B_only
log_lik[20],0.916079,0.000765074,0.0484538,0.048544,0.834136,0.916453,0.992448,4027.94,3515.78,34.7731,1.00077,2,B_only
log_lik[21],-0.953957,0.00162139,0.09298,0.0918852,-1.11275,-0.952039,-0.803996,3369.09,3333.67,29.0853,0.999474,2,B_only
log_lik[22],0.848927,0.00137116,0.0896544,0.089622,0.699011,0.851909,0.990341,4288.77,3448.66,37.0248,1.0006,2,B_only
log_lik[23],1.23227,0.000834329,0.0493778,0.0491801,1.14673,1.23408,1.30935,3570.53,2899.54,30.8243,1.00158,2,B_only
log_lik[24],1.0428,0.00129309,0.0812871,0.0819107,0.905015,1.04449,1.16991,3940.68,3089.66,34.0198,1.00141,2,B_only
log_lik[25],0.822174,0.00141326,0.0924022,0.0923257,0.66744,0.825251,0.96754,4288.91,3481.24,37.0261,1.00053,2,B_only
log_lik[26],1.07726,0.00123489,0.0774755,0.0777719,0.945444,1.07919,1.19811,3924.16,3085.77,33.8771,1.00142,2,B_only
log_lik[27],1.48743,0.00058976,0.0370233,0.036588,1.42561,1.4881,1.54751,3974.67,3079.58,34.3132,1.00071,2,B_only
log_lik[28],0.647311,0.00185654,0.119644,0.120526,0.443842,0.65018,0.835142,4165.01,3213.68,35.9564,1.00116,2,B_only
log_lik[29],1.48419,0.000591558,0.0371511,0.0366444,1.42216,1.48491,1.54435,3977.31,3076.83,34.336,1.00071,2,B_only
log_lik[30],1.19764,0.000875455,0.0510576,0.0510285,1.10966,1.19942,1.27841,3466.77,3013.08,29.9285,1.00126,2,B_only
log_lik[31],1.61974,0.00101676,0.0487312,0.0489842,1.53875,1.62229,1.69695,2322.41,2859.53,20.0493,1.00032,2,B_only
log_lik[32],1.2897,0.000764498,0.0465267,0.0464347,1.20999,1.29115,1.36259,3782.17,3017.13,32.6513,1.00164,2,B_only
log_lik[33],-0.833784,0.00157475,0.0907742,0.0910959,-0.983978,-0.833746,-0.686021,3386.86,3198.04,29.2387,0.999573,2,B_only
log_lik[34],1.32289,0.000542886,0.0333815,0.0336572,1.26902,1.32306,1.37838,3804.99,2740.22,32.8483,1.00053,2,B_only
log_lik[35],0.884118,0.00153589,0.0976109,0.0986673,0.719065,0.88652,1.03875,4030.65,3131.02,34.7965,1.00135,2,B_only
log_lik[36],-1.57274,0.00323415,0.210269,0.212458,-1.90883,-1.57724,-1.21372,4237.72,3687.05,36.5841,1.00057,2,B_only
log_lik[37],1.22813,0.0005814,0.0341506,0.0338524,1.17226,1.22796,1.2843,3471.08,2791.28,29.9657,1.00062,2,B_only
log_lik[38],1.15804,0.000809276,0.0529074,0.0525991,1.06936,1.15962,1.24302,4293.53,3683.16,37.0659,1.00032,2,B_only
log_lik[39],0.580613,0.00176638,0.115575,0.116451,0.384622,0.584724,0.764305,4291.39,3474.38,37.0474,1.00079,2,B_only
log_lik[40],-0.802642,0.00156875,0.0904079,0.0915108,-0.9526,-0.802626,-0.655874,3384.51,3153.33,29.2184,0.99961,2,B_only
log_lik[41],1.28757,0.00155868,0.0941881,0.0971458,1.12588,1.29065,1.43252,3748.62,3193.24,32.3617,1.00185,2,B_only
log_lik[42],1.11697,0.00089597,0.0586509,0.0576112,1.01838,1.11954,1.21061,4304.71,3443.27,37.1624,1.00053,2,B_only
log_lik[43],1.33754,0.000550078,0.0344801,0.0346842,1.2817,1.33753,1.39492,3963.74,2869.84,34.2188,1.00082,2,B_only
log_lik[44],0.0854365,0.00256584,0.165998,0.164796,-0.198466,0.0886356,0.349755,4241.87,3245.92,36.6199,1.0017,2,B_only
log_lik[45],1.13513,0.00113077,0.0707624,0.0715256,1.01505,1.13715,1.24519,3908.36,3173.33,33.7407,1.00143,2,B_only
log_lik[46],0.0332693,0.00263494,0.169951,0.167777,-0.258564,0.0377919,0.303384,4224.59,3245.78,36.4707,1.00188,2,B_only
log_lik[47],1.46336,0.000604781,0.0380195,0.0375149,1.39967,1.46444,1.52513,3989.98,3202.65,34.4453,1.00071,2,B_only
log_lik[48],0.209135,0.00239912,0.156377,0.154077,-0.0592887,0.211788,0.456654,4280.26,3218.51,36.9513,1.00122,2,B_only
log_lik[49],1.3332,0.000626626,0.0396948,0.0395056,1.26617,1.33334,1.39792,4049.02,3307.86,34.9551,1.00043,2,B_only
log_lik[50],1.37538,0.000680361,0.0422089,0.0415946,1.30507,1.3769,1.44277,3890.57,3153.01,33.5871,1.00109,2,B_only
log_lik[51],0.910434,0.00116371,0.0634671,0.0628091,0.802705,0.911514,1.01126,3014.13,2883.3,26.0209,1.00084,2,B_only
log_lik[52],1.13928,0.00112292,0.0702619,0.0711223,1.02014,1.14142,1.24858,3902.94,3173.14,33.694,1.00144,2,B_only
log_lik[53],1.17008,0.000782567,0.0511194,0.0510336,1.08453,1.17142,1.25274,4289.48,3699.77,37.031,1.0001,2,B_only
log_lik[54],1.20786,0.000693063,0.0450159,0.0452977,1.13282,1.20862,1.28089,4241.36,3736.73,36.6155,0.999868,2,B_only
log_lik[55],0.83358,0.0013954,0.0912361,0.0913777,0.680956,0.836723,0.977091,4288.66,3481.24,37.0239,1.00052,2,B_only
log_lik[56],1.24571,0.000581375,0.0350672,0.0348877,1.18848,1.2461,1.3034,3677.01,3098.02,31.7435,1.00024,2,B_only
log_lik[57],1.24547,0.00081841,0.0487286,0.0486282,1.16157,1.24725,1.32194,3614.78,2927.69,31.2063,1.00187,2,B_only
log_lik[58],0.806922,0.000929095,0.0565618,0.0570393,0.710816,0.808967,0.89676,3735.34,3212.13,32.2471,1.00191,2,B_only
log_lik[59],0.419641,0.00198047,0.129737,0.130931,0.198191,0.423929,0.626651,4299.84,3474.74,37.1204,1.0006,2,B_only
log_lik[60],1.20244,0.000601569,0.0349354,0.0349585,1.14528,1.20231,1.2599,3387.89,2882.55,29.2475,1.00076,2,B_only
log_lik[61],-1.07346,0.00173508,0.0970025,0.0954754,-1.23757,-1.07102,-0.918024,3183.07,3111.74,27.4794,0.999766,2,B_only
log_lik[62],1.04924,0.00103652,0.0578247,0.0581144,0.949541,1.05011,1.1406,3162.89,2684.33,27.3052,1.00082,2,B_only
log_lik[63],0.0938502,0.00237321,0.155896,0.156548,-0.170299,0.0993689,0.342176,4332.14,3472.81,37.3993,1.00062,2,B_only
log_lik[64],-0.348797,0.00161894,0.0883512,0.0897963,-0.491989,-0.349291,-0.202452,3035.42,2730.94,26.2047,0.999976,2,B_only
log_lik[65],1.29742,0.000559837,0.0336993,0.0338383,1.24298,1.29762,1.35256,3642.94,2859.74,31.4494,1.00065,2,B_only
log_lik[66],1.33366,0.000624241,0.0395451,0.0393123,1.26701,1.33377,1.39822,4049.35,3337.38,34.9579,1.00042,2,B_only
log_lik[67],-1.43569,0.00738463,0.302301,0.269074,-1.86609,-1.47472,-0.869445,1698.02,1940.35,14.6589,1.00317,2,B_only
log_lik[68],0.67154,0.000901064,0.0589836,0.0589218,0.572986,0.6726,0.764003,4306.39,3520.11,37.177,1.00082,2,B_only
log_lik[69],0.27563,0.00231863,0.151069,0.149484,0.016204,0.27862,0.516059,4271.67,3192.1,36.8772,1.00118,2,B_only
log_lik[70],0.613519,0.00190002,0.122637,0.123718,0.403992,0.616513,0.806663,4177.85,3197.37,36.0673,1.00113,2,B_only
log_lik[71],-0.88034,0.00319756,0.210672,0.211535,-1.23507,-0.879849,-0.536997,4360.8,3248.07,37.6467,1.00087,2,B_only
log_lik[72],0.988465,0.00109468,0.0603774,0.0604106,0.885412,0.989407,1.08372,3087.98,2816.47,26.6585,1.00083,2,B_only
log_lik[73],0.431003,0.00196583,0.128766,0.130053,0.210893,0.435175,0.636061,4299.16,3474.74,37.1145,1.00061,2,B_only
log_lik[74],1.43177,0.000629147,0.039454,0.038867,1.36649,1.43347,1.49507,3975.24,3179.45,34.3181,1.00073,2,B_only
log_lik[75],1.556,0.00118446,0.06023,0.0604801,1.4537,1.55912,1.65033,2602.73,2969.59,22.4693,1.00098,2,B_only
log_lik[76],-0.213723,0.00269698,0.177544,0.178334,-0.516493,-0.209431,0.0696559,4353.39,3349.78,37.5827,1.00044,2,B_only
log_lik[77],1.21895,0.000850261,0.0500278,0.0498985,1.13227,1.22072,1.29716,3524.69,2944.52,30.4285,1.00144,2,B_only
log_lik[78],1.63358,0.000893489,0.0428598,0.043466,1.56082,1.63558,1.70145,2336.97,3044.32,20.175,1.00031,2,B_only
log_lik[79],-1.56802,0.00411215,0.217084,0.215995,-1.90925,-1.57931,-1.19697,2805.43,3202.75,24.2192,1.00081,2,B_only
log_lik[80],0.974327,0.000729661,0.0458162,0.046417,0.897055,0.974319,1.04711,3955.61,3586.05,34.1487,1.00088,2,B_only
log_lik[81],-0.33613,0.00162134,0.0882975,0.0899385,-0.478772,-0.336448,-0.190459,3026.03,2730.43,26.1236,0.999989,2,B_only
log_lik[82],1.22021,0.00095695,0.0598487,0.0602372,1.11748,1.22222,1.31401,3912.41,3415.24,33.7757,1.00133,2,B_only
log_lik[83],0.523013,0.00430855,0.213148,0.216328,0.154622,0.53285,0.850206,2491.3,3127.71,21.5073,1.00227,2,B_only
log_lik[84],1.00264,0.00135805,0.0855893,0.0865939,0.858061,1.00468,1.13696,3961.29,3131.2,34.1977,1.00143,2,B_only
log_lik[85],1.33843,0.000552862,0.0347136,0.0352838,1.28211,1.33849,1.39638,3981.83,2971.76,34.375,1.00072,2,B_only
log_lik[86],1.21169,0.000594405,0.0345839,0.0345551,1.15514,1.2115,1.26872,3400.4,2920.53,29.3555,1.00069,2,B_only
log_lik[87],1.09848,0.000933173,0.0610962,0.0598671,0.99634,1.10091,1.19549,4307.61,3417.33,37.1875,1.0002,2,B_only
log_lik[88],0.766099,0.00127719,0.0686427,0.0674167,0.650189,0.767022,0.877153,2927.31,2884.26,25.2714,1.00063,2,B_only
log_lik[89],1.33996,0.000563481,0.0355268,0.0359653,1.28084,1.34027,1.39909,4020.25,2955.87,34.7067,1.00033,2,B_only
log_lik[90],0.640168,0.00186577,0.12028,0.121338,0.435455,0.643144,0.829135,4167.4,3213.68,35.977,1.00116,2,B_only
log_lik[91],-1.31652,0.00838315,0.340658,0.325641,-1.79589,-1.37064,-0.676165,1668.02,2062.85,14.3999,1.00327,2,B_only
log_lik[92],1.29673,0.000760895,0.0478929,0.0481762,1.21444,1.29769,1.37206,3985.54,3552.01,34.407,1.00096,2,B_only
log_lik[93],-0.830981,0.0017808,0.108125,0.109718,-1.01088,-0.829507,-0.657441,3706.43,3638.63,31.9975,1.002,2,B_only
log_lik[94],0.899839,0.00151328,0.0960647,0.0970107,0.737687,0.902431,1.05151,4023.16,3105.15,34.7318,1.00136,2,B_only
log_lik[95],1.06793,0.000992706,0.0649942,0.0636301,0.959915,1.07084,1.17128,4304.47,3405.85,37.1603,1.00027,2,B_only
log_lik[96],1.16549,0.000792833,0.0518079,0.0513748,1.07857,1.16702,1.24931,4289.69,3699.68,37.0327,1.0002,2,B_only
log_lik[97],1.09699,0.000988128,0.0557286,0.0561513,1.00171,1.09816,1.18634,3239.41,2861.95,27.9657,1.00089,2,B_only
log_lik[98],1.19178,0.000659424,0.0385389,0.0397853,1.12781,1.19267,1.25403,3430.32,2976.13,29.6139,1.00092,2,B_only
log_lik[99],1.33595,0.000611378,0.0387319,0.0385261,1.27092,1.33617,1.39966,4052.23,3221.39,34.9828,1.00036,2,B_only
log_lik[100],0.625721,0.00188437,0.12156,0.122993,0.418512,0.628797,0.817372,4173.01,3197.53,36.0254,1.00114,2,B_only
log_lik[101],1.32396,0.000542575,0.0334007,0.0335383,1.27007,1.32413,1.37959,3811.22,2760.18,32.9021,1.00058,2,B_only
log_lik[102],1.29169,0.000564866,0.0338807,0.0340156,1.23666,1.29206,1.34712,3613.29,2789.8,31.1934,1.00074,2,B_only
log_lik[103],1.17353,0.000622631,0.0362286,0.0363442,1.11422,1.17353,1.23345,3397.12,3066.36,29.3272,1.00092,2,B_only
log_lik[104],1.32729,0.000727656,0.0446322,0.0443841,1.25193,1.32867,1.3975,3800.65,3019.72,32.8109,1.00151,2,B_only
log_lik[105],1.1508,0.000929349,0.0532726,0.0535482,1.06023,1.15234,1.23592,3351.6,3032.55,28.9343,1.00109,2,B_only
log_lik[106],0.999948,0.001118,0.0731644,0.072763,0.877658,1.00199,1.11582,4297.22,3271.01,37.0978,1.00042,2,B_only
log_lik[107],1.30483,0.00152699,0.0920013,0.0947266,1.14731,1.3079,1.4467,3681.88,3451.97,31.7856,1.00184,2,B_only
log_lik[108],1.08637,0.000957055,0.0626618,0.0615232,0.981953,1.08926,1.18587,4307.07,3436.28,37.1828,1.00023,2,B_only
log_lik[109],0.974327,0.000729661,0.0458162,0.046417,0.897055,0.974319,1.04711,3955.61,3586.05,34.1487,1.00088,2,B_only
log_lik[110],1.06245,0.00102337,0.0572526,0.0574851,0.963814,1.06345,1.1537,3178.59,2756.13,27.4407,1.00079,2,B_only
log_lik[111],0.900154,0.00269362,0.149203,0.153065,0.6393,0.907541,1.12878,3123.68,3203.04,26.9666,1.00167,2,B_only
log_lik[112],1.2629,0.000797251,0.0478656,0.0476631,1.18104,1.26463,1.33779,3678.49,2998.62,31.7563,1.00172,2,B_only
log_lik[113],1.04367,0.000697259,0.0425695,0.042889,0.972941,1.04358,1.11267,3740.99,3487.86,32.2959,1.00099,2,B_only
log_lik[114],0.572747,0.00177719,0.116288,0.117275,0.375298,0.576767,0.757723,4291.76,3474.38,37.0506,1.00077,2,B_only
log_lik[115],1.63242,0.000822027,0.0401817,0.0410327,1.56415,1.63409,1.6968,2433.65,2984.39,21.0096,1.00036,2,B_only
log_lik[116],0.00429288,0.0024723,0.16252,0.163838,-0.269913,0.00912181,0.262976,4336.65,3441.16,37.4381,1.00057,2,B_only
log_lik[117],1.5376,0.00121464,0.0628209,0.0631074,1.4301,1.54092,1.63481,2692.03,3142.75,23.2402,1.00073,2,B_only
log_lik[118],1.18993,0.000736823,0.0480262,0.0478593,1.10938,1.19102,1.26811,4272.86,3702.23,36.8875,0.999924,2,B_only
log_lik[119],0.496776,0.00204731,0.13275,0.134377,0.269577,0.499625,0.705284,4220.51,3276.39,36.4355,1.00103,2,B_only
log_lik[120],1.33561,0.000546278,0.0341307,0.03407,1.27996,1.33577,1.39233,3933.01,2805.85,33.9535,1.00089,2,B_only
log_lik[121],1.18473,0.00074904,0.0488568,0.0488603,1.10216,1.18589,1.2643,4278.45,3702.23,36.9357,0.999992,2,B_only
log_lik[122],0.660631,0.00367641,0.188863,0.194329,0.332843,0.671305,0.950715,2682.27,3134.09,23.156,1.00209,2,B_only
log_lik[123],0.457815,0.00209568,0.136053,0.136372,0.225262,0.461032,0.673424,4233.39,3274.32,36.5467,1.00101,2,B_only
log_lik[124],0.746064,0.00152939,0.0999979,0.100965,0.577696,0.749437,0.902349,4290.85,3542.26,37.0428,1.00066,2,B_only
log_lik[125],1.61707,0.001029,0.049417,0.0494369,1.53461,1.61972,1.69518,2332.7,2881.13,20.1382,1.00028,2,B_only
log_lik[126],1.58461,0.0011275,0.0558065,0.05587,1.48993,1.58749,1.67229,2465.06,2794.81,21.2808,1.00044,2,B_only
log_lik[127],1.08929,0.000744966,0.0436933,0.0440072,1.01522,1.09042,1.15791,3465.98,3052.98,29.9217,1.00139,2,B_only
log_lik[128],-0.570486,0.00166848,0.103529,0.104234,-0.741824,-0.568021,-0.404608,3869.42,3515.23,33.4046,1.00198,2,B_only
log_lik[129],0.804035,0.000825378,0.0533592,0.0529725,0.713859,0.804996,0.887791,4201.2,3597.48,36.2688,1.00054,2,B_only
log_lik[130],0.763539,0.00127904,0.0687284,0.0674475,0.64753,0.764358,0.874764,2925.92,2884.26,25.2594,1.00062,2,B_only
log_lik[131],1.28166,0.00080467,0.050542,0.0513894,1.19454,1.28264,1.36147,3964.42,3586.78,34.2248,1.00108,2,B_only
log_lik[132],1.16499,0.000683181,0.0399026,0.0407948,1.09802,1.16565,1.22854,3430.3,2888.01,29.6137,1.00106,2,B_only
log_lik[133],1.28995,0.000566438,0.0339405,0.0340157,1.2346,1.29042,1.34538,3605.52,2785.52,31.1263,1.00066,2,B_only
log_lik[134],1.08593,0.000747544,0.0438585,0.0439322,1.0117,1.08712,1.1545,3470.1,3004.67,29.9572,1.0014,2,B_only
log_lik[135],1.10879,0.000975722,0.0551983,0.0557497,1.01475,1.11003,1.19672,3262.81,2941.14,28.1677,1.00103,2,B_only
log_lik[136],1.35518,0.00145367,0.0857135,0.0879855,1.20939,1.35764,1.48793,3534.13,3273.45,30.51,1.00189,2,B_only
log_lik[137],-0.353646,0.0031324,0.196871,0.195889,-0.691444,-0.348677,-0.0388939,4043.11,3305.47,34.9041,1.00144,2,B_only
log_lik[138],1.26615,0.000793297,0.0477042,0.0476711,1.18465,1.26783,1.34069,3691.89,2998.62,31.8719,1.00169,2,B_only
log_lik[139],1.32203,0.000675418,0.0427081,0.0426808,1.2499,1.32291,1.39108,4030.4,3391.29,34.7943,1.00067,2,B_only
log_lik[140],0.875857,0.00132805,0.0868428,0.0861722,0.730728,0.878621,1.01294,4289.55,3384.07,37.0316,1.00069,2,B_only
log_lik[141],1.34359,0.000711444,0.0438086,0.0435103,1.27004,1.34481,1.41268,3831.79,3115.33,33.0797,1.0015,2,B_only
log_lik[142],-0.258981,0.00274048,0.180451,0.18102,-0.566339,-0.254731,0.0304914,4355.81,3319.97,37.6036,1.00042,2,B_only
log_lik[143],1.23206,0.000628385,0.0403227,0.0403868,1.16601,1.23259,1.29786,4137.67,3611.33,35.7204,0.999813,2,B_only
log_lik[144],1.22468,0.000946863,0.0592259,0.0596066,1.12327,1.22661,1.31748,3912.94,3414.42,33.7803,1.00133,2,B_only
log_lik[145],1.63305,0.000907898,0.0434594,0.0438862,1.55936,1.63525,1.70219,2328.12,3118.91,20.0986,1.0003,2,B_only
log_lik[146],1.26488,0.000590132,0.0349531,0.0356376,1.20825,1.26551,1.32156,3518.79,2810.23,30.3776,1.00056,2,B_only
log_lik[147],0.210818,0.00125318,0.0799196,0.0818857,0.0762743,0.21371,0.337673,4091.32,3194.07,35.3202,1.00202,2,B_only
log_lik[148],0.496776,0.00204731,0.13275,0.134377,0.269577,0.499625,0.705284,4220.51,3276.39,36.4355,1.00103,2,B_only
log_lik[149],1.39941,0.000657696,0.0410154,0.0403676,1.33086,1.40083,1.46513,3930.66,3152.59,33.9333,1.00085,2,B_only
log_lik[150],-1.65027,0.0045855,0.209609,0.199768,-1.99965,-1.64488,-1.32444,2101.07,2396.27,18.1385,1.00065,2,B_only
log_lik[151],1.12557,0.0011486,0.0719022,0.0724183,1.003,1.12757,1.23741,3911.69,3176.93,33.7695,1.00143,2,B_only
log_lik[152],1.32918,0.000542138,0.0335752,0.0333672,1.27465,1.32922,1.38495,3860.04,2661.75,33.3236,1.00085,2,B_only
log_lik[153],1.16445,0.000795146,0.0519629,0.0515951,1.07732,1.16603,1.24846,4289.96,3699.68,37.0351,1.00018,2,B_only
log_lik[154],1.57127,0.00115607,0.0579471,0.0583396,1.47275,1.57404,1.66221,2521.35,2906.1,21.7668,1.00071,2,B_only
log_lik[155],1.29135,0.000565177,0.0338925,0.0339741,1.23635,1.29173,1.3468,3611.23,2789.8,31.1756,1.00075,2,B_only
log_lik[156],1.11353,0.00090297,0.0591117,0.0579803,1.0143,1.11608,1.20799,4305.21,3444.0,37.1668,1.00034,2,B_only
log_lik[157],1.33699,0.000548741,0.0343624,0.0344756,1.28131,1.33702,1.39431,3952.59,2897.47,34.1226,1.00088,2,B_only
log_lik[158],1.16016,0.000631686,0.0368726,0.0369223,1.09966,1.16012,1.22147,3413.8,3225.38,29.4713,1.00094,2,B_only
log_lik[159],1.58165,0.000607475,0.0351156,0.0350378,1.5238,1.58156,1.64047,3411.76,2576.59,29.4536,1.00056,2,B_only
log_lik[160],1.00695,0.00135121,0.085134,0.0862014,0.863561,1.00899,1.1405,3959.26,3117.04,34.1801,1.00142,2,B_only
log_lik[161],1.19158,0.000609727,0.0353969,0.0355502,1.13366,1.1914,1.2505,3383.34,2966.57,29.2082,1.00083,2,B_only
log_lik[162],1.48662,0.000590201,0.037055,0.036651,1.42468,1.48725,1.54673,3975.62,3079.58,34.3214,1.00071,2,B_only
log_lik[163],1.17344,0.00105623,0.0660389,0.066895,1.06107,1.1753,1.27655,3902.03,3261.79,33.6861,1.0014,2,B_only
log_lik[164],-0.210282,0.00269362,0.17732,0.178132,-0.51243,-0.20594,0.0726816,4352.87,3349.46,37.5782,1.00044,2,B_only
log_lik[165],1.33999,0.000575937,0.0364052,0.0367925,1.27898,1.34017,1.40033,4040.56,3048.64,34.8821,1.00017,2,B_only
log_lik[166],0.961386,0.00111935,0.0614734,0.0610001,0.856124,0.962443,1.05875,3061.28,2806.31,26.428,1.00079,2,B_only
log_lik[167],1.54253,0.000574883,0.0353279,0.0351725,1.48439,1.54279,1.60145,3802.66,3026.59,32.8282,1.00066,2,B_only
log_lik[168],0.990966,0.00137642,0.0868153,0.0880821,0.843427,0.993179,1.12731,3970.79,3131.97,34.2797,1.00142,2,B_only
log_lik[169],1.59026,0.0011141,0.0548446,0.0549821,1.49755,1.59271,1.67656,2438.09,2856.89,21.048,1.00035,2,B_only
log_lik[170],1.39806,0.00139582,0.0804343,0.0825399,1.26064,1.401,1.52262,3394.19,3218.84,29.3019,1.00168,2,B_only
log_lik[171],0.817123,0.00123904,0.0668913,0.065913,0.704215,0.818435,0.924721,2952.41,2952.86,25.4881,1.0007,2,B_only
log_lik[172],1.57856,0.00114098,0.056797,0.0569653,1.48182,1.58162,1.66804,2492.81,2840.37,21.5203,1.00058,2,B_only
log_lik[173],0.482978,0.00110623,0.0696973,0.0706756,0.368006,0.485037,0.595429,3998.11,3127.56,34.5156,1.00199,2,B_only
log_lik[174],0.466611,0.0019195,0.125695,0.127321,0.251877,0.470827,0.665693,4296.78,3412.37,37.094,1.00076,2,B_only
log_lik[175],1.31681,0.000545789,0.0333452,0.0334555,1.26322,1.31715,1.37214,3761.18,2689.16,32.4702,1.00038,2,B_only
log_lik[176],1.5094,0.000579868,0.0362245,0.035553,1.44959,1.51004,1.56862,3930.27,3209.5,33.9299,1.00068,2,B_only
log_lik[177],1.30503,0.00073496,0.0463242,0.0465834,1.226,1.3062,1.37815,4000.05,3584.4,34.5323,1.00088,2,B_only
log_lik[178],1.14752,0.000639875,0.0374916,0.0373106,1.08562,1.14751,1.21003,3436.35,3251.15,29.6659,1.00099,2,B_only
log_lik[179],1.5343,0.00121972,0.0632717,0.0634859,1.426,1.53742,1.63212,2711.02,3091.77,23.4042,1.00071,2,B_only
log_lik[180],1.26065,0.000594232,0.0351439,0.035794,1.20384,1.26126,1.31766,3507.87,2749.68,30.2833,1.00041,2,B_only
log_lik[181],-0.614436,0.0015737,0.0892022,0.0910227,-0.75925,-0.614587,-0.469007,3274.34,3436.16,28.2673,0.999795,2,B_only
log_lik[182],0.0231986,0.0013562,0.0865204,0.0889343,-0.122281,0.0264599,0.161276,4089.34,3464.05,35.3031,1.00203,2,B_only
log_lik[183],1.28757,0.00155868,0.0941881,0.0971458,1.12588,1.29065,1.43252,3748.62,3193.24,32.3617,1.00185,2,B_only
log_lik[184],0.38016,0.00203083,0.13308,0.134118,0.153446,0.384963,0.593403,4303.73,3443.35,37.154,1.0006,2,B_only
log_lik[185],1.23609,0.000616945,0.0393873,0.0394937,1.1717,1.23687,1.30008,4092.65,3579.6,35.3317,0.999811,2,B_only
log_lik[186],1.62065,0.000726838,0.0372725,0.0375998,1.55823,1.62146,1.68097,2675.28,2796.41,23.0956,1.00069,2,B_only
log_lik[187],1.04147,0.00129529,0.0814318,0.082048,0.903429,1.04311,1.16884,3941.32,3089.66,34.0253,1.00141,2,B_only
log_lik[188],1.62997,0.000790589,0.0391534,0.0399822,1.56368,1.63148,1.69272,2498.39,2984.31,21.5685,1.00038,2,B_only
log_lik[189],1.5017,0.000582843,0.0364897,0.0358812,1.44139,1.50251,1.56135,3947.46,3184.46,34.0783,1.00069,2,B_only
log_lik[190],1.25278,0.000601861,0.035508,0.0363987,1.19479,1.25342,1.31038,3492.62,2780.15,30.1517,1.00048,2,B_only
log_lik[191],0.965267,0.00141613,0.0894782,0.0903675,0.813339,0.967796,1.10668,3987.08,3107.42,34.4203,1.00141,2,B_only
log_lik[192],1.36655,0.000688894,0.0426515,0.0420692,1.29533,1.36789,1.43472,3874.73,3167.37,33.4504,1.00126,2,B_only
log_lik[193],-0.156239,0.00143388,0.0925094,0.0940876,-0.310605,-0.152675,-0.010575,4180.56,3333.96,36.0906,1.00156,2,B_only
log_lik[194],0.523357,0.000988488,0.0651606,0.0655735,0.412284,0.525319,0.625521,4362.96,3567.93,37.6653,1.00125,2,B_only
log_lik[195],1.03234,0.00105309,0.0585476,0.0590028,0.932038,1.0331,1.12483,3139.64,2771.62,27.1044,1.00083,2,B_only
log_lik[196],-0.110605,0.00142979,0.0909453,0.0926042,-0.263676,-0.107255,0.0337153,4061.65,3437.76,35.0641,1.00202,2,B_only
log_lik[197],1.43806,0.000623971,0.03916,0.0386696,1.37328,1.43949,1.50128,3980.31,3320.5,34.3619,1.00072,2,B_only
log_lik[198],1.15773,0.000921521,0.0529495,0.0531267,1.06716,1.15918,1.24202,3367.63,3032.55,29.0727,1.00112,2,B_only
log_lik[199],1.32893,0.000646951,0.0409595,0.0406639,1.25979,1.32936,1.39559,4041.24,3490.26,34.8879,1.00055,2,B_only
log_lik[200],1.23743,0.000577685,0.0341724,0.0334062,1.18131,1.23738,1.29341,3532.66,2791.7,30.4974,1.00059,2,B_only
log_lik[201],1.28118,0.000774924,0.0469536,0.0467434,1.20048,1.2825,1.3545,3747.42,2993.36,32.3514,1.00176,2,B_only
log_lik[202],1.03379,0.00105672,0.0691722,0.0680246,0.918678,1.03618,1.14374,4300.7,3327.68,37.1278,1.00032,2,B_only
log_lik[203],1.27606,0.000820062,0.051475,0.0522204,1.18726,1.27724,1.35667,3959.51,3551.72,34.1823,1.00112,2,B_only
log_lik[204],1.31792,0.000690903,0.0436521,0.0437143,1.24404,1.31895,1.38817,4024.31,3453.03,34.7417,1.00073,2,B_only
log_lik[205],0.746815,0.000857895,0.0558052,0.0553838,0.65468,0.747779,0.833915,4256.32,3511.27,36.7447,1.00044,2,B_only
log_lik[206],1.58848,0.000622455,0.0352379,0.0352773,1.53061,1.58864,1.64707,3273.98,2567.99,28.2642,1.0006,2,B_only
log_lik[207],1.18248,0.00178956,0.10794,0.111232,0.995787,1.18722,1.35021,3694.8,3332.88,31.8971,1.00215,2,B_only
log_lik[208],0.266051,0.00115004,0.0757474,0.0764049,0.138022,0.268538,0.385013,4356.31,3520.68,37.6079,1.00182,2,B_only
log_lik[209],1.255,0.000599712,0.0354043,0.0361247,1.19717,1.25559,1.31239,3497.74,2768.67,30.1959,1.00046,2,B_only
log_lik[210],1.23471,0.000923746,0.0578023,0.0582123,1.13555,1.23642,1.32555,3926.61,3488.51,33.8983,1.0013,2,B_only
log_lik[211],1.2308,0.000579386,0.0341241,0.0337792,1.17494,1.23059,1.28667,3490.35,2772.13,30.1321,1.00067,2,B_only
log_lik[212],0.754572,0.00128547,0.0690268,0.0675679,0.638158,0.755411,0.866368,2920.85,2906.66,25.2156,1.00061,2,B_only
log_lik[213],0.258761,0.0021808,0.143057,0.143417,0.0135344,0.263301,0.487086,4313.59,3504.66,37.2391,1.00067,2,B_only
log_lik[214],1.18558,0.000614103,0.0356664,0.0357615,1.12695,1.18551,1.24506,3383.28,3038.77,29.2077,1.00087,2,B_only
log_lik[215],1.02821,0.00106697,0.0698401,0.0687723,0.911865,1.03043,1.1393,4300.65,3328.39,37.1274,1.00034,2,B_only
log_lik[216],1.21908,0.000663929,0.0429704,0.0427083,1.14785,1.21979,1.28851,4210.81,3645.63,36.3518,0.999831,2,B_only
log_lik[217],1.07564,0.000681083,0.0410293,0.0409541,1.00739,1.07531,1.14275,3641.52,3390.62,31.4372,1.00103,2,B_only
log_lik[218],0.827902,0.0014043,0.0918175,0.0919004,0.67417,0.83113,0.972427,4288.64,3481.24,37.0237,1.00053,2,B_only
log_lik[219],0.438485,0.00148982,0.0779787,0.0766582,0.309087,0.439513,0.566334,2818.06,2625.96,24.3282,1.00043,2,B_only
log_lik[220],0.689862,0.000890497,0.0582133,0.0580747,0.592413,0.690894,0.780741,4297.01,3552.46,37.096,1.00075,2,B_only
log_lik[221],1.33351,0.000625032,0.0395948,0.0394281,1.26672,1.33368,1.39806,4048.99,3337.38,34.9548,1.00043,2,B_only
log_lik[222],0.899884,0.000773613,0.0491749,0.0492304,0.816647,0.900509,0.977288,4055.81,3539.94,35.0137,1.00074,2,B_only
log_lik[223],1.08714,0.00095554,0.0625626,0.0614084,0.982856,1.09,1.1865,4307.65,3436.28,37.1878,1.00022,2,B_only
log_lik[224],1.01379,0.000711584,0.0439841,0.0443365,0.939673,1.01381,1.08483,3831.33,3586.41,33.0758,1.00096,2,B_only
log_lik[225],1.59677,0.00109741,0.0536806,0.0539729,1.50596,1.59934,1.68065,2409.0,2857.19,20.7968,1.00029,2,B_only
log_lik[226],1.30758,0.000726655,0.0458215,0.0459894,1.22935,1.30864,1.38033,4004.67,3618.73,34.5722,1.00085,2,B_only
log_lik[227],1.27543,0.000579991,0.0344984,0.0351665,1.21919,1.27604,1.33148,3552.79,2833.0,30.6712,1.00048,2,B_only
log_lik[228],1.24587,0.00058111,0.0351493,0.0350266,1.18826,1.24629,1.30339,3696.37,3142.18,31.9106,1.00018,2,B_only
log_lik[229],1.25588,0.000598858,0.0353633,0.0361867,1.1983,1.25649,1.31347,3501.05,2754.81,30.2245,1.00045,2,B_only
log_lik[230],1.25234,0.000602293,0.0355289,0.0364741,1.19425,1.25299,1.30996,3492.06,2747.59,30.1469,1.00048,2,B_only
log_lik[231],1.00129,0.000717398,0.0445687,0.0452623,0.925933,1.00127,1.07314,3870.16,3569.51,33.411,1.00093,2,B_only
log_lik[232],0.925408,0.00115095,0.0628904,0.0621754,0.818591,0.926466,1.02566,3026.33,2834.75,26.1262,1.00075,2,B_only
log_lik[233],0.988655,0.000817072,0.0484983,0.0491266,0.905654,0.990609,1.06589,3544.42,3089.72,30.5988,1.00163,2,B_only
log_lik[234],1.53003,0.000575071,0.0356117,0.0354063,1.47135,1.53036,1.58872,3858.75,3237.09,33.3125,1.00067,2,B_only
log_lik[235],1.23558,0.000618425,0.03951,0.0396087,1.17081,1.23637,1.2999,4098.67,3511.67,35.3837,0.999809,2,B_only
log_lik[236],1.00597,0.00110724,0.0724635,0.0716998,0.884863,1.00809,1.12092,4298.14,3299.96,37.1057,1.00036,2,B_only
log_lik[237],0.618835,0.000931731,0.0611901,0.0611054,0.515843,0.620496,0.715269,4331.25,3551.45,37.3915,1.00115,2,B_only
log_lik[238],0.657885,0.000908969,0.0595565,0.0595449,0.557655,0.659166,0.751521,4312.66,3519.14,37.2311,1.00078,2,B_only
log_lik[239],0.295261,0.00120725,0.0768231,0.0783275,0.166388,0.297729,0.417056,4074.81,2988.37,35.1777,1.00201,2,B_only
log_lik[240],0.978813,0.00082364,0.0489536,0.0494235,0.895296,0.980851,1.05684,3554.31,3089.72,30.6842,1.00166,2,B_only
log_lik[241],0.666105,0.00183215,0.117966,0.119141,0.465609,0.668662,0.852086,4154.99,3108.25,35.8699,1.00118,2,B_only
log_lik[242],0.836399,0.00139096,0.0909466,0.0912475,0.684317,0.839436,0.979623,4288.7,3481.09,37.0243,1.00053,2,B_only
log_lik[243],0.636008,0.000921692,0.0604725,0.0605098,0.534026,0.63744,0.730698,4324.71,3513.52,37.3351,1.00096,2,B_only
log_lik[244],1.33808,0.000597036,0.0378097,0.0376635,1.27437,1.33808,1.40075,4053.01,3193.35,34.9895,1.00029,2,B_only
log_lik[245],1.14794,0.000639609,0.037471,0.0373011,1.08619,1.14794,1.21037,3435.59,3251.15,29.6593,1.00098,2,B_only
log_lik[246],-1.01162,0.00165833,0.0946403,0.0928098,-1.17333,-1.00959,-0.860224,3284.91,3275.61,28.3585,0.999556,2,B_only
log_lik[247],1.23567,0.000618397,0.0363321,0.0369978,1.1765,1.23634,1.29468,3464.61,2808.37,29.9099,1.00063,2,B_only
log_lik[248],1.40507,0.000652515,0.0407379,0.040158,1.33722,1.40654,1.47018,3938.66,3207.07,34.0023,1.00085,2,B_only
log_lik[249],0.840313,0.0015976,0.101854,0.102879,0.66824,0.842837,1.00087,4057.71,3103.78,35.0301,1.00131,2,B_only
log_lik[250],-1.68697,0.00415011,0.198294,0.193596,-2.02889,-1.67534,-1.38507,2290.45,2572.65,19.7733,1.00056,2,B_only
log_lik[251],1.33649,0.00071849,0.0441673,0.0437948,1.2624,1.33766,1.40586,3818.93,3165.97,32.9687,1.00166,2,B_only
log_lik[252],1.3385,0.000553137,0.034736,0.0352487,1.28217,1.3386,1.39644,3984.6,2957.69,34.3989,1.00071,2,B_only
log_lik[253],0.634379,0.000922642,0.0605407,0.0605809,0.532352,0.635848,0.729171,4325.12,3513.52,37.3386,1.00098,2,B_only
log_lik[254],0.596907,0.00104512,0.0652117,0.0664166,0.48834,0.599322,0.701896,3920.62,3127.17,33.8466,1.00198,2,B_only
log_lik[255],1.4718,0.000599094,0.0376583,0.0373556,1.40896,1.47259,1.53294,3986.32,3172.62,34.4138,1.00071,2,B_only
log_lik[256],-0.110605,0.00142979,0.0909453,0.0926042,-0.263676,-0.107255,0.0337153,4061.65,3437.76,35.0641,1.00202,2,B_only
log_lik[257],0.789653,0.00166733,0.106655,0.107293,0.609976,0.791814,0.957654,4091.0,3114.39,35.3175,1.00127,2,B_only
log_lik[258],1.63363,0.000891689,0.0427864,0.0434474,1.56099,1.63569,1.70132,2338.77,3044.32,20.1906,1.00031,2,B_only
log_lik[259],1.33571,0.000612834,0.0388245,0.0385095,1.27067,1.3359,1.39935,4052.09,3224.76,34.9815,1.00037,2,B_only
log_lik[260],1.20336,0.00173845,0.105144,0.108201,1.02278,1.20805,1.36549,3716.58,3332.67,32.0851,1.00218,2,B_only
log_lik[261],1.18823,0.000740848,0.0483003,0.0482468,1.10701,1.18922,1.26683,4274.4,3702.29,36.9008,0.99993,2,B_only
log_lik[262],0.562822,0.00179078,0.117184,0.118424,0.363604,0.566891,0.749387,4292.6,3506.43,37.0578,1.00074,2,B_only
log_lik[263],-1.87337,0.00244423,0.123044,0.122475,-2.08232,-1.87047,-1.67953,2558.3,2725.95,22.0857,1.00045,2,B_only
log_lik[264],0.820733,0.0014155,0.092549,0.0924431,0.665737,0.823815,0.966256,4289.35,3481.24,37.0299,1.00056,2,B_only
log_lik[265],0.916405,0.00126161,0.0825139,0.0818578,0.778866,0.919062,1.04652,4289.06,3387.24,37.0273,1.0007,2,B_only
log_lik[266],0.306114,0.00155727,0.0808646,0.079294,0.171633,0.307203,0.438508,2751.01,2753.64,23.7494,1.00036,2,B_only
log_lik[267],-0.680443,0.00156403,0.0894848,0.0911331,-0.826678,-0.67991,-0.535193,3350.61,3318.3,28.9257,0.999726,2,B_only
log_lik[268],1.3301,0.000641664,0.0406322,0.0404046,1.26144,1.33034,1.396,4042.14,3426.8,34.8957,1.00051,2,B_only
log_lik[269],1.53976,0.00121127,0.0625235,0.0626824,1.43268,1.54321,1.63658,2680.93,3142.46,23.1444,1.00081,2,B_only
log_lik[270],1.30865,0.000741299,0.0455733,0.0454914,1.23112,1.3101,1.38071,3766.36,2920.63,32.5149,1.00161,2,B_only
log_lik[271],1.33699,0.000548741,0.0343624,0.0344756,1.28131,1.33702,1.39431,3952.59,2897.47,34.1226,1.00088,2,B_only
log_lik[272],1.53636,0.000574686,0.0354585,0.035118,1.47809,1.53676,1.59539,3832.13,3103.21,33.0827,1.00066,2,B_only
log_lik[273],0.369618,0.00152687,0.0795416,0.0783488,0.23723,0.37092,0.500695,2775.33,2659.06,23.9593,1.00039,2,B_only
log_lik[274],1.18405,0.000891314,0.0517074,0.0518949,1.09473,1.18574,1.26631,3433.02,2989.79,29.6371,1.00124,2,B_only
log_lik[275],-0.691296,0.00186815,0.110374,0.113438,-0.878203,-0.688445,-0.519793,3473.4,3633.46,29.9858,1.0002,2,B_only
log_lik[276],1.30345,0.000554917,0.0335381,0.0336504,1.24926,1.30361,1.35838,3670.82,2788.64,31.6901,1.00061,2,B_only
log_lik[277],1.28995,0.000566438,0.0339405,0.0340157,1.2346,1.29042,1.34538,3605.52,2785.52,31.1263,1.00066,2,B_only
log_lik[278],-2.01804,0.0024887,0.122573,0.121013,-2.22729,-2.01545,-1.81891,2453.54,2780.56,21.1813,1.00017,2,B_only
log_lik[279],0.512241,0.000995207,0.0656212,0.0658721,0.400377,0.514409,0.615482,4366.23,3584.75,37.6936,1.00138,2,B_only
log_lik[280],0.34107,0.00118248,0.0751143,0.0762962,0.216683,0.343253,0.46057,4062.27,3013.54,35.0695,1.002,2,B_only
log_lik[281],0.787984,0.000939936,0.0573664,0.057784,0.691184,0.790197,0.87883,3751.8,3250.18,32.3892,1.00192,2,B_only
log_lik[282],1.08342,0.00067698,0.0406502,0.0403016,1.01588,1.08313,1.14997,3620.69,3301.69,31.2573,1.00103,2,B_only
log_lik[283],-0.581496,0.00167366,0.103766,0.104541,-0.752652,-0.579249,-0.415314,3862.1,3515.23,33.3414,1.00198,2,B_only
log_lik[284],0.512241,0.000995207,0.0656212,0.0658721,0.400377,0.514409,0.615482,4366.23,3584.75,37.6936,1.00138,2,B_only
log_lik[285],-0.142566,0.00144727,0.0919611,0.0936227,-0.296323,-0.139458,0.00318345,4053.8,3539.22,34.9963,1.00201,2,B_only
log_lik[286],0.531877,0.000983355,0.0648074,0.0651785,0.42146,0.533521,0.634036,4363.13,3538.75,37.6668,1.00119,2,B_only
log_lik[287],-0.351508,0.00157069,0.0996666,0.101833,-0.516934,-0.348097,-0.195965,4044.85,3005.45,34.9191,1.00111,2,B_only
log_lik[288],0.950326,0.000842256,0.0502581,0.0508467,0.865447,0.952604,1.03068,3580.45,3167.83,30.9099,1.00172,2,B_only
log_lik[289],1.51989,0.000576802,0.0358932,0.0356694,1.46088,1.52027,1.57927,3899.17,3160.17,33.6614,1.00067,2,B_only
log_lik[290],1.54656,0.000575342,0.0352538,0.0348933,1.48823,1.54677,1.60511,3779.68,3026.59,32.6299,1.00066,2,B_only
log_lik[291],0.10217,0.00162608,0.0843622,0.0833398,-0.0372665,0.102727,0.241421,2713.47,2626.84,23.4253,1.00024,2,B_only
log_lik[292],1.29418,0.000768582,0.0483579,0.048658,1.21079,1.29522,1.37056,3982.34,3552.99,34.3794,1.00099,2,B_only
log_lik[293],0.571557,0.000959628,0.0631598,0.0634421,0.46465,0.573307,0.670648,4352.16,3551.28,37.5721,1.00108,2,B_only
log_lik[294],0.861451,0.00120384,0.0653008,0.0645606,0.751397,0.862775,0.965768,2980.0,2950.92,25.7263,1.00083,2,B_only
log_lik[295],1.27813,0.000814419,0.0511328,0.0518544,1.19006,1.27936,1.35844,3961.18,3551.72,34.1967,1.0011,2,B_only
log_lik[296],0.704865,0.000881876,0.0575811,0.0575145,0.608767,0.705892,0.794858,4286.53,3542.81,37.0055,1.00058,2,B_only
log_lik[297],1.08695,0.00121806,0.076381,0.0768268,0.956757,1.08895,1.20622,3922.81,3123.46,33.8655,1.00142,2,B_only
log_lik[298],1.07354,0.000682178,0.0411312,0.0411284,1.00516,1.07323,1.1409,3647.36,3421.24,31.4875,1.00104,2,B_only
log_lik[299],0.89165,0.00117939,0.0641798,0.0635565,0.783054,0.892607,0.994003,3001.03,2929.23,25.9078,1.00084,2,B_only
log_lik[300],1.24543,0.000580864,0.0349584,0.0347143,1.18861,1.24592,1.30275,3661.25,3053.54,31.6075,1.00023,2,B_only
log_lik[301],0.521649,0.000989519,0.0652314,0.0656616,0.410417,0.523662,0.623968,4363.9,3567.93,37.6734,1.00127,2,B_only
log_lik[302],0.220919,0.00117957,0.0775864,0.078366,0.0887417,0.223378,0.342931,4348.25,3478.48,37.5383,1.00178,2,B_only
log_lik[303],0.366808,0.0011686,0.0741455,0.0753166,0.243765,0.369199,0.48539,4052.85,3013.02,34.9882,1.002,2,B_only
log_lik[304],1.24596,0.000580629,0.0360569,0.0358975,1.18683,1.24631,1.30489,3905.88,3254.8,33.7193,1.00007,2,B_only
log_lik[305],-1.83643,0.00237859,0.119136,0.118307,-2.03332,-1.83632,-1.64321,2532.75,2943.81,21.8652,1.00042,2,B_only
log_lik[306],-0.5293,0.00164881,0.102611,0.10353,-0.699676,-0.526892,-0.365019,3891.17,3517.11,33.5924,1.00198,2,B_only
log_lik[307],-0.481844,0.00166267,0.104087,0.105593,-0.655458,-0.4786,-0.319391,3910.35,3218.31,33.7579,1.00093,2,B_only
log_lik[308],0.751411,0.000855277,0.0556098,0.0551237,0.659427,0.752422,0.838444,4251.92,3511.15,36.7067,1.00045,2,B_only
log_lik[309],0.0488471,0.00134207,0.0856432,0.0882141,-0.0950573,0.0522971,0.18558,4093.48,3465.62,35.3389,1.00203,2,B_only
log_lik[310],-2.42163,0.00372368,0.178724,0.178249,-2.72544,-2.41035,-2.14625,2347.42,2409.81,20.2652,1.00007,2,B_only
log_lik[311],0.2357,0.00116987,0.0769849,0.077706,0.104878,0.23856,0.356578,4351.92,3554.23,37.57,1.00187,2,B_only
log_lik[312],-1.96465,0.00266622,0.131811,0.130693,-2.18833,-1.95968,-1.75891,2475.66,2673.08,21.3723,1.00004,2,B_only
log_lik[313],0.251147,0.0012312,0.0784496,0.080358,0.11945,0.253935,0.375014,4087.16,3090.52,35.2843,1.00201,2,B_only
log_lik[314],1.03122,0.00070331,0.043162,0.0433557,0.959076,1.03117,1.101,3777.5,3520.22,32.6111,1.00098,2,B_only
log_lik[315],1.24411,0.000578988,0.0346503,0.0342237,1.18783,1.24448,1.30117,3620.95,3012.79,31.2596,1.00043,2,B_only
log_lik[316],1.28332,0.000772312,0.0468467,0.0465959,1.20305,1.28471,1.35668,3753.89,2993.36,32.4072,1.00172,2,B_only
log_lik[317],-1.19167,0.00220731,0.119518,0.124287,-1.39363,-1.19113,-1.00067,2949.55,3452.42,25.4634,1.00035,2,B_only
log_lik[318],-0.609444,0.00168665,0.104352,0.10505,-0.781593,-0.60739,-0.442397,3848.27,3481.51,33.222,1.00198,2,B_only
log_lik[319],1.18064,0.00089527,0.0518697,0.0520287,1.09088,1.1823,1.26322,3424.36,2989.79,29.5624,1.00123,2,B_only
log_lik[320],0.933195,0.00123352,0.0806847,0.0802099,0.799109,0.935644,1.06042,4288.88,3387.87,37.0257,1.00077,2,B_only
log_lik[321],1.26506,0.000794614,0.047758,0.0476202,1.18345,1.26673,1.33966,3686.73,2998.62,31.8274,1.00168,2,B_only
log_lik[322],0.912733,0.00126771,0.0829109,0.0821226,0.774435,0.915248,1.04335,4289.23,3415.09,37.0288,1.00067,2,B_only
log_lik[323],1.20292,0.000705418,0.0458722,0.0460881,1.12642,1.20376,1.27742,4253.23,3683.06,36.718,0.999891,2,B_only
log_lik[324],1.32726,0.000654213,0.0414076,0.0413469,1.25737,1.3278,1.39452,4039.11,3485.03,34.8695,1.00058,2,B_only
log_lik[325],0.363515,0.00205183,0.134475,0.135572,0.133585,0.368412,0.579178,4305.68,3443.35,37.1708,1.00059,2,B_only
log_lik[326],1.18562,0.000746974,0.0487166,0.0486628,1.10353,1.18668,1.26484,4277.36,3702.23,36.9263,0.999948,2,B_only
log_lik[327],-1.40621,0.00198331,0.111029,0.110155,-1.58912,-1.40514,-1.22361,3155.83,3387.01,27.2441,1.00179,2,B_only
log_lik[328],1.24045,0.000603493,0.0382437,0.0383595,1.1784,1.24117,1.30312,4031.04,3546.8,34.7999,0.999822,2,B_only
log_lik[329],1.01092,0.00109835,0.0718847,0.0712438,0.890666,1.0132,1.12481,4299.16,3300.43,37.1145,1.00036,2,B_only
log_lik[330],1.1564,0.000812875,0.0531476,0.0527484,1.06719,1.1581,1.24206,4295.05,3647.81,37.0791,1.0004,2,B_only
log_lik[331],1.25412,0.000600569,0.0354455,0.0362131,1.19626,1.25469,1.31164,3495.02,2780.15,30.1724,1.00047,2,B_only
log_lik[332],1.24117,0.000601092,0.038033,0.0379953,1.1797,1.24185,1.30357,4020.47,3580.21,34.7086,0.999826,2,B_only
log_lik[333],0.584113,0.00139626,0.074225,0.072608,0.460557,0.584895,0.705323,2874.07,3004.88,24.8118,1.00051,2,B_only
log_lik[334],1.20294,0.000994854,0.0621989,0.062658,1.09609,1.20466,1.30001,3900.83,3334.7,33.6757,1.00135,2,B_only
log_lik[335],0.37273,0.00116541,0.0739217,0.0749844,0.250284,0.375058,0.49111,4051.89,3013.02,34.9799,1.002,2,B_only
log_lik[336],1.44604,0.000617613,0.0387922,0.0383192,1.38181,1.44744,1.50844,3984.21,3112.23,34.3955,1.00072,2,B_only
log_lik[337],0.148083,0.00231135,0.151765,0.15172,-0.107539,0.153582,0.389949,4327.21,3440.87,37.3567,1.00059,2,B_only
log_lik[338],0.656755,0.00184431,0.118802,0.119827,0.454845,0.659514,0.843457,4160.6,3227.33,35.9184,1.00117,2,B_only
log_lik[339],-0.000354905,0.00132787,0.0864672,0.0874946,-0.147861,0.00234103,0.135137,4258.19,3351.1,36.7608,1.00164,2,B_only
log_lik[340],1.15331,0.00063616,0.0372068,0.0370457,1.09211,1.15339,1.2152,3423.22,3172.06,29.5525,1.00097,2,B_only
log_lik[341],1.25421,0.000807818,0.0482967,0.048299,1.17139,1.25588,1.32984,3645.66,2927.69,31.4729,1.00182,2,B_only
log_lik[342],0.164205,0.00127867,0.0815974,0.0830761,0.0268628,0.167245,0.294793,4102.81,3278.15,35.4195,1.00201,2,B_only
log_lik[343],0.0426949,0.00134546,0.0858544,0.0883705,-0.101739,0.0460785,0.179703,4094.65,3464.17,35.349,1.00203,2,B_only
log_lik[344],1.00249,0.000716843,0.0445127,0.0452702,0.927201,1.00253,1.07433,3866.57,3569.51,33.38,1.00093,2,B_only
log_lik[345],-0.0886407,0.00138792,0.0899179,0.0913876,-0.240742,-0.0854408,0.0524482,4214.09,3381.68,36.3801,1.00179,2,B_only
log_lik[346],0.64089,0.000918847,0.0602683,0.0604435,0.539189,0.642167,0.735534,4322.32,3513.18,37.3144,1.00093,2,B_only
log_lik[347],1.06343,0.000687382,0.0416207,0.0416214,0.994098,1.06305,1.13108,3679.87,3452.61,31.7682,1.00103,2,B_only
log_lik[348],-0.290874,0.00152728,0.0964326,0.0978547,-0.45155,-0.287616,-0.137098,4003.18,3452.86,34.5594,1.00201,2,B_only
log_lik[349],1.08862,0.000745481,0.0437263,0.0441039,1.01455,1.0898,1.15729,3466.84,3004.67,29.9291,1.00139,2,B_only
log_lik[350],0.740666,0.000861401,0.0560663,0.0555577,0.647893,0.7417,0.828011,4261.74,3511.59,36.7915,1.00043,2,B_only
log_lik[351],-1.11149,0.00189846,0.110541,0.11215,-1.29151,-1.1114,-0.931452,3454.96,3589.06,29.8265,1.002,2,B_only
log_lik[352],1.04647,0.00103323,0.0676399,0.0665435,0.933519,1.04933,1.15408,4301.2,3328.06,37.1321,1.0003,2,B_only
log_lik[353],-0.783659,0.00194434,0.112753,0.114612,-0.974302,-0.781191,-0.607622,3361.33,3651.24,29.0183,1.00014,2,B_only
log_lik[354],1.11467,0.000969349,0.0549323,0.0556524,1.02092,1.11593,1.20196,3274.82,2983.21,28.2714,1.00103,2,B_only
log_lik[355],0.578174,0.0010552,0.0659581,0.0672097,0.468754,0.580476,0.684442,3935.81,3127.17,33.9777,1.00198,2,B_only
log_lik[356],0.967297,0.00117532,0.0768957,0.0761875,0.839234,0.969687,1.08804,4293.58,3215.65,37.0664,1.00047,2,B_only
log_lik[357],1.39806,0.00139582,0.0804343,0.0825399,1.26064,1.401,1.52262,3394.19,3218.84,29.3019,1.00168,2,B_only
log_lik[358],1.21455,0.000592154,0.0344865,0.0344125,1.15777,1.21458,1.27122,3408.61,2949.08,29.4264,1.00066,2,B_only
log_lik[359],1.61232,0.000690486,0.0363862,0.0364654,1.55178,1.61264,1.6715,2835.08,2620.52,24.4752,1.00095,2,B_only
log_lik[360],0.422882,0.00149859,0.0783446,0.0771748,0.293122,0.424033,0.551487,2806.95,2625.96,24.2323,1.00042,2,B_only
log_lik[361],1.29961,0.000752081,0.0473599,0.047664,1.21793,1.30063,1.37417,3991.85,3585.16,34.4615,1.00093,2,B_only
log_lik[362],1.61378,0.000696108,0.0365129,0.0367518,1.55306,1.61427,1.67327,2807.21,2605.67,24.2346,1.00084,2,B_only
log_lik[363],1.1849,0.000614596,0.0356976,0.0357828,1.12609,1.18482,1.24429,3384.27,2995.84,29.2163,1.00087,2,B_only
log_lik[364],1.15187,0.000694439,0.0405681,0.0412737,1.08336,1.15299,1.21658,3429.48,2824.31,29.6066,1.00112,2,B_only
log_lik[365],0.292262,0.00120888,0.0769343,0.0785471,0.162985,0.29474,0.414201,4076.12,2989.81,35.189,1.00201,2,B_only
log_lik[366],1.04505,0.000777874,0.0458399,0.0462104,0.967183,1.04655,1.11708,3499.71,3128.74,30.2129,1.00149,2,B_only
log_lik[367],1.11732,0.000658175,0.0389837,0.0386772,1.05303,1.11725,1.18121,3516.61,3192.82,30.3588,1.00103,2,B_only
log_lik[368],1.1878,0.000741862,0.0483692,0.04827,1.10647,1.18876,1.26646,4275.84,3702.29,36.9132,0.999931,2,B_only
log_lik[369],1.2459,0.000581062,0.0351662,0.0350974,1.18834,1.24635,1.30348,3699.88,3169.37,31.9409,1.00016,2,B_only
log_lik[370],0.276245,0.00121757,0.0775265,0.0791262,0.14601,0.278745,0.399137,4081.14,3039.35,35.2323,1.00201,2,B_only
log_lik[371],-0.862738,0.00200365,0.114566,0.117538,-1.05809,-0.861087,-0.682617,3276.11,3583.38,28.2826,1.00017,2,B_only
log_lik[372],0.643752,0.00135866,0.0725073,0.0707931,0.52267,0.644298,0.761735,2882.19,3002.52,24.8818,1.00064,2,B_only
log_lik[373],-1.58666,0.00207661,0.112062,0.111028,-1.77231,-1.58566,-1.40283,2942.12,3132.07,25.3992,1.0015,2,B_only
log_lik[374],0.863407,0.000896023,0.0541263,0.0542361,0.771326,0.865797,0.948901,3675.91,3211.95,31.734,1.00185,2,B_only
log_lik[375],-2.24983,0.00293799,0.141951,0.141706,-2.49538,-2.24386,-2.02603,2363.05,2516.86,20.4001,0.999604,2,B_only
log_lik[376],-0.3009,0.00153507,0.0978661,0.100151,-0.463935,-0.297576,-0.148155,4087.58,3035.31,35.2879,1.00117,2,B_only
log_lik[377],0.690655,0.000890041,0.0581799,0.0580229,0.593303,0.691746,0.781464,4296.74,3552.46,37.0936,1.00075,2,B_only
log_lik[378],0.190303,0.00119978,0.0788297,0.07935,0.0556939,0.192782,0.313816,4338.84,3472.41,37.4571,1.00176,2,B_only
log_lik[379],1.11239,0.0007269,0.0425511,0.0431345,1.04008,1.11364,1.1792,3450.19,2869.67,29.7854,1.0013,2,B_only
log_lik[380],1.24571,0.000581375,0.0350672,0.0348877,1.18848,1.2461,1.3034,3677.01,3098.02,31.7435,1.00024,2,B_only
log_lik[381],1.29065,0.000565804,0.0339162,0.0339888,1.23557,1.29108,1.3461,3608.15,2785.52,31.149,1.00072,2,B_only
log_lik[382],0.865064,0.000895033,0.054054,0.0542599,0.773169,0.867441,0.950522,3674.23,3213.16,31.7195,1.00185,2,B_only
log_lik[383],1.62081,0.0010115,0.0484425,0.0488136,1.53996,1.62346,1.69747,2319.09,2817.63,20.0207,1.00032,2,B_only
log_lik[384],0.936219,0.000851272,0.050897,0.0515751,0.850566,0.938371,1.01764,3594.46,3161.26,31.0309,1.00173,2,B_only
log_lik[385],-0.417687,0.00161674,0.101953,0.10405,-0.585972,-0.414279,-0.258585,3992.99,3157.16,34.4714,1.00107,2,B_only
log_lik[386],0.29179,0.00229901,0.149765,0.147947,0.0345501,0.294737,0.529729,4267.36,3219.53,36.84,1.0011,2,B_only
log_lik[387],1.60001,0.000651077,0.0356195,0.0358823,1.54118,1.6,1.65905,3057.26,2622.41,26.3932,1.00093,2,B_only
log_lik[388],0.717402,0.000874691,0.0570516,0.0568026,0.622568,0.718392,0.806551,4277.3,3478.63,36.9258,1.00045,2,B_only
log_lik[389],0.558824,0.00179624,0.117545,0.118724,0.358845,0.562888,0.745913,4292.42,3506.43,37.0563,1.00073,2,B_only
log_lik[390],1.06771,0.00068519,0.0414136,0.0413833,0.998972,1.06737,1.13529,3666.16,3452.61,31.6498,1.00102,2,B_only
log_lik[391],1.32453,0.000665556,0.0421045,0.0419447,1.25338,1.32519,1.39262,4033.79,3452.6,34.8236,1.00064,2,B_only
log_lik[392],1.15368,0.0006929,0.0404765,0.0410766,1.08524,1.15471,1.21814,3429.41,2834.88,29.606,1.00111,2,B_only
log_lik[393],-1.2812,0.00224883,0.120076,0.124058,-1.48284,-1.28069,-1.08958,2875.32,3347.18,24.8226,1.0004,2,B_only
log_lik[394],1.03792,0.000782992,0.046181,0.0465579,0.959593,1.03942,1.11044,3505.44,3077.02,30.2624,1.00152,2,B_only
log_lik[395],1.04647,0.000695886,0.0424361,0.042648,0.975711,1.04627,1.11535,3732.65,3487.86,32.2239,1.00099,2,B_only
log_lik[396],0.945296,0.00113365,0.0621126,0.0617869,0.83929,0.946187,1.04467,3045.42,2841.24,26.291,1.00072,2,B_only
log_lik[397],1.63347,0.00089709,0.0430077,0.0433773,1.56066,1.63548,1.70183,2334.92,3043.78,20.1573,1.00031,2,B_only
log_lik[398],1.54589,0.000575247,0.0352654,0.0349817,1.4876,1.54616,1.60435,3783.27,3026.59,32.6609,1.00066,2,B_only
log_lik[399],1.20042,0.00174549,0.105535,0.108726,1.01888,1.20525,1.36331,3713.7,3332.67,32.0603,1.00221,2,B_only
log_lik[400],1.33901,0.000589017,0.0372843,0.0374077,1.27638,1.33907,1.40022,4047.94,3053.98,34.9458,1.00026,2,B_only
log_lik[401],1.32458,0.000542422,0.0334141,0.0335227,1.27081,1.32481,1.38004,3816.92,2806.7,32.9513,1.00062,2,B_only
log_lik[402],0.900302,0.00128823,0.0842475,0.0832163,0.759694,0.902796,1.03275,4287.48,3382.12,37.0136,1.00063,2,B_only
log_lik[403],0.994042,0.00072073,0.044906,0.0455636,0.918291,0.993909,1.06593,3890.8,3586.57,33.5892,1.00092,2,B_only
log_lik[404],1.32007,0.000727346,0.0449965,0.04469,1.24416,1.32147,1.39047,3787.98,3089.53,32.7015,1.00154,2,B_only
log_lik[405],1.30252,0.000555625,0.0335605,0.0336592,1.24834,1.30279,1.35757,3665.5,2788.99,31.6441,1.00071,2,B_only
log_lik[406],1.25809,0.000867051,0.0543321,0.0546101,1.16463,1.25948,1.3435,3942.23,3587.11,34.0332,1.0012,2,B_only
log_lik[407],1.33852,0.000716469,0.0440645,0.0437348,1.26469,1.33981,1.40791,3822.59,3087.68,33.0003,1.00168,2,B_only
log_lik[408],1.22837,0.000625375,0.0366924,0.0373659,1.16833,1.22907,1.28775,3456.38,2872.03,29.8388,1.00068,2,B_only
log_lik[409],1.62708,0.000765684,0.038382,0.0387579,1.56189,1.62815,1.68868,2556.14,2722.94,22.0671,1.00041,2,B_only
log_lik[410],1.63061,0.000797518,0.0393722,0.0402819,1.56376,1.6322,1.69372,2485.06,2984.66,21.4535,1.00037,2,B_only
log_lik[411],1.26398,0.000795933,0.0478118,0.0476382,1.18225,1.26567,1.33882,3682.07,2998.62,31.7872,1.00168,2,B_only
log_lik[412],1.31071,0.000716231,0.04519,0.0453478,1.23369,1.31173,1.38275,4011.16,3583.59,34.6282,1.00082,2,B_only
log_lik[413],0.777205,0.000840608,0.0545099,0.0537699,0.685696,0.778291,0.86297,4227.96,3580.42,36.4999,1.00049,2,B_only
log_lik[414],1.1795,0.000896588,0.0519237,0.0521217,1.08967,1.18113,1.26214,3420.63,2967.38,29.5302,1.00122,2,B_only
log_lik[415],0.99244,0.00137411,0.0866611,0.0879399,0.845177,0.994642,1.12853,3969.38,3131.97,34.2675,1.00143,2,B_only
log_lik[416],1.58797,0.000621257,0.0352264,0.0353213,1.53002,1.5881,1.64654,3285.7,2567.99,28.3654,1.00058,2,B_only
log_lik[417],1.50926,0.00125599,0.0665953,0.0670518,1.39494,1.51237,1.61267,2847.58,2937.11,24.583,1.00084,2,B_only
log_lik[418],1.24473,0.000582276,0.0367802,0.0364395,1.18492,1.24522,1.30568,3935.15,3410.66,33.972,0.999985,2,B_only
log_lik[419],0.655466,0.000910373,0.0596579,0.0597243,0.555152,0.656787,0.74931,4314.74,3519.13,37.249,1.0008,2,B_only
log_lik[420],-0.447835,0.00162863,0.102966,0.104943,-0.619249,-0.444607,-0.287159,3988.76,3158.05,34.4348,1.00102,2,B_only
log_lik[421],1.50669,0.00125953,0.0669283,0.0675584,1.39209,1.51012,1.61061,2859.14,2914.21,24.6829,1.00085,2,B_only
log_lik[422],1.38508,0.0006711,0.0417248,0.0410729,1.31534,1.38656,1.45152,3906.32,3127.57,33.7231,1.001,2,B_only
log_lik[423],1.27228,0.0015882,0.0961411,0.0992205,1.10706,1.27554,1.41968,3711.38,3107.36,32.0402,1.00194,2,B_only
log_lik[424],-1.03376,0.00185458,0.11013,0.111351,-1.21355,-1.03264,-0.855983,3537.71,3706.98,30.541,1.002,2,B_only
log_lik[425],1.49384,0.000586444,0.0367776,0.0363272,1.43292,1.49458,1.5536,3963.55,3081.57,34.2172,1.00071,2,B_only
log_lik[426],1.15243,0.00109774,0.0686608,0.0694052,1.03664,1.15446,1.25989,3904.8,3204.81,33.71,1.00142,2,B_only
log_lik[427],1.61006,0.000682205,0.0362069,0.0361772,1.55035,1.6103,1.66901,2875.83,2647.68,24.8269,1.00102,2,B_only
log_lik[428],1.16369,0.000629336,0.0367012,0.0368446,1.10326,1.16353,1.22454,3406.5,3118.83,29.4082,1.00094,2,B_only
log_lik[429],1.28746,0.000568705,0.0340288,0.0341666,1.23196,1.28797,1.34291,3594.64,2793.21,31.0324,1.00059,2,B_only
log_lik[430],0.882732,0.000782622,0.0499337,0.0498188,0.797465,0.883482,0.961678,4086.04,3573.22,35.2747,1.0007,2,B_only
log_lik[431],1.6316,0.000809726,0.0397686,0.040523,1.56403,1.63316,1.69526,2460.57,3010.47,21.2421,1.00036,2,B_only
log_lik[432],-0.0934374,0.002576,0.169455,0.17026,-0.381557,-0.0891325,0.1757,4344.28,3378.17,37.5041,1.00047,2,B_only
log_lik[433],1.07122,0.000986394,0.0645816,0.063219,0.964127,1.07407,1.1741,4304.6,3405.85,37.1615,1.00026,2,B_only
log_lik[434],0.953439,0.000840249,0.0501165,0.050836,0.868691,0.955723,1.0335,3576.93,3167.83,30.8796,1.00171,2,B_only
log_lik[435],1.12518,0.00065357,0.0385951,0.0386339,1.06144,1.12513,1.18887,3493.32,3079.7,30.1577,1.00102,2,B_only
log_lik[436],0.163298,0.00161286,0.0834326,0.0820616,0.025399,0.164163,0.300738,2713.8,2654.08,23.4282,1.00028,2,B_only
log_lik[437],0.702377,0.000987795,0.0609379,0.0619136,0.600725,0.704834,0.799603,3831.5,3096.45,33.0772,1.00194,2,B_only
log_lik[438],0.82382,0.00081415,0.0525056,0.0523273,0.734663,0.824733,0.906269,4180.26,3579.38,36.0881,1.00058,2,B_only
log_lik[439],1.63388,0.000870116,0.0419307,0.0427644,1.56273,1.63565,1.69991,2361.8,3061.19,20.3894,1.00032,2,B_only
log_lik[440],1.5778,0.000600077,0.0350738,0.0347364,1.52012,1.57788,1.63626,3477.61,2564.32,30.0221,1.00058,2,B_only
log_lik[441],-0.761852,0.0019274,0.112216,0.114259,-0.952108,-0.759692,-0.587737,3389.91,3651.3,29.265,1.00013,2,B_only
log_lik[442],-1.78054,0.00236194,0.119012,0.118253,-1.97597,-1.78182,-1.5867,2566.09,3014.84,22.153,1.00044,2,B_only
log_lik[443],1.38315,0.000672932,0.0418209,0.0411751,1.31329,1.38462,1.44987,3903.34,3127.57,33.6974,1.00103,2,B_only
log_lik[444],1.33649,0.00071849,0.0441673,0.0437948,1.2624,1.33766,1.40586,3818.93,3165.97,32.9687,1.00166,2,B_only
log_lik[445],1.19122,0.00101972,0.0637492,0.0648202,1.0817,1.1929,1.29079,3900.38,3304.76,33.6718,1.00137,2,B_only
log_lik[446],1.57376,0.00115104,0.0575594,0.057723,1.47601,1.5765,1.66439,2511.31,2862.05,21.6801,1.00066,2,B_only
log_lik[447],1.60489,0.00107377,0.0521192,0.052147,1.51722,1.60731,1.68592,2375.06,2902.05,20.5038,1.00043,2,B_only
log_lik[448],1.09206,0.000672335,0.0402274,0.0399072,1.02505,1.09184,1.15797,3589.39,3331.42,30.9871,1.00104,2,B_only
log_lik[449],-0.499318,0.00168012,0.104653,0.106167,-0.674285,-0.495965,-0.335983,3870.6,3193.78,33.4148,1.0009,2,B_only
log_lik[450],-1.07997,0.00188116,0.110396,0.111843,-1.25933,-1.07924,-0.900654,3502.17,3671.65,30.2341,1.002,2,B_only
log_lik[451],0.608137,0.00093801,0.0616365,0.0616474,0.504493,0.609728,0.705107,4335.98,3518.1,37.4324,1.00116,2,B_only
log_lik[452],1.57095,0.00058981,0.0350406,0.0348084,1.51322,1.57113,1.62968,3590.79,2701.21,30.9992,1.00061,2,B_only
log_lik[453],1.6119,0.0010498,0.0506333,0.0506704,1.5272,1.61467,1.69084,2349.38,2924.66,20.2822,1.00035,2,B_only
log_lik[454],-0.307711,0.00153988,0.0981109,0.100557,-0.471009,-0.304532,-0.154239,4081.83,3035.31,35.2383,1.00115,2,B_only
log_lik[455],-0.847748,0.00199268,0.114239,0.116881,-1.04174,-0.846284,-0.668741,3289.63,3651.5,28.3992,1.00016,2,B_only
log_lik[456],-0.211572,0.00163115,0.0876209,0.0890434,-0.354089,-0.211161,-0.0660674,2953.59,2614.51,25.4982,1.00006,2,B_only
log_lik[457],1.62095,0.000728348,0.0373126,0.0375186,1.55839,1.62173,1.68122,2670.25,2796.41,23.0522,1.00064,2,B_only
log_lik[458],1.40881,0.000649122,0.040555,0.040105,1.34128,1.41027,1.47381,3945.0,3178.94,34.057,1.00084,2,B_only
log_lik[459],1.60809,0.000675449,0.0360674,0.0359743,1.54836,1.60837,1.66708,2911.12,2587.31,25.1316,1.00111,2,B_only
log_lik[460],-1.28036,0.00224847,0.120072,0.124037,-1.48207,-1.27983,-1.08878,2876.66,3295.38,24.8341,1.0004,2,B_only
log_lik[461],0.741436,0.000860962,0.0560336,0.0555422,0.648666,0.74247,0.828738,4260.88,3511.59,36.784,1.00044,2,B_only
log_lik[462],-1.7123,0.00218577,0.114684,0.113859,-1.9076,-1.7102,-1.52915,2758.15,3158.21,23.811,1.00109,2,B_only
log_lik[463],1.20032,0.000711811,0.0463132,0.0463844,1.12317,1.20115,1.27541,4258.16,3776.03,36.7605,0.999897,2,B_only
log_lik[464],1.3113,0.000549246,0.0333899,0.033547,1.25732,1.31148,1.36625,3720.88,2671.1,32.1222,1.0005,2,B_only
log_lik[465],1.3394,0.000584971,0.0370158,0.0373162,1.27722,1.33947,1.40018,4043.16,3040.87,34.9045,1.00023,2,B_only
log_lik[466],1.27235,0.000830061,0.0520818,0.0526344,1.18238,1.27366,1.35375,3957.38,3551.81,34.1639,1.00113,2,B_only
log_lik[467],0.186332,0.00160507,0.0830562,0.0816267,0.0492145,0.187418,0.322828,2722.05,2695.94,23.4994,1.00029,2,B_only
log_lik[468],1.51394,0.000578394,0.0360766,0.0355606,1.4544,1.5145,1.57336,3917.76,3123.79,33.8219,1.00067,2,B_only
log_lik[469],1.26938,0.000789348,0.047543,0.0475673,1.18806,1.27103,1.34374,3704.19,2998.62,31.9781,1.00166,2,B_only
log_lik[470],0.569043,0.000961123,0.0632643,0.063413,0.461988,0.570709,0.668537,4352.62,3551.28,37.576,1.00108,2,B_only
log_lik[471],1.22069,0.00169799,0.102847,0.106009,1.04377,1.22536,1.37895,3722.86,3220.01,32.1393,1.00211,2,B_only
log_lik[472],0.244917,0.00116383,0.0766094,0.077342,0.114684,0.247564,0.365352,4355.3,3554.74,37.5992,1.0019,2,B_only
log_lik[473],0.318207,0.00119483,0.0759696,0.0776865,0.191853,0.32044,0.438677,4067.33,3011.66,35.1131,1.002,2,B_only
log_lik[474],0.862577,0.000896517,0.0541625,0.0542193,0.770513,0.864974,0.948159,3676.7,3212.03,31.7408,1.00186,2,B_only
log_lik[475],0.89165,0.00117939,0.0641798,0.0635565,0.783054,0.892607,0.994003,3001.03,2929.23,25.9078,1.00084,2,B_only
log_lik[476],1.63055,0.000943889,0.0450511,0.0453478,1.55458,1.63322,1.7021,2310.95,3012.37,19.9503,1.00029,2,B_only
log_lik[477],1.27105,0.000584184,0.0346832,0.0353453,1.21467,1.27163,1.32747,3537.21,2832.87,30.5366,1.00047,2,B_only
log_lik[478],-0.404344,0.00287219,0.18924,0.190483,-0.725094,-0.400276,-0.100011,4357.06,3292.29,37.6144,1.00037,2,B_only
log_lik[479],0.774947,0.000841891,0.0546065,0.0539275,0.683291,0.776146,0.860889,4231.06,3510.32,36.5266,1.00049,2,B_only
log_lik[480],0.366808,0.0011686,0.0741455,0.0753166,0.243765,0.369199,0.48539,4052.85,3013.02,34.9882,1.002,2,B_only
log_lik[481],1.18734,0.000663431,0.0387648,0.0398295,1.12269,1.18797,1.24954,3430.32,2968.2,29.6138,1.00095,2,B_only
log_lik[482],1.45477,0.000610964,0.0383978,0.0377833,1.39069,1.45587,1.51674,3987.69,3192.28,34.4256,1.00072,2,B_only
log_lik[483],1.08454,0.00206316,0.121527,0.125114,0.871659,1.08924,1.27103,3531.11,3202.0,30.484,1.00204,2,B_only
log_lik[484],1.33595,0.000546795,0.0341814,0.0341556,1.28032,1.33605,1.39271,3937.93,2842.01,33.996,1.0009,2,B_only
log_lik[485],1.011,0.00230282,0.13224,0.136215,0.779112,1.01737,1.21403,3356.0,3229.13,28.9722,1.00167,2,B_only
log_lik[486],1.1022,0.0011911,0.0746358,0.0748296,0.974771,1.10404,1.21882,3918.32,3125.0,33.8267,1.00143,2,B_only
log_lik[487],-0.71111,0.00156111,0.0896564,0.091582,-0.858024,-0.710489,-0.56638,3364.84,3261.93,29.0486,0.999697,2,B_only
log_lik[488],0.466273,0.00208521,0.135339,0.135946,0.234902,0.469455,0.680356,4228.99,3276.34,36.5087,1.00102,2,B_only
log_lik[489],0.927264,0.00124349,0.0813335,0.0808033,0.792108,0.929805,1.0557,4290.35,3387.17,37.0385,1.00077,2,B_only
log_lik[490],1.00981,0.00134667,0.0848318,0.0859262,0.866677,1.01186,1.14281,3958.03,3143.84,34.1696,1.00142,2,B_only
log_lik[491],1.35084,0.00145996,0.0862511,0.0884667,1.20367,1.35307,1.48436,3546.49,3272.88,30.6167,1.00191,2,B_only
log_lik[492],1.24691,0.00060755,0.0357865,0.0367685,1.1882,1.24757,1.30489,3480.84,2746.83,30.05,1.00053,2,B_only
log_lik[493],1.11016,0.00117679,0.0737129,0.0739443,0.984793,1.11204,1.2251,3916.43,3150.59,33.8104,1.00143,2,B_only
log_lik[494],1.5275,0.00122993,0.0641906,0.0646259,1.41751,1.53048,1.62665,2748.66,3066.53,23.7291,1.00084,2,B_only
log_lik[495],-0.406012,0.00160867,0.101555,0.103729,-0.57376,-0.402609,-0.24744,4001.11,3104.86,34.5414,1.001,2,B_only
log_lik[496],-0.0776236,0.00141169,0.0898796,0.091815,-0.228687,-0.0739179,0.0654683,4068.51,3439.39,35.1233,1.00202,2,B_only
log_lik[497],0.750727,0.0012882,0.0691541,0.0676412,0.634172,0.751634,0.86268,2919.75,2906.66,25.2061,1.00061,2,B_only
log_lik[498],1.33962,0.000582198,0.0368301,0.0371345,1.27763,1.33964,1.40003,4046.84,3050.35,34.9363,1.0002,2,B_only
log_lik[499],0.54798,0.0010714,0.0671536,0.0685103,0.436658,0.550201,0.656029,3958.56,3018.5,34.1741,1.00198,2,B_only
log_lik[500],1.21641,0.000965439,0.0603737,0.0607865,1.11315,1.21826,1.31111,3912.01,3424.98,33.7723,1.00133,2,B_only
log_lik[501],0.704078,0.000882328,0.0576142,0.0575379,0.607835,0.705122,0.794149,4287.58,3578.1,37.0146,1.0006,2,B_only
log_lik[502],1.55112,0.00119281,0.0609309,0.0614378,1.44763,1.55431,1.64655,2624.84,2983.13,22.6602,1.00094,2,B_only
log_lik[503],-0.546404,0.00165703,0.102998,0.104002,-0.717227,-0.544035,-0.381549,3882.22,3581.95,33.5151,1.00198,2,B_only
log_lik[504],0.39878,0.00106515,0.0703055,0.0705662,0.277851,0.400715,0.508802,4374.54,3518.68,37.7652,1.00176,2,B_only
log_lik[505],-0.62238,0.00169259,0.104615,0.105103,-0.794956,-0.620371,-0.455251,3840.42,3481.51,33.1542,1.00199,2,B_only
log_lik[506],0.57992,0.000954665,0.0628119,0.0628281,0.473882,0.581477,0.678386,4347.49,3518.41,37.5317,1.00111,2,B_only
log_lik[507],1.61282,0.00104635,0.050427,0.0504028,1.52869,1.61547,1.69171,2346.05,2924.66,20.2533,1.00041,2,B_only
log_lik[508],0.828552,0.00123015,0.0664874,0.0654895,0.716487,0.829887,0.935434,2958.24,2975.91,25.5384,1.00077,2,B_only
log_lik[509],1.61413,0.000697525,0.0365454,0.036815,1.55319,1.61462,1.67373,2800.64,2621.53,24.1779,1.00084,2,B_only
log_lik[510],1.03008,0.00070386,0.0432163,0.0434164,0.957713,1.02999,1.09992,3780.44,3553.02,32.6364,1.00098,2,B_only
log_lik[511],0.610885,0.00103758,0.0646524,0.0655347,0.503013,0.613183,0.714928,3910.44,3119.13,33.7587,1.00197,2,B_only
log_lik[512],1.09873,0.00119728,0.0750349,0.0751325,0.97079,1.10068,1.21588,3920.18,3126.27,33.8428,1.00143,2,B_only
log_lik[513],1.255,0.000599712,0.0354043,0.0361247,1.19717,1.25559,1.31239,3497.74,2768.67,30.1959,1.00046,2,B_only
log_lik[514],1.24618,0.000580557,0.0354178,0.0354123,1.18839,1.24645,1.3045,3763.76,3224.13,32.4924,1.00005,2,B_only
log_lik[515],-0.12941,0.00261297,0.171927,0.172756,-0.422246,-0.125062,0.143476,4346.05,3378.45,37.5193,1.00046,2,B_only
log_lik[516],1.16905,0.000625708,0.0364424,0.0365814,1.10914,1.16903,1.22949,3400.19,3114.66,29.3537,1.00093,2,B_only
log_lik[517],0.349623,0.00109622,0.0723261,0.0724082,0.225801,0.351685,0.462612,4370.13,3304.26,37.7272,1.00191,2,B_only
log_lik[518],1.30687,0.000729011,0.0459641,0.0461132,1.22848,1.30802,1.37969,4004.51,3618.73,34.5708,1.00086,2,B_only
log_lik[519],1.03234,0.00105309,0.0585476,0.0590028,0.932038,1.0331,1.12483,3139.64,2771.62,27.1044,1.00083,2,B_only
log_lik[520],1.28215,0.00080329,0.0504584,0.0513136,1.19515,1.28314,1.36197,3966.42,3519.96,34.242,1.00108,2,B_only
log_lik[521],1.17056,0.000624679,0.0363703,0.0365301,1.11092,1.17057,1.23066,3399.77,3142.41,29.3501,1.00093,2,B_only
log_lik[522],0.189373,0.00120039,0.0788674,0.0794341,0.0546937,0.191813,0.312929,4338.56,3472.41,37.4547,1.00173,2,B_only
log_lik[523],1.34004,0.000565077,0.0356427,0.0360616,1.2807,1.34035,1.39948,4025.05,3002.22,34.7481,1.00027,2,B_only
log_lik[524],1.22239,0.000631053,0.0369904,0.0377416,1.16177,1.22305,1.28217,3449.49,2807.55,29.7793,1.00071,2,B_only
log_lik[525],1.12776,0.000714512,0.0417835,0.0424214,1.05685,1.12896,1.19398,3440.63,2831.46,29.7029,1.00124,2,B_only
log_lik[526],1.62751,0.00076888,0.0384803,0.0389042,1.56208,1.62878,1.68942,2547.92,2846.76,21.9961,1.0004,2,B_only
log_lik[527],1.20849,0.000644091,0.0376903,0.0389427,1.14626,1.20907,1.26933,3441.07,2822.63,29.7066,1.00081,2,B_only
log_lik[528],-2.46055,0.0040029,0.192036,0.191444,-2.79235,-2.44726,-2.1679,2348.18,2483.05,20.2717,1.00026,2,B_only
log_lik[529],1.31529,0.000546686,0.0333514,0.033473,1.26159,1.31548,1.37048,3750.6,2729.15,32.3788,1.00048,2,B_only
log_lik[530],0.371744,0.00116594,0.073959,0.0750614,0.249242,0.374081,0.490186,4052.02,3013.02,34.981,1.002,2,B_only
log_lik[531],-2.45133,0.00393067,0.188591,0.188769,-2.77334,-2.43819,-2.16306,2348.46,2482.56,20.2742,1.00017,2,B_only
log_lik[532],1.57385,0.000593934,0.0350486,0.034608,1.51639,1.57388,1.63246,3547.71,2626.57,30.6272,1.0006,2,B_only
log_lik[533],0.00346641,0.00132528,0.0863164,0.0874836,-0.143623,0.00607101,0.138622,4259.8,3351.1,36.7747,1.00165,2,B_only
log_lik[534],-0.365739,0.00156662,0.0985197,0.0996049,-0.529927,-0.36294,-0.207593,3973.86,3549.13,34.3062,1.00201,2,B_only
log_lik[535],1.13016,0.000650599,0.0383489,0.0381658,1.06719,1.13006,1.19354,3480.0,3156.68,30.0427,1.00101,2,B_only
log_lik[536],0.503169,0.00109542,0.0689114,0.0703215,0.389094,0.505379,0.614024,3984.66,3000.59,34.3995,1.00199,2,B_only
log_lik[537],-1.45067,0.00200206,0.111126,0.109262,-1.63339,-1.44896,-1.26945,3104.14,3387.04,26.7979,1.00175,2,B_only
log_lik[538],1.33679,0.000548324,0.0343247,0.0344033,1.28125,1.33684,1.39405,3950.41,2875.55,34.1038,1.00084,2,B_only
log_lik[539],1.63341,0.000898891,0.0430822,0.0435744,1.56045,1.6354,1.70182,2334.13,3043.89,20.1505,1.00031,2,B_only
log_lik[540],0.443771,0.00103712,0.0684514,0.0687045,0.327103,0.445626,0.551003,4375.16,3596.05,37.7706,1.00166,2,B_only
log_lik[541],1.56009,0.00057685,0.0350796,0.0349729,1.50194,1.56032,1.61843,3761.12,3044.38,32.4696,1.00062,2,B_only
log_lik[542],0.841706,0.000908872,0.0550686,0.055235,0.748218,0.843959,0.928213,3697.65,3224.92,31.9217,1.00188,2,B_only
log_lik[543],-0.269284,0.00151578,0.0958083,0.0973964,-0.428847,-0.265835,-0.11668,4010.58,3452.92,34.6232,1.00202,2,B_only
log_lik[544],0.901084,0.000873212,0.052469,0.0527714,0.812373,0.903391,0.984709,3635.14,3186.78,31.382,1.0018,2,B_only
log_lik[545],-0.558961,0.0015798,0.0890216,0.0906972,-0.703557,-0.559192,-0.412516,3239.92,3330.49,27.9701,0.999825,2,B_only
log_lik[546],1.33869,0.000592024,0.0374823,0.0376821,1.27537,1.33874,1.40015,4050.23,3127.4,34.9655,1.00027,2,B_only
log_lik[547],0.834129,0.000913315,0.0553956,0.0558432,0.739842,0.836362,0.921311,3703.57,3224.92,31.9728,1.0019,2,B_only
log_lik[548],1.24304,0.000594454,0.0374368,0.0374895,1.18244,1.24387,1.30473,3980.43,3379.36,34.3629,0.999842,2,B_only
log_lik[549],1.41254,0.00064578,0.0403738,0.0398522,1.34559,1.41402,1.47697,3951.84,3090.36,34.1161,1.00079,2,B_only
log_lik[550],-1.44659,0.00229528,0.120247,0.121899,-1.64643,-1.44818,-1.25259,2765.5,3470.96,23.8745,1.00047,2,B_only
log_lik[551],-0.0444077,0.00135782,0.0881975,0.0897113,-0.194496,-0.0415391,0.0934115,4236.34,3410.16,36.5722,1.00172,2,B_only
log_lik[552],1.32616,0.000658873,0.0416944,0.0416104,1.25569,1.3267,1.39395,4035.46,3421.52,34.838,1.00061,2,B_only
log_lik[553],0.550822,0.00106988,0.0670415,0.0683543,0.439697,0.553015,0.658695,3956.64,3018.5,34.1576,1.00198,2,B_only
log_lik[554],0.728316,0.000973462,0.0598664,0.0605198,0.628197,0.730766,0.823581,3806.63,3084.95,32.8626,1.00194,2,B_only
log_lik[555],0.951132,0.00250896,0.141282,0.145686,0.705313,0.957894,1.16773,3229.4,3340.76,27.8793,1.00157,2,B_only
log_lik[556],1.49743,0.00127213,0.0681179,0.0691895,1.38075,1.50074,1.60369,2906.84,3053.97,25.0946,1.00095,2,B_only
log_lik[557],1.18473,0.00074904,0.0488568,0.0488603,1.10216,1.18589,1.2643,4278.45,3702.23,36.9357,0.999992,2,B_only
log_lik[558],-0.521628,0.00170234,0.105365,0.106791,-0.696724,-0.518034,-0.357008,3819.58,3193.78,32.9743,1.00076,2,B_only
log_lik[559],0.370757,0.00116647,0.0739963,0.075124,0.2482,0.373129,0.489224,4052.4,3013.02,34.9842,1.002,2,B_only
log_lik[560],-0.399463,0.00158403,0.0994181,0.100559,-0.565623,-0.397234,-0.240105,3956.83,3584.08,34.1592,1.00201,2,B_only
log_lik[561],0.791441,0.000937965,0.0572199,0.0576466,0.694882,0.793561,0.882215,3747.88,3210.33,32.3553,1.00192,2,B_only
log_lik[562],1.60489,0.00107377,0.0521192,0.052147,1.51722,1.60731,1.68592,2375.06,2902.05,20.5038,1.00043,2,B_only
log_lik[563],0.281927,0.00215274,0.141188,0.142084,0.0399861,0.286389,0.507228,4312.44,3507.92,37.2292,1.00071,2,B_only
log_lik[564],-0.499318,0.00168012,0.104653,0.106167,-0.674285,-0.495965,-0.335983,3870.6,3193.78,33.4148,1.0009,2,B_only
log_lik[565],0.348723,0.0010968,0.072363,0.072456,0.224888,0.350786,0.461721,4370.01,3304.26,37.7262,1.00193,2,B_only
log_lik[566],0.412074,0.00105683,0.0697581,0.0699159,0.292606,0.413994,0.521599,4375.57,3518.68,37.7742,1.00169,2,B_only
log_lik[567],0.146922,0.00128815,0.0822135,0.0840005,0.00849292,0.149983,0.278643,4103.16,3277.11,35.4225,1.00201,2,B_only
log_lik[568],0.388493,0.00115693,0.0733246,0.0745832,0.26731,0.390622,0.506296,4044.05,3038.78,34.9122,1.00201,2,B_only
log_lik[569],1.13529,0.000708325,0.0414051,0.0419829,1.06532,1.13629,1.20069,3441.06,2782.9,29.7065,1.00121,2,B_only
log_lik[570],-0.488641,0.00166946,0.104308,0.105731,-0.662939,-0.485295,-0.32575,3894.34,3165.46,33.6197,1.00094,2,B_only
log_lik[571],-2.47596,0.00414001,0.198524,0.19568,-2.81894,-2.46114,-2.17685,2348.57,2483.19,20.2751,1.00041,2,B_only
log_lik[572],-0.0703504,0.00137547,0.0892087,0.0906991,-0.221483,-0.0675342,0.0697533,4223.41,3379.92,36.4605,1.0018,2,B_only
log_lik[573],1.51618,0.000577747,0.036006,0.0356349,1.45689,1.51672,1.5758,3910.89,3130.4,33.7626,1.00067,2,B_only
log_lik[574],1.34762,0.000707454,0.043605,0.0433181,1.27452,1.34879,1.41659,3838.5,3156.3,33.1377,1.00137,2,B_only
log_lik[575],0.473604,0.00146925,0.0771297,0.0758438,0.345444,0.474496,0.599975,2841.58,2642.21,24.5313,1.00045,2,B_only
log_lik[576],1.15305,0.000820152,0.0536326,0.0531368,1.06315,1.15491,1.23941,4297.16,3613.25,37.0972,1.00035,2,B_only
log_lik[577],0.183787,0.00120409,0.0790939,0.0795449,0.048677,0.186197,0.307574,4335.83,3441.09,37.4311,1.00167,2,B_only
log_lik[578],-0.609625,0.0017892,0.108058,0.110637,-0.790681,-0.605688,-0.440995,3630.29,3436.3,31.3402,1.00049,2,B_only
log_lik[579],0.482097,0.00101355,0.0668685,0.0670061,0.367641,0.484335,0.587304,4370.96,3567.16,37.7344,1.00158,2,B_only
log_lik[580],-1.90148,0.00250522,0.125364,0.12417,-2.1142,-1.8972,-1.70459,2529.32,2731.06,21.8356,1.00032,2,B_only
log_lik[581],1.62372,0.000743661,0.0377334,0.0379756,1.56047,1.62472,1.68428,2619.98,2784.12,22.6182,1.00059,2,B_only
log_lik[582],-0.541378,0.00165462,0.102886,0.103988,-0.711778,-0.538966,-0.376688,3884.85,3582.12,33.5378,1.00198,2,B_only
log_lik[583],-2.46828,0.00406814,0.195133,0.193414,-2.80347,-2.45467,-2.17248,2348.52,2499.35,20.2747,1.00033,2,B_only
log_lik[584],-0.600473,0.00168251,0.104167,0.105114,-0.772467,-0.59839,-0.433532,3852.03,3481.51,33.2545,1.00199,2,B_only
log_lik[585],-0.629856,0.00180893,0.108649,0.111261,-0.813019,-0.625941,-0.460622,3590.23,3433.15,30.9944,1.00043,2,B_only
log_lik[586],-1.57035,0.00232104,0.119806,0.121885,-1.7671,-1.5714,-1.37732,2688.8,3384.96,23.2123,1.0005,2,B_only
log_lik[587],-1.50811,0.00202972,0.111371,0.109854,-1.69268,-1.50635,-1.32502,3035.59,3328.1,26.2062,1.00166,2,B_only
log_lik[588],1.3387,0.000553983,0.0348044,0.0353279,1.28203,1.33873,1.39687,3989.51,3004.38,34.4413,1.00067,2,B_only
log_lik[589],0.229999,0.00124272,0.0792225,0.0810139,0.0968754,0.23269,0.355154,4092.17,3167.47,35.3276,1.002,2,B_only
log_lik[590],1.31962,0.00068461,0.0432689,0.04342,1.2463,1.32061,1.38933,4025.07,3390.35,34.7483,1.0007,2,B_only
log_lik[591],0.0119021,0.00136242,0.0869039,0.0896026,-0.134108,0.0148161,0.150313,4090.12,3463.87,35.3099,1.00203,2,B_only
log_lik[592],0.606233,0.00104009,0.0648388,0.0657372,0.49807,0.608614,0.710473,3913.95,3119.13,33.789,1.00197,2,B_only
log_lik[593],1.25412,0.000600569,0.0354455,0.0362131,1.19626,1.25469,1.31164,3495.02,2780.15,30.1724,1.00047,2,B_only
log_lik[594],1.33385,0.000544273,0.0339162,0.0337065,1.27873,1.33422,1.39009,3912.43,2704.84,33.7759,1.00099,2,B_only
log_lik[595],1.24585,0.000580767,0.0361527,0.0358497,1.18692,1.24611,1.305,3921.98,3399.19,33.8584,1.00006,2,B_only
log_lik[596],1.07322,0.00101251,0.056782,0.0572936,0.975805,1.07439,1.16374,3195.24,2827.44,27.5844,1.00082,2,B_only
log_lik[597],1.29375,0.000563034,0.0338128,0.033757,1.23887,1.294,1.34899,3622.7,2857.94,31.2747,1.00079,2,B_only
log_lik[598],1.18172,0.000668464,0.039051,0.0400515,1.11678,1.18235,1.24441,3430.58,3001.09,29.6161,1.00097,2,B_only
log_lik[599],-0.532289,0.00171294,0.105702,0.107252,-0.707482,-0.52873,-0.367253,3796.48,3193.78,32.7749,1.00073,2,B_only
log_lik[600],0.995256,0.000720175,0.0448496,0.0455914,0.91956,0.995114,1.06714,3887.18,3586.4,33.5579,1.00092,2,B_only
log_lik[601],1.0132,0.000711861,0.0440118,0.0443171,0.939064,1.01324,1.08431,3832.91,3586.41,33.0894,1.00096,2,B_only
log_lik[602],0.883424,0.000782259,0.0499032,0.0497649,0.798209,0.884165,0.962339,4084.49,3573.51,35.2613,1.0007,2,B_only
log_lik[603],-2.14716,0.00266877,0.13035,0.127598,-2.37167,-2.14287,-1.93911,2402.66,2547.76,20.7421,0.999875,2,B_only
log_lik[604],1.58056,0.000605289,0.0351019,0.0348778,1.52267,1.58065,1.63929,3429.78,2576.59,29.6092,1.00056,2,B_only
log_lik[605],1.00807,0.000803892,0.0475929,0.0481432,0.927068,1.00987,1.08377,3527.96,3089.49,30.4568,1.00158,2,B_only
log_lik[606],0.898111,0.00151578,0.0962353,0.0971826,0.735883,0.900665,1.05014,4023.86,3105.15,34.7378,1.00136,2,B_only
log_lik[607],1.24256,0.000578034,0.0344513,0.0339842,1.1864,1.24268,1.29967,3589.22,2875.78,30.9856,1.00057,2,B_only
log_lik[608],0.564815,0.00178806,0.117005,0.118122,0.365826,0.568825,0.751082,4292.1,3507.05,37.0535,1.00077,2,B_only
log_lik[609],0.561223,0.0010643,0.0666304,0.0681055,0.450077,0.563512,0.668399,3949.79,3020.29,34.0984,1.00198,2,B_only
log_lik[610],1.24578,0.000580847,0.0362015,0.0358666,1.18686,1.24613,1.30508,3930.94,3399.61,33.9357,1.00002,2,B_only
log_lik[611],0.758281,0.000851367,0.0553174,0.0547793,0.666161,0.759397,0.84502,4245.57,3543.11,36.6519,1.00046,2,B_only
log_lik[612],-1.67299,0.00233925,0.119305,0.119883,-1.86818,-1.67376,-1.4807,2625.62,3132.88,22.6669,1.00048,2,B_only
log_lik[613],0.956,0.000743812,0.0466541,0.0470764,0.877494,0.956018,1.03026,4008.83,3591.52,34.6081,1.00085,2,B_only
log_lik[614],0.763604,0.000848339,0.0550906,0.0545865,0.671809,0.764813,0.850194,4241.51,3543.11,36.6168,1.00047,2,B_only
log_lik[615],0.981092,0.000822125,0.0488484,0.0492714,0.897694,0.983169,1.05881,3551.79,3089.72,30.6625,1.00165,2,B_only
log_lik[616],1.63388,0.000871911,0.0420002,0.0428065,1.56261,1.63573,1.70004,2358.44,3119.16,20.3603,1.00032,2,B_only
log_lik[617],0.609955,0.00103808,0.0646897,0.0655806,0.502045,0.612277,0.714057,3910.98,3119.13,33.7634,1.00197,2,B_only
log_lik[618],1.47767,0.00129836,0.0706176,0.0721561,1.35656,1.48053,1.58729,3020.1,3015.53,26.0725,1.00105,2,B_only
log_lik[619],-0.185297,0.00145359,0.0936076,0.0957582,-0.34138,-0.181835,-0.038424,4166.44,3423.59,35.9688,1.00149,2,B_only
log_lik[620],-0.984936,0.00183908,0.109774,0.111495,-1.16451,-0.983748,-0.808432,3581.85,3655.17,30.922,1.00199,2,B_only
log_lik[621],0.719886,0.00156821,0.102542,0.103569,0.547969,0.723669,0.880207,4290.94,3541.75,37.0435,1.00069,2,B_only
log_lik[622],1.05475,0.000691769,0.0420391,0.0420721,0.98467,1.05446,1.12305,3707.04,3483.78,32.0027,1.00101,2,B_only
log_lik[623],0.680325,0.000895992,0.0586145,0.0585552,0.582383,0.681181,0.772105,4301.51,3520.11,37.1348,1.00071,2,B_only
log_lik[624],1.15584,0.000814081,0.0532279,0.0528041,1.06647,1.15758,1.24164,4295.62,3647.81,37.084,1.00039,2,B_only
log_lik[625],0.251147,0.0012312,0.0784496,0.080358,0.11945,0.253935,0.375014,4087.16,3090.52,35.2843,1.00201,2,B_only
log_lik[626],1.20953,0.000596087,0.0346611,0.0347965,1.15302,1.2094,1.26662,3396.26,2835.37,29.3198,1.00071,2,B_only
log_lik[627],1.22118,0.000847605,0.0499195,0.0498675,1.13477,1.22294,1.29949,3530.6,2944.52,30.4795,1.00143,2,B_only
log_lik[628],-1.59047,0.00207922,0.11211,0.111302,-1.77613,-1.58932,-1.40626,2937.33,3158.13,25.3579,1.00149,2,B_only
log_lik[629],1.32953,0.000542192,0.033593,0.03325,1.27509,1.32965,1.38529,3863.6,2680.13,33.3543,1.0009,2,B_only
log_lik[630],1.24138,0.000577692,0.0343505,0.0338402,1.1851,1.2414,1.29844,3566.74,2855.29,30.7916,1.00052,2,B_only
log_lik[631],1.2771,0.000817234,0.0513035,0.0520518,1.18886,1.27833,1.35745,3959.4,3551.72,34.1814,1.00111,2,B_only
log_lik[632],1.24105,0.000577636,0.0343283,0.0338423,1.18478,1.24106,1.29805,3562.32,2834.28,30.7534,1.0005,2,B_only
log_lik[633],1.3199,0.000683574,0.0432058,0.0433464,1.2467,1.32089,1.38959,4025.76,3390.65,34.7543,1.0007,2,B_only
log_lik[634],0.999948,0.001118,0.0731644,0.072763,0.877658,1.00199,1.11582,4297.22,3271.01,37.0978,1.00042,2,B_only
log_lik[635],0.879088,0.00118967,0.0646498,0.0640834,0.769736,0.880264,0.982123,2991.24,2974.06,25.8233,1.00085,2,B_only
log_lik[636],-0.842814,0.00157688,0.0908936,0.0911636,-0.992953,-0.84259,-0.694463,3386.77,3252.3,29.2379,0.999566,2,B_only
log_lik[637],1.63248,0.000918706,0.0439231,0.0443195,1.55816,1.63482,1.70242,2320.43,3068.59,20.0322,1.00029,2,B_only
log_lik[638],0.909148,0.000868237,0.0521105,0.0523496,0.821048,0.911398,0.992617,3628.4,3175.19,31.3239,1.00178,2,B_only
log_lik[639],0.492579,0.00188527,0.123429,0.125187,0.281419,0.496392,0.688065,4293.86,3474.88,37.0687,1.00079,2,B_only
log_lik[640],-1.90931,0.00252331,0.126067,0.124841,-2.12371,-1.90538,-1.70989,2522.31,2731.37,21.7751,1.00029,2,B_only
log_lik[641],0.554235,0.0014176,0.0750456,0.0734395,0.428593,0.555278,0.677268,2896.47,2703.38,25.0052,1.0005,2,B_only
log_lik[642],0.749881,0.000856149,0.0556749,0.0551989,0.657925,0.750868,0.836928,4252.95,3511.15,36.7155,1.00045,2,B_only
log_lik[643],1.30081,0.000748356,0.0471346,0.0474457,1.21989,1.30181,1.37506,3993.78,3584.51,34.4782,1.00091,2,B_only
log_lik[644],1.18003,0.000618077,0.0359226,0.03618,1.12092,1.17991,1.23968,3387.38,3048.72,29.2432,1.00089,2,B_only
log_lik[645],1.4425,0.000620396,0.0389542,0.0384139,1.37787,1.44394,1.50513,3983.01,3213.9,34.3852,1.00072,2,B_only
log_lik[646],-0.154304,0.00143257,0.0924359,0.0940662,-0.308526,-0.150794,-0.00875082,4181.38,3333.96,36.0977,1.00155,2,B_only
log_lik[647],1.54921,0.000575795,0.0352103,0.0348738,1.49048,1.5495,1.60783,3762.85,2995.57,32.4846,1.00066,2,B_only
log_lik[648],1.24593,0.000581015,0.0351832,0.0350571,1.18838,1.2463,1.30357,3704.26,3170.15,31.9788,1.00012,2,B_only
log_lik[649],1.06844,0.00101735,0.0569914,0.0572303,0.970335,1.06945,1.15928,3187.08,2827.44,27.514,1.0008,2,B_only
log_lik[650],-0.0616963,0.00136958,0.0888721,0.0904889,-0.212612,-0.0588777,0.0776562,4227.73,3379.92,36.4979,1.00173,2,B_only
log_lik[651],1.41315,0.00137705,0.0785841,0.080295,1.27831,1.4163,1.5342,3331.03,3164.14,28.7567,1.00146,2,B_only
log_lik[652],0.973478,0.000827171,0.0491995,0.0498389,0.889797,0.975585,1.05194,3559.05,3141.02,30.7252,1.00167,2,B_only
log_lik[653],0.517831,0.00144171,0.07601,0.0747685,0.39101,0.518948,0.642432,2865.46,2684.02,24.7375,1.00048,2,B_only
log_lik[654],1.24094,0.000601882,0.0381026,0.038097,1.17933,1.24167,1.30335,4024.6,3513.7,34.7442,0.999824,2,B_only
log_lik[655],-0.94321,0.00161539,0.09272,0.0921934,-1.10118,-0.941218,-0.793288,3367.95,3323.13,29.0754,0.999485,2,B_only
log_lik[656],0.398904,0.00200702,0.131499,0.132492,0.174495,0.403275,0.609367,4301.83,3474.88,37.1376,1.0006,2,B_only
log_lik[657],1.55376,0.000570972,0.0351457,0.0348431,1.49506,1.55395,1.6125,3734.74,3025.21,32.2419,1.00065,2,B_only
log_lik[658],1.20816,0.000597157,0.034712,0.0347367,1.15147,1.208,1.26523,3393.9,2904.65,29.2994,1.00072,2,B_only
log_lik[659],0.149225,0.00122707,0.0804918,0.0813606,0.0120477,0.152079,0.274948,4323.28,3410.95,37.3228,1.00168,2,B_only
log_lik[660],-0.464358,0.00164517,0.103514,0.105322,-0.637099,-0.46093,-0.302859,3950.81,3218.31,34.1072,1.001,2,B_only
log_lik[661],0.789725,0.0014634,0.0956787,0.096454,0.629718,0.793168,0.939335,4287.97,3449.2,37.0179,1.00063,2,B_only
log_lik[662],0.808457,0.000822869,0.0531688,0.0528049,0.718353,0.809453,0.892083,4196.03,3597.59,36.2242,1.00055,2,B_only
log_lik[663],-1.60368,0.00208857,0.112289,0.112027,-1.79037,-1.60201,-1.41858,2920.05,3239.67,25.2087,1.00146,2,B_only
log_lik[664],1.55947,0.000576219,0.0350848,0.034991,1.50135,1.55959,1.61778,3768.93,3026.59,32.537,1.00062,2,B_only
log_lik[665],0.19867,0.00119424,0.0784903,0.078969,0.0648519,0.201218,0.321822,4341.45,3480.14,37.4796,1.00171,2,B_only
log_lik[666],0.398904,0.00200702,0.131499,0.132492,0.174495,0.403275,0.609367,4301.83,3474.88,37.1376,1.0006,2,B_only
log_lik[667],-1.29622,0.00216037,0.11267,0.111842,-1.48945,-1.29166,-1.11552,2765.62,2792.48,23.8755,1.0002,2,B_only
log_lik[668],1.27476,0.00078278,0.0472748,0.0470419,1.19378,1.27616,1.34857,3723.09,2992.83,32.1413,1.00171,2,B_only
log_lik[669],0.307128,0.00112344,0.0740681,0.0746459,0.180595,0.309164,0.423654,4366.28,3464.02,37.6939,1.00191,2,B_only
log_lik[670],0.363844,0.0011702,0.0742574,0.0753717,0.240549,0.366174,0.482415,4054.64,3012.55,35.0036,1.002,2,B_only
log_lik[671],1.13028,0.000712449,0.0416569,0.0422324,1.05961,1.13143,1.1963,3441.78,2799.68,29.7128,1.00123,2,B_only
log_lik[672],-0.715029,0.00156119,0.0896807,0.0915083,-0.861822,-0.71419,-0.570369,3367.21,3180.67,29.069,0.99969,2,B_only
log_lik[673],1.23361,0.000624068,0.039973,0.0401105,1.16813,1.23426,1.29889,4121.9,3511.3,35.5842,0.999808,2,B_only
log_lik[674],0.375689,0.00116382,0.0738098,0.0748149,0.253416,0.378006,0.49388,4050.81,3013.02,34.9705,1.002,2,B_only
log_lik[675],0.891381,0.00272638,0.150586,0.154911,0.626681,0.898709,1.12225,3105.67,3122.32,26.8111,1.00169,2,B_only
log_lik[676],0.80949,0.000927617,0.0564523,0.0569048,0.713548,0.811615,0.899073,3733.24,3243.38,32.2289,1.00191,2,B_only
log_lik[677],1.5727,0.000592258,0.0350444,0.0346642,1.51522,1.57277,1.63125,3565.79,2664.22,30.7833,1.0006,2,B_only
log_lik[678],-0.99677,0.00209558,0.117114,0.119917,-1.19727,-0.995333,-0.811465,3130.09,3453.67,27.022,1.00023,2,B_only
log_lik[679],0.827365,0.000917262,0.0556867,0.0561056,0.732398,0.829709,0.915143,3711.15,3242.98,32.0382,1.00189,2,B_only
log_lik[680],0.095933,0.00131615,0.0840111,0.0866108,-0.0450054,0.0989874,0.230171,4100.85,3451.89,35.4025,1.00202,2,B_only
log_lik[681],-1.04214,0.00212411,0.117817,0.120549,-1.2441,-1.04099,-0.856004,3082.98,3452.92,26.6153,1.00025,2,B_only
log_lik[682],1.23828,0.000610364,0.0388348,0.0390008,1.17494,1.23928,1.30159,4062.05,3649.07,35.0675,0.999819,2,B_only
log_lik[683],0.665741,0.00134504,0.0718469,0.070493,0.545539,0.666384,0.782829,2888.57,3025.39,24.9369,1.00063,2,B_only
log_lik[684],1.61975,0.000722331,0.0371543,0.0375703,1.55746,1.62047,1.67953,2692.91,2810.79,23.2478,1.00064,2,B_only
log_lik[685],0.96015,0.00112046,0.0615228,0.0611543,0.854749,0.961211,1.0577,3059.35,2807.28,26.4113,1.00078,2,B_only
log_lik[686],-2.24654,0.0040249,0.193164,0.191464,-2.57889,-2.23334,-1.9542,2350.33,2467.2,20.2903,1.0003,2,B_only
log_lik[687],0.566526,0.000962621,0.063369,0.0635908,0.45922,0.568277,0.666226,4353.9,3551.28,37.5871,1.00107,2,B_only
log_lik[688],1.3616,0.00144451,0.0849191,0.087304,1.217,1.36425,1.49318,3507.46,3273.75,30.2798,1.00188,2,B_only
log_lik[689],0.299646,0.00156017,0.0809931,0.079467,0.164935,0.300526,0.432286,2747.91,2749.45,23.7226,1.00036,2,B_only
log_lik[690],-2.20648,0.00373053,0.179435,0.17866,-2.51519,-2.195,-1.93083,2359.68,2494.23,20.3711,1.00011,2,B_only
log_lik[691],1.62524,0.000753021,0.0380029,0.0383689,1.56117,1.62619,1.68609,2592.04,2794.22,22.377,1.00056,2,B_only
log_lik[692],0.744512,0.000859208,0.055903,0.0553777,0.65214,0.745512,0.831845,4258.31,3511.27,36.7619,1.00044,2,B_only
log_lik[693],1.11403,0.000660076,0.0391464,0.0387681,1.04926,1.1141,1.17804,3529.51,3247.48,30.4701,1.00103,2,B_only
log_lik[694],0.167932,0.00121462,0.0797358,0.0802553,0.0321512,0.170636,0.292446,4329.98,3380.23,37.3806,1.0017,2,B_only
log_lik[695],0.229999,0.00124272,0.0792225,0.0810139,0.0968754,0.23269,0.355154,4092.17,3167.47,35.3276,1.002,2,B_only
log_lik[696],1.17372,0.000675548,0.0394583,0.0405004,1.10827,1.17443,1.2368,3431.74,3050.68,29.6261,1.00102,2,B_only
log_lik[697],1.2254,0.000628204,0.0368403,0.0375349,1.16477,1.22598,1.28503,3453.14,2767.16,29.8108,1.00069,2,B_only
log_lik[698],-1.04182,0.00185932,0.110181,0.111479,-1.22155,-1.04074,-0.863796,3530.28,3706.98,30.4768,1.002,2,B_only
log_lik[699],0.931633,0.00114558,0.0626484,0.0619261,0.825202,0.932538,1.03172,3031.85,2834.75,26.1739,1.00078,2,B_only
log_lik[700],0.702504,0.000883231,0.0576806,0.0575385,0.605974,0.703623,0.792693,4289.18,3578.1,37.0284,1.00066,2,B_only
log_lik[701],0.937849,0.00114018,0.0624054,0.0620438,0.831629,0.938768,1.03761,3036.35,2839.94,26.2127,1.00078,2,B_only
log_lik[702],1.33945,0.000584409,0.0369782,0.0373153,1.27739,1.33948,1.40012,4041.96,3040.87,34.8941,1.00023,2,B_only
log_lik[703],0.973077,0.000730222,0.0458736,0.0464954,0.895617,0.973061,1.04607,3958.92,3590.64,34.1773,1.00088,2,B_only
log_lik[704],0.119178,0.00124716,0.0817026,0.0828957,-0.0192632,0.121528,0.246638,4312.64,3418.56,37.2309,1.00183,2,B_only
log_lik[705],1.30646,0.000552665,0.0334718,0.0336516,1.25258,1.30658,1.36165,3686.57,2707.73,31.8261,1.00058,2,B_only
log_lik[706],0.191233,0.00119916,0.078792,0.0792919,0.056694,0.193743,0.314691,4338.86,3472.41,37.4573,1.00176,2,B_only
log_lik[707],-1.67569,0.00233974,0.119292,0.119559,-1.87124,-1.67633,-1.4835,2623.79,3132.88,22.6511,1.00049,2,B_only
log_lik[708],0.989408,0.000816566,0.0484633,0.0491262,0.906451,0.991381,1.06655,3543.73,3089.72,30.5929,1.00163,2,B_only
log_lik[709],-0.913977,0.00204013,0.115621,0.1184,-1.11182,-0.912311,-0.732489,3219.35,3583.75,27.7926,1.00019,2,B_only
log_lik[710],1.24876,0.000814436,0.0485665,0.0485188,1.16532,1.25053,1.32508,3624.76,2905.48,31.2925,1.00181,2,B_only
log_lik[711],-0.480816,0.00162508,0.101471,0.101884,-0.651156,-0.478777,-0.317819,3917.21,3583.24,33.8171,1.00198,2,B_only
log_lik[712],1.27266,0.000582642,0.0346147,0.0352951,1.21635,1.27324,1.32905,3541.38,2801.36,30.5726,1.00049,2,B_only
log_lik[713],0.175426,0.00135842,0.0724651,0.0734403,0.0529866,0.177878,0.29064,2908.65,2854.28,25.1103,0.999951,2,B_only
log_lik[714],-0.903492,0.00217829,0.128872,0.129661,-1.12391,-0.899196,-0.699231,3559.6,2954.58,30.7299,1.00185,2,B_only
log_lik[715],-0.880016,0.00195355,0.116734,0.117587,-1.07748,-0.875471,-0.693148,3628.94,2796.48,31.3285,1.00166,2,B_only
log_lik[716],-0.999679,0.00174155,0.0919316,0.0939487,-1.14838,-1.00001,-0.849668,2835.78,2670.2,24.4812,1.00014,2,B_only
log_lik[717],0.0351607,0.00126709,0.0664197,0.0658247,-0.0756453,0.0370223,0.141237,2800.18,2948.86,24.1739,0.999809,2,B_only
log_lik[718],-0.88768,0.00339378,0.171237,0.171956,-1.17454,-0.884343,-0.619645,2596.42,2661.39,22.4148,1.00356,2,B_only
log_lik[719],-0.553614,0.00180666,0.108519,0.110206,-0.735416,-0.551554,-0.383349,3674.82,3141.41,31.7246,1.00107,2,B_only
log_lik[720],-1.86015,0.00240143,0.115197,0.114176,-2.05822,-1.85548,-1.67867,2314.38,2623.54,19.98,1.00172,2,B_only
log_lik[721],-1.06357,0.00178288,0.0883802,0.0886553,-1.21332,-1.06277,-0.921282,2487.05,2664.21,21.4706,1.00025,2,B_only
log_lik[722],-0.0282284,0.00326091,0.1544,0.150628,-0.295576,-0.0236924,0.213865,2303.09,2738.08,19.8825,1.00299,2,B_only
log_lik[723],-2.3322,0.00358552,0.171668,0.169644,-2.62386,-2.32541,-2.06839,2298.75,2554.48,19.845,1.00039,2,B_only
log_lik[724],-1.40216,0.00372029,0.184945,0.18772,-1.70479,-1.40255,-1.10084,2500.28,2787.52,21.5848,1.00142,2,B_only
log_lik[725],-1.68148,0.00438871,0.19586,0.194533,-1.99618,-1.68458,-1.3571,1998.33,2795.68,17.2515,1.00434,2,B_only
log_lik[726],-1.64983,0.00371682,0.178926,0.175733,-1.95615,-1.63827,-1.3777,2360.44,2516.85,20.3776,1.00024,2,B_only
log_lik[727],-1.10602,0.00300258,0.16308,0.163699,-1.37805,-1.10167,-0.848006,2992.2,2885.49,25.8316,1.00202,2,B_only
log_lik[728],-1.8459,0.0040058,0.18668,0.185661,-2.14655,-1.84586,-1.53884,2166.18,2916.93,18.7005,1.00091,2,B_only
log_lik[729],0.251409,0.00230621,0.114527,0.116367,0.0631648,0.250054,0.437195,2557.93,3066.84,22.0825,1.00068,2,B_only
log_lik[730],0.345241,0.00195134,0.0991151,0.101211,0.181688,0.345485,0.504796,2604.33,3079.2,22.4831,0.999902,2,B_only
log_lik[731],-0.751615,0.00294291,0.155577,0.156023,-1.01506,-0.749368,-0.509234,2862.54,2890.15,24.7122,1.00306,2,B_only
log_lik[732],-0.651068,0.00253124,0.139756,0.139196,-0.889439,-0.649299,-0.433919,3116.29,2915.23,26.9028,1.0025,2,B_only
log_lik[733],0.298534,0.00156815,0.0827368,0.0839009,0.158097,0.300773,0.429418,2823.78,2833.87,24.3776,0.999764,2,B_only
log_lik[734],-0.563143,0.00161549,0.0976391,0.0995473,-0.724103,-0.560812,-0.408956,3715.14,3003.09,32.0727,1.00121,2,B_only
log_lik[735],-0.240621,0.0012799,0.0627815,0.0636983,-0.345205,-0.238853,-0.140125,2427.1,3405.25,20.9531,0.999834,2,B_only
log_lik[736],-1.45859,0.00194272,0.0864448,0.0871291,-1.60026,-1.4581,-1.31561,1982.03,2729.88,17.1108,0.999974,2,B_only
log_lik[737],0.323388,0.00164532,0.08633,0.0884603,0.178072,0.325057,0.461375,2742.7,2966.14,23.6776,0.999765,2,B_only
log_lik[738],-0.583997,0.00154276,0.0921,0.0922614,-0.73409,-0.581544,-0.438047,3616.76,2979.75,31.2234,1.00175,2,B_only
log_lik[739],-0.907559,0.00220437,0.130144,0.131453,-1.13046,-0.902989,-0.700847,3543.35,3044.39,30.5897,1.00183,2,B_only
log_lik[740],0.349925,0.00187258,0.0957595,0.0967383,0.191391,0.350788,0.503395,2622.62,2903.76,22.641,0.999838,2,B_only
log_lik[741],0.111883,0.00130152,0.069234,0.0702806,-0.00434429,0.113703,0.221478,2886.28,2882.79,24.9172,1.0001,2,B_only
log_lik[742],-1.04289,0.00175615,0.0868742,0.0870737,-1.18912,-1.04215,-0.90278,2475.58,2665.0,21.3716,1.00015,2,B_only
log_lik[743],-1.66062,0.00400251,0.190036,0.188987,-1.96999,-1.6621,-1.34913,2260.16,2663.05,19.5119,1.00076,2,B_only
log_lik[744],0.219601,0.00236791,0.11853,0.120709,0.0268928,0.218227,0.411886,2568.22,2798.63,22.1713,1.00099,2,B_only
log_lik[745],-0.0919613,0.00124993,0.0636997,0.0647141,-0.198933,-0.0906173,0.0102124,2634.36,3172.15,22.7423,0.999822,2,B_only
log_lik[746],-0.961058,0.001665,0.0815767,0.0816487,-1.09846,-0.960496,-0.829588,2425.87,2693.03,20.9425,0.999787,2,B_only
log_lik[747],-0.746293,0.00292259,0.154855,0.155444,-1.00887,-0.743854,-0.505342,2876.49,2890.15,24.8327,1.00305,2,B_only
log_lik[748],-1.35951,0.00438132,0.198319,0.198712,-1.67866,-1.35931,-1.03337,2068.07,2286.55,17.8536,1.00444,2,B_only
log_lik[749],-1.86383,0.00416065,0.187584,0.18484,-2.16568,-1.86484,-1.54731,2022.12,2569.74,17.4569,1.00363,2,B_only
log_lik[750],-0.553262,0.00179019,0.107677,0.109494,-0.733649,-0.551212,-0.383688,3685.8,3144.24,31.8194,1.00112,2,B_only
log_lik[751],-0.842221,0.0016033,0.0781742,0.0812931,-0.968381,-0.84241,-0.713715,2397.28,2742.7,20.6956,0.999776,2,B_only
log_lik[752],0.246852,0.00145776,0.0774944,0.0786996,0.114919,0.249502,0.370435,2879.87,2716.84,24.8619,1.0,2,B_only
log_lik[753],-2.06282,0.00381845,0.1772,0.171311,-2.35538,-2.06128,-1.77757,2138.31,2746.26,18.4599,1.00103,2,B_only
log_lik[754],-1.41432,0.00191102,0.0858208,0.0860127,-1.55789,-1.41385,-1.27776,2024.63,2909.24,17.4786,1.0012,2,B_only
log_lik[755],0.240382,0.00144673,0.0769568,0.0779293,0.109034,0.243007,0.362973,2884.44,2716.84,24.9013,1.00014,2,B_only
log_lik[756],-0.186565,0.00126525,0.0628796,0.0641294,-0.293198,-0.18519,-0.0849048,2493.3,3286.67,21.5246,0.999875,2,B_only
log_lik[757],-0.631119,0.00144274,0.0681486,0.0693388,-0.742397,-0.629162,-0.522443,2251.88,2847.13,19.4404,0.999858,2,B_only
log_lik[758],-0.89878,0.00342564,0.172319,0.17294,-1.18752,-0.895392,-0.628481,2580.0,2626.27,22.273,1.00359,2,B_only
log_lik[759],-0.208583,0.00127078,0.0628098,0.0637038,-0.314673,-0.207303,-0.108105,2462.57,3435.78,21.2593,0.999861,2,B_only
log_lik[760],0.0641765,0.0028719,0.139766,0.139078,-0.172368,0.0670413,0.285971,2409.47,2676.09,20.8009,1.00233,2,B_only
log_lik[761],-1.01147,0.00174705,0.0912805,0.0930745,-1.15862,-1.01207,-0.862488,2775.8,2614.78,23.9634,1.00015,2,B_only
log_lik[762],0.17417,0.00247972,0.124354,0.12423,-0.0301417,0.174402,0.376295,2538.41,2743.46,21.914,1.00138,2,B_only
log_lik[763],0.315358,0.00210194,0.105781,0.108068,0.142344,0.314008,0.4878,2593.82,3157.75,22.3924,1.00015,2,B_only
log_lik[764],-1.22994,0.0020851,0.103461,0.104816,-1.40521,-1.22771,-1.06323,2498.05,2736.17,21.5656,1.00116,2,B_only
log_lik[765],-0.555828,0.00186234,0.11129,0.112973,-0.742551,-0.55307,-0.379929,3636.2,3113.61,31.3912,1.0012,2,B_only
log_lik[766],0.207593,0.00139757,0.0745062,0.075458,0.0806029,0.209766,0.326127,2903.02,2878.94,25.0617,1.00009,2,B_only
log_lik[767],-1.38859,0.00189917,0.0850092,0.0851891,-1.52962,-1.38871,-1.25384,2009.04,2848.74,17.344,1.00119,2,B_only
log_lik[768],-0.598439,0.00151886,0.0896903,0.0906478,-0.746127,-0.596245,-0.454815,3534.29,3001.83,30.5114,1.00164,2,B_only
log_lik[769],0.0862876,0.00128669,0.068178,0.0688341,-0.0276479,0.0879075,0.195168,2872.94,2949.59,24.802,0.999927,2,B_only
log_lik[770],0.188248,0.00243527,0.122525,0.123457,-0.0131987,0.187092,0.388902,2555.9,2656.68,22.065,1.00127,2,B_only
log_lik[771],-1.20037,0.00184015,0.0862795,0.0885538,-1.33941,-1.20026,-1.05812,2208.17,2892.05,19.0631,0.999861,2,B_only
log_lik[772],-2.47666,0.00414823,0.198902,0.196277,-2.82078,-2.46191,-2.17731,2347.71,2450.34,20.2677,1.00037,2,B_only
log_lik[773],0.144837,0.001328,0.0707916,0.0717274,0.025694,0.146819,0.256952,2905.76,2860.78,25.0853,1.00002,2,B_only
log_lik[774],0.24614,0.00145652,0.0774342,0.0785275,0.114288,0.248812,0.369644,2880.53,2716.84,24.8675,1.0,2,B_only
log_lik[775],-0.476997,0.00556725,0.238944,0.230194,-0.908148,-0.457869,-0.107908,1888.07,2209.9,16.2997,1.00435,2,B_only
log_lik[776],-0.786524,0.00156224,0.078922,0.082176,-0.915329,-0.786041,-0.656418,2584.45,2678.73,22.3115,1.00001,2,B_only
log_lik[777],-0.0229216,0.00323725,0.153519,0.150058,-0.289485,-0.0181943,0.2186,2310.08,2738.44,19.9429,1.00295,2,B_only
log_lik[778],0.111987,0.0026915,0.132804,0.131533,-0.112195,0.113026,0.32437,2463.49,2880.93,21.2672,1.00192,2,B_only
log_lik[779],-1.58618,0.00198232,0.0883112,0.0877902,-1.73239,-1.58597,-1.4403,1985.89,2887.47,17.1442,1.0,2,B_only
log_lik[780],-1.9544,0.00264585,0.127498,0.127263,-2.17044,-1.94756,-1.75347,2339.16,2586.55,20.1939,1.00126,2,B_only
log_lik[781],-1.31757,0.00230829,0.113962,0.114094,-1.5099,-1.31345,-1.13779,2470.34,2569.76,21.3264,1.00107,2,B_only
log_lik[782],-1.03259,0.0027634,0.154008,0.154679,-1.2916,-1.02883,-0.79031,3158.75,2953.86,27.2694,1.0021,2,B_only
log_lik[783],-1.25506,0.00186653,0.0858694,0.0879538,-1.39624,-1.25512,-1.11294,2124.69,2983.03,18.3424,0.999899,2,B_only
log_lik[784],-0.570088,0.00203273,0.11922,0.119965,-0.773263,-0.567428,-0.383457,3510.03,3152.99,30.302,1.0016,2,B_only
log_lik[785],-0.966241,0.00167015,0.0818831,0.0820158,-1.10439,-0.96586,-0.834463,2430.43,2693.03,20.9818,0.999772,2,B_only
log_lik[786],0.219601,0.00236791,0.11853,0.120709,0.0268928,0.218227,0.411886,2568.22,2798.63,22.1713,1.00099,2,B_only
log_lik[787],0.208689,0.00238768,0.11991,0.120753,0.0146498,0.207439,0.404427,2570.04,2850.05,22.1871,1.00107,2,B_only
log_lik[788],-1.05383,0.00383008,0.18501,0.18738,-1.36195,-1.05043,-0.758153,2377.47,2592.65,20.5247,1.004,2,B_only
log_lik[789],0.276931,0.0015163,0.0802993,0.0816067,0.140076,0.279386,0.404005,2850.87,2749.63,24.6114,0.999918,2,B_only
log_lik[790],0.349962,0.00185778,0.0951377,0.0960127,0.19193,0.351246,0.501509,2631.61,2946.32,22.7186,0.999827,2,B_only
log_lik[791],0.286642,0.00153836,0.0813399,0.0828751,0.148293,0.288948,0.415523,2840.4,2791.81,24.5211,0.999789,2,B_only
log_lik[792],0.0750669,0.00282949,0.138143,0.136378,-0.15777,0.0776209,0.295653,2420.59,2775.34,20.8969,1.00224,2,B_only
log_lik[793],0.246852,0.00145776,0.0774944,0.0786996,0.114919,0.249502,0.370435,2879.87,2716.84,24.8619,1.0,2,B_only
log_lik[794],0.29129,0.0015496,0.0818681,0.0827802,0.151972,0.293522,0.420845,2834.77,2833.45,24.4725,0.999765,2,B_only
log_lik[795],0.349854,0.00184855,0.0947513,0.0953648,0.192481,0.351012,0.500498,2635.6,2944.42,22.753,0.999822,2,B_only
log_lik[796],-0.422223,0.00134801,0.0640527,0.0655655,-0.529388,-0.420622,-0.319712,2281.34,3054.41,19.6947,0.999862,2,B_only
log_lik[797],-0.917596,0.00226388,0.132976,0.133984,-1.14449,-0.913875,-0.705696,3507.96,2955.2,30.2841,1.00198,2,B_only
log_lik[798],0.258672,0.00147923,0.0785318,0.0797751,0.124648,0.261765,0.383428,2870.12,2756.26,24.7777,0.999936,2,B_only
log_lik[799],-1.78006,0.00224946,0.106919,0.106695,-1.96573,-1.77718,-1.61486,2267.39,2778.66,19.5743,1.00153,2,B_only
log_lik[800],-0.123428,0.00370827,0.170931,0.168131,-0.420743,-0.116094,0.143379,2186.48,2429.58,18.8758,1.00346,2,B_only
log_lik[801],-0.879229,0.00192243,0.11479,0.115663,-1.0723,-0.874251,-0.696326,3619.77,2777.16,31.2494,1.00181,2,B_only
log_lik[802],-0.808614,0.00314661,0.162731,0.163513,-1.08355,-0.806376,-0.554361,2734.69,2763.18,23.6085,1.0033,2,B_only
log_lik[803],0.325824,0.00206164,0.10397,0.105837,0.153923,0.324551,0.495508,2604.87,3103.05,22.4878,1.00006,2,B_only
log_lik[804],-0.896526,0.00178208,0.103866,0.105057,-1.0709,-0.893219,-0.72643,3437.14,2642.21,29.6727,1.00142,2,B_only
log_lik[805],0.323797,0.00164684,0.0864008,0.0884725,0.178518,0.325401,0.461938,2742.58,2966.14,23.6766,0.999765,2,B_only
log_lik[806],0.307908,0.00159437,0.0839602,0.0852703,0.165837,0.309839,0.441008,2813.39,2833.54,24.2879,0.999757,2,B_only
log_lik[807],-0.890167,0.00180196,0.105799,0.106537,-1.06778,-0.886344,-0.71702,3487.4,2827.44,30.1066,1.00165,2,B_only
log_lik[808],-1.54138,0.00196814,0.0875121,0.0872384,-1.68543,-1.54087,-1.39564,1978.04,2767.65,17.0764,0.999987,2,B_only
log_lik[809],0.0560765,0.00127366,0.067086,0.0670446,-0.0555024,0.0578905,0.163431,2829.53,2971.74,24.4272,0.999814,2,B_only
log_lik[810],0.348205,0.00191734,0.0976558,0.0989754,0.187387,0.349113,0.505054,2607.7,2925.04,22.5122,0.999869,2,B_only
log_lik[811],-1.71712,0.00203344,0.0917446,0.0915937,-1.87149,-1.71602,-1.56911,2039.22,2793.83,17.6045,0.999998,2,B_only
log_lik[812],0.0491429,0.00127127,0.0668573,0.0664326,-0.0620812,0.051031,0.155961,2820.61,2971.74,24.3502,0.999811,2,B_only
log_lik[813],0.337559,0.00200535,0.10147,0.10382,0.168944,0.337139,0.502499,2622.69,3143.5,22.6416,0.999972,2,B_only
log_lik[814],0.303439,0.00214332,0.107612,0.109925,0.128267,0.301334,0.47932,2586.14,3158.0,22.3261,1.00024,2,B_only
log_lik[815],-1.21776,0.00205762,0.102155,0.103601,-1.39106,-1.21579,-1.05346,2499.97,2736.38,21.5821,1.00111,2,B_only
log_lik[816],0.303319,0.00158119,0.0833456,0.084405,0.16212,0.305227,0.435557,2819.04,2833.9,24.3367,0.999761,2,B_only
log_lik[817],-1.49091,0.00290937,0.141711,0.140189,-1.73056,-1.48488,-1.26904,2405.02,2535.68,20.7624,1.00051,2,B_only
log_lik[818],-1.90987,0.00252163,0.121306,0.121925,-2.11574,-1.90476,-1.71807,2329.86,2570.23,20.1136,1.00116,2,B_only
log_lik[819],-0.584508,0.00154168,0.0920023,0.0921215,-0.734306,-0.58209,-0.438866,3613.97,2979.75,31.1993,1.00176,2,B_only
log_lik[820],0.185551,0.00136989,0.0730739,0.0740259,0.0613831,0.188127,0.301685,2909.0,2876.16,25.1133,1.00003,2,B_only
log_lik[821],0.182197,0.00136601,0.072869,0.0737348,0.0586001,0.184745,0.298195,2909.9,2876.16,25.121,0.99999,2,B_only
log_lik[822],0.125785,0.00131196,0.0698624,0.0707076,0.00894932,0.127928,0.236672,2896.02,2860.82,25.0013,1.00005,2,B_only
log_lik[823],-0.88295,0.0016363,0.0779196,0.0810648,-1.00907,-0.883661,-0.754489,2281.53,3073.58,19.6964,0.999895,2,B_only
log_lik[824],0.342924,0.00176155,0.0907492,0.0923817,0.192077,0.344634,0.488076,2679.26,2966.63,23.13,0.999784,2,B_only
log_lik[825],0.201173,0.0013891,0.0740729,0.0753775,0.0748959,0.203171,0.319208,2906.06,2897.73,25.0879,1.00007,2,B_only
log_lik[826],0.0641765,0.0028719,0.139766,0.139078,-0.172368,0.0670413,0.285971,2409.47,2676.09,20.8009,1.00233,2,B_only
log_lik[827],0.251784,0.0014665,0.0779181,0.0788239,0.11886,0.254617,0.375605,2876.81,2679.05,24.8354,1.00005,2,B_only
log_lik[828],0.230789,0.00143124,0.0761949,0.0773313,0.100159,0.233166,0.352451,2892.35,2776.54,24.9696,1.0001,2,B_only
log_lik[829],-0.616582,0.00150185,0.0873938,0.0895659,-0.759469,-0.614054,-0.475864,3424.39,2954.05,29.5627,1.00139,2,B_only
log_lik[830],0.194658,0.00138086,0.0736471,0.0747777,0.0689545,0.196882,0.311916,2905.31,2898.0,25.0815,1.00004,2,B_only
log_lik[831],0.0960124,0.0027501,0.135083,0.133831,-0.13275,0.0980538,0.311201,2446.55,2721.91,21.1209,1.00205,2,B_only
log_lik[832],-2.08516,0.00243692,0.116381,0.116611,-2.28601,-2.08207,-1.89582,2299.39,2641.21,19.8506,1.00077,2,B_only
log_lik[833],-0.426624,0.0013499,0.0641108,0.0655869,-0.534054,-0.425108,-0.323783,2278.1,3126.88,19.6668,0.999863,2,B_only
log_lik[834],-0.274965,0.00129089,0.0628422,0.0638371,-0.379424,-0.273516,-0.17446,2390.28,3305.72,20.6352,0.999832,2,B_only
log_lik[835],-2.47722,0.00415379,0.199167,0.196517,-2.82236,-2.46229,-2.17755,2347.79,2450.38,20.2684,1.0004,2,B_only
log_lik[836],-0.0367687,0.00125231,0.0646235,0.0647894,-0.145196,-0.0352405,0.0663804,2701.65,2996.43,23.3232,0.999813,2,B_only
log_lik[837],0.327763,0.00205341,0.103601,0.10547,0.156941,0.326754,0.496994,2606.39,3102.96,22.5009,1.00005,2,B_only
log_lik[838],0.334636,0.00202114,0.102167,0.103906,0.16569,0.333744,0.501259,2613.91,3095.3,22.5658,0.999992,2,B_only
log_lik[839],-1.57581,0.00330154,0.159756,0.158446,-1.8475,-1.567,-1.3283,2377.44,2437.29,20.5244,1.00019,2,B_only
log_lik[840],-0.69371,0.00663856,0.278058,0.279664,-1.1805,-0.674109,-0.257574,1779.98,2322.97,15.3665,1.00448,2,B_only
log_lik[841],0.147254,0.00256823,0.127933,0.127746,-0.0682264,0.147604,0.352622,2505.89,2756.36,21.6333,1.00162,2,B_only
log_lik[842],0.349443,0.00189303,0.0966225,0.0976375,0.190383,0.350324,0.504222,2614.29,2896.37,22.5691,0.999851,2,B_only
log_lik[843],0.305383,0.00158703,0.0836181,0.0849172,0.163868,0.307357,0.438043,2816.4,2812.63,24.3139,0.999759,2,B_only
log_lik[844],-1.31395,0.00186735,0.082962,0.0838911,-1.4511,-1.31395,-1.18163,1976.16,2965.25,17.0601,1.00114,2,B_only
log_lik[845],0.346029,0.00194374,0.0987876,0.100728,0.182739,0.346239,0.505345,2604.55,3104.59,22.485,0.999896,2,B_only
log_lik[846],-1.16815,0.00770255,0.315258,0.333841,-1.66539,-1.17853,-0.63443,1675.9,2342.76,14.468,1.00401,2,B_only
log_lik[847],0.349931,0.00185408,0.0949829,0.0959784,0.192219,0.35107,0.501163,2632.58,2921.64,22.7269,0.999823,2,B_only
log_lik[848],0.305566,0.00213614,0.107298,0.109729,0.13045,0.303691,0.480962,2584.13,3158.19,22.3087,1.00023,2,B_only
log_lik[849],0.32002,0.00163319,0.0857659,0.0875211,0.174897,0.321645,0.457387,2752.57,2942.7,23.7628,0.999761,2,B_only
