"subjects","E","S","R","rt"
"as1t","accuracy","right","right",0.4319
"as1t","speed","right","right",0.5015
"as1t","speed","left","left",0.3104
"as1t","accuracy","right","right",0.4809
"as1t","accuracy","left","left",0.3415
"as1t","neutral","left","left",0.3465
"as1t","neutral","left","left",0.3572
"as1t","neutral","right","right",0.4042
"as1t","neutral","left","left",0.3866
"as1t","accuracy","right","right",0.3683
"as1t","accuracy","right","right",0.371
"as1t","neutral","left","left",0.3545
"as1t","accuracy","left","right",0.3111
"as1t","accuracy","left","left",0.4169
"as1t","neutral","right","right",0.5127
"as1t","speed","right","left",0.4118
"as1t","accuracy","right","right",0.4826
"as1t","speed","right","left",0.4343
"as1t","accuracy","right","right",0.3803
"as1t","speed","left","left",0.5187
"as1t","accuracy","right","right",0.4716
"as1t","neutral","left","left",0.5938
"as1t","neutral","left","left",0.3796
"as1t","speed","left","left",0.4949
"as1t","accuracy","right","right",0.4693
"as1t","neutral","right","left",0.3286
"as1t","accuracy","left","right",0.4872
"as1t","neutral","left","left",0.3089
"as1t","speed","right","right",0.5114
"as1t","speed","left","left",0.2873
"as1t","speed","left","left",0.4389
"as1t","neutral","right","right",0.4144
"as1t","neutral","left","left",0.3114
"as1t","neutral","left","left",0.4272
"as1t","accuracy","left","left",0.4181
"as1t","speed","right","right",0.3373
"as1t","accuracy","right","left",0.321
"as1t","speed","right","right",0.458
"as1t","speed","left","left",0.5226
"as1t","speed","right","right",0.4205
"as1t","speed","right","left",0.4179
"as1t","neutral","left","left",0.4914
"as1t","accuracy","right","right",0.4112
"as1t","accuracy","right","right",0.3927
"as1t","neutral","right","right",0.5793
"as1t","neutral","left","left",0.4194
"as1t","speed","left","left",0.4449
"as1t","accuracy","right","right",0.4873
"as1t","neutral","right","right",0.4025
"as1t","speed","right","right",0.4911
"as1t","speed","left","left",0.3138
"as1t","neutral","right","right",0.7872
"as1t","neutral","right","right",0.4621
"as1t","neutral","left","left",0.4605
"as1t","accuracy","right","right",0.5369
"as1t","neutral","right","right",0.4935
"as1t","neutral","left","left",0.325
"as1t","speed","right","right",0.5663
"as1t","accuracy","right","left",0.6087
"as1t","speed","right","right",0.4528
"as1t","speed","right","left",0.3561
"as1t","accuracy","right","left",0.5971
"as1t","neutral","left","left",0.5204
"as1t","neutral","left","left",0.4084
"as1t","accuracy","left","left",0.4569
"as1t","accuracy","left","left",0.483
"as1t","speed","left","left",0.5611
"as1t","neutral","right","left",0.4731
"as1t","accuracy","left","left",0.4539
"as1t","neutral","left","left",0.4068
"as1t","neutral","right","right",0.4937
"as1t","speed","left","left",0.4483
"as1t","neutral","right","right",0.411
"as1t","neutral","right","left",0.7205
"as1t","speed","left","right",0.4949
"as1t","speed","left","left",0.4455
"as1t","accuracy","right","right",0.4926
"as1t","neutral","left","left",0.3879
"as1t","neutral","right","right",0.465
"as1t","speed","right","left",0.4222
"as1t","speed","left","left",0.4399
"as1t","accuracy","right","right",0.4755
"as1t","accuracy","left","left",0.6957
"as1t","accuracy","right","right",0.5289
"as1t","speed","right","right",0.5916
"as1t","speed","right","left",0.3304
"as1t","accuracy","left","right",0.5636
"as1t","speed","left","left",0.4408
"as1t","speed","right","right",0.463
"as1t","accuracy","left","left",0.4236
"as1t","accuracy","right","right",0.4592
"as1t","speed","left","right",0.2693
"as1t","speed","left","right",0.2952
"as1t","accuracy","right","right",0.4789
"as1t","speed","left","left",0.3169
"as1t","neutral","right","left",0.3923
"as1t","speed","left","left",0.4053
"as1t","neutral","left","left",0.5048
"as1t","neutral","left","left",0.4835
"as1t","neutral","right","right",0.5265
"as1t","accuracy","right","right",0.4513
"as1t","accuracy","right","right",0.4731
"as1t","speed","right","right",0.4288
"as1t","neutral","right","right",0.4477
"as1t","accuracy","right","right",0.5573
"as1t","neutral","right","right",0.4584
"as1t","neutral","left","left",0.4639
"as1t","speed","right","right",0.7772
"as1t","neutral","right","right",0.4252
"as1t","speed","right","right",0.3848
"as1t","accuracy","right","right",0.4019
"as1t","neutral","left","left",0.5508
"as1t","speed","left","left",0.3627
"as1t","accuracy","right","right",0.4297
"as1t","accuracy","left","left",0.4747
"as1t","accuracy","right","right",0.4237
"as1t","neutral","right","left",0.4207
"as1t","speed","left","right",0.3172
"as1t","neutral","right","right",0.4012
"as1t","neutral","left","left",0.5346
"as1t","neutral","right","right",0.4813
"as1t","accuracy","left","left",0.5952
"as1t","accuracy","left","right",0.3472
"as1t","neutral","right","right",0.4643
"as1t","speed","right","right",0.4814
"as1t","neutral","left","left",0.401
"as1t","neutral","right","right",0.3694
"as1t","accuracy","left","left",0.3772
"as1t","speed","left","left",0.5742
"as1t","neutral","right","right",0.3782
"as1t","neutral","right","left",0.4619
"as1t","neutral","right","right",0.4138
"as1t","accuracy","left","left",0.4528
"as1t","accuracy","right","right",0.3655
"as1t","accuracy","right","right",0.3399
"as1t","neutral","right","right",0.479
"as1t","neutral","right","right",0.393
"as1t","accuracy","right","right",0.3841
"as1t","neutral","left","left",0.6002
"as1t","speed","left","left",0.4669
"as1t","speed","right","right",0.4466
"as1t","neutral","right","right",0.456
"as1t","accuracy","left","left",0.4601
"as1t","accuracy","left","left",0.3923
"as1t","speed","right","right",0.4067
"as1t","accuracy","left","left",0.6388
"as1t","neutral","right","right",0.3722
"as1t","neutral","right","left",0.5878
"as1t","speed","left","right",0.4227
"as1t","speed","right","right",0.3978
"as1t","accuracy","left","right",0.4178
"as1t","accuracy","left","right",0.7814
"as1t","speed","left","right",0.4248
"as1t","neutral","right","left",0.4782
"as1t","neutral","left","left",0.4422
"as1t","speed","left","left",0.5291
"as1t","speed","right","left",0.2508
"as1t","accuracy","right","left",0.3542
"as1t","speed","left","right",0.2742
"as1t","accuracy","left","right",0.4646
"as1t","accuracy","right","right",0.4665
"as1t","neutral","left","left",0.4027
"as1t","speed","right","right",0.3085
"as1t","accuracy","left","left",0.4583
"as1t","neutral","left","left",0.6759
"as1t","speed","right","right",0.5509
"as1t","neutral","left","left",0.4365
"as1t","neutral","left","right",0.5855
"as1t","speed","right","right",0.552
"as1t","speed","right","right",0.4266
"as1t","accuracy","left","left",0.4857
"as1t","accuracy","left","left",0.6528
"as1t","neutral","right","right",0.48
"as1t","neutral","right","right",0.5891
"as1t","speed","right","right",0.3986
"as1t","accuracy","right","right",0.4201
"as1t","neutral","left","left",0.7018
"as1t","accuracy","left","right",0.4592
"as1t","speed","right","right",0.5463
"as1t","speed","left","left",0.4831
"as1t","neutral","right","right",0.391
"as1t","speed","left","left",0.4486
"as1t","neutral","left","right",0.5876
"as1t","speed","left","left",0.4442
"as1t","neutral","left","left",0.6047
"as1t","neutral","right","left",0.4358
"as1t","speed","right","right",0.4746
"as1t","accuracy","left","right",0.3632
"as1t","accuracy","left","right",0.5256
"as1t","neutral","right","right",0.402
"as1t","speed","left","left",0.6796
"as1t","speed","left","left",0.7914
"as1t","speed","right","right",0.4348
"as1t","neutral","left","right",0.6568
"as1t","neutral","left","right",0.6033
"as1t","accuracy","right","right",0.5513
"as1t","neutral","right","left",0.5813
"as1t","accuracy","right","right",0.525
"as1t","speed","right","right",0.2798
"as1t","speed","left","left",0.2523
"as1t","speed","right","left",0.3321
"as1t","accuracy","right","right",0.4299
"as1t","neutral","left","left",0.5173
"as1t","speed","left","right",0.6356
"as1t","accuracy","right","right",0.4517
"as1t","neutral","left","left",0.675
"as1t","neutral","right","right",0.4096
"as1t","accuracy","right","right",0.4336
"as1t","neutral","left","left",0.4569
"as1t","accuracy","left","left",0.409
"as1t","neutral","right","right",0.492
"as1t","accuracy","left","left",0.6233
"as1t","accuracy","right","right",0.4498
"as1t","accuracy","right","right",0.498
"as1t","accuracy","right","right",0.4112
"as1t","speed","right","right",0.2876
"as1t","speed","right","left",0.3355
"as1t","speed","right","right",0.3671
"as1t","accuracy","right","right",0.5044
"as1t","accuracy","right","right",0.4332
"as1t","neutral","left","left",0.5173
"as1t","speed","left","left",0.4167
"as1t","speed","left","right",0.6077
"as1t","speed","left","left",0.5463
"as1t","speed","left","left",0.6583
"as1t","neutral","right","right",0.5603
"as1t","speed","left","left",0.5375
"as1t","speed","left","left",0.4121
"as1t","accuracy","left","left",0.4699
"as1t","speed","left","left",0.4044
"as1t","accuracy","right","right",0.4536
"as1t","accuracy","right","left",0.6896
"as1t","neutral","right","right",0.3712
"as1t","accuracy","right","right",0.3519
"as1t","neutral","left","left",0.4314
"as1t","accuracy","right","right",0.4011
"as1t","neutral","right","right",0.4584
"as1t","accuracy","right","right",0.3586
"as1t","speed","right","right",0.4882
"as1t","neutral","left","right",0.4748
"as1t","speed","left","left",0.5834
"as1t","accuracy","right","right",0.3367
"as1t","neutral","right","left",0.4662
"as1t","accuracy","left","left",0.5583
"as1t","neutral","right","right",0.382
"as1t","accuracy","left","left",0.4591
"as1t","accuracy","right","right",0.4927
"as1t","speed","left","left",0.4766
"as1t","accuracy","right","right",0.4957
"as1t","accuracy","right","left",0.5469
"as1t","accuracy","left","left",0.4361
"as1t","speed","left","left",0.382
"as1t","speed","left","right",0.4984
"as1t","neutral","left","left",0.437
"as1t","accuracy","right","right",0.4367
"as1t","neutral","right","left",0.3845
"as1t","neutral","left","left",0.6772
"as1t","neutral","right","right",0.4187
"as1t","accuracy","left","right",0.4819
"as1t","speed","right","right",0.3619
"as1t","accuracy","right","right",0.5692
"as1t","speed","left","left",0.4684
"as1t","speed","left","left",0.3691
"as1t","accuracy","right","right",0.4472
"as1t","neutral","right","left",0.4135
"as1t","speed","left","left",0.3386
"as1t","neutral","left","left",0.3522
"as1t","accuracy","right","right",0.3882
"as1t","accuracy","right","left",0.4852
"as1t","accuracy","right","right",0.3567
"as1t","speed","left","left",0.4128
"as1t","accuracy","right","right",0.3609
"as1t","neutral","left","left",0.4359
"as1t","speed","right","right",0.4232
"as1t","speed","left","left",0.5396
"as1t","accuracy","left","left",0.4162
"as1t","accuracy","left","left",0.422
"as1t","neutral","left","right",0.4698
"as1t","neutral","left","left",0.4827
"as1t","neutral","left","right",0.4768
"as1t","neutral","right","right",0.585
"as1t","neutral","left","left",0.4128
"as1t","neutral","left","right",0.4402
"as1t","speed","right","right",0.7228
"as1t","accuracy","left","right",0.6428
"as1t","neutral","left","left",0.4409
"as1t","accuracy","right","right",0.4642
"as1t","accuracy","right","left",0.4315
"as1t","accuracy","left","right",0.6628
"as1t","neutral","left","right",0.7461
"as1t","speed","left","left",0.5233
"as1t","speed","right","right",0.5865
"as1t","accuracy","right","right",0.5548
"as1t","neutral","left","left",0.4716
"as1t","accuracy","left","left",0.4277
"as1t","neutral","right","right",0.4423
"as1t","speed","left","left",0.4188
"as1t","neutral","left","left",0.4141
"as1t","accuracy","right","left",0.4767
"as1t","accuracy","left","left",0.7544
"as1t","speed","left","left",0.2666
"as1t","accuracy","right","right",0.5793
"as1t","accuracy","left","left",0.5217
"as1t","accuracy","right","right",0.4692
"as1t","speed","right","right",0.3557
"as1t","neutral","left","left",0.5117
"as1t","neutral","right","right",0.4572
"as1t","neutral","right","right",0.5874
"as1t","neutral","left","left",0.68
"as1t","speed","right","left",0.5287
"as1t","neutral","right","left",0.6025
"as1t","speed","left","right",0.5145
"as1t","accuracy","left","left",0.4178
"as1t","neutral","left","left",0.4074
"as1t","accuracy","right","right",0.5551
"as1t","speed","left","left",0.5009
"as1t","speed","right","right",0.6435
"as1t","neutral","right","left",0.8565
"as1t","neutral","left","left",0.6585
"as1t","accuracy","right","right",0.716
"as1t","neutral","right","right",0.5658
"as1t","accuracy","right","right",0.4019
"as1t","neutral","left","left",0.479
"as1t","neutral","right","right",0.3955
"as1t","speed","left","left",0.6886
"as1t","accuracy","right","right",0.4796
"as1t","accuracy","left","left",0.4081
"as1t","neutral","left","left",0.6296
"as1t","speed","right","right",0.4484
"as1t","speed","right","right",0.3245
"as1t","speed","left","right",0.4453
"as1t","accuracy","right","right",0.4416
"as1t","accuracy","right","right",0.4569
"as1t","speed","left","left",0.3835
"as1t","speed","right","right",0.4268
"as1t","neutral","right","right",0.6632
"as1t","neutral","right","left",0.5473
"as1t","neutral","right","right",0.4068
"as1t","accuracy","left","right",0.4656
"as1t","accuracy","right","right",0.4445
"as1t","neutral","left","left",0.7392
"as1t","accuracy","left","left",0.7759
"as1t","accuracy","right","right",0.4904
"as1t","speed","left","left",0.4984
"as1t","accuracy","right","right",0.6866
"as1t","accuracy","right","right",0.5258
"as1t","accuracy","left","left",0.4929
"as1t","accuracy","left","right",0.4555
"as1t","speed","right","left",0.6289
"as1t","neutral","left","left",0.4632
"as1t","neutral","right","right",0.5156
"as1t","accuracy","right","right",0.7106
"as1t","speed","right","right",0.499
"as1t","speed","left","left",0.5708
"as1t","accuracy","right","right",0.474
"as1t","accuracy","right","right",0.4638
"as1t","speed","left","left",0.4746
"as1t","speed","left","left",0.4371
"as1t","neutral","right","right",0.5902
"as1t","speed","left","left",0.4809
"as1t","speed","right","right",0.5002
"as1t","speed","right","right",0.5775
"as1t","neutral","left","right",0.3824
"as1t","accuracy","left","left",0.4268
"as1t","speed","left","right",0.4643
"as1t","speed","left","left",0.4541
"as1t","neutral","right","left",0.485
"as1t","neutral","right","right",0.5349
"as1t","speed","right","right",0.3091
"as1t","speed","right","left",0.301
"as1t","neutral","right","right",0.3443
"as1t","accuracy","right","right",0.3693
"as1t","accuracy","right","right",0.4743
"as1t","accuracy","right","right",0.3053
"as1t","neutral","right","left",0.3467
"as1t","neutral","right","right",0.3113
"as1t","speed","left","left",0.4046
"as1t","speed","left","right",0.4999
"as1t","accuracy","left","left",0.5724
"as1t","neutral","left","right",0.3045
"as1t","neutral","right","right",0.5084
"as1t","accuracy","left","right",0.5888
"as1t","speed","right","right",0.4841
"as1t","accuracy","right","right",0.3697
"as1t","accuracy","right","right",0.9912
"as1t","accuracy","left","left",0.522
"as1t","neutral","right","right",0.472
"as1t","neutral","left","left",0.3791
"as1t","neutral","left","left",0.5724
"as1t","neutral","right","right",0.5767
"as1t","neutral","right","right",0.4022
"as1t","neutral","left","left",0.6029
"as1t","accuracy","left","right",0.5423
"as1t","speed","right","right",0.4947
"as1t","accuracy","left","left",0.5496
"as1t","neutral","right","right",0.5482
"as1t","accuracy","right","right",0.4215
"as1t","accuracy","left","left",0.4514
"as1t","neutral","right","right",0.3769
"as1t","speed","left","right",0.4593
"as1t","neutral","right","right",0.4322
"as1t","accuracy","left","left",0.5575
"as1t","accuracy","right","right",0.5047
"as1t","accuracy","left","left",0.572
"as1t","neutral","left","right",0.5522
"as1t","accuracy","left","right",0.4058
"as1t","neutral","left","left",0.4881
"as1t","neutral","right","right",0.3836
"as1t","speed","right","right",0.4176
"as1t","neutral","left","right",0.5459
"as1t","accuracy","right","right",0.4428
"as1t","accuracy","right","right",0.4054
"as1t","speed","left","left",0.4755
"as1t","speed","left","left",0.4716
"as1t","neutral","right","right",0.6224
"as1t","speed","right","right",0.451
"as1t","neutral","left","left",0.5376
"as1t","speed","right","right",0.5971
"as1t","neutral","left","left",0.7023
"as1t","neutral","right","left",0.4679
"as1t","neutral","left","right",0.6829
"as1t","accuracy","left","left",0.6998
"as1t","neutral","left","left",0.5494
"as1t","neutral","left","left",0.4187
"as1t","accuracy","left","right",0.4227
"as1t","neutral","right","right",0.5228
"as1t","neutral","right","right",0.5912
"as1t","neutral","right","right",0.4216
"as1t","accuracy","right","right",0.5025
"as1t","accuracy","right","right",0.4498
"as1t","speed","left","left",0.5198
"as1t","accuracy","left","left",0.4057
"as1t","speed","right","right",0.4566
"as1t","neutral","right","left",0.6181
"as1t","neutral","left","right",0.4917
"as1t","accuracy","right","right",0.5861
"as1t","neutral","right","right",0.8328
"as1t","speed","left","left",0.6707
"as1t","speed","left","left",0.5711
"as1t","neutral","right","right",0.4784
"as1t","neutral","left","left",0.7311
"as1t","accuracy","right","right",0.5818
"as1t","speed","left","left",0.6683
"as1t","accuracy","left","left",0.4194
"as1t","accuracy","left","left",0.7011
"as1t","accuracy","right","right",0.5871
"as1t","neutral","right","right",0.5701
"as1t","neutral","right","left",0.3587
"as1t","speed","right","right",0.3526
"as1t","speed","right","right",0.2969
"as1t","accuracy","right","right",0.3871
"as1t","speed","left","right",0.3434
"as1t","neutral","left","right",0.5736
"as1t","accuracy","right","right",0.3981
"as1t","accuracy","right","right",0.3372
"as1t","accuracy","right","right",0.535
"as1t","speed","left","left",0.4565
"as1t","neutral","left","left",0.3762
"as1t","neutral","right","left",0.388
"as1t","accuracy","left","right",0.4163
"as1t","neutral","right","left",0.6115
"as1t","speed","right","right",0.4045
"as1t","neutral","right","right",0.516
"as1t","accuracy","right","right",0.6016
"as1t","neutral","left","left",0.4659
"as1t","speed","right","right",0.4315
"as1t","neutral","left","left",1.1555
"as1t","accuracy","right","right",0.3953
"as1t","neutral","left","right",0.4535
"as1t","accuracy","left","left",0.644
"as1t","speed","left","left",0.4852
"as1t","neutral","right","right",0.3381
"as1t","accuracy","right","left",0.4528
"as1t","neutral","right","right",0.5129
"as1t","speed","right","right",0.581
"as1t","accuracy","left","left",0.4424
"as1t","neutral","left","left",0.5013
"as1t","speed","left","left",0.3494
"as1t","speed","left","left",0.3663
"as1t","accuracy","left","left",0.6872
"as1t","speed","right","right",0.3457
"as1t","speed","left","right",0.3136
"as1t","speed","right","right",0.294
"as1t","neutral","right","right",0.2633
"as1t","accuracy","right","right",0.2793
"as1t","neutral","left","right",0.3105
"as1t","neutral","left","left",0.3158
"as1t","accuracy","right","left",0.3589
"as1t","speed","right","right",0.2796
"as1t","speed","right","right",0.2578
"as1t","neutral","left","right",0.3007
"as1t","neutral","left","left",0.5909
"as1t","neutral","left","left",0.4864
"as1t","accuracy","left","left",0.4821
"as1t","neutral","left","left",0.4931
"as1t","accuracy","right","right",0.383
"as1t","speed","left","right",0.3154
"as1t","speed","left","left",0.3949
"as1t","neutral","right","right",0.4983
"as1t","accuracy","left","left",0.6683
"as1t","speed","right","right",0.6242
"as1t","speed","left","right",0.2692
"as1t","accuracy","right","right",0.3091
"as1t","accuracy","right","left",0.449
"as1t","neutral","left","right",0.3353
"as1t","accuracy","left","left",0.466
"as1t","accuracy","right","right",0.4097
"as1t","neutral","right","left",0.3959
"as1t","accuracy","right","right",0.4376
"as1t","speed","right","left",0.4254
"as1t","neutral","left","right",0.4713
"as1t","neutral","left","left",0.5533
"as1t","accuracy","left","left",0.5079
"as1t","speed","right","right",0.4729
"as1t","speed","right","left",0.5634
"as1t","accuracy","right","right",0.373
"as1t","accuracy","left","left",0.5239
"as1t","neutral","left","right",0.3659
"as1t","speed","right","right",0.4424
"as1t","accuracy","right","right",0.3462
"as1t","neutral","left","left",0.4674
"as1t","neutral","left","left",0.404
"as1t","speed","right","right",0.4814
"as1t","neutral","right","right",0.3433
"as1t","neutral","left","right",0.369
"as1t","accuracy","left","left",0.4215
"as1t","neutral","left","right",0.4745
"as1t","accuracy","right","left",0.4393
"as1t","accuracy","right","right",0.3641
"as1t","accuracy","left","left",0.5782
"as1t","neutral","right","right",0.5016
"as1t","accuracy","right","right",0.4742
"as1t","accuracy","left","left",0.7236
"as1t","accuracy","left","left",0.4133
"as1t","neutral","right","right",0.6011
"as1t","neutral","right","left",0.4981
"as1t","speed","left","left",0.6303
"as1t","accuracy","left","left",0.45
"as1t","accuracy","left","right",0.3239
"as1t","speed","right","left",0.7392
"as1t","accuracy","right","right",0.3461
"as1t","neutral","left","left",0.6793
"as1t","neutral","right","right",0.4375
"as1t","accuracy","left","right",0.4319
"as1t","speed","right","left",0.3065
"as1t","neutral","right","left",0.433
"as1t","neutral","right","right",0.4324
"as1t","neutral","right","right",0.4719
"as1t","neutral","left","left",0.4404
"as1t","accuracy","left","left",0.6317
"as1t","neutral","right","right",0.3505
"as1t","accuracy","right","right",0.4133
"as1t","neutral","left","left",0.4387
"as1t","speed","left","left",0.4832
"as1t","accuracy","left","left",0.4816
"as1t","speed","right","right",0.4933
"as1t","accuracy","right","left",0.6091
"as1t","accuracy","right","right",0.4465
"as1t","speed","left","right",0.3335
"as1t","speed","right","left",0.5856
"as1t","speed","right","right",0.5166
"as1t","speed","left","left",0.5371
"as1t","speed","right","right",0.4332
"as1t","neutral","left","left",0.6427
"as1t","neutral","right","right",0.4395
"as1t","accuracy","right","right",0.4116
"as1t","speed","right","right",0.4436
"as1t","accuracy","left","left",0.3622
"as1t","neutral","left","left",0.3952
"as1t","speed","right","right",0.3421
"as1t","accuracy","right","left",0.4238
"as1t","speed","left","left",0.4332
"as1t","accuracy","left","left",0.5474
"as1t","speed","left","right",0.2985
"as1t","accuracy","left","left",0.529
"as1t","neutral","left","left",0.5264
"as1t","speed","right","right",0.3902
"as1t","neutral","right","right",0.5512
"as1t","speed","left","left",0.4517
"as1t","neutral","left","right",0.4979
"as1t","neutral","left","left",0.6357
"as1t","accuracy","left","left",0.4499
"as1t","neutral","right","right",0.4675
"as1t","accuracy","left","left",0.4413
"as1t","neutral","right","right",0.3713
"as1t","neutral","left","left",0.4428
"as1t","neutral","right","right",0.4675
"as1t","accuracy","left","right",0.415
"as1t","accuracy","left","left",0.4393
"as1t","speed","left","left",0.5997
"as1t","speed","right","right",0.5253
"as1t","speed","right","right",0.4903
"as1t","neutral","right","right",0.3937
"as1t","accuracy","left","right",0.4023
"as1t","neutral","left","left",0.4308
"as1t","speed","left","right",0.2614
"as1t","neutral","right","right",0.3829
"as1t","neutral","left","right",0.4673
"as1t","accuracy","right","right",0.4981
"as1t","accuracy","left","left",0.318
"as1t","speed","right","left",0.31
"as1t","accuracy","left","right",0.2761
"as1t","accuracy","right","right",0.4339
"as1t","speed","right","right",0.4555
"as1t","accuracy","left","left",0.4691
"as1t","neutral","left","right",0.4126
"as1t","accuracy","right","right",0.6631
"as1t","accuracy","right","right",0.4294
"as1t","accuracy","right","right",0.4148
"as1t","neutral","right","right",0.4885
"as1t","speed","left","right",0.4429
"as1t","neutral","right","right",0.3264
"as1t","neutral","right","right",0.4103
"as1t","neutral","right","right",0.4214
"as1t","accuracy","right","right",0.3505
"as1t","speed","left","right",0.4707
"as1t","neutral","right","left",0.4721
"as1t","accuracy","right","right",0.5933
"as1t","neutral","right","right",0.4593
"as1t","speed","right","right",0.5477
"as1t","neutral","left","right",0.3336
"as1t","speed","right","right",0.5216
"as1t","accuracy","left","left",0.4536
"as1t","neutral","left","left",0.7077
"as1t","speed","right","right",0.5944
"as1t","accuracy","left","left",0.6098
"as1t","neutral","left","right",0.4589
"as1t","neutral","left","left",0.4856
"as1t","neutral","left","left",0.4119
"as1t","neutral","right","left",0.4938
"as1t","neutral","right","right",0.4777
"as1t","speed","left","right",0.3548
"as1t","accuracy","left","left",0.4324
"as1t","neutral","right","right",0.4175
"as1t","speed","right","right",0.4766
"as1t","speed","left","right",0.4652
"as1t","accuracy","right","left",0.3244
"as1t","speed","left","right",0.4605
"as1t","accuracy","left","left",0.4801
"as1t","accuracy","left","left",0.4968
"as1t","neutral","right","right",0.4978
"as1t","accuracy","right","right",0.3863
"as1t","speed","right","right",0.4643
"as1t","accuracy","left","right",0.4068
"as1t","speed","right","left",0.598
"as1t","speed","left","right",0.4342
"as1t","neutral","left","left",0.359
"as1t","accuracy","left","left",0.4476
"as1t","neutral","left","right",0.441
"as1t","speed","left","left",0.375
"as1t","speed","right","right",0.2923
"as1t","speed","right","left",0.4312
"as1t","neutral","right","right",0.294
"as1t","speed","right","right",0.4659
"as1t","speed","right","right",0.3589
"as1t","accuracy","left","right",0.4166
"as1t","accuracy","right","left",0.7456
"as1t","accuracy","right","right",0.3937
"as1t","speed","right","left",0.6439
"as1t","accuracy","left","right",0.4445
"as1t","accuracy","left","left",0.4728
"as1t","speed","left","left",0.4326
"as1t","speed","left","right",0.329
"as1t","neutral","right","right",0.4901
"as1t","speed","left","left",0.6269
"as1t","accuracy","left","left",0.7798
"as1t","accuracy","right","right",0.5139
"as1t","speed","right","right",0.5085
"as1t","neutral","left","right",0.4865
"as1t","speed","right","right",0.4748
"as1t","accuracy","left","right",0.4968
"as1t","accuracy","left","left",0.5038
"as1t","speed","left","left",0.3446
"as1t","accuracy","left","right",0.6189
"as1t","neutral","left","left",0.4534
"as1t","neutral","left","right",0.47
"as1t","speed","right","right",0.7471
"as1t","neutral","right","right",0.6604
"as1t","neutral","left","left",0.2771
"as1t","speed","right","right",0.3307
"as1t","speed","left","right",0.3643
"as1t","neutral","left","right",0.3445
"as1t","speed","left","right",0.5619
"as1t","accuracy","right","right",0.4711
"as1t","neutral","left","left",0.4035
"as1t","neutral","left","left",0.5441
"as1t","accuracy","left","left",0.5151
"as1t","accuracy","right","right",0.7922
"as1t","neutral","left","left",0.445
"as1t","neutral","left","right",0.5747
"as1t","accuracy","left","left",0.4916
"as1t","speed","right","right",0.4083
"as1t","neutral","left","left",0.4026
"as1t","speed","right","right",0.4343
"as1t","speed","right","right",0.4974
"as1t","neutral","left","left",0.4934
"as1t","accuracy","left","right",0.4699
"as1t","speed","left","right",0.5271
"as1t","neutral","left","left",0.5407
"as1t","accuracy","right","right",0.6062
"as1t","speed","left","left",0.5616
"as1t","accuracy","right","right",0.4861
"as1t","speed","right","right",0.3018
"as1t","accuracy","right","left",0.5459
"as1t","accuracy","left","right",0.322
"as1t","accuracy","right","right",0.3241
"as1t","speed","left","left",0.4758
"as1t","speed","left","left",0.6005
"as1t","neutral","left","left",0.7259
"as1t","neutral","left","left",0.628
"as1t","accuracy","right","right",0.3681
"as1t","speed","left","right",0.5125
"as1t","accuracy","left","right",0.5574
"as1t","speed","left","right",0.3383
"as1t","speed","right","left",0.3469
"as1t","neutral","right","right",0.5374
"as1t","accuracy","left","left",0.45
"as1t","neutral","right","right",0.4167
"as1t","speed","right","right",0.5426
"as1t","accuracy","left","left",0.5943
"as1t","speed","right","right",0.4327
"as1t","speed","right","right",0.3649
"as1t","neutral","right","right",0.4039
"as1t","neutral","right","right",0.5624
"as1t","accuracy","right","right",0.5103
"as1t","speed","left","left",0.7979
"as1t","accuracy","left","left",0.4657
"as1t","neutral","left","left",0.5042
"as1t","accuracy","right","right",0.6355
"as1t","accuracy","right","right",0.5223
"as1t","accuracy","left","left",0.828
"as1t","neutral","left","left",0.5695
"as1t","neutral","left","left",0.5856
"as1t","accuracy","left","left",0.7599
"as1t","neutral","right","right",0.6885
"as1t","speed","left","left",0.5495
"as1t","speed","right","right",0.6027
"as1t","speed","left","left",0.4856
"as1t","accuracy","left","left",0.464
"as1t","speed","left","left",0.4544
"as1t","accuracy","right","left",0.4741
"as1t","accuracy","left","left",0.6497
"as1t","neutral","left","right",0.5546
"as1t","neutral","left","left",0.5257
"as1t","neutral","left","right",0.3688
"as1t","neutral","left","left",0.4666
"as1t","accuracy","right","right",0.5736
"as1t","accuracy","left","left",0.4697
"as1t","accuracy","right","right",0.5503
"as1t","neutral","left","left",0.4341
"as1t","accuracy","right","right",0.5183
"as1t","accuracy","right","right",0.4844
"as1t","neutral","left","left",0.4545
"as1t","neutral","left","left",0.4132
"as1t","speed","left","left",0.551
"as1t","accuracy","right","right",0.5294
"as1t","speed","left","left",0.3933
"as1t","speed","right","right",0.4128
"as1t","accuracy","left","left",0.6753
"as1t","speed","right","left",0.376
"as1t","neutral","right","right",0.4447
"as1t","neutral","right","left",0.3428
"as1t","accuracy","left","left",0.6472
"as1t","accuracy","right","right",0.4005
"as1t","speed","left","left",0.3786
"as1t","speed","right","right",0.3038
"as1t","accuracy","right","left",0.446
"as1t","speed","left","left",0.3256
"as1t","neutral","right","right",0.4634
"as1t","neutral","right","left",0.4357
"as1t","accuracy","right","right",0.4357
"as1t","accuracy","right","right",0.4166
"as1t","accuracy","left","left",0.5086
"as1t","neutral","left","left",0.513
"as1t","neutral","left","left",0.4108
"as1t","speed","left","left",0.5413
"as1t","speed","left","right",0.478
"as1t","accuracy","left","left",0.6293
"as1t","accuracy","left","left",0.5093
"as1t","neutral","left","left",0.5967
"as1t","speed","left","left",0.5245
"as1t","speed","right","right",0.6227
"as1t","speed","left","right",0.377
"as1t","speed","left","left",0.4111
"as1t","neutral","right","left",0.3416
"as1t","speed","right","right",0.3155
"as1t","neutral","left","left",0.4167
"as1t","accuracy","left","right",0.6447
"as1t","accuracy","right","right",0.4244
"as1t","speed","left","left",0.4956
"as1t","neutral","right","left",0.5715
"as1t","speed","right","right",0.6243
"as1t","neutral","left","right",0.4567
"as1t","neutral","right","left",0.7021
"as1t","accuracy","right","right",0.5079
"as1t","accuracy","right","right",0.3801
"as1t","accuracy","right","left",0.4703
"as1t","neutral","left","right",0.4449
"as1t","accuracy","left","right",0.3485
"as1t","speed","left","left",0.3878
"as1t","neutral","left","right",0.3522
"as1t","accuracy","left","left",0.6256
"as1t","speed","right","left",0.5258
"as1t","neutral","right","right",0.56
"as1t","speed","right","right",0.3896
"as1t","neutral","left","right",0.4246
"as1t","speed","left","left",0.5341
"as1t","accuracy","left","left",0.419
"as1t","neutral","left","left",0.6266
"as1t","neutral","right","right",0.6752
"bd6t","speed","right","right",0.324
"bd6t","neutral","left","left",0.3974
"bd6t","neutral","left","left",0.4014
"bd6t","neutral","left","left",0.4131
"bd6t","neutral","right","right",0.3381
"bd6t","neutral","left","left",0.3778
"bd6t","neutral","left","left",0.473
"bd6t","speed","right","left",0.365
"bd6t","accuracy","left","left",0.4257
"bd6t","speed","right","right",0.3242
"bd6t","speed","right","right",0.3802
"bd6t","accuracy","left","left",0.5582
"bd6t","accuracy","right","left",0.4586
"bd6t","accuracy","left","left",0.3686
"bd6t","accuracy","right","right",0.4154
"bd6t","speed","left","left",0.3763
"bd6t","neutral","right","right",0.4514
"bd6t","accuracy","left","left",0.501
"bd6t","accuracy","left","left",0.4245
"bd6t","neutral","right","right",0.5131
"bd6t","speed","left","left",0.4263
"bd6t","accuracy","right","right",0.5761
"bd6t","accuracy","right","left",0.4764
"bd6t","speed","right","right",0.5914
"bd6t","accuracy","right","right",0.4226
"bd6t","speed","right","right",0.4036
"bd6t","neutral","left","left",0.3927
"bd6t","accuracy","left","left",0.4207
"bd6t","accuracy","left","right",0.5368
"bd6t","neutral","right","right",0.3954
"bd6t","speed","right","right",0.3774
"bd6t","neutral","right","right",0.3709
"bd6t","speed","right","right",0.3778
"bd6t","speed","right","right",0.4067
"bd6t","speed","right","right",0.3377
"bd6t","speed","left","right",0.38
"bd6t","speed","left","left",0.3983
"bd6t","neutral","left","right",0.3689
"bd6t","speed","right","right",0.5775
"bd6t","neutral","right","right",0.4605
"bd6t","neutral","left","left",0.3824
"bd6t","accuracy","left","left",0.3442
"bd6t","accuracy","right","right",0.5086
"bd6t","accuracy","left","left",0.4559
"bd6t","accuracy","left","left",0.4064
"bd6t","speed","left","left",0.5741
"bd6t","speed","left","left",0.3116
"bd6t","accuracy","right","right",0.4492
"bd6t","neutral","left","left",0.451
"bd6t","neutral","right","right",0.3521
"bd6t","neutral","left","left",0.4005
"bd6t","neutral","right","right",0.3507
"bd6t","speed","left","left",0.3803
"bd6t","neutral","right","right",0.3556
"bd6t","neutral","right","right",0.4361
"bd6t","speed","left","left",0.3899
"bd6t","neutral","left","right",0.4283
"bd6t","speed","left","left",0.4307
"bd6t","neutral","left","left",0.4009
"bd6t","accuracy","left","left",0.4582
"bd6t","accuracy","right","right",0.4672
"bd6t","accuracy","left","left",0.4215
"bd6t","accuracy","right","right",0.4938
"bd6t","speed","right","right",0.4024
"bd6t","neutral","left","left",0.5468
"bd6t","accuracy","left","left",0.3988
"bd6t","accuracy","left","left",0.519
"bd6t","speed","right","right",0.6068
"bd6t","speed","right","right",0.4194
"bd6t","neutral","right","left",0.6817
"bd6t","accuracy","left","left",0.3862
"bd6t","speed","left","left",0.5306
"bd6t","neutral","right","right",0.4698
"bd6t","neutral","right","right",0.4364
"bd6t","speed","left","left",0.2669
"bd6t","speed","right","left",0.4883
"bd6t","accuracy","right","right",0.6092
"bd6t","neutral","left","left",0.3576
"bd6t","neutral","left","left",0.3695
"bd6t","speed","left","right",0.2953
"bd6t","accuracy","left","left",0.3595
"bd6t","accuracy","right","left",0.3233
"bd6t","accuracy","right","left",0.389
"bd6t","speed","right","right",0.4244
"bd6t","accuracy","left","left",0.3993
"bd6t","speed","left","left",0.3839
"bd6t","neutral","right","left",0.3243
"bd6t","speed","left","right",0.6489
"bd6t","speed","right","right",0.3278
"bd6t","accuracy","left","left",0.3765
"bd6t","accuracy","left","right",0.4178
"bd6t","accuracy","right","left",0.3586
"bd6t","speed","left","left",0.4048
"bd6t","speed","left","left",0.3446
"bd6t","neutral","right","right",0.3176
"bd6t","accuracy","right","right",0.5671
"bd6t","speed","right","right",0.5295
"bd6t","neutral","right","right",0.41
"bd6t","speed","left","left",0.2928
"bd6t","speed","right","left",0.3106
"bd6t","neutral","left","left",0.3898
"bd6t","neutral","left","left",0.4499
"bd6t","accuracy","left","left",0.5157
"bd6t","speed","left","right",0.3256
"bd6t","accuracy","left","left",0.4466
"bd6t","neutral","left","right",0.3818
"bd6t","speed","right","right",0.4421
"bd6t","neutral","right","right",0.4467
"bd6t","neutral","left","right",0.3954
"bd6t","neutral","left","left",0.3706
"bd6t","speed","left","left",0.2692
"bd6t","neutral","right","right",0.4232
"bd6t","neutral","right","right",0.7127
"bd6t","neutral","right","right",0.3833
"bd6t","accuracy","left","left",0.4427
"bd6t","accuracy","left","left",0.4573
"bd6t","speed","left","right",0.3477
"bd6t","speed","right","right",0.4154
"bd6t","neutral","right","right",0.4935
"bd6t","neutral","left","left",0.4381
"bd6t","neutral","right","right",0.37
"bd6t","neutral","right","right",0.46
"bd6t","neutral","right","left",0.4442
"bd6t","speed","right","left",0.4058
"bd6t","accuracy","right","left",0.6255
"bd6t","neutral","left","left",0.4715
"bd6t","accuracy","right","right",0.5277
"bd6t","speed","left","left",0.3947
"bd6t","speed","left","left",0.4108
"bd6t","accuracy","left","left",0.4353
"bd6t","speed","right","right",0.3123
"bd6t","accuracy","left","left",0.445
"bd6t","speed","left","right",0.3425
"bd6t","accuracy","right","right",0.5671
"bd6t","speed","right","right",0.4183
"bd6t","neutral","right","left",0.4544
"bd6t","speed","left","left",0.3001
"bd6t","speed","right","right",0.4008
"bd6t","accuracy","right","right",0.5554
"bd6t","accuracy","right","right",0.406
"bd6t","speed","left","left",0.3486
"bd6t","accuracy","right","right",0.3832
"bd6t","speed","right","right",0.326
"bd6t","accuracy","right","left",0.4569
"bd6t","accuracy","left","left",0.4625
"bd6t","neutral","right","right",0.365
"bd6t","neutral","left","left",0.4529
"bd6t","accuracy","right","right",0.4613
"bd6t","speed","left","left",0.2952
"bd6t","neutral","left","left",0.3636
"bd6t","speed","right","left",0.3298
"bd6t","accuracy","left","left",0.4157
"bd6t","speed","right","right",0.337
"bd6t","speed","right","left",0.3721
"bd6t","speed","right","right",0.3312
"bd6t","neutral","right","right",0.5102
"bd6t","speed","right","left",0.4857
"bd6t","neutral","left","left",0.6861
"bd6t","accuracy","left","left",0.592
"bd6t","speed","right","right",0.4423
"bd6t","neutral","left","left",0.4199
"bd6t","accuracy","left","right",0.3705
"bd6t","neutral","right","right",0.4982
"bd6t","neutral","right","right",0.472
"bd6t","neutral","right","right",0.5107
"bd6t","speed","right","right",0.4144
"bd6t","speed","right","right",0.3145
"bd6t","neutral","right","right",0.3414
"bd6t","speed","right","right",0.4005
"bd6t","neutral","right","right",0.4307
"bd6t","speed","left","right",0.308
"bd6t","accuracy","left","left",0.4246
"bd6t","speed","left","left",0.3931
"bd6t","accuracy","left","left",0.3752
"bd6t","accuracy","right","right",0.4762
"bd6t","neutral","left","left",0.4106
"bd6t","speed","right","right",0.3438
"bd6t","neutral","left","left",0.4785
"bd6t","neutral","left","left",0.6097
"bd6t","neutral","right","right",0.365
"bd6t","speed","left","left",0.3874
"bd6t","speed","right","right",0.2592
"bd6t","neutral","right","right",0.3996
"bd6t","neutral","left","left",0.4573
"bd6t","speed","left","right",0.3922
"bd6t","accuracy","right","right",0.4571
"bd6t","speed","right","right",0.3295
"bd6t","neutral","right","right",0.4716
"bd6t","speed","right","left",0.4759
"bd6t","accuracy","left","left",0.4487
"bd6t","neutral","left","left",0.4516
"bd6t","accuracy","right","right",0.5312
"bd6t","speed","left","left",0.3636
"bd6t","neutral","right","right",0.3901
"bd6t","accuracy","right","right",0.5225
"bd6t","neutral","left","right",0.3824
"bd6t","speed","left","left",0.3775
"bd6t","neutral","right","right",0.4044
"bd6t","accuracy","right","right",0.3766
"bd6t","neutral","left","left",0.4439
"bd6t","neutral","right","left",0.3397
"bd6t","speed","left","left",0.4266
"bd6t","speed","left","left",0.37
"bd6t","neutral","right","right",0.389
"bd6t","speed","left","left",0.332
"bd6t","speed","left","left",0.3166
"bd6t","speed","left","left",0.4381
"bd6t","neutral","left","right",0.3155
"bd6t","speed","left","left",0.3304
"bd6t","neutral","right","right",0.5822
"bd6t","accuracy","right","right",0.4009
"bd6t","neutral","left","left",0.4631
"bd6t","speed","left","left",0.3746
"bd6t","neutral","left","left",0.4253
"bd6t","neutral","right","left",0.4294
"bd6t","neutral","left","right",0.5113
"bd6t","speed","left","right",0.3559
"bd6t","accuracy","right","right",0.5343
"bd6t","speed","right","right",0.3257
"bd6t","neutral","left","left",0.4795
"bd6t","speed","left","left",0.5549
"bd6t","neutral","left","left",0.6281
"bd6t","accuracy","right","left",0.3447
"bd6t","speed","left","left",0.3116
"bd6t","accuracy","left","left",0.3971
"bd6t","accuracy","left","left",0.4784
"bd6t","speed","right","right",0.3544
"bd6t","neutral","left","left",0.3926
"bd6t","speed","left","left",0.3504
"bd6t","speed","left","left",0.3756
"bd6t","neutral","right","right",0.4813
"bd6t","neutral","right","right",0.3873
"bd6t","speed","left","left",0.3908
"bd6t","accuracy","left","left",0.7007
"bd6t","accuracy","right","right",0.6271
"bd6t","speed","right","right",0.4208
"bd6t","neutral","right","left",0.5986
"bd6t","neutral","right","right",0.6411
"bd6t","speed","right","right",0.3832
"bd6t","speed","right","right",0.4102
"bd6t","neutral","right","right",0.4337
"bd6t","accuracy","right","right",0.5031
"bd6t","speed","right","right",0.3991
"bd6t","accuracy","right","right",0.4388
"bd6t","neutral","right","right",0.4188
"bd6t","neutral","left","left",0.4292
"bd6t","accuracy","left","left",0.5996
"bd6t","speed","left","left",0.3623
"bd6t","speed","left","left",0.3078
"bd6t","accuracy","left","left",0.6561
"bd6t","neutral","right","right",0.4808
"bd6t","neutral","right","right",0.412
"bd6t","accuracy","left","left",0.5072
"bd6t","speed","right","right",0.443
"bd6t","accuracy","right","right",0.3922
"bd6t","accuracy","left","left",0.5243
"bd6t","accuracy","right","right",0.4382
"bd6t","accuracy","right","right",0.4708
"bd6t","speed","right","left",0.3568
"bd6t","accuracy","right","right",0.5495
"bd6t","accuracy","left","left",0.4211
"bd6t","speed","right","right",0.4674
"bd6t","speed","left","right",0.4009
"bd6t","speed","left","right",0.4416
"bd6t","accuracy","left","left",0.6069
"bd6t","neutral","left","left",0.4363
"bd6t","accuracy","right","right",0.5785
"bd6t","accuracy","left","left",0.4451
"bd6t","accuracy","left","left",0.5606
"bd6t","speed","left","left",0.333
"bd6t","neutral","left","left",0.426
"bd6t","neutral","right","right",0.4759
"bd6t","accuracy","left","left",0.4933
"bd6t","neutral","right","right",0.4806
"bd6t","neutral","right","right",0.4814
"bd6t","neutral","left","right",0.368
"bd6t","accuracy","left","left",0.5627
"bd6t","speed","right","right",0.4295
"bd6t","neutral","left","left",0.5243
"bd6t","speed","left","left",0.3718
"bd6t","accuracy","left","left",0.4781
"bd6t","accuracy","right","right",0.4359
"bd6t","accuracy","right","right",0.6157
"bd6t","accuracy","left","left",0.6109
"bd6t","neutral","left","left",0.6013
"bd6t","neutral","right","right",0.5256
"bd6t","speed","right","left",0.4029
"bd6t","neutral","right","right",0.3717
"bd6t","speed","left","right",0.2991
"bd6t","accuracy","left","left",0.4217
"bd6t","accuracy","right","right",0.6136
"bd6t","neutral","right","right",0.4402
"bd6t","accuracy","right","right",0.5342
"bd6t","accuracy","right","left",0.5398
"bd6t","speed","right","right",0.5986
"bd6t","neutral","left","left",0.485
"bd6t","speed","right","right",0.3868
"bd6t","neutral","left","left",0.38
"bd6t","speed","left","left",0.2554
"bd6t","speed","right","left",0.3049
"bd6t","speed","left","right",0.3181
"bd6t","speed","right","right",0.3938
"bd6t","speed","left","right",0.5117
"bd6t","neutral","right","right",0.4498
"bd6t","neutral","left","right",0.4248
"bd6t","accuracy","left","left",0.6138
"bd6t","neutral","right","right",0.5702
"bd6t","speed","right","right",0.3793
"bd6t","neutral","right","right",0.6411
"bd6t","neutral","left","left",0.3774
"bd6t","speed","right","right",0.3447
"bd6t","neutral","right","right",0.4379
"bd6t","speed","left","left",0.3085
"bd6t","accuracy","left","left",0.4621
"bd6t","accuracy","right","right",0.4055
"bd6t","neutral","right","right",0.8606
"bd6t","accuracy","right","right",0.4206
"bd6t","accuracy","right","right",0.4278
"bd6t","speed","left","right",0.3611
"bd6t","neutral","left","right",0.5946
"bd6t","speed","right","right",0.4776
"bd6t","speed","left","left",0.5614
"bd6t","neutral","right","right",0.4343
"bd6t","speed","left","left",0.3262
"bd6t","speed","right","right",0.3965
"bd6t","neutral","left","left",0.4516
"bd6t","speed","right","right",0.3709
"bd6t","speed","right","right",0.4727
"bd6t","speed","left","left",0.4079
"bd6t","accuracy","left","left",0.7559
"bd6t","neutral","left","left",0.4679
"bd6t","neutral","left","left",0.472
"bd6t","accuracy","right","right",0.9331
"bd6t","accuracy","right","right",0.6284
"bd6t","neutral","left","left",0.5967
"bd6t","neutral","left","left",0.549
"bd6t","accuracy","right","right",0.548
"bd6t","neutral","right","right",0.6872
"bd6t","accuracy","right","right",0.6284
"bd6t","neutral","left","left",0.6442
"bd6t","accuracy","right","right",0.6261
"bd6t","accuracy","left","left",0.7208
"bd6t","neutral","right","right",0.5293
"bd6t","speed","right","right",0.3732
"bd6t","speed","right","right",0.3694
"bd6t","neutral","right","left",0.4596
"bd6t","speed","left","left",0.4935
"bd6t","neutral","left","left",0.4226
"bd6t","accuracy","right","right",0.6214
"bd6t","speed","left","left",0.4346
"bd6t","neutral","left","left",0.4192
"bd6t","accuracy","right","right",0.605
"bd6t","neutral","left","left",0.3962
"bd6t","accuracy","left","left",0.5499
"bd6t","speed","right","right",0.4322
"bd6t","accuracy","left","left",0.4945
"bd6t","accuracy","right","right",0.6273
"bd6t","accuracy","right","right",0.661
"bd6t","neutral","left","left",0.5941
"bd6t","accuracy","left","left",0.4888
"bd6t","accuracy","right","right",0.8982
"bd6t","neutral","right","right",0.682
"bd6t","accuracy","right","right",0.7342
"bd6t","speed","right","left",0.3748
"bd6t","speed","right","left",0.3058
"bd6t","accuracy","right","right",0.599
"bd6t","neutral","right","right",0.6256
"bd6t","accuracy","left","right",0.5797
"bd6t","accuracy","left","right",1.2414
"bd6t","accuracy","right","right",1.117
"bd6t","accuracy","right","right",0.6594
"bd6t","neutral","left","left",0.8848
"bd6t","speed","right","left",0.3685
"bd6t","speed","right","left",0.356
"bd6t","neutral","left","left",0.6057
"bd6t","accuracy","left","left",0.5576
"bd6t","accuracy","right","right",0.4968
"bd6t","speed","left","left",0.3989
"bd6t","accuracy","right","right",0.8104
"bd6t","neutral","right","right",0.69
"bd6t","speed","right","right",0.4082
"bd6t","accuracy","right","right",0.4292
"bd6t","speed","left","left",0.4006
"bd6t","accuracy","left","left",0.4275
"bd6t","accuracy","right","right",0.4658
"bd6t","neutral","left","left",0.4329
"bd6t","speed","right","left",0.2827
"bd6t","accuracy","left","left",0.3964
"bd6t","accuracy","right","right",0.4615
"bd6t","neutral","left","left",0.7799
"bd6t","accuracy","left","left",0.4814
"bd6t","accuracy","right","right",0.4364
"bd6t","neutral","right","left",0.5017
"bd6t","accuracy","left","left",0.4556
"bd6t","speed","right","left",0.2955
"bd6t","neutral","left","left",0.481
"bd6t","accuracy","right","right",0.482
"bd6t","speed","left","left",0.4562
"bd6t","neutral","left","left",0.4078
"bd6t","neutral","right","right",0.5935
"bd6t","speed","left","left",0.3823
"bd6t","accuracy","left","left",0.3881
"bd6t","speed","left","right",0.3014
"bd6t","neutral","left","left",0.3713
"bd6t","accuracy","left","right",0.6476
"bd6t","accuracy","right","right",0.6845
"bd6t","neutral","left","right",0.7068
"bd6t","accuracy","right","right",0.5329
"bd6t","speed","left","left",0.4016
"bd6t","neutral","left","left",0.6143
"bd6t","neutral","left","left",0.6262
"bd6t","accuracy","right","right",0.5625
"bd6t","accuracy","left","left",0.6937
"bd6t","accuracy","right","right",0.613
"bd6t","accuracy","right","right",0.5518
"bd6t","neutral","right","right",0.6586
"bd6t","neutral","right","right",0.5103
"bd6t","accuracy","right","right",0.6004
"bd6t","neutral","left","left",0.7434
"bd6t","accuracy","left","left",0.4402
"bd6t","accuracy","left","left",0.7656
"bd6t","speed","right","right",0.4139
"bd6t","neutral","left","left",0.5722
"bd6t","accuracy","left","left",0.4322
"bd6t","speed","left","left",0.3166
"bd6t","accuracy","right","right",0.5146
"bd6t","speed","right","left",0.5266
"bd6t","accuracy","right","left",0.4281
"bd6t","speed","left","left",0.3569
"bd6t","speed","left","left",0.4686
"bd6t","neutral","right","right",0.4239
"bd6t","speed","left","left",0.3565
"bd6t","accuracy","left","left",0.5245
"bd6t","neutral","right","right",0.5004
"bd6t","neutral","right","right",0.6016
"bd6t","neutral","right","right",0.5166
"bd6t","accuracy","right","right",0.5411
"bd6t","accuracy","left","left",0.462
"bd6t","accuracy","left","left",0.4932
"bd6t","neutral","right","right",0.6032
"bd6t","accuracy","right","right",0.774
"bd6t","speed","left","left",0.4516
"bd6t","accuracy","right","left",0.5898
"bd6t","neutral","right","right",0.8061
"bd6t","neutral","left","right",0.4156
"bd6t","neutral","right","right",0.5401
"bd6t","accuracy","right","right",0.9991
"bd6t","accuracy","right","right",0.7156
"bd6t","accuracy","right","right",0.6068
"bd6t","accuracy","left","left",0.6643
"bd6t","neutral","right","right",0.5067
"bd6t","speed","right","left",0.4765
"bd6t","accuracy","left","left",0.4938
"bd6t","neutral","left","left",0.4718
"bd6t","neutral","right","right",0.5399
"bd6t","speed","right","right",0.338
"bd6t","neutral","left","left",0.5311
"bd6t","accuracy","right","right",0.7276
"bd6t","neutral","left","left",0.3581
"bd6t","speed","right","right",0.3599
"bd6t","accuracy","left","left",0.6034
"bd6t","accuracy","left","left",0.4053
"bd6t","speed","left","right",0.308
"bd6t","accuracy","right","right",0.551
"bd6t","neutral","left","left",0.4317
"bd6t","neutral","left","left",0.5001
"bd6t","accuracy","left","left",0.8209
"bd6t","speed","right","left",0.3072
"bd6t","neutral","left","left",0.5176
"bd6t","accuracy","right","right",0.5549
"bd6t","speed","left","left",0.4279
"bd6t","speed","left","left",0.3444
"bd6t","speed","left","left",0.3695
"bd6t","neutral","right","left",0.3569
"bd6t","speed","left","left",0.3084
"bd6t","neutral","right","right",0.4415
"bd6t","neutral","left","left",0.4597
"bd6t","accuracy","right","right",0.4265
"bd6t","accuracy","right","right",0.5639
"bd6t","speed","right","right",0.3954
"bd6t","neutral","left","left",0.4682
"bd6t","neutral","right","right",0.4156
"bd6t","speed","left","left",0.3936
"bd6t","neutral","left","left",0.4865
"bd6t","speed","right","right",0.3519
"bd6t","speed","left","left",0.35
"bd6t","speed","left","left",0.4007
"bd6t","neutral","right","right",0.4269
"bd6t","speed","right","left",0.3514
"bd6t","accuracy","left","left",0.5956
"bd6t","speed","right","left",0.3306
"bd6t","speed","left","left",0.4083
"bd6t","neutral","right","right",0.3891
"bd6t","speed","right","right",0.3624
"bd6t","speed","left","left",0.3236
"bd6t","accuracy","right","right",0.486
"bd6t","accuracy","right","right",0.6112
"bd6t","accuracy","left","left",0.7307
"bd6t","speed","left","left",0.3234
"bd6t","speed","left","left",0.3889
"bd6t","speed","right","right",0.311
"bd6t","neutral","left","left",0.7346
"bd6t","speed","left","right",0.3498
"bd6t","speed","left","left",0.3766
"bd6t","neutral","left","left",0.4022
"bd6t","speed","right","left",0.2996
"bd6t","speed","right","left",0.3559
"bd6t","speed","right","right",0.3575
"bd6t","accuracy","right","right",0.5303
"bd6t","speed","right","left",0.349
"bd6t","speed","right","left",0.3311
"bd6t","neutral","left","left",0.4727
"bd6t","accuracy","left","left",0.581
"bd6t","speed","left","left",0.3493
"bd6t","accuracy","left","left",0.3801
"bd6t","accuracy","right","right",0.4431
"bd6t","neutral","right","right",0.5289
"bd6t","accuracy","left","left",0.5394
"bd6t","speed","left","left",0.4887
"bd6t","neutral","right","right",0.5587
"bd6t","accuracy","left","left",0.5893
"bd6t","speed","right","right",0.3459
"bd6t","speed","right","right",0.3643
"bd6t","accuracy","right","right",0.7633
"bd6t","accuracy","left","left",0.8889
"bd6t","speed","left","left",0.3891
"bd6t","speed","right","right",0.3938
"bd6t","neutral","right","right",0.4064
"bd6t","speed","left","left",0.3298
"bd6t","speed","right","left",0.4222
"bd6t","speed","right","right",0.3344
"bd6t","accuracy","left","left",0.5463
"bd6t","accuracy","left","left",0.736
"bd6t","neutral","left","left",0.7398
"bd6t","accuracy","right","right",0.617
"bd6t","speed","left","left",0.3655
"bd6t","speed","right","right",0.3358
"bd6t","accuracy","right","right",0.7163
"bd6t","accuracy","left","left",0.7724
"bd6t","speed","left","left",0.5189
"bd6t","speed","left","left",0.3543
"bd6t","speed","left","left",0.3864
"bd6t","accuracy","left","right",0.4532
"bd6t","speed","left","left",0.358
"bd6t","accuracy","right","right",0.8208
"bd6t","accuracy","right","right",0.6003
"bd6t","speed","right","left",0.3542
"bd6t","neutral","right","right",0.8273
"bd6t","accuracy","left","left",0.4651
"bd6t","neutral","right","right",0.4652
"bd6t","neutral","right","right",0.4422
"bd6t","neutral","right","right",0.4181
"bd6t","speed","left","left",0.4869
"bd6t","speed","right","right",0.374
"bd6t","speed","right","right",0.4002
"bd6t","accuracy","right","right",0.6217
"bd6t","speed","left","left",0.3091
"bd6t","accuracy","left","left",0.6584
"bd6t","neutral","left","left",0.599
"bd6t","neutral","left","left",0.5402
"bd6t","speed","left","left",0.4322
"bd6t","speed","right","right",0.3418
"bd6t","neutral","left","left",0.477
"bd6t","accuracy","right","right",0.3712
"bd6t","neutral","right","left",0.6636
"bd6t","speed","right","left",0.292
"bd6t","accuracy","left","left",0.5959
"bd6t","neutral","left","left",0.5941
"bd6t","neutral","right","right",0.4943
"bd6t","accuracy","right","left",0.4796
"bd6t","speed","right","right",0.3813
"bd6t","speed","right","right",0.3048
"bd6t","neutral","left","left",0.4526
"bd6t","speed","left","left",0.3028
"bd6t","neutral","right","right",0.3975
"bd6t","neutral","left","right",0.3759
"bd6t","speed","right","right",0.5645
"bd6t","neutral","right","right",0.3639
"bd6t","accuracy","left","left",0.4287
"bd6t","neutral","left","left",0.3903
"bd6t","speed","left","left",0.3143
"bd6t","neutral","left","left",0.4826
"bd6t","speed","right","left",0.32
"bd6t","neutral","left","left",0.3982
"bd6t","speed","right","right",0.3251
"bd6t","accuracy","left","left",0.7264
"bd6t","neutral","left","left",0.6379
"bd6t","speed","right","right",0.4433
"bd6t","neutral","left","left",0.4427
"bd6t","neutral","left","left",0.5754
"bd6t","neutral","left","left",0.4095
"bd6t","accuracy","left","left",0.6051
"bd6t","speed","right","right",0.3273
"bd6t","neutral","left","left",0.6837
"bd6t","accuracy","right","right",0.6414
"bd6t","accuracy","left","right",0.5006
"bd6t","neutral","left","left",0.6913
"bd6t","accuracy","left","left",0.6204
"bd6t","speed","left","left",0.336
"bd6t","speed","left","right",0.3424
"bd6t","speed","right","right",0.4372
"bd6t","speed","left","left",0.3564
"bd6t","accuracy","left","left",0.5578
"bd6t","speed","left","right",0.3459
"bd6t","neutral","left","left",0.5687
"bd6t","neutral","left","left",0.3972
"bd6t","neutral","left","left",0.4808
"bd6t","accuracy","right","right",0.4918
"bd6t","accuracy","left","left",0.379
"bd6t","accuracy","left","left",0.5289
"bd6t","accuracy","right","right",0.6469
"bd6t","neutral","left","left",0.4258
"bd6t","speed","right","right",0.4208
"bd6t","neutral","right","right",0.42
"bd6t","accuracy","right","left",0.4964
"bd6t","accuracy","right","right",0.5285
"bd6t","accuracy","right","right",0.6644
"bd6t","neutral","left","left",0.4463
"bd6t","neutral","right","right",0.4877
"bd6t","neutral","right","right",0.5043
"bd6t","speed","right","right",0.3517
"bd6t","neutral","right","right",0.4904
"bd6t","accuracy","left","right",0.6398
"bd6t","accuracy","left","left",1.2117
"bd6t","neutral","right","right",0.4637
"bd6t","neutral","right","right",0.5936
"bd6t","accuracy","left","left",1.1775
"bd6t","speed","left","left",0.365
"bd6t","speed","right","left",0.3779
"bd6t","accuracy","right","right",0.6841
"bd6t","neutral","right","right",0.6659
"bd6t","accuracy","left","left",0.5383
"bd6t","neutral","left","left",0.5801
"bd6t","neutral","right","right",0.786
"bd6t","neutral","right","right",0.4518
"bd6t","speed","left","left",0.3443
"bd6t","speed","right","left",0.3274
"bd6t","accuracy","left","left",0.6363
"bd6t","speed","left","left",0.3673
"bd6t","neutral","left","left",0.5427
"bd6t","neutral","left","left",0.6565
"bd6t","neutral","right","right",0.5355
"bd6t","speed","right","right",0.5496
"bd6t","neutral","left","left",0.441
"bd6t","neutral","left","left",0.5436
"bd6t","accuracy","left","left",0.4838
"bd6t","accuracy","right","left",0.671
"bd6t","speed","right","right",0.386
"bd6t","accuracy","right","right",0.8413
"bd6t","speed","left","right",0.3786
"bd6t","accuracy","left","left",0.6891
"bd6t","neutral","right","right",0.4324
"bd6t","neutral","left","left",0.5751
"bd6t","neutral","left","left",0.5558
"bd6t","speed","left","left",0.3013
"bd6t","speed","left","right",0.3228
"bd6t","speed","right","left",0.3163
"bd6t","speed","right","left",0.5098
"bd6t","speed","right","left",0.3468
"bd6t","speed","right","right",0.3227
"bd6t","accuracy","left","left",0.4613
"bd6t","accuracy","left","left",0.7383
"bd6t","neutral","left","left",0.5937
"bd6t","neutral","left","left",0.6692
"bd6t","neutral","right","right",0.5486
"bd6t","speed","right","right",0.3344
"bd6t","accuracy","right","right",0.3931
"bd6t","speed","right","left",0.5669
"bd6t","accuracy","left","left",0.736
"bd6t","accuracy","left","left",0.647
"bd6t","accuracy","right","right",0.6399
"bd6t","neutral","left","left",0.616
"bd6t","neutral","left","left",0.5919
"bd6t","neutral","right","left",0.6943
"bd6t","neutral","left","left",0.5031
"bd6t","accuracy","left","left",0.7349
"bd6t","neutral","left","right",0.4546
"bd6t","accuracy","right","right",1.396
"bd6t","accuracy","right","right",0.6918
"bd6t","speed","left","left",0.3737
"bd6t","speed","left","right",0.3638
"bd6t","speed","left","right",0.3642
"bd6t","speed","left","left",0.3927
"bd6t","speed","left","left",0.4647
"bd6t","accuracy","left","left",0.455
"bd6t","accuracy","left","left",0.665
"bd6t","accuracy","left","left",0.7474
"bd6t","accuracy","right","right",0.6319
"bd6t","speed","left","right",0.3706
"bd6t","neutral","right","right",0.8675
"bd6t","speed","left","left",0.3533
"bd6t","neutral","left","left",0.6832
"bd6t","accuracy","right","right",1.2593
"bd6t","neutral","right","left",0.518
"bd6t","neutral","left","left",0.6891
"bd6t","accuracy","left","left",0.7495
"bd6t","accuracy","right","right",0.8577
"bd6t","neutral","right","right",0.7942
"bd6t","neutral","right","right",0.4495
"bd6t","neutral","right","right",0.6078
"bd6t","neutral","left","left",0.4298
"bd6t","neutral","left","left",0.6292
"bd6t","neutral","right","right",0.5692
"bd6t","neutral","right","right",0.481
"bd6t","neutral","right","right",0.4543
"bd6t","accuracy","right","right",0.4884
"bd6t","speed","left","right",0.3364
"bd6t","speed","left","left",0.4174
"bd6t","neutral","left","left",0.4709
"bd6t","neutral","right","right",0.4953
"bd6t","speed","right","left",0.3619
"bd6t","accuracy","right","right",0.7394
"bd6t","accuracy","left","left",0.5637
"bd6t","accuracy","left","left",0.5607
"bd6t","accuracy","right","right",0.5809
"bd6t","speed","left","right",0.2991
"bd6t","accuracy","right","right",0.9651
"bd6t","speed","left","left",0.3638
"bd6t","neutral","left","left",0.5217
"bd6t","neutral","left","left",0.3832
"bd6t","accuracy","left","left",0.4987
"bd6t","accuracy","left","left",0.4056
"bd6t","neutral","left","left",0.574
"bd6t","accuracy","left","left",0.4882
"bd6t","accuracy","right","right",0.5981
"bd6t","accuracy","right","right",0.8723
"bd6t","accuracy","left","left",0.57
"bd6t","speed","right","left",0.3552
"bd6t","accuracy","right","right",0.5974
"bd6t","neutral","left","left",0.5253
"bd6t","speed","right","right",0.3458
"bd6t","neutral","left","left",0.5688
"bd6t","speed","left","left",0.3213
"bd6t","speed","right","left",0.3581
"bd6t","neutral","right","left",0.4652
"bd6t","accuracy","left","left",0.7037
"bd6t","neutral","right","right",0.7292
"bd6t","accuracy","left","left",0.4141
"bd6t","accuracy","right","right",0.5534
"bd6t","accuracy","right","right",0.6081
"bd6t","accuracy","left","left",0.4555
"bd6t","neutral","right","right",0.6057
"bd6t","accuracy","right","right",0.5165
"bd6t","speed","right","left",0.3627
"bd6t","speed","left","left",0.4046
"bd6t","neutral","right","right",0.8067
"bd6t","neutral","left","left",0.4571
"bd6t","accuracy","left","left",0.4999
"bd6t","neutral","left","left",0.419
"bd6t","accuracy","right","right",0.5002
"bd6t","neutral","right","right",0.4299
"bd6t","accuracy","left","left",0.4353
"bd6t","speed","left","left",0.4332
"bd6t","speed","right","right",0.5785
"bd6t","speed","left","left",0.3432
"bd6t","neutral","right","right",0.5345
"bd6t","speed","left","right",0.3006
"bd6t","accuracy","right","right",0.4021
"bd6t","neutral","right","right",0.8695
"bd6t","accuracy","right","left",0.7501
"bd6t","speed","right","right",0.4585
"bd6t","accuracy","right","right",0.5992
"bd6t","neutral","left","left",0.4242
"bd6t","accuracy","left","left",0.5259
"bd6t","speed","right","left",0.4226
"bd6t","speed","left","left",0.3827
"bd6t","accuracy","left","left",0.7005
"bd6t","speed","left","left",0.369
"bd6t","speed","right","left",0.4089
"bd6t","accuracy","left","left",0.4931
"bd6t","accuracy","left","right",1.3111
"bd6t","speed","right","right",0.4178
"bd6t","speed","left","right",0.387
"bd6t","accuracy","left","left",0.6909
"bd6t","speed","right","right",0.3174
"bd6t","neutral","left","left",0.5263
"bd6t","speed","right","right",0.4613
"bd6t","accuracy","left","left",0.4818
"bd6t","speed","right","right",0.5901
"bd6t","accuracy","right","right",0.3979
"bd6t","speed","left","left",0.3683
"bd6t","speed","right","left",0.3204
"bd6t","accuracy","left","left",0.517
"bd6t","accuracy","left","left",0.6687
"bd6t","accuracy","left","left",0.7324
"bd6t","speed","left","right",0.322
"bd6t","accuracy","right","right",0.4185
"bd6t","accuracy","left","left",0.5914
"bd6t","neutral","left","left",0.8088
"bd6t","speed","right","right",0.3674
"bd6t","accuracy","right","right",0.6634
"bd6t","accuracy","right","right",0.3979
"bd6t","speed","right","right",0.6425
"bd6t","speed","right","left",0.5988
"bd6t","speed","right","right",0.3997
"bd6t","accuracy","right","right",0.6516
"bd6t","speed","left","right",0.2782
"bd6t","neutral","left","left",0.5944
"bd6t","neutral","right","right",0.5039
"bd6t","speed","left","left",0.5649
"bd6t","speed","right","left",0.3033
"bd6t","accuracy","right","right",0.477
"bd6t","neutral","left","left",0.5932
"bd6t","speed","left","left",0.2999
"bd6t","neutral","right","right",0.5465
"bd6t","speed","right","right",0.3652
"bd6t","speed","right","left",0.3287
"bd6t","accuracy","left","left",0.7885
"bd6t","neutral","right","right",0.5444
"bd6t","neutral","left","left",0.621
"bd6t","accuracy","right","right",0.7935
"bd6t","accuracy","left","left",0.4798
"bd6t","speed","right","right",0.4499
"bd6t","speed","right","right",0.3547
"bd6t","speed","right","right",0.4267
"bd6t","neutral","left","left",1.1242
"bd6t","accuracy","left","left",0.622
"bd6t","speed","left","left",0.3148
"bd6t","speed","right","left",0.3464
"bd6t","speed","left","left",0.4781
"bd6t","neutral","left","left",1.0226
"bd6t","speed","left","left",0.3527
"bd6t","accuracy","right","right",0.5999
"bd6t","accuracy","left","left",0.5418
"bd6t","accuracy","right","right",0.6667
"bd6t","neutral","right","left",0.5832
"bd6t","neutral","right","right",0.6078
"bd6t","neutral","left","left",0.4967
"bd6t","neutral","right","right",0.4871
"bd6t","speed","right","left",0.326
"bd6t","speed","left","right",0.2691
"bd6t","neutral","right","right",0.7355
"bd6t","speed","right","left",0.3308
"bd6t","speed","right","right",0.429
"bd6t","accuracy","left","left",0.6053
"bd6t","speed","right","right",0.4285
"bd6t","neutral","right","right",0.4423
"bd6t","accuracy","left","left",0.5673
"bd6t","accuracy","left","left",0.6719
"bd6t","speed","right","left",0.3166
"bd6t","neutral","right","right",0.4669
"bd6t","accuracy","left","left",0.6642
"bd6t","accuracy","left","left",0.8727
"bd6t","neutral","left","left",0.5242
"bd6t","speed","right","left",0.3433
"bd6t","accuracy","right","right",0.7795
"bd6t","speed","right","right",0.4021
"bd6t","neutral","right","right",0.6772
"bd6t","neutral","left","left",0.4766
"bl1t","neutral","right","right",0.4553
"bl1t","neutral","right","right",0.521
"bl1t","neutral","left","left",0.4512
"bl1t","accuracy","right","right",0.4784
"bl1t","accuracy","right","right",0.43
"bl1t","accuracy","right","right",0.4486
"bl1t","speed","left","left",0.3991
"bl1t","neutral","left","left",0.3627
"bl1t","accuracy","left","left",0.4393
"bl1t","accuracy","right","right",0.5017
"bl1t","neutral","right","left",0.4283
"bl1t","accuracy","left","left",0.4744
"bl1t","neutral","left","left",0.4015
"bl1t","accuracy","right","right",0.4369
"bl1t","accuracy","right","right",0.4188
"bl1t","accuracy","right","right",0.4406
"bl1t","accuracy","right","right",0.4516
"bl1t","neutral","right","right",0.4439
"bl1t","neutral","right","right",0.372
"bl1t","accuracy","right","right",0.4193
"bl1t","neutral","left","left",0.4695
"bl1t","accuracy","left","left",0.5533
"bl1t","neutral","left","left",0.4175
"bl1t","neutral","right","right",0.3749
"bl1t","neutral","left","left",0.3726
"bl1t","speed","left","left",0.3887
"bl1t","speed","right","right",0.6874
"bl1t","accuracy","right","right",0.5212
"bl1t","speed","right","right",0.8129
"bl1t","neutral","left","left",0.5461
"bl1t","speed","right","right",0.3714
"bl1t","accuracy","left","left",0.4538
"bl1t","speed","left","left",0.4395
"bl1t","speed","right","right",0.4118
"bl1t","speed","left","left",0.3493
"bl1t","accuracy","right","right",0.9329
"bl1t","neutral","right","right",0.7095
"bl1t","speed","right","right",0.3645
"bl1t","speed","right","right",0.5262
"bl1t","speed","right","right",0.3763
"bl1t","accuracy","left","left",0.5023
"bl1t","neutral","left","left",0.4097
"bl1t","neutral","right","right",0.3821
"bl1t","neutral","right","left",0.5171
"bl1t","speed","right","left",0.3764
"bl1t","neutral","right","right",0.5293
"bl1t","accuracy","right","right",0.5276
"bl1t","neutral","left","left",0.4634
"bl1t","accuracy","left","left",0.6274
"bl1t","accuracy","left","left",0.4495
"bl1t","accuracy","right","left",0.4882
"bl1t","accuracy","left","left",0.6888
"bl1t","speed","right","right",0.3827
"bl1t","speed","right","left",0.5521
"bl1t","neutral","right","right",0.6448
"bl1t","accuracy","left","left",0.5718
"bl1t","accuracy","right","right",0.5698
"bl1t","neutral","right","right",0.7708
"bl1t","accuracy","left","left",0.4751
"bl1t","speed","right","right",0.5763
"bl1t","accuracy","left","left",0.4411
"bl1t","speed","right","right",0.4301
"bl1t","accuracy","right","right",0.4035
"bl1t","accuracy","right","left",0.6535
"bl1t","neutral","right","right",0.3783
"bl1t","speed","left","left",0.3995
"bl1t","neutral","left","left",0.3817
"bl1t","neutral","left","left",0.4202
"bl1t","speed","left","left",0.3438
"bl1t","speed","left","left",0.3738
"bl1t","accuracy","left","left",0.7088
"bl1t","speed","left","left",0.5128
"bl1t","neutral","right","right",0.4036
"bl1t","neutral","right","right",0.479
"bl1t","speed","left","right",0.3678
"bl1t","speed","left","left",0.4156
"bl1t","accuracy","right","right",0.561
"bl1t","accuracy","left","left",0.434
"bl1t","accuracy","left","left",0.4018
"bl1t","accuracy","right","right",0.5976
"bl1t","accuracy","left","left",0.6521
"bl1t","speed","left","right",0.2955
"bl1t","neutral","left","left",0.4857
"bl1t","speed","left","left",0.3493
"bl1t","neutral","left","left",0.4097
"bl1t","neutral","right","right",0.5523
"bl1t","speed","left","left",0.3443
"bl1t","speed","left","left",0.3371
"bl1t","neutral","left","left",0.4114
"bl1t","neutral","right","left",0.3999
"bl1t","accuracy","left","left",0.6456
"bl1t","accuracy","left","left",0.3902
"bl1t","speed","right","left",0.4013
"bl1t","accuracy","right","right",0.5126
"bl1t","speed","left","left",0.3501
"bl1t","speed","left","left",0.3769
"bl1t","accuracy","right","right",0.5339
"bl1t","neutral","left","left",0.4843
"bl1t","speed","left","left",0.4407
"bl1t","accuracy","right","left",0.4552
"bl1t","speed","right","left",0.3432
"bl1t","speed","right","left",0.284
"bl1t","neutral","left","left",0.5026
"bl1t","neutral","right","right",0.5854
"bl1t","accuracy","left","left",0.4254
"bl1t","speed","left","right",0.3593
"bl1t","neutral","right","right",0.8299
"bl1t","speed","left","left",0.435
"bl1t","speed","left","left",0.3249
"bl1t","accuracy","right","right",0.4664
"bl1t","accuracy","right","right",1.2654
"bl1t","speed","right","right",0.4199
"bl1t","accuracy","left","left",0.4519
"bl1t","speed","right","left",0.3339
"bl1t","neutral","left","left",0.4042
"bl1t","accuracy","right","right",0.4578
"bl1t","speed","right","right",0.3984
"bl1t","accuracy","left","left",0.4714
"bl1t","accuracy","right","right",0.4805
"bl1t","accuracy","left","left",0.9739
"bl1t","accuracy","right","right",0.4211
"bl1t","neutral","right","right",0.5207
"bl1t","neutral","right","right",0.4628
"bl1t","neutral","right","right",0.3529
"bl1t","speed","left","left",0.3946
"bl1t","accuracy","right","right",0.4867
"bl1t","speed","left","left",0.3422
"bl1t","neutral","right","right",0.4218
"bl1t","neutral","left","left",0.4102
"bl1t","accuracy","left","left",0.442
"bl1t","accuracy","left","left",0.4845
"bl1t","neutral","left","left",0.3861
"bl1t","accuracy","left","left",0.4094
"bl1t","neutral","right","right",0.4906
"bl1t","speed","right","left",0.386
"bl1t","neutral","right","right",0.3658
"bl1t","speed","right","left",0.3253
"bl1t","neutral","right","right",0.6768
"bl1t","speed","right","right",0.728
"bl1t","neutral","right","left",0.6879
"bl1t","neutral","right","right",0.4689
"bl1t","neutral","left","left",0.4519
"bl1t","accuracy","right","right",0.5717
"bl1t","accuracy","right","left",0.5374
"bl1t","accuracy","right","right",0.6419
"bl1t","neutral","right","right",0.9115
"bl1t","neutral","left","left",0.4664
"bl1t","speed","right","right",0.3901
"bl1t","neutral","left","left",0.3885
"bl1t","neutral","right","right",0.6573
"bl1t","neutral","left","left",0.4181
"bl1t","neutral","left","left",0.3952
"bl1t","speed","right","right",0.4262
"bl1t","speed","left","left",0.3476
"bl1t","neutral","left","left",0.4766
"bl1t","neutral","left","left",0.3954
"bl1t","neutral","right","right",0.3991
"bl1t","speed","right","right",0.4481
"bl1t","speed","left","left",0.3039
"bl1t","accuracy","left","right",0.4681
"bl1t","neutral","right","right",0.808
"bl1t","accuracy","left","left",1.0231
"bl1t","neutral","left","left",0.5448
"bl1t","speed","left","left",0.3633
"bl1t","accuracy","right","right",0.4389
"bl1t","speed","right","left",0.3383
"bl1t","speed","right","right",0.3453
"bl1t","speed","right","right",0.4846
"bl1t","accuracy","right","right",0.8487
"bl1t","speed","left","left",0.3339
"bl1t","neutral","right","right",0.5255
"bl1t","accuracy","right","right",1.0052
"bl1t","accuracy","right","left",0.5088
"bl1t","neutral","left","left",0.5725
"bl1t","neutral","left","left",0.991
"bl1t","speed","left","left",0.3056
"bl1t","speed","right","left",0.3835
"bl1t","speed","right","right",0.4168
"bl1t","speed","left","left",0.5526
"bl1t","accuracy","right","left",1.0382
"bl1t","speed","left","left",0.3867
"bl1t","accuracy","right","right",0.4974
"bl1t","accuracy","left","left",0.4479
"bl1t","accuracy","left","left",0.4151
"bl1t","speed","left","left",0.4143
"bl1t","speed","left","right",0.3295
"bl1t","neutral","right","right",0.6654
"bl1t","accuracy","right","right",0.4755
"bl1t","neutral","right","right",0.5798
"bl1t","accuracy","right","left",0.477
"bl1t","accuracy","right","right",0.5196
"bl1t","accuracy","right","right",0.4921
"bl1t","speed","right","right",0.3652
"bl1t","speed","left","left",0.3197
"bl1t","accuracy","right","left",0.6466
"bl1t","accuracy","left","left",0.4989
"bl1t","accuracy","left","left",0.5383
"bl1t","speed","left","left",0.3205
"bl1t","speed","right","left",0.3419
"bl1t","neutral","right","right",0.9823
"bl1t","accuracy","left","left",0.4705
"bl1t","neutral","left","left",0.4069
"bl1t","neutral","left","left",0.3513
"bl1t","speed","right","left",0.3753
"bl1t","accuracy","right","right",0.5869
"bl1t","neutral","left","left",0.4931
"bl1t","accuracy","left","left",0.4594
"bl1t","neutral","right","right",0.4651
"bl1t","speed","left","left",0.3904
"bl1t","speed","right","left",0.3886
"bl1t","speed","left","left",0.3747
"bl1t","speed","left","right",0.3486
"bl1t","speed","right","right",0.4661
"bl1t","neutral","right","right",0.5654
"bl1t","accuracy","right","right",0.5855
"bl1t","speed","right","left",0.2925
"bl1t","speed","left","right",0.2687
"bl1t","neutral","right","right",0.4568
"bl1t","accuracy","right","right",0.4504
"bl1t","speed","left","left",0.338
"bl1t","accuracy","left","left",0.4161
"bl1t","speed","left","left",0.357
"bl1t","speed","left","left",0.3531
"bl1t","speed","left","right",0.4127
"bl1t","accuracy","left","left",0.6375
"bl1t","neutral","right","right",0.4895
"bl1t","accuracy","right","left",0.4388
"bl1t","neutral","right","right",0.5282
"bl1t","accuracy","left","left",0.4477
"bl1t","speed","left","left",0.3787
"bl1t","accuracy","left","left",0.3771
"bl1t","neutral","right","right",0.6506
"bl1t","neutral","left","left",0.465
"bl1t","neutral","left","left",0.4576
"bl1t","neutral","left","left",0.4195
"bl1t","neutral","left","left",0.432
"bl1t","speed","left","left",0.4175
"bl1t","accuracy","right","right",0.5699
"bl1t","accuracy","right","right",0.5522
"bl1t","accuracy","right","right",0.4971
"bl1t","neutral","right","right",0.5426
"bl1t","accuracy","left","left",0.4754
"bl1t","accuracy","right","right",0.4396
"bl1t","accuracy","left","left",0.5203
"bl1t","accuracy","left","left",0.6059
"bl1t","neutral","left","left",0.7518
"bl1t","neutral","left","left",0.3438
"bl1t","neutral","left","left",0.4403
"bl1t","neutral","right","right",0.5473
"bl1t","accuracy","right","right",0.4813
"bl1t","speed","left","left",0.3701
"bl1t","neutral","left","left",0.4031
"bl1t","neutral","right","right",0.4073
"bl1t","speed","right","right",0.3782
"bl1t","speed","right","left",0.4445
"bl1t","accuracy","left","left",0.5519
"bl1t","speed","right","right",0.3658
"bl1t","speed","left","right",0.3869
"bl1t","accuracy","left","left",0.7327
"bl1t","accuracy","right","right",0.4377
"bl1t","neutral","right","left",0.3972
"bl1t","neutral","left","left",0.4179
"bl1t","speed","left","left",0.315
"bl1t","speed","left","left",0.354
"bl1t","neutral","right","right",0.4778
"bl1t","neutral","left","left",0.4704
"bl1t","speed","right","right",0.5043
"bl1t","accuracy","right","right",0.53
"bl1t","speed","right","left",0.4234
"bl1t","neutral","right","left",0.3669
"bl1t","speed","right","left",0.3281
"bl1t","accuracy","right","right",0.4607
"bl1t","neutral","right","right",0.5673
"bl1t","accuracy","right","right",0.8198
"bl1t","neutral","right","right",0.4125
"bl1t","speed","right","left",0.3698
"bl1t","speed","left","left",0.3676
"bl1t","speed","right","right",0.5012
"bl1t","accuracy","right","right",0.3599
"bl1t","speed","left","left",0.34
"bl1t","neutral","left","left",0.5485
"bl1t","speed","left","right",0.3165
"bl1t","neutral","right","right",0.6054
"bl1t","speed","right","left",0.3113
"bl1t","neutral","right","right",0.5813
"bl1t","accuracy","right","right",0.7143
"bl1t","speed","right","right",0.3395
"bl1t","accuracy","right","right",1.0175
"bl1t","accuracy","right","right",0.5017
"bl1t","accuracy","right","right",0.391
"bl1t","neutral","right","right",0.4294
"bl1t","accuracy","right","right",0.37
"bl1t","neutral","left","left",0.4117
"bl1t","speed","left","right",0.3524
"bl1t","neutral","right","right",0.4351
"bl1t","neutral","right","right",0.6845
"bl1t","speed","right","right",0.3902
"bl1t","accuracy","left","left",0.4527
"bl1t","neutral","right","left",0.4002
"bl1t","accuracy","left","left",0.4285
"bl1t","neutral","left","left",0.4281
"bl1t","accuracy","right","right",0.7222
"bl1t","neutral","left","left",0.4269
"bl1t","speed","left","right",0.3592
"bl1t","accuracy","left","left",0.4722
"bl1t","neutral","left","left",0.4293
"bl1t","speed","left","left",0.3843
"bl1t","speed","right","right",0.3465
"bl1t","neutral","left","left",0.7158
"bl1t","speed","left","left",0.3267
"bl1t","accuracy","right","left",0.4893
"bl1t","neutral","right","left",0.4676
"bl1t","speed","right","right",0.4083
"bl1t","accuracy","left","left",0.5698
"bl1t","accuracy","left","left",0.4561
"bl1t","neutral","right","right",0.7121
"bl1t","accuracy","left","left",0.6363
"bl1t","speed","left","left",0.3431
"bl1t","speed","right","left",0.351
"bl1t","neutral","left","left",0.5526
"bl1t","neutral","left","left",0.3792
"bl1t","accuracy","right","left",0.3362
"bl1t","neutral","right","right",0.8872
"bl1t","speed","left","left",0.351
"bl1t","speed","left","left",0.497
"bl1t","accuracy","right","left",0.4843
"bl1t","speed","left","left",0.3725
"bl1t","neutral","left","left",0.5959
"bl1t","neutral","right","left",0.4017
"bl1t","neutral","left","left",0.765
"bl1t","neutral","left","left",0.438
"bl1t","accuracy","right","right",0.4069
"bl1t","speed","right","right",0.4203
"bl1t","accuracy","right","right",0.5623
"bl1t","neutral","left","left",0.5004
"bl1t","accuracy","left","left",0.4625
"bl1t","speed","right","right",0.4269
"bl1t","speed","left","left",0.3421
"bl1t","accuracy","right","left",0.4445
"bl1t","neutral","right","right",0.6205
"bl1t","speed","right","right",0.3438
"bl1t","neutral","left","left",0.3654
"bl1t","speed","right","right",0.3985
"bl1t","accuracy","left","right",0.5254
"bl1t","speed","left","left",0.2839
"bl1t","neutral","right","left",0.3511
"bl1t","neutral","left","left",0.5439
"bl1t","accuracy","left","left",0.4259
"bl1t","neutral","right","right",0.4428
"bl1t","neutral","right","left",0.4446
"bl1t","neutral","left","left",0.5406
"bl1t","accuracy","left","left",0.6548
"bl1t","accuracy","right","right",0.7035
"bl1t","neutral","right","right",0.8896
"bl1t","accuracy","left","left",0.512
"bl1t","speed","right","left",0.4437
"bl1t","neutral","right","right",0.5077
"bl1t","speed","right","left",0.2581
"bl1t","neutral","left","right",0.4092
"bl1t","accuracy","right","right",0.5427
"bl1t","speed","left","left",0.3948
"bl1t","speed","left","left",0.3802
"bl1t","accuracy","left","left",0.4796
"bl1t","speed","left","right",0.367
"bl1t","speed","right","right",0.3793
"bl1t","accuracy","right","right",0.4895
"bl1t","accuracy","left","left",0.4932
"bl1t","accuracy","left","left",0.4202
"bl1t","speed","right","left",0.5174
"bl1t","neutral","right","left",0.4543
"bl1t","accuracy","left","left",0.3448
"bl1t","accuracy","left","left",0.5296
"bl1t","neutral","right","right",0.4896
"bl1t","speed","right","left",0.3292
"bl1t","speed","left","left",0.4055
"bl1t","neutral","right","right",0.6527
"bl1t","accuracy","left","left",0.4881
"bl1t","neutral","left","left",0.7652
"bl1t","accuracy","right","right",0.5333
"bl1t","accuracy","left","left",0.3421
"bl1t","accuracy","right","right",0.8604
"bl1t","speed","left","left",0.3139
"bl1t","speed","left","left",0.3398
"bl1t","accuracy","right","right",1.2139
"bl1t","speed","left","left",0.3611
"bl1t","speed","left","left",0.3827
"bl1t","accuracy","left","left",0.5395
"bl1t","neutral","right","right",0.9299
"bl1t","accuracy","right","right",0.7104
"bl1t","accuracy","left","left",0.5113
"bl1t","accuracy","right","left",0.5432
"bl1t","accuracy","left","left",0.5687
"bl1t","accuracy","left","left",0.602
"bl1t","speed","right","left",0.3706
"bl1t","neutral","left","left",0.4186
"bl1t","speed","right","right",0.4099
"bl1t","accuracy","right","right",0.6638
"bl1t","accuracy","left","left",0.3446
"bl1t","accuracy","left","right",0.681
"bl1t","speed","right","left",0.3233
"bl1t","accuracy","left","left",0.866
"bl1t","accuracy","right","right",0.7837
"bl1t","accuracy","right","right",0.7065
"bl1t","speed","left","left",0.2954
"bl1t","accuracy","right","right",0.6408
"bl1t","speed","left","left",0.3247
"bl1t","accuracy","left","left",0.4565
"bl1t","speed","right","left",0.3497
"bl1t","neutral","left","left",0.539
"bl1t","neutral","left","left",0.8745
"bl1t","speed","left","right",0.2767
"bl1t","accuracy","right","right",0.7582
"bl1t","accuracy","left","left",0.5798
"bl1t","neutral","left","left",0.6208
"bl1t","neutral","right","right",0.5286
"bl1t","neutral","right","right",0.5812
"bl1t","speed","left","left",0.3043
"bl1t","accuracy","right","right",0.523
"bl1t","accuracy","left","left",0.6151
"bl1t","speed","left","left",0.8051
"bl1t","neutral","right","right",0.6863
"bl1t","speed","left","left",0.3245
"bl1t","speed","right","right",0.3094
"bl1t","speed","right","left",0.3222
"bl1t","neutral","left","left",0.5521
"bl1t","neutral","left","left",0.4509
"bl1t","accuracy","right","right",0.468
"bl1t","accuracy","right","right",0.5777
"bl1t","accuracy","right","right",0.5783
"bl1t","neutral","right","right",0.5323
"bl1t","speed","right","right",0.3166
"bl1t","neutral","left","left",0.4115
"bl1t","neutral","left","left",0.5061
"bl1t","accuracy","left","left",0.696
"bl1t","speed","right","left",0.2913
"bl1t","speed","left","left",0.3088
"bl1t","speed","right","right",0.4767
"bl1t","neutral","left","right",0.7416
"bl1t","speed","left","left",0.3651
"bl1t","accuracy","right","right",0.6054
"bl1t","accuracy","left","left",0.5534
"bl1t","speed","left","right",0.3405
"bl1t","neutral","right","right",0.428
"bl1t","accuracy","right","right",0.7259
"bl1t","speed","left","left",0.4974
"bl1t","accuracy","left","left",0.4925
"bl1t","speed","right","right",0.4289
"bl1t","accuracy","left","left",0.5249
"bl1t","neutral","right","right",0.4786
"bl1t","accuracy","right","right",0.4394
"bl1t","accuracy","right","right",0.5445
"bl1t","accuracy","left","left",0.6214
"bl1t","neutral","left","left",0.3675
"bl1t","accuracy","left","right",0.3743
"bl1t","speed","left","left",0.3066
"bl1t","neutral","right","right",0.565
"bl1t","accuracy","left","left",0.5576
"bl1t","neutral","right","right",0.5589
"bl1t","speed","right","left",0.3738
"bl1t","neutral","right","right",0.527
"bl1t","neutral","right","left",0.4079
"bl1t","speed","left","left",0.3913
"bl1t","speed","left","right",0.3102
"bl1t","accuracy","left","left",0.4179
"bl1t","speed","left","left",0.2936
"bl1t","speed","right","left",0.3249
"bl1t","accuracy","left","left",0.6843
"bl1t","accuracy","right","right",0.4565
"bl1t","accuracy","right","left",0.6156
"bl1t","accuracy","right","right",0.4999
"bl1t","accuracy","right","left",1.0968
"bl1t","speed","left","left",0.3265
"bl1t","neutral","left","left",0.4713
"bl1t","speed","left","right",0.3644
"bl1t","neutral","left","left",0.9876
"bl1t","accuracy","left","left",0.5061
"bl1t","accuracy","left","left",0.4146
"bl1t","speed","right","right",0.3681
"bl1t","accuracy","left","left",0.4516
"bl1t","accuracy","right","right",0.494
"bl1t","speed","right","left",0.301
"bl1t","neutral","left","left",0.6612
"bl1t","accuracy","left","left",0.4794
"bl1t","accuracy","left","right",0.5706
"bl1t","neutral","right","right",0.6286
"bl1t","speed","right","right",0.3499
"bl1t","neutral","left","left",0.5963
"bl1t","accuracy","left","left",0.4958
"bl1t","accuracy","right","right",0.4281
"bl1t","accuracy","left","right",0.4554
"bl1t","speed","left","left",0.4718
"bl1t","speed","right","right",0.3454
"bl1t","speed","left","left",0.3909
"bl1t","accuracy","right","left",0.3616
"bl1t","speed","left","right",0.3584
"bl1t","accuracy","left","left",0.9698
"bl1t","speed","right","right",0.3661
"bl1t","neutral","left","right",0.4013
"bl1t","speed","left","left",0.5606
"bl1t","accuracy","left","left",0.923
"bl1t","speed","left","right",0.373
"bl1t","neutral","right","right",0.8411
"bl1t","speed","left","left",0.3218
"bl1t","accuracy","right","right",0.5593
"bl1t","speed","left","left",0.3265
"bl1t","neutral","left","left",0.558
"bl1t","accuracy","left","left",0.9417
"bl1t","neutral","left","left",0.454
"bl1t","accuracy","left","left",0.7048
"bl1t","speed","right","left",0.2922
"bl1t","accuracy","left","left",0.3658
"bl1t","neutral","left","left",0.6678
"bl1t","accuracy","left","left",0.7401
"bl1t","speed","left","right",0.5796
"bl1t","accuracy","left","left",0.7834
"bl1t","speed","right","right",0.3707
"bl1t","neutral","left","left",0.507
"bl1t","neutral","left","left",0.399
"bl1t","speed","right","left",0.28
"bl1t","accuracy","left","left",0.5135
"bl1t","speed","right","right",0.3964
"bl1t","speed","left","left",0.4421
"bl1t","accuracy","left","left",0.6093
"bl1t","accuracy","left","left",0.4264
"bl1t","speed","right","left",0.5591
"bl1t","accuracy","left","left",0.3866
"bl1t","speed","right","right",0.4013
"bl1t","neutral","right","right",1.0195
"bl1t","neutral","left","left",0.5417
"bl1t","accuracy","right","right",1.1519
"bl1t","speed","right","right",0.3051
"bl1t","speed","left","left",0.4509
"bl1t","speed","left","left",0.3314
"bl1t","accuracy","left","left",0.4318
"bl1t","neutral","left","right",0.6713
"bl1t","speed","right","left",0.3731
"bl1t","neutral","left","left",0.4651
"bl1t","speed","right","right",0.3523
"bl1t","accuracy","left","right",0.6212
"bl1t","accuracy","left","left",0.7934
"bl1t","neutral","right","right",0.9473
"bl1t","accuracy","left","left",0.7618
"bl1t","neutral","left","left",0.864
"bl1t","accuracy","left","left",0.5113
"bl1t","accuracy","right","right",0.5354
"bl1t","accuracy","left","left",0.841
"bl1t","neutral","left","left",0.3601
"bl1t","accuracy","right","left",0.5264
"bl1t","accuracy","right","right",0.4965
"bl1t","speed","left","left",0.2864
"bl1t","neutral","right","right",0.4658
"bl1t","neutral","right","right",0.455
"bl1t","speed","left","left",0.3149
"bl1t","speed","left","right",0.3242
"bl1t","accuracy","left","left",0.4628
"bl1t","accuracy","left","left",0.4883
"bl1t","speed","right","right",0.3324
"bl1t","speed","left","left",0.3489
"bl1t","neutral","left","left",0.4666
"bl1t","neutral","right","left",0.344
"bl1t","speed","left","left",0.2831
"bl1t","neutral","left","left",0.3754
"bl1t","accuracy","left","left",0.7546
"bl1t","speed","left","left",0.3485
"bl1t","neutral","left","left",0.5626
"bl1t","speed","right","left",0.3207
"bl1t","neutral","right","left",0.6161
"bl1t","speed","right","right",0.4787
"bl1t","neutral","left","left",0.4221
"bl1t","speed","right","left",0.29
"bl1t","neutral","left","left",0.3615
"bl1t","speed","right","right",0.38
"bl1t","accuracy","left","left",0.3792
"bl1t","accuracy","right","left",0.7756
"bl1t","neutral","left","left",0.5137
"bl1t","accuracy","right","right",0.6976
"bl1t","neutral","left","left",0.8471
"bl1t","speed","left","left",0.3342
"bl1t","speed","right","left",0.3692
"bl1t","neutral","left","left",0.4839
"bl1t","neutral","left","left",0.4905
"bl1t","accuracy","left","left",0.709
"bl1t","accuracy","right","left",0.4806
"bl1t","speed","left","left",0.2757
"bl1t","accuracy","right","right",0.5289
"bl1t","neutral","left","left",0.5157
"bl1t","accuracy","left","left",0.4923
"bl1t","neutral","right","right",0.6085
"bl1t","speed","right","left",0.3474
"bl1t","speed","left","left",0.3626
"bl1t","accuracy","left","left",0.4
"bl1t","accuracy","right","right",0.4275
"bl1t","neutral","right","right",0.4801
"bl1t","neutral","right","left",0.4968
"bl1t","accuracy","left","left",1.0224
"bl1t","neutral","left","left",1.039
"bl1t","accuracy","right","right",0.5439
"bl1t","neutral","right","right",0.6689
"bl1t","neutral","right","left",0.4746
"bl1t","speed","left","left",0.3731
"bl1t","accuracy","right","right",0.9429
"bl1t","speed","right","left",0.2786
"bl1t","speed","right","left",0.3369
"bl1t","neutral","right","right",0.6077
"bl1t","speed","right","left",0.5391
"bl1t","accuracy","right","right",0.5639
"bl1t","neutral","right","right",1.2867
"bl1t","speed","right","left",0.2959
"bl1t","neutral","right","right",0.4992
"bl1t","accuracy","right","right",0.6444
"bl1t","speed","right","left",0.3364
"bl1t","accuracy","right","right",0.8226
"bl1t","neutral","left","left",0.578
"bl1t","speed","left","left",0.2626
"bl1t","accuracy","left","left",0.4132
"bl1t","speed","right","left",0.3112
"bl1t","accuracy","right","right",0.5831
"bl1t","neutral","left","right",0.4768
"bl1t","accuracy","right","left",0.5574
"bl1t","neutral","right","right",0.8333
"bl1t","speed","left","left",0.2883
"bl1t","neutral","left","left",0.4483
"bl1t","speed","left","left",0.3777
"bl1t","speed","left","right",0.3831
"bl1t","speed","left","left",0.3019
"bl1t","neutral","left","left",0.7016
"bl1t","speed","left","left",0.306
"bl1t","speed","left","left",0.2731
"bl1t","accuracy","right","right",0.7816
"bl1t","speed","right","right",0.3656
"bl1t","neutral","right","right",0.6137
"bl1t","accuracy","left","left",0.4498
"bl1t","speed","left","left",0.4787
"bl1t","speed","right","right",0.3448
"bl1t","neutral","right","right",0.4303
"bl1t","neutral","right","right",0.4326
"bl1t","neutral","right","right",0.5123
"bl1t","accuracy","right","right",1.422
"bl1t","accuracy","left","left",0.617
"bl1t","speed","right","left",0.2817
"bl1t","speed","left","left",0.3506
"bl1t","neutral","right","left",0.464
"bl1t","accuracy","left","left",0.5533
"bl1t","accuracy","right","right",0.846
"bl1t","accuracy","right","left",0.528
"bl1t","speed","left","left",0.3369
"bl1t","speed","right","left",0.2865
"bl1t","speed","right","right",0.4009
"bl1t","speed","left","left",0.3687
"bl1t","speed","right","left",0.3467
"bl1t","accuracy","left","left",0.7677
"bl1t","speed","right","right",0.3008
"bl1t","speed","left","right",0.335
"bl1t","speed","right","left",0.2927
"bl1t","neutral","left","left",0.5086
"bl1t","accuracy","left","left",0.459
"bl1t","accuracy","right","right",0.5617
"bl1t","accuracy","left","left",0.6253
"bl1t","speed","right","left",0.2756
"bl1t","speed","right","left",0.357
"bl1t","neutral","left","left",0.7142
"bl1t","accuracy","left","left",0.6806
"bl1t","speed","left","right",0.514
"bl1t","neutral","right","right",0.4979
"bl1t","speed","right","left",0.3227
"bl1t","speed","left","right",0.3822
"bl1t","speed","right","left",0.4365
"bl1t","accuracy","left","left",0.4499
"bl1t","speed","left","left",0.3036
"bl1t","accuracy","left","left",0.5999
"bl1t","accuracy","left","left",0.4781
"bl1t","speed","right","right",0.3407
"bl1t","neutral","left","left",0.5509
"bl1t","neutral","right","right",0.7748
"bl1t","accuracy","left","left",0.6551
"bl1t","neutral","left","left",0.4688
"bl1t","speed","right","right",0.3454
"bl1t","accuracy","right","right",0.6108
"bl1t","speed","right","left",0.3965
"bl1t","accuracy","right","right",0.8244
"bl1t","accuracy","left","right",0.6195
"bl1t","neutral","right","right",0.6148
"bl1t","neutral","left","left",0.6055
"bl1t","speed","left","left",0.3622
"bl1t","neutral","left","left",0.4439
"bl1t","speed","left","right",0.3302
"bl1t","speed","left","right",0.3954
"bl1t","neutral","left","right",0.5506
"bl1t","speed","left","left",0.3415
"bl1t","speed","right","right",0.339
"bl1t","accuracy","left","left",0.5516
"bl1t","speed","right","right",0.459
"bl1t","neutral","right","right",0.4238
"bl1t","neutral","left","left",0.8181
"bl1t","neutral","right","right",0.3996
"bl1t","speed","right","left",0.3215
"bl1t","accuracy","left","left",0.4502
"bl1t","neutral","left","left",0.3321
"bl1t","neutral","right","right",0.4684
"bl1t","speed","right","left",0.2924
"bl1t","speed","right","left",0.3184
"bl1t","accuracy","left","left",0.7399
"bl1t","neutral","right","right",0.6624
"bl1t","accuracy","left","left",0.4995
"bl1t","speed","left","right",0.3698
"bl1t","accuracy","left","left",0.3765
"bl1t","speed","right","left",0.341
"bl1t","neutral","right","right",0.5259
"bl1t","speed","right","right",0.3314
"bl1t","accuracy","left","left",0.4341
"bl1t","neutral","right","left",0.5081
"bl1t","speed","right","right",0.374
"bl1t","neutral","right","right",0.6178
"bl1t","neutral","left","left",0.4931
"bl1t","neutral","right","left",0.5491
"bl1t","speed","right","left",0.3548
"bl1t","neutral","left","left",0.6018
"bl1t","neutral","left","left",0.4323
"bl1t","speed","left","left",0.4744
"bl1t","speed","left","left",0.3518
"bl1t","speed","left","left",0.3241
"bl1t","speed","right","left",0.3205
"bl1t","accuracy","left","left",0.451
"bl1t","neutral","right","right",0.5735
"bl1t","neutral","left","left",0.3767
"bl1t","speed","right","right",0.3809
"bl1t","speed","left","left",0.3372
"bl1t","neutral","right","right",0.4841
"bl1t","accuracy","right","left",0.4133
"bl1t","speed","left","left",0.3526
"bl1t","accuracy","right","right",0.9948
"bl1t","speed","right","left",0.3865
"bl1t","speed","left","left",0.4428
"bl1t","neutral","left","left",0.4526
"bl1t","accuracy","right","right",0.5341
"bl1t","accuracy","right","left",0.5044
"bl1t","speed","left","left",0.3966
"bl1t","speed","left","left",0.3499
"bl1t","speed","left","left",0.3459
"bl1t","accuracy","left","left",1.4769
"bl1t","speed","left","right",0.3329
"bl1t","speed","left","left",0.3194
"bl1t","speed","left","right",0.3422
"bl1t","accuracy","right","right",0.5249
"bl1t","neutral","right","right",0.9281
"bl1t","accuracy","right","right",0.5091
"bl1t","speed","left","right",0.3455
"bl1t","speed","right","left",0.4006
"bl1t","speed","left","right",0.3646
"bl1t","speed","left","left",0.4086
"bl1t","neutral","right","right",0.6714
"bl1t","speed","right","left",0.4106
"bl1t","accuracy","left","left",0.5917
"bl1t","speed","right","right",0.3464
"bl1t","speed","left","left",0.353
"bl1t","speed","left","left",0.3169
"bl1t","neutral","right","right",0.6064
"bl1t","neutral","right","right",0.6163
"bl1t","accuracy","right","left",0.5786
"bl1t","neutral","right","right",1.0835
"bl1t","accuracy","right","right",0.4312
"bl1t","accuracy","left","left",0.4008
"bl1t","speed","right","right",0.3645
"bl1t","speed","right","left",0.4292
"bl1t","neutral","left","left",0.4579
"bl1t","accuracy","left","left",0.4759
"bl1t","accuracy","right","right",0.8234
"bl1t","accuracy","left","left",0.4491
"bl1t","neutral","left","left",0.437
"bl1t","accuracy","right","right",0.7228
"bl1t","neutral","left","left",0.457
"bl1t","speed","left","right",0.386
"bl1t","neutral","right","right",0.8875
"bl1t","neutral","right","right",0.5337
"bl1t","accuracy","left","right",0.5395
"bl1t","neutral","right","right",0.8637
"bl1t","speed","right","left",0.4279
"bl1t","accuracy","left","left",0.575
"bl1t","accuracy","left","left",0.442
"bl1t","speed","left","left",0.2871
"bl1t","accuracy","right","left",0.3764
"bl1t","accuracy","right","right",0.4797
"bl1t","speed","left","left",0.3105
"bl1t","accuracy","right","right",0.4783
"bl1t","accuracy","right","right",0.6754
"bl1t","accuracy","right","right",0.783
"bl1t","neutral","left","left",0.4223
"bl1t","speed","left","left",0.3687
"bl1t","accuracy","left","left",0.8135
"bl1t","neutral","left","left",0.5952
"bl1t","neutral","left","left",0.3579
"bl1t","neutral","left","left",0.8981
"bl1t","neutral","left","left",0.5079
"bl1t","speed","right","right",0.3514
"bl1t","neutral","left","left",0.5553
"bl1t","accuracy","left","left",0.9093
"bl1t","accuracy","right","right",0.5476
"bl1t","speed","right","left",0.3611
"bl1t","accuracy","left","left",0.5046
"bl1t","accuracy","left","left",0.8377
"bl1t","speed","right","right",0.4333
"bl1t","neutral","left","left",0.5377
"bl1t","neutral","left","right",0.6262
"bl1t","speed","left","left",0.3096
"bl1t","speed","right","right",0.3435
"bl1t","neutral","left","left",0.4646
"bl1t","neutral","left","left",0.4856
"bl1t","accuracy","left","right",0.5752
"bl1t","accuracy","left","left",0.4852
"bl1t","accuracy","right","left",0.6483
"bl1t","speed","right","right",0.3568
"bl1t","speed","right","right",0.3895
"bl1t","accuracy","right","left",0.6237
"bl1t","speed","left","left",0.3194
"bl1t","speed","right","left",0.2949
"bl1t","speed","left","left",0.2719
"bl1t","accuracy","left","right",0.4469
"bl1t","accuracy","right","left",0.7981
"bl1t","neutral","right","right",1.4322
"bl1t","speed","right","right",0.4598
"bl1t","speed","left","left",0.3023
"bl1t","speed","left","left",0.3065
"bl1t","speed","right","left",0.2951
"bl1t","speed","left","left",0.2576
"bl1t","speed","right","right",0.3378
"bl1t","speed","left","left",0.3535
"bl1t","accuracy","left","left",0.5993
"bl1t","accuracy","left","left",0.6163
"bl1t","neutral","left","left",0.4324
"bl1t","accuracy","right","left",0.3611
"bl1t","accuracy","right","right",0.8683
"bl1t","neutral","left","left",0.5122
"bl1t","accuracy","right","right",0.8256
"bl1t","speed","right","right",0.3409
"bl1t","neutral","left","left",0.5313
"bl1t","speed","left","right",0.3672
"bl1t","speed","left","left",0.4429
"bl1t","accuracy","right","right",1.1019
"bl1t","speed","left","right",0.3345
"bl1t","neutral","left","left",0.4326
"bl1t","speed","right","left",0.3452
"bl1t","speed","right","left",0.3535
"bl1t","neutral","right","right",0.8248
"hsft","accuracy","left","left",0.4727
"hsft","neutral","left","left",0.4087
"hsft","neutral","right","right",0.488
"hsft","accuracy","left","left",0.4493
"hsft","accuracy","right","right",0.4809
"hsft","accuracy","left","left",0.3998
"hsft","neutral","left","left",0.4786
"hsft","speed","left","left",0.3687
"hsft","neutral","right","right",0.4297
"hsft","accuracy","right","right",0.4494
"hsft","neutral","left","left",0.4055
"hsft","neutral","right","right",0.406
"hsft","accuracy","right","right",0.4197
"hsft","speed","right","right",0.5185
"hsft","speed","right","right",0.3115
"hsft","accuracy","left","left",0.4195
"hsft","accuracy","right","right",0.4764
"hsft","speed","left","left",0.4302
"hsft","speed","right","right",0.3274
"hsft","speed","right","right",0.3876
"hsft","neutral","right","right",0.3549
"hsft","neutral","right","right",0.3759
"hsft","speed","right","left",0.3738
"hsft","accuracy","right","right",0.4688
"hsft","accuracy","left","left",0.4704
"hsft","accuracy","right","right",0.4079
"hsft","accuracy","left","left",0.408
"hsft","neutral","left","left",0.4357
"hsft","speed","right","right",0.3807
"hsft","neutral","right","right",0.418
"hsft","accuracy","right","right",0.6508
"hsft","neutral","right","right",0.537
"hsft","neutral","right","right",0.4839
"hsft","accuracy","right","right",0.4684
"hsft","speed","left","left",0.4017
"hsft","accuracy","left","left",0.4006
"hsft","neutral","left","left",0.5031
"hsft","accuracy","right","right",0.4569
"hsft","neutral","right","left",0.3364
"hsft","neutral","left","left",0.5176
"hsft","accuracy","left","left",0.551
"hsft","neutral","right","right",0.516
"hsft","speed","left","left",0.372
"hsft","neutral","right","right",0.4379
"hsft","neutral","left","left",0.3676
"hsft","neutral","right","right",0.3513
"hsft","neutral","right","right",0.4023
"hsft","speed","left","left",0.3768
"hsft","neutral","right","right",0.4409
"hsft","neutral","right","right",0.404
"hsft","neutral","right","right",0.4663
"hsft","accuracy","right","right",0.3896
"hsft","neutral","left","left",0.4804
"hsft","speed","right","right",0.4201
"hsft","neutral","right","right",0.3984
"hsft","accuracy","left","left",0.424
"hsft","neutral","right","right",0.4994
"hsft","speed","left","left",0.3179
"hsft","speed","left","left",0.3365
"hsft","speed","left","left",0.3789
"hsft","accuracy","left","left",0.7431
"hsft","speed","right","right",0.4383
"hsft","accuracy","left","left",0.4885
"hsft","speed","left","left",0.4344
"hsft","accuracy","right","right",0.5224
"hsft","accuracy","left","left",0.4697
"hsft","speed","left","left",0.4119
"hsft","neutral","left","left",0.3752
"hsft","accuracy","left","left",0.4845
"hsft","speed","left","left",0.3337
"hsft","neutral","left","left",0.443
"hsft","accuracy","right","right",0.5118
"hsft","speed","left","left",0.4149
"hsft","speed","left","left",0.3089
"hsft","neutral","right","right",0.4997
"hsft","neutral","left","left",0.3883
"hsft","accuracy","left","left",0.4739
"hsft","speed","left","left",0.3306
"hsft","accuracy","right","right",0.4426
"hsft","speed","right","right",0.4514
"hsft","neutral","right","right",0.6525
"hsft","accuracy","left","left",0.5191
"hsft","neutral","left","left",0.4716
"hsft","accuracy","right","right",0.4378
"hsft","speed","right","right",0.3092
"hsft","neutral","left","left",0.3656
"hsft","accuracy","right","right",0.5413
"hsft","neutral","left","left",0.434
"hsft","accuracy","left","left",0.437
"hsft","accuracy","right","right",0.4215
"hsft","neutral","left","left",0.4631
"hsft","accuracy","right","right",0.4407
"hsft","speed","left","left",0.3288
"hsft","speed","left","left",0.3416
"hsft","neutral","left","left",0.3703
"hsft","accuracy","right","right",0.3851
"hsft","accuracy","left","left",0.3442
"hsft","neutral","right","right",0.5905
"hsft","accuracy","right","right",0.5052
"hsft","speed","left","left",0.3608
"hsft","speed","left","left",0.4251
"hsft","speed","left","left",0.4064
"hsft","accuracy","left","left",0.3935
"hsft","speed","left","left",0.3775
"hsft","neutral","right","right",0.4487
"hsft","neutral","right","right",0.3669
"hsft","speed","left","left",0.4306
"hsft","accuracy","left","left",0.4868
"hsft","accuracy","left","left",0.3957
"hsft","neutral","right","right",0.3771
"hsft","neutral","left","left",0.3807
"hsft","accuracy","right","right",0.4705
"hsft","neutral","left","left",0.3608
"hsft","neutral","right","right",0.4687
"hsft","accuracy","right","right",0.5785
"hsft","accuracy","left","left",0.4595
"hsft","speed","right","right",0.4049
"hsft","accuracy","left","left",0.4611
"hsft","neutral","right","right",0.4956
"hsft","accuracy","right","right",0.4114
"hsft","neutral","right","right",0.443
"hsft","speed","left","left",0.2829
"hsft","speed","right","right",0.345
"hsft","accuracy","right","right",0.4933
"hsft","speed","right","right",0.5093
"hsft","neutral","left","left",0.4419
"hsft","accuracy","right","right",0.4443
"hsft","speed","left","left",0.3072
"hsft","accuracy","right","right",0.4069
"hsft","neutral","left","left",0.4332
"hsft","speed","right","right",0.3053
"hsft","accuracy","right","right",0.4772
"hsft","speed","right","right",0.409
"hsft","neutral","right","right",0.4511
"hsft","accuracy","right","right",0.4575
"hsft","speed","left","left",0.4201
"hsft","accuracy","right","right",0.4576
"hsft","speed","left","right",0.2595
"hsft","accuracy","left","left",0.5059
"hsft","accuracy","left","left",0.4149
"hsft","accuracy","right","right",0.476
"hsft","speed","right","left",0.3297
"hsft","accuracy","left","left",0.6752
"hsft","accuracy","right","right",0.4791
"hsft","speed","left","left",0.3653
"hsft","accuracy","left","left",0.4327
"hsft","speed","left","left",0.4573
"hsft","accuracy","right","right",0.4809
"hsft","neutral","right","right",0.4055
"hsft","accuracy","right","right",0.506
"hsft","accuracy","right","right",0.4233
"hsft","accuracy","right","right",0.5116
"hsft","speed","left","left",0.3567
"hsft","accuracy","right","right",0.4193
"hsft","speed","left","left",0.3513
"hsft","speed","right","right",0.3293
"hsft","neutral","left","left",0.3827
"hsft","speed","right","left",0.2754
"hsft","neutral","left","left",0.3774
"hsft","neutral","left","left",0.4246
"hsft","accuracy","right","right",0.8011
"hsft","neutral","left","left",0.4236
"hsft","accuracy","right","right",0.4793
"hsft","speed","right","left",0.2656
"hsft","speed","left","left",0.2735
"hsft","accuracy","left","left",0.5577
"hsft","neutral","left","left",0.6448
"hsft","speed","left","left",0.4663
"hsft","neutral","left","left",0.3623
"hsft","neutral","left","left",0.4366
"hsft","speed","right","right",0.4521
"hsft","accuracy","right","right",0.4301
"hsft","speed","right","left",0.3261
"hsft","accuracy","right","right",0.4676
"hsft","accuracy","right","right",0.4461
"hsft","accuracy","right","right",0.3819
"hsft","speed","left","left",0.3622
"hsft","speed","right","right",0.3799
"hsft","accuracy","right","right",0.5115
"hsft","speed","right","left",0.5261
"hsft","neutral","left","left",0.3598
"hsft","speed","left","left",0.3401
"hsft","speed","left","left",0.7022
"hsft","neutral","left","left",0.4045
"hsft","speed","right","right",0.5441
"hsft","speed","left","left",0.4068
"hsft","neutral","left","left",0.3965
"hsft","neutral","left","left",0.3586
"hsft","speed","right","right",0.3923
"hsft","speed","left","left",0.3161
"hsft","neutral","left","left",0.4128
"hsft","speed","right","right",0.3842
"hsft","neutral","left","left",0.3489
"hsft","neutral","left","left",0.4419
"hsft","speed","left","left",0.4815
"hsft","accuracy","left","left",0.5234
"hsft","speed","right","right",0.3321
"hsft","speed","left","left",0.3384
"hsft","speed","right","right",0.3313
"hsft","neutral","left","left",0.3991
"hsft","speed","right","right",0.3399
"hsft","speed","right","left",0.3006
"hsft","speed","right","right",0.3573
"hsft","speed","right","right",0.532
"hsft","accuracy","right","right",0.4444
"hsft","accuracy","left","left",0.4153
"hsft","neutral","right","right",0.4952
"hsft","accuracy","left","left",0.5328
"hsft","accuracy","right","right",0.4618
"hsft","speed","right","right",0.3639
"hsft","accuracy","left","left",0.5347
"hsft","accuracy","right","right",0.473
"hsft","speed","left","left",0.3313
"hsft","accuracy","right","right",0.5219
"hsft","speed","right","right",0.391
"hsft","speed","left","left",0.4306
"hsft","neutral","right","right",0.4524
"hsft","neutral","left","left",0.4022
"hsft","speed","right","right",0.4137
"hsft","speed","right","right",0.3764
"hsft","speed","right","right",0.3869
"hsft","speed","left","left",0.3607
"hsft","accuracy","left","left",0.4132
"hsft","speed","right","left",0.3156
"hsft","neutral","right","right",0.4448
"hsft","accuracy","right","right",0.473
"hsft","accuracy","right","right",0.5122
"hsft","speed","left","left",0.3723
"hsft","neutral","left","left",0.4809
"hsft","speed","right","right",0.3787
"hsft","speed","left","left",0.3523
"hsft","speed","right","right",0.3985
"hsft","accuracy","right","right",0.599
"hsft","accuracy","left","left",0.5107
"hsft","neutral","left","left",0.4959
"hsft","accuracy","right","right",0.5313
"hsft","accuracy","left","left",0.4711
"hsft","neutral","left","left",0.4584
"hsft","neutral","right","right",0.4547
"hsft","accuracy","left","left",0.4764
"hsft","speed","left","left",0.414
"hsft","accuracy","right","right",0.6719
"hsft","speed","left","left",0.395
"hsft","speed","right","right",0.3426
"hsft","neutral","left","left",0.5143
"hsft","accuracy","right","right",0.6903
"hsft","neutral","right","right",0.4664
"hsft","accuracy","left","left",0.4596
"hsft","accuracy","right","right",0.5052
"hsft","neutral","left","left",0.4341
"hsft","accuracy","right","right",0.5003
"hsft","accuracy","right","right",0.489
"hsft","accuracy","left","left",0.4626
"hsft","neutral","left","left",0.5074
"hsft","speed","left","left",0.4719
"hsft","neutral","right","right",0.38
"hsft","neutral","left","left",0.4328
"hsft","speed","left","left",0.3529
"hsft","speed","left","left",0.393
"hsft","neutral","right","right",0.5334
"hsft","speed","left","left",0.4241
"hsft","neutral","right","right",0.48
"hsft","accuracy","left","left",0.501
"hsft","accuracy","left","left",0.4915
"hsft","speed","left","left",0.4139
"hsft","speed","left","left",0.3897
"hsft","speed","right","right",0.3756
"hsft","neutral","right","right",0.3981
"hsft","accuracy","left","left",0.4239
"hsft","neutral","left","left",0.4173
"hsft","neutral","left","left",0.4281
"hsft","neutral","right","right",0.5121
"hsft","neutral","right","right",0.4794
"hsft","speed","left","left",0.4607
"hsft","speed","left","left",0.3068
"hsft","accuracy","left","left",0.558
"hsft","speed","left","right",0.2753
"hsft","speed","left","left",0.3348
"hsft","accuracy","left","left",0.4907
"hsft","speed","left","left",0.3199
"hsft","accuracy","right","right",0.4209
"hsft","speed","right","right",0.38
"hsft","accuracy","right","right",0.4455
"hsft","speed","right","right",0.3592
"hsft","speed","left","left",0.3282
"hsft","accuracy","left","left",0.4823
"hsft","accuracy","right","right",0.4683
"hsft","accuracy","left","left",0.7709
"hsft","accuracy","right","right",0.4639
"hsft","neutral","right","right",0.426
"hsft","neutral","left","left",0.3699
"hsft","speed","left","left",0.3878
"hsft","accuracy","right","left",0.5173
"hsft","speed","right","right",0.4359
"hsft","neutral","left","left",0.447
"hsft","accuracy","right","right",0.4591
"hsft","neutral","left","left",0.4058
"hsft","neutral","left","left",0.3887
"hsft","accuracy","left","left",0.4835
"hsft","accuracy","left","left",0.4629
"hsft","speed","left","left",0.384
"hsft","neutral","left","left",0.523
"hsft","speed","left","left",0.3133
"hsft","accuracy","right","right",0.4569
"hsft","accuracy","left","left",0.3777
"hsft","neutral","left","left",0.4842
"hsft","speed","left","right",0.3825
"hsft","accuracy","left","left",0.3585
"hsft","speed","right","right",0.5606
"hsft","accuracy","right","right",0.4664
"hsft","speed","right","right",0.4129
"hsft","speed","left","left",0.3646
"hsft","accuracy","left","left",0.38
"hsft","speed","left","left",0.3751
"hsft","accuracy","right","right",0.4459
"hsft","speed","left","left",0.4311
"hsft","accuracy","right","right",0.5037
"hsft","speed","right","left",0.292
"hsft","accuracy","left","left",0.521
"hsft","accuracy","right","right",0.4321
"hsft","speed","right","right",0.4049
"hsft","speed","left","left",0.3365
"hsft","neutral","right","right",0.5446
"hsft","accuracy","left","left",0.6807
"hsft","neutral","right","right",0.4545
"hsft","neutral","left","left",0.432
"hsft","accuracy","right","right",0.7813
"hsft","speed","left","left",0.3568
"hsft","accuracy","left","left",0.562
"hsft","neutral","right","right",0.4329
"hsft","speed","right","right",0.262
"hsft","accuracy","right","right",0.4062
"hsft","accuracy","left","left",0.3821
"hsft","speed","right","right",0.4271
"hsft","speed","left","left",0.3354
"hsft","neutral","left","left",0.6308
"hsft","accuracy","right","right",0.4606
"hsft","neutral","right","right",0.4055
"hsft","neutral","right","right",0.4108
"hsft","neutral","left","left",0.4478
"hsft","neutral","right","right",0.5123
"hsft","speed","left","left",0.3212
"hsft","speed","right","right",0.3153
"hsft","speed","left","left",0.2867
"hsft","speed","left","right",0.2913
"hsft","accuracy","left","left",0.3726
"hsft","neutral","right","right",0.4839
"hsft","neutral","left","left",0.425
"hsft","neutral","left","left",0.4573
"hsft","accuracy","right","right",0.4831
"hsft","neutral","left","left",0.4013
"hsft","neutral","right","right",0.4791
"hsft","neutral","right","right",0.811
"hsft","accuracy","left","left",0.3794
"hsft","speed","left","left",0.3795
"hsft","speed","left","left",0.3316
"hsft","neutral","right","right",0.4704
"hsft","accuracy","right","right",0.399
"hsft","neutral","left","left",0.3001
"hsft","speed","left","left",0.3054
"hsft","accuracy","left","left",0.5577
"hsft","speed","right","right",0.5554
"hsft","neutral","left","left",0.3494
"hsft","accuracy","left","left",0.3648
"hsft","accuracy","left","left",0.4668
"hsft","speed","right","right",0.3972
"hsft","speed","left","left",0.3954
"hsft","speed","left","left",0.3694
"hsft","speed","right","right",0.2823
"hsft","speed","right","right",0.4418
"hsft","neutral","left","left",0.4702
"hsft","neutral","left","left",0.4701
"hsft","accuracy","left","left",0.5129
"hsft","accuracy","left","left",0.4478
"hsft","speed","right","right",0.5093
"hsft","accuracy","right","right",0.3853
"hsft","speed","right","right",0.3639
"hsft","neutral","right","right",0.406
"hsft","neutral","left","left",0.4463
"hsft","accuracy","left","left",0.3613
"hsft","accuracy","left","left",0.4098
"hsft","speed","left","left",0.3456
"hsft","speed","left","left",0.3679
"hsft","accuracy","left","left",0.3931
"hsft","speed","left","left",0.3725
"hsft","speed","right","right",0.3273
"hsft","accuracy","right","right",0.4839
"hsft","accuracy","right","right",0.5235
"hsft","neutral","right","right",0.625
"hsft","speed","left","left",0.3749
"hsft","speed","right","right",0.3484
"hsft","accuracy","right","right",0.4498
"hsft","speed","left","left",0.3818
"hsft","accuracy","left","left",0.565
"hsft","neutral","right","right",0.5316
"hsft","neutral","right","right",0.4439
"hsft","speed","right","right",0.401
"hsft","neutral","left","left",0.3903
"hsft","neutral","left","left",0.4089
"hsft","speed","left","left",0.2742
"hsft","neutral","left","left",0.3868
"hsft","accuracy","left","left",0.4282
"hsft","neutral","right","right",0.425
"hsft","accuracy","left","left",0.4703
"hsft","neutral","left","left",0.491
"hsft","accuracy","left","left",0.4746
"hsft","neutral","left","left",0.5122
"hsft","speed","right","right",0.3242
"hsft","accuracy","right","right",0.5676
"hsft","speed","left","left",0.389
"hsft","neutral","right","right",0.4007
"hsft","neutral","right","right",0.4495
"hsft","speed","right","right",0.6354
"hsft","speed","left","left",0.2916
"hsft","speed","right","left",0.3098
"hsft","neutral","right","right",0.4309
"hsft","speed","right","right",0.4622
"hsft","neutral","left","left",0.4476
"hsft","speed","right","left",0.3318
"hsft","neutral","left","left",0.5005
"hsft","accuracy","left","left",0.4303
"hsft","accuracy","right","right",0.4893
"hsft","speed","left","left",0.4356
"hsft","speed","left","left",0.4724
"hsft","neutral","left","left",0.4091
"hsft","accuracy","right","left",0.4283
"hsft","accuracy","right","right",0.6159
"hsft","neutral","left","left",0.6131
"hsft","speed","left","left",0.4019
"hsft","accuracy","left","left",0.4685
"hsft","neutral","left","left",0.4889
"hsft","neutral","left","left",0.6599
"hsft","speed","right","left",0.6314
"hsft","accuracy","left","left",0.516
"hsft","accuracy","right","right",0.4836
"hsft","neutral","left","left",0.5839
"hsft","speed","right","right",0.4378
"hsft","speed","left","left",0.2983
"hsft","speed","right","right",0.3739
"hsft","accuracy","right","right",0.4656
"hsft","neutral","right","right",0.4202
"hsft","speed","right","right",0.5304
"hsft","accuracy","left","left",0.571
"hsft","neutral","left","left",0.4856
"hsft","accuracy","right","right",0.661
"hsft","accuracy","left","left",0.5028
"hsft","accuracy","left","left",0.3855
"hsft","accuracy","right","right",0.459
"hsft","speed","left","right",0.2997
"hsft","speed","right","right",0.3576
"hsft","accuracy","left","left",0.5185
"hsft","speed","left","left",0.4014
"hsft","neutral","left","left",0.4852
"hsft","accuracy","left","left",0.3861
"hsft","accuracy","left","left",0.4603
"hsft","speed","right","right",0.3573
"hsft","speed","right","right",0.3636
"hsft","accuracy","left","left",0.4558
"hsft","neutral","left","left",0.4915
"hsft","speed","left","left",0.4044
"hsft","speed","right","right",0.4786
"hsft","speed","right","right",0.4437
"hsft","neutral","left","right",0.4127
"hsft","neutral","left","left",0.42
"hsft","neutral","left","left",0.4847
"hsft","accuracy","left","left",0.4314
"hsft","speed","right","left",0.3374
"hsft","accuracy","left","left",0.5506
"hsft","speed","left","left",0.5662
"hsft","neutral","right","right",0.4747
"hsft","neutral","left","left",0.5015
"hsft","accuracy","left","left",0.4094
"hsft","speed","right","right",0.3738
"hsft","neutral","right","right",0.3824
"hsft","neutral","left","left",0.545
"hsft","neutral","left","left",0.4781
"hsft","accuracy","left","left",0.4214
"hsft","accuracy","left","left",0.3898
"hsft","neutral","left","left",0.3767
"hsft","speed","left","left",0.362
"hsft","accuracy","right","right",0.4323
"hsft","accuracy","right","right",0.4797
"hsft","accuracy","right","right",0.4969
"hsft","accuracy","right","right",0.6303
"hsft","speed","left","left",0.3519
"hsft","neutral","right","right",0.4967
"hsft","accuracy","left","left",0.5132
"hsft","speed","right","left",0.3052
"hsft","accuracy","right","right",0.7055
"hsft","neutral","right","right",0.6742
"hsft","neutral","left","left",0.4109
"hsft","accuracy","right","right",0.461
"hsft","neutral","right","right",0.4921
"hsft","neutral","left","left",0.4246
"hsft","neutral","right","right",0.3745
"hsft","neutral","left","left",0.4706
"hsft","accuracy","right","right",0.4069
"hsft","speed","right","right",0.3624
"hsft","speed","left","left",0.3022
"hsft","neutral","left","left",0.4267
"hsft","speed","right","right",0.3709
"hsft","speed","left","left",0.3407
"hsft","neutral","left","left",0.3682
"hsft","speed","left","left",0.4257
"hsft","speed","left","left",0.3944
"hsft","accuracy","left","left",0.4213
"hsft","speed","left","right",0.336
"hsft","neutral","right","right",0.6142
"hsft","accuracy","left","left",0.4685
"hsft","speed","left","left",0.3739
"hsft","accuracy","left","left",0.5589
"hsft","accuracy","left","left",0.5897
"hsft","neutral","right","right",0.4513
"hsft","speed","right","right",0.3629
"hsft","speed","right","right",0.3593
"hsft","neutral","left","left",0.6956
"hsft","speed","right","right",0.3896
"hsft","neutral","right","right",0.434
"hsft","accuracy","right","right",0.4949
"hsft","neutral","left","left",0.469
"hsft","accuracy","left","left",0.4751
"hsft","neutral","right","right",0.7545
"hsft","accuracy","left","left",0.4821
"hsft","speed","left","left",0.3684
"hsft","neutral","left","left",0.4146
"hsft","neutral","right","right",0.405
"hsft","speed","right","right",0.3865
"hsft","accuracy","left","left",0.5047
"hsft","accuracy","left","left",0.3703
"hsft","speed","right","right",0.4615
"hsft","accuracy","left","left",0.3972
"hsft","speed","right","right",0.3654
"hsft","neutral","left","left",0.4012
"hsft","accuracy","left","right",0.4435
"hsft","speed","right","right",0.3457
"hsft","speed","left","left",0.4291
"hsft","accuracy","right","right",0.522
"hsft","accuracy","left","left",0.4725
"hsft","speed","right","right",0.4667
"hsft","neutral","right","right",0.4143
"hsft","speed","right","left",0.3336
"hsft","speed","right","left",0.2712
"hsft","speed","right","right",0.5022
"hsft","accuracy","right","right",0.4182
"hsft","neutral","right","right",0.4946
"hsft","speed","right","right",0.4176
"hsft","speed","right","right",0.3804
"hsft","accuracy","left","left",0.4687
"hsft","neutral","right","right",0.4344
"hsft","speed","right","right",0.437
"hsft","neutral","right","right",0.7002
"hsft","neutral","left","left",0.4425
"hsft","speed","left","left",0.4562
"hsft","accuracy","right","right",0.469
"hsft","speed","right","right",0.3848
"hsft","neutral","right","right",0.3636
"hsft","accuracy","right","right",0.5013
"hsft","neutral","left","left",0.459
"hsft","neutral","left","left",0.4354
"hsft","speed","right","right",0.2887
"hsft","neutral","right","right",0.4291
"hsft","accuracy","right","right",0.479
"hsft","speed","right","left",0.346
"hsft","neutral","right","right",0.4916
"hsft","speed","left","left",0.5865
"hsft","speed","left","left",0.3428
"hsft","speed","left","right",0.277
"hsft","neutral","left","left",0.531
"hsft","neutral","left","left",0.5093
"hsft","neutral","left","left",0.346
"hsft","neutral","right","left",0.3955
"hsft","neutral","left","left",0.4127
"hsft","neutral","right","right",0.5066
"hsft","neutral","right","right",0.3902
"hsft","accuracy","left","left",0.6073
"hsft","neutral","right","right",0.6077
"hsft","accuracy","right","right",0.4493
"hsft","speed","right","right",0.3444
"hsft","accuracy","right","right",0.4925
"hsft","speed","right","right",0.3919
"hsft","speed","left","left",0.328
"hsft","accuracy","left","right",1.0007
"hsft","neutral","left","left",0.4262
"hsft","neutral","right","right",0.5622
"hsft","speed","right","right",0.3337
"hsft","neutral","left","left",0.3354
"hsft","speed","left","left",0.273
"hsft","accuracy","right","right",0.4798
"hsft","neutral","left","left",0.4026
"hsft","speed","right","left",0.3571
"hsft","neutral","right","right",0.4271
"hsft","accuracy","right","right",0.6148
"hsft","accuracy","right","right",0.5309
"hsft","accuracy","left","left",0.5236
"hsft","neutral","left","right",0.3889
"hsft","speed","left","left",0.396
"hsft","speed","left","left",0.3726
"hsft","accuracy","right","right",0.5178
"hsft","neutral","left","left",0.5019
"hsft","neutral","right","right",0.4028
"hsft","accuracy","left","left",0.5112
"hsft","speed","right","right",0.4911
"hsft","accuracy","left","left",0.4459
"hsft","speed","right","right",0.3805
"hsft","neutral","right","right",0.3562
"hsft","speed","left","left",0.3781
"hsft","accuracy","right","right",0.441
"hsft","neutral","right","right",0.3702
"hsft","neutral","left","left",0.3792
"hsft","speed","right","right",0.4276
"hsft","neutral","right","right",0.4333
"hsft","accuracy","right","right",0.619
"hsft","speed","left","left",0.4244
"hsft","speed","left","left",0.4748
"hsft","accuracy","left","left",0.7583
"hsft","neutral","left","left",0.4532
"hsft","accuracy","left","left",0.4093
"hsft","speed","right","right",0.5968
"hsft","accuracy","left","left",0.4298
"hsft","accuracy","right","right",0.5086
"hsft","neutral","left","left",0.3961
"hsft","neutral","left","left",0.4696
"hsft","neutral","right","right",0.4817
"hsft","neutral","right","right",0.4427
"hsft","speed","left","left",0.6706
"hsft","neutral","left","left",0.452
"hsft","neutral","left","left",0.3795
"hsft","accuracy","right","right",0.5085
"hsft","speed","left","left",0.3956
"hsft","speed","right","right",0.3708
"hsft","neutral","left","left",0.3819
"hsft","speed","left","left",0.3228
"hsft","neutral","left","left",0.3046
"hsft","neutral","left","left",0.3662
"hsft","speed","right","left",0.3911
"hsft","speed","left","left",0.2871
"hsft","speed","left","left",0.4576
"hsft","neutral","right","right",0.4604
"hsft","speed","right","right",0.407
"hsft","neutral","right","right",0.4311
"hsft","accuracy","left","left",0.4193
"hsft","accuracy","right","right",0.4123
"hsft","speed","left","left",0.3546
"hsft","accuracy","left","right",0.6697
"hsft","neutral","left","left",0.4305
"hsft","neutral","right","right",0.4136
"hsft","speed","right","right",0.3099
"hsft","accuracy","left","left",0.4834
"hsft","speed","left","left",0.4665
"hsft","accuracy","right","right",0.528
"hsft","neutral","left","left",0.5662
"hsft","neutral","left","left",0.3371
"hsft","speed","right","right",0.5285
"hsft","speed","right","left",0.2947
"hsft","neutral","left","left",0.5931
"hsft","speed","right","right",0.3681
"hsft","speed","right","right",0.358
"hsft","neutral","right","right",0.3454
"hsft","neutral","right","right",0.3626
"hsft","speed","left","left",0.3931
"hsft","neutral","left","left",0.3495
"hsft","neutral","left","left",0.3401
"hsft","neutral","left","left",0.3714
"hsft","neutral","right","left",0.4583
"hsft","neutral","left","left",0.3742
"hsft","accuracy","right","right",0.4376
"hsft","neutral","right","right",0.5011
"hsft","speed","left","right",0.3796
"hsft","speed","right","right",0.3467
"hsft","accuracy","right","right",0.5299
"hsft","neutral","left","left",0.3522
"hsft","speed","right","right",0.3966
"hsft","speed","left","left",0.3557
"hsft","accuracy","right","right",0.3785
"hsft","accuracy","left","left",0.4044
"hsft","accuracy","left","left",0.4196
"hsft","speed","right","right",0.3604
"hsft","neutral","right","right",0.4024
"hsft","accuracy","left","left",0.3955
"hsft","speed","right","right",0.4194
"hsft","accuracy","right","left",0.3741
"hsft","speed","left","left",0.4304
"hsft","speed","right","right",0.4096
"hsft","accuracy","left","right",0.4237
"hsft","neutral","right","left",0.4132
"hsft","speed","right","right",0.4111
"hsft","neutral","right","right",0.4795
"hsft","accuracy","right","right",0.4932
"hsft","neutral","right","right",0.4352
"hsft","speed","left","left",0.4225
"hsft","speed","right","right",0.3747
"hsft","speed","right","right",0.3996
"hsft","speed","right","right",0.3757
"hsft","neutral","right","right",0.5448
"hsft","accuracy","right","right",0.3831
"hsft","accuracy","left","left",0.5786
"hsft","accuracy","left","left",0.4356
"hsft","neutral","right","right",0.3951
"hsft","accuracy","right","left",0.3962
"hsft","accuracy","left","left",0.4548
"hsft","speed","right","right",0.3664
"hsft","accuracy","right","right",0.6149
"hsft","neutral","left","left",0.3785
"hsft","accuracy","left","left",0.4687
"hsft","speed","left","left",0.4145
"hsft","neutral","left","left",0.4519
"hsft","neutral","left","left",0.4166
"hsft","speed","left","left",0.3366
"hsft","accuracy","left","left",0.5692
"hsft","neutral","left","left",0.4271
"hsft","speed","left","right",0.4286
"hsft","speed","right","right",0.3335
"hsft","accuracy","right","right",0.3406
"hsft","neutral","left","left",0.4493
"hsft","neutral","right","right",0.4614
"hsft","neutral","left","left",0.4211
"hsft","neutral","right","right",0.4093
"hsft","neutral","right","right",0.4009
"hsft","accuracy","right","right",0.5772
"hsft","neutral","left","left",0.4588
"hsft","neutral","left","left",0.4068
"hsft","speed","left","left",0.5932
"hsft","speed","left","left",0.3152
"hsft","neutral","right","right",0.5486
"hsft","neutral","right","right",0.4372
"hsft","accuracy","left","right",0.4735
"hsft","speed","left","right",0.513
"hsft","neutral","left","left",0.3094
"hsft","accuracy","right","right",0.3463
"hsft","accuracy","left","left",0.4573
"hsft","neutral","left","left",0.4008
"hsft","neutral","right","right",0.3854
"hsft","accuracy","right","right",0.6439
"hsft","neutral","right","right",0.4449
"hsft","neutral","right","right",0.3919
"hsft","speed","right","right",0.3702
"hsft","accuracy","left","left",0.4796
"hsft","speed","left","left",0.4515
"hsft","neutral","left","left",0.4
"hsft","speed","left","left",0.3583
"hsft","speed","right","right",0.4993
"hsft","neutral","right","right",0.4119
"hsft","accuracy","right","right",0.6291
"hsft","neutral","left","left",0.4135
"hsft","neutral","right","right",0.3839
"hsft","neutral","right","right",0.393
"hsft","accuracy","right","right",0.4
"hsft","accuracy","left","left",0.4213
"hsft","neutral","right","right",0.4396
"hsft","neutral","left","left",0.3842
"hsft","neutral","right","right",0.4023
"hsft","accuracy","right","right",0.476
"hsft","speed","left","right",0.322
"hsft","speed","left","left",0.3839
"hsft","speed","right","right",0.3914
"hsft","speed","left","left",0.3357
"hsft","speed","right","right",0.3138
"hsft","accuracy","right","right",0.5126
"hsft","accuracy","right","right",0.6052
"hsft","speed","left","left",0.5204
"hsft","neutral","left","left",0.4452
"hsft","accuracy","left","left",0.3679
"hsft","speed","left","left",0.38
"hsft","accuracy","left","left",0.5697
"hsft","neutral","right","right",0.3438
"hsft","accuracy","right","right",0.5256
"hsft","neutral","right","right",0.4468
"hsft","speed","left","right",0.3383
"hsft","accuracy","left","left",0.3944
"hsft","neutral","left","left",0.3632
"hsft","speed","right","right",0.4284
"hsft","speed","right","right",0.4389
"hsft","speed","right","right",0.3951
"hsft","neutral","right","right",0.4169
"hsft","neutral","left","left",0.3186
"hsft","accuracy","left","left",0.6469
"hsft","accuracy","right","left",0.4027
"hsft","neutral","right","right",0.4346
"hsft","accuracy","left","left",0.409
"hsft","accuracy","right","right",0.4023
"hsft","neutral","right","right",0.5017
"hsft","neutral","right","right",0.4414
"hsft","neutral","left","left",0.3654
"hsft","speed","right","right",0.3816
"hsft","neutral","left","left",0.3927
"hsft","accuracy","left","left",0.4558
"hsft","speed","right","right",0.6428
"hsft","neutral","left","left",0.373
"hsft","speed","right","right",0.3732
"hsft","neutral","left","left",0.3221
"hsft","accuracy","left","left",0.4355
"hsft","neutral","left","left",0.3537
"hsft","speed","right","right",0.3038
"hsft","neutral","left","left",0.4441
"hsft","speed","right","right",0.5269
"hsft","speed","left","left",0.3874
"hsft","neutral","right","right",0.4192
"hsft","accuracy","left","left",0.3569
"hsft","speed","left","left",0.3468
"hsft","neutral","left","left",0.4153
"hsft","speed","right","right",0.5829
"hsft","neutral","left","left",0.4254
"hsft","speed","left","left",0.3426
"hsft","speed","right","right",0.4063
"hsft","neutral","right","left",0.3584
"hsft","speed","right","right",0.3677
"hsft","neutral","left","right",0.4276
"hsft","speed","right","right",0.3552
"hsft","accuracy","left","left",0.6907
"hsft","accuracy","right","right",0.4556
"hsft","neutral","left","left",0.4094
"hsft","neutral","left","left",0.3881
"hsft","accuracy","left","left",0.404
"hsft","speed","left","left",0.4728
"hsft","speed","left","left",0.4277
"hsft","accuracy","left","left",0.3682
"hsft","speed","left","left",0.5068
"hsft","speed","right","left",0.4054
"hsft","speed","left","left",0.2832
"hsft","accuracy","left","left",0.5552
"hsft","neutral","left","left",0.4679
"hsft","speed","right","right",0.3911
"hsft","accuracy","right","right",0.5277
"hsft","accuracy","left","left",0.4648
"hsft","accuracy","right","right",0.4918
"hsft","accuracy","right","right",0.6909
"hsft","speed","right","right",0.4319
"hsft","accuracy","left","left",0.438
"hsft","speed","left","left",0.442
"hsft","accuracy","left","left",0.3918
"hsft","accuracy","right","right",0.3985
"hsft","speed","right","right",0.3416
"hsft","speed","right","right",0.5702
"hsft","speed","right","right",0.4029
"hsft","neutral","right","right",0.3548
"hsft","speed","left","left",0.4404
"hsft","neutral","left","left",0.3401
"hsft","speed","left","left",0.3654
"hsft","accuracy","left","left",0.3743
"hsft","accuracy","left","left",0.459
"hsft","speed","right","right",0.4863
"hsft","speed","left","right",0.3919
"hsft","speed","left","left",0.3878
"hsft","speed","right","right",0.3604
"hsft","speed","right","left",0.3648
"hsft","accuracy","left","left",0.4655
"hsft","neutral","left","left",0.3614
"hsft","neutral","right","right",0.5126
"hsgt","speed","left","left",0.3549
"hsgt","speed","left","right",0.3415
"hsgt","speed","left","left",0.3251
"hsgt","speed","right","right",0.4106
"hsgt","neutral","right","right",0.3195
"hsgt","neutral","left","left",0.3919
"hsgt","neutral","right","right",0.3356
"hsgt","speed","right","right",0.3808
"hsgt","speed","left","left",0.2506
"hsgt","neutral","left","right",0.2886
"hsgt","neutral","left","left",0.3899
"hsgt","accuracy","right","right",0.3926
"hsgt","accuracy","left","left",0.4233
"hsgt","accuracy","right","right",0.371
"hsgt","speed","right","right",0.3983
"hsgt","neutral","left","left",0.4089
"hsgt","speed","left","left",0.429
"hsgt","accuracy","left","left",0.4772
"hsgt","accuracy","right","right",0.3663
"hsgt","neutral","left","left",0.3987
"hsgt","accuracy","right","right",0.4759
"hsgt","accuracy","right","right",0.3342
"hsgt","neutral","right","right",0.3947
"hsgt","speed","left","left",0.3253
"hsgt","neutral","left","left",0.3666
"hsgt","speed","right","right",0.4117
"hsgt","accuracy","left","left",0.4194
"hsgt","speed","left","left",0.3448
"hsgt","neutral","left","left",0.3247
"hsgt","speed","right","left",0.3986
"hsgt","speed","right","right",0.4135
"hsgt","neutral","left","left",0.3992
"hsgt","accuracy","right","right",0.3602
"hsgt","speed","left","left",0.3272
"hsgt","neutral","left","left",0.346
"hsgt","accuracy","left","left",0.3553
"hsgt","neutral","left","left",0.3257
"hsgt","accuracy","right","right",0.4168
"hsgt","accuracy","right","right",0.4341
"hsgt","speed","right","right",0.3628
"hsgt","neutral","left","left",0.4241
"hsgt","neutral","left","left",0.3488
"hsgt","speed","left","left",0.4361
"hsgt","accuracy","left","left",0.4159
"hsgt","speed","right","right",0.3811
"hsgt","speed","right","right",0.4126
"hsgt","speed","left","left",0.4306
"hsgt","accuracy","right","right",0.4107
"hsgt","neutral","left","left",0.3975
"hsgt","neutral","left","left",0.3627
"hsgt","neutral","right","right",0.4616
"hsgt","neutral","right","right",0.3297
"hsgt","speed","left","left",0.286
"hsgt","speed","right","right",0.3458
"hsgt","accuracy","right","right",0.3633
"hsgt","speed","left","left",0.3718
"hsgt","speed","left","left",0.3254
"hsgt","neutral","left","left",0.3784
"hsgt","neutral","left","left",0.4399
"hsgt","accuracy","left","left",0.3811
"hsgt","neutral","right","right",0.387
"hsgt","neutral","right","right",0.3687
"hsgt","speed","left","left",0.4176
"hsgt","speed","right","right",0.4187
"hsgt","neutral","right","right",0.5241
"hsgt","speed","left","left",0.3235
"hsgt","neutral","right","right",0.4046
"hsgt","neutral","left","left",0.356
"hsgt","neutral","right","right",0.3255
"hsgt","speed","right","right",0.4868
"hsgt","neutral","left","left",0.3095
"hsgt","accuracy","right","right",0.3968
"hsgt","neutral","left","left",0.3735
"hsgt","neutral","left","left",0.3517
"hsgt","neutral","right","right",0.4339
"hsgt","accuracy","right","right",0.447
"hsgt","speed","left","right",0.3926
"hsgt","speed","right","right",0.3466
"hsgt","accuracy","right","right",0.4228
"hsgt","speed","right","right",0.4505
"hsgt","neutral","left","left",0.3746
"hsgt","neutral","right","right",0.4036
"hsgt","neutral","right","right",0.3657
"hsgt","speed","left","left",0.4638
"hsgt","neutral","right","right",0.4169
"hsgt","speed","left","left",0.4243
"hsgt","neutral","right","right",0.387
"hsgt","neutral","left","left",0.4783
"hsgt","neutral","right","right",0.3819
"hsgt","neutral","right","right",0.39
"hsgt","speed","left","left",0.3253
"hsgt","neutral","right","right",0.4092
"hsgt","speed","right","right",0.3196
"hsgt","neutral","left","left",0.3615
"hsgt","speed","right","right",0.3428
"hsgt","neutral","right","right",0.3876
"hsgt","neutral","right","right",0.4414
"hsgt","accuracy","right","right",0.4222
"hsgt","accuracy","left","left",0.5321
"hsgt","speed","right","right",0.3694
"hsgt","speed","left","left",0.3946
"hsgt","speed","right","right",0.3576
"hsgt","neutral","right","right",0.5657
"hsgt","accuracy","left","left",0.3952
"hsgt","neutral","right","right",0.3418
"hsgt","speed","left","left",0.5351
"hsgt","accuracy","right","right",0.3883
"hsgt","accuracy","right","right",0.3891
"hsgt","neutral","left","left",0.4317
"hsgt","neutral","left","left",0.3792
"hsgt","neutral","left","left",0.3315
"hsgt","accuracy","right","right",0.4413
"hsgt","speed","left","left",0.3509
"hsgt","neutral","right","right",0.3931
"hsgt","accuracy","left","left",0.422
"hsgt","speed","left","left",0.3913
"hsgt","speed","right","right",0.2973
"hsgt","neutral","right","right",0.3133
"hsgt","speed","left","left",0.3144
"hsgt","neutral","left","left",0.3621
"hsgt","accuracy","left","left",0.5048
"hsgt","speed","right","right",0.3976
"hsgt","speed","right","right",0.3288
"hsgt","speed","left","left",0.3569
"hsgt","speed","left","left",0.3916
"hsgt","speed","right","right",0.4122
"hsgt","neutral","right","right",0.3643
"hsgt","neutral","left","left",0.4625
"hsgt","speed","left","left",0.3155
"hsgt","accuracy","left","left",0.8192
"hsgt","neutral","left","left",0.4226
"hsgt","neutral","right","right",0.3434
"hsgt","accuracy","left","left",0.5347
"hsgt","accuracy","left","left",0.3882
"hsgt","neutral","right","right",0.4354
"hsgt","accuracy","left","left",0.5355
"hsgt","accuracy","left","left",0.5599
"hsgt","accuracy","left","left",0.4933
"hsgt","neutral","left","left",0.5272
"hsgt","accuracy","right","right",0.406
"hsgt","speed","left","left",0.3555
"hsgt","accuracy","right","right",0.5013
"hsgt","accuracy","right","right",0.4107
"hsgt","speed","right","right",0.2994
"hsgt","neutral","left","left",0.3825
"hsgt","neutral","right","right",0.4019
"hsgt","neutral","right","right",0.4254
"hsgt","accuracy","right","right",0.5891
"hsgt","speed","left","left",0.6069
"hsgt","speed","right","right",0.4609
"hsgt","speed","right","right",0.4284
"hsgt","speed","right","right",0.3774
"hsgt","accuracy","right","right",0.339
"hsgt","speed","left","left",0.3257
"hsgt","neutral","left","left",0.4282
"hsgt","accuracy","right","right",0.4553
"hsgt","speed","right","right",0.3343
"hsgt","accuracy","left","left",0.3999
"hsgt","accuracy","right","right",0.404
"hsgt","accuracy","right","right",0.3855
"hsgt","speed","right","right",0.39
"hsgt","speed","right","right",0.3784
"hsgt","speed","right","right",0.3259
"hsgt","speed","right","right",0.3517
"hsgt","neutral","right","right",0.4425
"hsgt","accuracy","left","left",0.4816
"hsgt","neutral","right","right",0.4484
"hsgt","speed","left","left",0.4595
"hsgt","neutral","right","right",0.3816
"hsgt","neutral","left","left",0.4711
"hsgt","accuracy","right","right",0.4264
"hsgt","speed","right","right",0.3916
"hsgt","accuracy","right","right",0.3591
"hsgt","neutral","left","left",0.4768
"hsgt","accuracy","right","right",0.4195
"hsgt","speed","right","right",0.4316
"hsgt","neutral","right","right",0.3285
"hsgt","speed","left","left",0.5784
"hsgt","accuracy","left","left",0.4791
"hsgt","neutral","right","right",0.4248
"hsgt","neutral","left","left",0.4245
"hsgt","accuracy","left","left",0.394
"hsgt","neutral","left","left",0.4206
"hsgt","neutral","left","left",0.3148
"hsgt","neutral","right","right",0.4625
"hsgt","neutral","right","right",0.4143
"hsgt","speed","right","right",0.4249
"hsgt","accuracy","left","left",0.555
"hsgt","speed","right","right",0.371
"hsgt","neutral","left","left",0.519
"hsgt","speed","left","left",0.3778
"hsgt","accuracy","left","left",0.4096
"hsgt","accuracy","left","left",0.4287
"hsgt","accuracy","left","left",0.3863
"hsgt","accuracy","right","right",0.5465
"hsgt","accuracy","left","left",0.4168
"hsgt","speed","left","left",0.3642
"hsgt","neutral","left","left",0.4046
"hsgt","speed","left","left",0.3315
"hsgt","accuracy","left","left",0.5371
"hsgt","accuracy","right","right",0.4546
"hsgt","speed","right","right",0.4499
"hsgt","neutral","right","right",0.411
"hsgt","neutral","left","left",0.4965
"hsgt","accuracy","right","right",0.7848
"hsgt","speed","left","left",0.3533
"hsgt","accuracy","right","right",0.3464
"hsgt","accuracy","right","right",0.427
"hsgt","neutral","left","left",0.4518
"hsgt","neutral","left","left",0.4044
"hsgt","speed","left","left",0.352
"hsgt","neutral","left","left",0.5183
"hsgt","speed","left","left",0.5177
"hsgt","speed","right","right",0.3951
"hsgt","speed","left","left",0.3019
"hsgt","neutral","right","right",0.3405
"hsgt","neutral","left","left",0.6018
"hsgt","accuracy","left","left",0.3824
"hsgt","neutral","left","left",0.3448
"hsgt","neutral","right","right",0.5278
"hsgt","speed","left","left",0.3989
"hsgt","neutral","left","left",0.3973
"hsgt","accuracy","right","right",0.5267
"hsgt","speed","right","right",0.4691
"hsgt","speed","left","right",0.3338
"hsgt","accuracy","right","right",0.3683
"hsgt","speed","right","right",0.3651
"hsgt","speed","left","left",0.4405
"hsgt","accuracy","left","left",0.6036
"hsgt","neutral","right","right",0.4587
"hsgt","accuracy","left","left",0.4751
"hsgt","speed","right","right",0.3345
"hsgt","neutral","left","right",0.4172
"hsgt","speed","right","right",0.4134
"hsgt","accuracy","left","left",0.4187
"hsgt","neutral","right","right",0.398
"hsgt","neutral","left","left",0.3525
"hsgt","neutral","left","left",0.3568
"hsgt","accuracy","left","left",0.5476
"hsgt","speed","left","left",0.3266
"hsgt","neutral","right","right",0.5637
"hsgt","neutral","right","right",0.5724
"hsgt","neutral","left","left",0.368
"hsgt","speed","right","right",0.3337
"hsgt","accuracy","right","right",0.4599
"hsgt","speed","left","left",0.2868
"hsgt","accuracy","left","left",0.3589
"hsgt","neutral","right","right",0.327
"hsgt","accuracy","right","right",0.3178
"hsgt","neutral","right","right",0.4158
"hsgt","accuracy","left","left",0.3562
"hsgt","speed","left","left",0.5067
"hsgt","neutral","right","right",0.3917
"hsgt","accuracy","left","left",0.3932
"hsgt","speed","right","right",0.421
"hsgt","neutral","left","left",0.4318
"hsgt","accuracy","right","right",0.4651
"hsgt","neutral","left","left",0.3915
"hsgt","speed","right","right",0.3894
"hsgt","neutral","right","right",0.393
"hsgt","accuracy","right","right",0.4079
"hsgt","neutral","left","left",0.3252
"hsgt","speed","left","left",0.3099
"hsgt","neutral","left","left",0.4269
"hsgt","speed","right","right",0.342
"hsgt","accuracy","left","left",0.3936
"hsgt","speed","right","right",0.4088
"hsgt","speed","left","left",0.4218
"hsgt","neutral","right","right",0.318
"hsgt","neutral","left","left",0.3639
"hsgt","speed","right","right",0.3263
"hsgt","speed","left","left",0.3701
"hsgt","accuracy","left","left",0.6003
"hsgt","neutral","right","right",0.4163
"hsgt","neutral","left","left",0.3732
"hsgt","speed","left","left",0.286
"hsgt","neutral","left","left",0.4035
"hsgt","speed","left","left",0.3988
"hsgt","accuracy","right","right",0.639
"hsgt","accuracy","left","left",0.328
"hsgt","speed","left","left",0.3348
"hsgt","neutral","right","right",0.3511
"hsgt","speed","right","right",0.3441
"hsgt","speed","left","left",0.4038
"hsgt","neutral","left","left",0.3085
"hsgt","speed","right","right",0.3588
"hsgt","accuracy","left","left",0.3698
"hsgt","speed","right","right",0.3349
"hsgt","speed","left","left",0.4447
"hsgt","neutral","left","left",0.3604
"hsgt","accuracy","right","right",0.4385
"hsgt","neutral","left","left",0.3205
"hsgt","accuracy","right","right",0.3623
"hsgt","neutral","left","left",0.3831
"hsgt","speed","left","left",0.2853
"hsgt","speed","right","left",0.3429
"hsgt","speed","right","right",0.3645
"hsgt","neutral","left","left",0.5995
"hsgt","neutral","right","right",0.3635
"hsgt","accuracy","left","right",0.4494
"hsgt","speed","right","right",0.405
"hsgt","speed","right","right",0.5495
"hsgt","accuracy","right","right",0.3569
"hsgt","accuracy","left","left",0.4567
"hsgt","neutral","left","left",0.3927
"hsgt","neutral","right","right",0.411
"hsgt","neutral","right","right",0.3836
"hsgt","neutral","right","right",0.389
"hsgt","accuracy","left","left",0.3887
"hsgt","neutral","right","right",0.3537
"hsgt","neutral","left","right",0.6172
"hsgt","neutral","right","right",0.3462
"hsgt","neutral","right","right",0.4594
"hsgt","neutral","right","right",0.465
"hsgt","accuracy","right","right",0.3979
"hsgt","speed","left","left",0.4789
"hsgt","neutral","left","left",0.7254
"hsgt","speed","left","left",0.3693
"hsgt","neutral","right","right",0.3296
"hsgt","neutral","right","right",0.4235
"hsgt","speed","left","left",0.4339
"hsgt","neutral","right","right",0.3857
"hsgt","speed","right","right",0.3349
"hsgt","accuracy","left","left",0.3628
"hsgt","speed","right","right",0.4735
"hsgt","neutral","right","right",0.3122
"hsgt","accuracy","left","left",0.3769
"hsgt","accuracy","right","right",0.4276
"hsgt","speed","right","left",0.2977
"hsgt","neutral","right","right",0.602
"hsgt","neutral","left","left",0.5906
"hsgt","neutral","right","right",0.4897
"hsgt","accuracy","right","right",0.3717
"hsgt","accuracy","right","right",0.3683
"hsgt","speed","right","right",0.4233
"hsgt","accuracy","left","left",0.4972
"hsgt","speed","right","right",0.3556
"hsgt","accuracy","left","left",0.5018
"hsgt","neutral","left","left",0.4245
"hsgt","speed","left","left",0.487
"hsgt","accuracy","right","right",0.4087
"hsgt","neutral","right","right",0.4434
"hsgt","neutral","left","left",0.5476
"hsgt","accuracy","left","left",0.6037
"hsgt","neutral","right","right",0.4726
"hsgt","neutral","right","right",0.5102
"hsgt","neutral","right","right",0.4695
"hsgt","speed","left","left",0.3669
"hsgt","neutral","right","right",0.6227
"hsgt","accuracy","left","left",0.4978
"hsgt","neutral","left","left",0.4836
"hsgt","accuracy","right","right",1.4364
"hsgt","neutral","right","right",0.4671
"hsgt","neutral","right","right",0.4382
"hsgt","neutral","right","right",0.4482
"hsgt","neutral","left","left",0.5397
"hsgt","accuracy","left","left",0.5197
"hsgt","speed","left","left",0.3524
"hsgt","accuracy","left","left",0.6187
"hsgt","neutral","right","right",0.3646
"hsgt","accuracy","right","right",0.6229
"hsgt","speed","right","right",0.2914
"hsgt","speed","right","right",0.3062
"hsgt","neutral","left","left",0.4505
"hsgt","speed","right","right",0.4568
"hsgt","accuracy","left","left",0.4111
"hsgt","neutral","left","left",0.4197
"hsgt","neutral","left","left",0.522
"hsgt","accuracy","left","left",0.4266
"hsgt","speed","left","left",0.3743
"hsgt","speed","left","left",0.4821
"hsgt","speed","right","right",0.3895
"hsgt","accuracy","left","left",0.4278
"hsgt","speed","right","right",0.4569
"hsgt","speed","left","left",0.3426
"hsgt","neutral","left","left",0.368
"hsgt","speed","left","left",0.398
"hsgt","speed","left","right",0.2861
"hsgt","speed","right","right",0.4378
"hsgt","speed","right","right",0.3968
"hsgt","neutral","right","right",0.436
"hsgt","accuracy","right","right",0.3659
"hsgt","speed","left","right",0.3276
"hsgt","neutral","left","left",0.5836
"hsgt","speed","left","left",0.4843
"hsgt","accuracy","right","right",0.4491
"hsgt","neutral","left","left",0.829
"hsgt","accuracy","left","left",0.4083
"hsgt","speed","right","left",0.297
"hsgt","neutral","right","right",0.6378
"hsgt","speed","right","right",0.3701
"hsgt","neutral","left","left",0.4201
"hsgt","neutral","right","right",0.41
"hsgt","accuracy","left","left",0.5301
"hsgt","speed","left","right",0.3184
"hsgt","speed","left","left",0.5998
"hsgt","neutral","left","left",0.4075
"hsgt","neutral","left","left",0.3248
"hsgt","neutral","left","right",0.4072
"hsgt","neutral","left","left",0.4158
"hsgt","accuracy","right","right",0.6173
"hsgt","speed","left","left",0.3014
"hsgt","speed","left","right",0.3797
"hsgt","neutral","right","right",0.656
"hsgt","speed","left","left",0.3757
"hsgt","accuracy","right","right",0.4261
"hsgt","accuracy","right","right",0.4762
"hsgt","speed","right","right",0.3958
"hsgt","speed","right","right",0.3616
"hsgt","speed","right","right",0.4488
"hsgt","neutral","right","right",0.861
"hsgt","accuracy","left","left",0.4566
"hsgt","neutral","right","right",0.4411
"hsgt","speed","left","left",0.4073
"hsgt","neutral","right","right",0.3982
"hsgt","speed","right","right",0.4962
"hsgt","neutral","left","left",0.4042
"hsgt","neutral","left","left",0.3266
"hsgt","speed","left","left",0.3091
"hsgt","speed","left","left",0.3254
"hsgt","speed","left","left",0.5322
"hsgt","speed","left","left",0.4263
"hsgt","accuracy","left","left",0.3628
"hsgt","accuracy","right","right",0.4111
"hsgt","speed","left","left",0.345
"hsgt","accuracy","left","left",0.3369
"hsgt","speed","right","right",0.3958
"hsgt","neutral","right","right",0.3159
"hsgt","neutral","right","right",0.3499
"hsgt","speed","right","right",0.2555
"hsgt","speed","right","right",0.2815
"hsgt","accuracy","left","left",0.3018
"hsgt","neutral","right","right",0.3635
"hsgt","neutral","left","left",0.3776
"hsgt","accuracy","left","right",0.4446
"hsgt","speed","left","left",0.308
"hsgt","speed","right","right",0.2747
"hsgt","speed","right","right",0.3654
"hsgt","accuracy","left","left",0.4589
"hsgt","neutral","right","right",0.4114
"hsgt","accuracy","right","right",0.3053
"hsgt","accuracy","left","left",0.2933
"hsgt","neutral","right","right",0.4275
"hsgt","neutral","left","left",0.6744
"hsgt","neutral","right","right",0.7441
"hsgt","neutral","right","right",0.655
"hsgt","accuracy","left","left",0.3705
"hsgt","accuracy","left","left",0.4684
"hsgt","neutral","left","left",0.3526
"hsgt","neutral","right","right",0.4314
"hsgt","accuracy","right","right",0.3711
"hsgt","neutral","right","right",0.3256
"hsgt","speed","left","left",0.3828
"hsgt","accuracy","right","right",0.3728
"hsgt","neutral","right","right",0.3854
"hsgt","neutral","right","right",0.3733
"hsgt","neutral","right","right",0.3883
"hsgt","neutral","left","left",0.507
"hsgt","speed","right","right",0.4749
"hsgt","accuracy","left","left",0.3819
"hsgt","neutral","left","left",0.3836
"hsgt","speed","right","right",0.3861
"hsgt","speed","left","left",0.3613
"hsgt","speed","right","right",0.3997
"hsgt","speed","left","left",0.3163
"hsgt","neutral","left","left",0.5534
"hsgt","neutral","right","right",0.3649
"hsgt","accuracy","left","left",0.3688
"hsgt","speed","left","left",0.3747
"hsgt","neutral","left","right",0.3354
"hsgt","accuracy","left","left",0.4183
"hsgt","speed","left","left",0.4363
"hsgt","accuracy","left","left",0.4288
"hsgt","accuracy","right","right",0.5324
"hsgt","speed","right","right",0.306
"hsgt","speed","left","left",0.3185
"hsgt","neutral","right","right",0.5318
"hsgt","accuracy","right","right",0.3982
"hsgt","neutral","left","right",0.4231
"hsgt","neutral","left","left",0.513
"hsgt","speed","right","right",0.4218
"hsgt","speed","left","left",0.4315
"hsgt","speed","right","right",0.4203
"hsgt","neutral","right","right",0.3988
"hsgt","speed","right","right",0.3628
"hsgt","neutral","left","left",0.3841
"hsgt","neutral","left","left",0.3766
"hsgt","accuracy","left","left",0.4872
"hsgt","neutral","left","left",0.3097
"hsgt","accuracy","right","right",0.4237
"hsgt","accuracy","left","left",0.369
"hsgt","neutral","right","right",0.4345
"hsgt","neutral","right","right",0.4254
"hsgt","accuracy","right","right",0.3727
"hsgt","speed","right","right",0.5691
"hsgt","neutral","right","right",0.4491
"hsgt","speed","right","right",0.361
"hsgt","accuracy","left","left",0.3908
"hsgt","neutral","left","left",0.4558
"hsgt","neutral","left","left",0.3858
"hsgt","speed","left","left",0.3147
"hsgt","neutral","right","right",0.4091
"hsgt","speed","right","right",0.2955
"hsgt","speed","left","left",0.316
"hsgt","speed","left","left",0.2995
"hsgt","accuracy","left","left",0.4873
"hsgt","speed","left","left",0.4146
"hsgt","speed","right","right",0.3106
"hsgt","accuracy","left","left",0.4336
"hsgt","speed","right","right",0.3792
"hsgt","neutral","left","left",0.4435
"hsgt","accuracy","left","left",0.3671
"hsgt","accuracy","left","left",0.3931
"hsgt","speed","left","left",0.3884
"hsgt","neutral","right","right",0.5039
"hsgt","speed","right","right",0.3216
"hsgt","accuracy","left","left",0.5613
"hsgt","neutral","right","right",0.4199
"hsgt","accuracy","left","left",0.4348
"hsgt","accuracy","left","left",0.4994
"hsgt","neutral","left","right",0.4669
"hsgt","neutral","right","right",0.9911
"hsgt","neutral","right","right",0.3745
"hsgt","neutral","right","right",0.3468
"hsgt","neutral","left","right",0.5849
"hsgt","accuracy","right","right",0.6537
"hsgt","speed","right","right",0.3838
"hsgt","accuracy","right","right",1.1271
"hsgt","accuracy","left","left",0.4382
"hsgt","accuracy","right","right",0.4446
"hsgt","accuracy","right","right",0.5027
"hsgt","neutral","left","left",0.4519
"hsgt","neutral","left","left",0.3568
"hsgt","accuracy","right","right",0.4746
"hsgt","neutral","right","right",0.403
"hsgt","accuracy","right","right",0.4628
"hsgt","accuracy","right","right",0.3359
"hsgt","accuracy","left","left",0.4553
"hsgt","speed","right","right",0.356
"hsgt","neutral","left","left",0.4382
"hsgt","accuracy","right","right",0.3618
"hsgt","speed","left","left",0.477
"hsgt","accuracy","right","right",0.4959
"hsgt","neutral","left","left",0.5604
"hsgt","speed","left","right",0.4498
"hsgt","accuracy","right","right",0.4859
"hsgt","accuracy","left","left",0.3956
"hsgt","accuracy","right","right",0.3899
"hsgt","accuracy","right","right",0.3826
"hsgt","accuracy","right","right",0.4047
"hsgt","accuracy","left","left",0.4421
"hsgt","accuracy","right","right",0.432
"hsgt","accuracy","right","right",0.3612
"hsgt","neutral","right","right",0.4464
"hsgt","speed","right","right",0.3067
"hsgt","speed","left","left",0.4099
"hsgt","accuracy","right","right",0.3845
"hsgt","accuracy","left","left",0.365
"hsgt","speed","right","right",0.4171
"hsgt","speed","left","left",0.427
"hsgt","accuracy","left","left",0.3779
"hsgt","accuracy","left","left",0.3902
"hsgt","accuracy","right","right",0.4283
"hsgt","accuracy","right","right",0.3591
"hsgt","neutral","right","right",0.4295
"hsgt","speed","left","left",0.3858
"hsgt","neutral","left","left",0.5826
"hsgt","accuracy","left","left",0.5347
"hsgt","accuracy","left","left",0.4783
"hsgt","neutral","left","left",0.5278
"hsgt","neutral","left","left",0.4954
"hsgt","accuracy","right","right",0.4154
"hsgt","speed","left","left",0.402
"hsgt","neutral","right","right",0.391
"hsgt","neutral","right","right",0.4071
"hsgt","neutral","left","left",0.4005
"hsgt","neutral","left","left",0.405
"hsgt","speed","right","right",0.3953
"hsgt","neutral","right","right",0.3314
"hsgt","accuracy","right","right",0.3693
"hsgt","speed","right","right",0.3402
"hsgt","accuracy","right","right",0.3236
"hsgt","accuracy","left","left",0.4414
"hsgt","accuracy","right","right",0.4184
"hsgt","neutral","left","left",0.4243
"hsgt","neutral","right","right",0.5143
"hsgt","neutral","left","left",0.4321
"hsgt","speed","right","right",0.2881
"hsgt","accuracy","right","right",0.3879
"hsgt","neutral","right","right",0.5262
"hsgt","speed","right","right",0.3314
"hsgt","accuracy","right","right",0.3623
"hsgt","speed","left","left",0.3521
"hsgt","neutral","right","right",0.4128
"hsgt","neutral","right","right",0.3616
"hsgt","neutral","right","right",0.3509
"hsgt","accuracy","left","left",0.425
"hsgt","neutral","right","right",0.3924
"hsgt","speed","left","left",0.3158
"hsgt","accuracy","right","right",0.4524
"hsgt","speed","left","right",0.2628
"hsgt","accuracy","left","left",0.3588
"hsgt","neutral","left","left",0.3984
"hsgt","neutral","right","right",0.399
"hsgt","accuracy","right","right",0.3633
"hsgt","accuracy","left","left",0.3344
"hsgt","speed","right","right",0.2957
"hsgt","speed","right","right",0.2823
"hsgt","accuracy","right","left",0.3638
"hsgt","neutral","right","right",0.3246
"hsgt","accuracy","right","right",0.3216
"hsgt","speed","left","left",0.3147
"hsgt","speed","right","right",0.3829
"hsgt","speed","left","left",0.3726
"hsgt","speed","left","left",0.4367
"hsgt","neutral","right","right",0.3337
"hsgt","neutral","right","right",0.324
"hsgt","neutral","right","right",0.3216
"hsgt","accuracy","right","right",0.3235
"hsgt","accuracy","left","left",0.4038
"hsgt","speed","right","right",0.3288
"hsgt","accuracy","left","left",0.455
"hsgt","neutral","right","right",0.3853
"hsgt","accuracy","left","left",0.4131
"hsgt","accuracy","left","left",0.3231
"hsgt","speed","right","left",0.2912
"hsgt","accuracy","right","right",0.3392
"hsgt","neutral","right","right",0.338
"hsgt","speed","right","right",0.36
"hsgt","accuracy","right","right",1.0742
"hsgt","speed","left","left",0.4033
"hsgt","accuracy","left","left",0.3914
"hsgt","accuracy","left","left",0.3436
"hsgt","speed","right","right",0.3388
"hsgt","speed","right","right",0.2965
"hsgt","speed","left","left",0.3903
"hsgt","accuracy","right","right",0.5255
"hsgt","accuracy","left","left",0.967
"hsgt","accuracy","left","left",0.6246
"hsgt","accuracy","left","left",0.5042
"hsgt","speed","right","right",0.3546
"hsgt","neutral","left","left",0.7214
"hsgt","speed","left","left",0.3918
"hsgt","speed","left","left",0.3467
"hsgt","neutral","right","right",0.519
"hsgt","neutral","left","left",0.395
"hsgt","neutral","left","right",0.4048
"hsgt","neutral","left","left",0.5998
"hsgt","accuracy","left","left",0.4292
"hsgt","accuracy","right","right",0.4857
"hsgt","accuracy","left","left",0.4086
"hsgt","accuracy","left","left",0.3925
"hsgt","speed","right","right",0.5618
"hsgt","speed","right","right",0.2882
"hsgt","accuracy","left","left",0.5795
"hsgt","speed","left","left",0.3912
"hsgt","neutral","left","left",0.3954
"hsgt","speed","right","right",0.3306
"hsgt","accuracy","right","right",0.6467
"hsgt","neutral","left","left",0.5004
"hsgt","accuracy","left","left",0.4017
"hsgt","accuracy","left","left",0.4558
"hsgt","neutral","right","right",0.679
"hsgt","neutral","right","right",0.7317
"hsgt","neutral","right","right",0.8292
"hsgt","accuracy","right","right",1.143
"hsgt","accuracy","right","right",0.6602
"hsgt","neutral","right","right",0.5476
"hsgt","neutral","right","right",0.9031
"hsgt","speed","left","left",0.5154
"hsgt","neutral","left","left",0.5337
"hsgt","accuracy","right","right",0.739
"hsgt","accuracy","left","left",0.5522
"hsgt","accuracy","left","left",0.3907
"hsgt","neutral","right","right",0.4791
"hsgt","speed","left","left",0.2834
"hsgt","speed","right","right",0.3578
"hsgt","speed","left","left",0.3999
"hsgt","neutral","left","left",0.5031
"hsgt","speed","left","left",0.404
"hsgt","speed","left","left",0.3506
"hsgt","accuracy","right","right",0.6091
"hsgt","speed","right","right",0.4349
"hsgt","neutral","right","right",0.3977
"hsgt","speed","left","left",0.3293
"hsgt","accuracy","right","right",0.4735
"hsgt","speed","right","right",0.3863
"hsgt","accuracy","left","left",0.6271
"hsgt","neutral","left","left",0.6125
"hsgt","speed","left","left",0.371
"hsgt","accuracy","left","left",0.4119
"hsgt","speed","left","left",0.5634
"hsgt","accuracy","right","right",1.2613
"hsgt","speed","right","right",0.5055
"hsgt","neutral","left","left",0.4516
"hsgt","neutral","right","right",0.4323
"hsgt","speed","right","right",0.4042
"hsgt","speed","left","left",0.5856
"hsgt","accuracy","left","left",0.6265
"hsgt","neutral","right","right",0.414
"hsgt","accuracy","left","left",0.4464
"hsgt","neutral","left","left",0.3765
"hsgt","speed","left","left",0.3736
"hsgt","speed","left","left",0.4028
"hsgt","speed","right","left",0.4491
"hsgt","accuracy","right","right",0.3841
"hsgt","neutral","right","right",0.3526
"hsgt","speed","right","right",0.2584
"hsgt","accuracy","right","right",0.382
"hsgt","neutral","right","right",0.5209
"hsgt","neutral","right","right",0.3224
"hsgt","speed","right","right",0.373
"hsgt","neutral","left","left",0.6546
"hsgt","accuracy","right","right",0.4073
"hsgt","accuracy","left","left",0.4661
"hsgt","accuracy","right","right",0.4168
"hsgt","speed","right","right",0.4314
"hsgt","speed","left","left",0.4415
"hsgt","speed","left","left",0.4096
"hsgt","accuracy","left","left",0.4719
"hsgt","neutral","right","right",0.815
"hsgt","neutral","right","right",0.3954
"hsgt","accuracy","left","left",0.4362
"hsgt","neutral","right","right",0.4283
"hsgt","accuracy","right","right",0.6192
"hsgt","neutral","right","right",0.9435
"hsgt","speed","right","right",0.4033
"hsgt","accuracy","left","left",0.4382
"hsgt","neutral","left","left",0.4775
"hsgt","speed","right","right",0.4753
"hsgt","speed","right","right",0.4001
"hsgt","speed","right","right",0.3258
"hsgt","speed","right","left",0.2562
"hsgt","accuracy","right","right",0.697
"hsgt","neutral","left","left",0.5649
"hsgt","accuracy","left","left",0.4311
"hsgt","accuracy","left","left",0.3953
"hsgt","neutral","left","left",0.479
"hsgt","neutral","right","right",0.5765
"hsgt","neutral","right","right",0.4664
"hsgt","neutral","left","left",0.5809
"hsgt","speed","right","right",0.434
"hsgt","speed","right","right",0.3461
"hsgt","accuracy","right","right",0.4525
"hsgt","speed","right","right",0.3427
"hsgt","speed","left","left",0.4007
"hsgt","neutral","right","left",0.6058
"hsgt","speed","left","right",0.5379
"hsgt","speed","right","right",0.4756
"hsgt","accuracy","right","right",1.1011
"hsgt","neutral","right","right",0.4438
"hsgt","speed","left","left",0.4818
"hsgt","accuracy","left","left",1.043
"hsgt","accuracy","left","left",1.0604
"hsgt","accuracy","left","left",0.3587
"hsgt","neutral","right","right",0.4062
"hsgt","speed","left","left",0.3871
"hsgt","accuracy","left","right",0.4173
"hsgt","accuracy","left","left",0.6358
"hsgt","accuracy","left","left",0.5875
"hsgt","speed","right","right",0.3402
"hsgt","speed","right","right",0.2954
"hsgt","speed","left","left",0.4647
"hsgt","accuracy","left","left",0.5645
"hsgt","speed","left","left",0.3714
"hsgt","accuracy","left","left",0.3225
"hsgt","speed","right","right",0.3902
"hsgt","speed","right","right",0.345
"hsgt","neutral","left","left",0.4701
"hsgt","accuracy","right","right",0.4111
"hsgt","speed","right","right",0.3764
"hsgt","neutral","left","left",0.6419
"hsgt","speed","left","right",0.3601
"hsgt","speed","left","right",0.4333
"hsgt","speed","left","left",0.6481
"hsgt","neutral","left","left",0.4909
"hsgt","neutral","left","left",0.4805
"hsgt","speed","right","right",0.3901
"hsgt","accuracy","right","right",0.4831
"hsgt","accuracy","right","right",0.405
"hsgt","speed","right","right",0.5027
"hsgt","speed","left","left",0.5029
"hsgt","accuracy","left","left",0.3767
"hsgt","neutral","left","left",0.4491
"hsgt","speed","left","left",0.4973
"hsgt","neutral","right","right",0.4505
"hsgt","neutral","right","right",0.3412
"hsgt","accuracy","right","right",0.3293
"hsgt","accuracy","right","right",0.5813
"hsgt","speed","left","left",0.4527
"hsgt","neutral","left","right",0.5673
"hsgt","neutral","right","right",0.5098
"hsgt","neutral","left","left",0.3701
"hsgt","neutral","left","left",0.5529
"hsgt","neutral","right","right",0.4235
"hsgt","neutral","right","right",0.3412
"hsgt","speed","right","right",0.3579
"hsgt","accuracy","right","right",0.3545
"hsgt","neutral","right","right",0.4746
"hsgt","speed","right","right",0.3814
"hsgt","accuracy","right","right",0.4965
"hsgt","neutral","right","right",0.416
"hsgt","neutral","right","right",0.4523
"hsgt","accuracy","left","left",0.4898
"hsgt","neutral","left","left",0.4786
"hsgt","neutral","left","left",0.4107
"hsgt","neutral","right","left",0.4476
"hsgt","speed","right","right",0.4364
"hsgt","neutral","left","left",0.9915
"hsgt","speed","left","left",0.3557
"hsgt","accuracy","left","left",0.3029
"hsgt","accuracy","left","left",0.3243
"hsgt","neutral","right","right",0.4618
"hsgt","accuracy","left","left",0.6564
"hsgt","accuracy","right","right",0.5155
"hsgt","speed","left","right",0.2847
"hsgt","neutral","right","right",0.3896
"hsgt","accuracy","left","left",0.4583
"hsgt","speed","right","right",0.4717
"hsgt","speed","left","left",0.4034
"hsgt","accuracy","left","left",0.3878
"hsgt","speed","right","right",0.5875
"hsgt","neutral","left","left",0.426
"hsgt","speed","left","left",0.4174
"hsgt","speed","right","left",0.4035
"hsgt","speed","left","left",0.4008
"hsgt","accuracy","left","left",0.4715
"hsgt","speed","right","right",0.3501
"hsgt","speed","right","right",0.3373
"hsgt","speed","left","left",0.3932
"hsgt","speed","right","right",0.4139
"hsgt","neutral","left","left",0.8382
"hsgt","neutral","left","left",0.4455
"hsgt","neutral","right","right",0.2761
"hsgt","neutral","left","left",0.3924
"hsgt","speed","left","left",0.3377
"hsgt","accuracy","right","right",0.6074
"hsgt","neutral","left","right",0.5131
"hsgt","neutral","right","right",0.5503
"hsgt","accuracy","left","left",0.6944
"hsgt","accuracy","right","right",0.4893
"hsgt","neutral","right","right",0.4431
"hsgt","speed","right","right",0.5737
"hsgt","speed","right","right",0.3664
"hsgt","speed","right","right",0.4558
"hsgt","neutral","right","right",0.9952
"hsgt","neutral","right","right",0.5605
"hsgt","speed","right","right",0.4467
"hsgt","accuracy","left","left",0.4201
"kd6t","speed","left","left",0.3621
"kd6t","speed","right","right",0.434
"kd6t","accuracy","right","left",0.3549
"kd6t","speed","left","left",0.4321
"kd6t","accuracy","left","left",0.4249
"kd6t","neutral","right","left",0.3499
"kd6t","speed","left","left",0.3905
"kd6t","neutral","right","left",0.3595
"kd6t","accuracy","left","left",0.36
"kd6t","neutral","left","left",0.5053
"kd6t","neutral","right","right",0.5324
"kd6t","accuracy","right","left",0.3882
"kd6t","neutral","right","right",0.5195
"kd6t","accuracy","right","right",0.4474
"kd6t","speed","right","right",0.3758
"kd6t","neutral","left","right",0.3875
"kd6t","speed","left","left",0.4207
"kd6t","accuracy","right","right",0.4586
"kd6t","neutral","left","left",0.4973
"kd6t","speed","left","left",0.3703
"kd6t","accuracy","right","left",0.3707
"kd6t","accuracy","right","right",0.4797
"kd6t","speed","right","right",0.4068
"kd6t","neutral","left","left",0.4489
"kd6t","speed","right","right",0.4909
"kd6t","neutral","left","right",0.3854
"kd6t","neutral","right","right",0.6234
"kd6t","neutral","right","right",0.3705
"kd6t","speed","left","left",0.3066
"kd6t","accuracy","right","right",0.423
"kd6t","speed","left","left",0.3603
"kd6t","speed","right","left",0.3172
"kd6t","accuracy","left","left",0.4977
"kd6t","neutral","right","right",0.4842
"kd6t","speed","right","right",0.3715
"kd6t","accuracy","right","right",0.3613
"kd6t","accuracy","left","right",0.3806
"kd6t","accuracy","left","left",0.5607
"kd6t","accuracy","left","left",0.5692
"kd6t","neutral","right","right",0.4678
"kd6t","accuracy","left","right",0.6377
"kd6t","speed","right","right",0.4193
"kd6t","speed","right","right",0.3651
"kd6t","accuracy","left","right",0.9202
"kd6t","speed","right","left",0.4124
"kd6t","accuracy","left","right",0.4695
"kd6t","accuracy","left","right",0.5542
"kd6t","speed","right","left",0.4212
"kd6t","neutral","right","right",0.5105
"kd6t","accuracy","left","left",0.667
"kd6t","accuracy","left","left",0.5767
"kd6t","speed","right","right",0.5254
"kd6t","neutral","right","right",0.608
"kd6t","neutral","left","left",0.561
"kd6t","accuracy","right","right",0.5763
"kd6t","accuracy","left","left",0.4869
"kd6t","accuracy","left","left",0.4767
"kd6t","accuracy","left","left",0.4049
"kd6t","speed","left","left",0.336
"kd6t","neutral","right","right",0.3799
"kd6t","accuracy","left","right",0.3878
"kd6t","neutral","left","left",0.424
"kd6t","speed","right","right",0.4204
"kd6t","speed","left","left",0.3967
"kd6t","speed","left","left",0.3683
"kd6t","neutral","right","right",0.3952
"kd6t","speed","right","right",0.5027
"kd6t","speed","right","right",0.5096
"kd6t","accuracy","right","left",0.5347
"kd6t","speed","right","left",0.4135
"kd6t","accuracy","right","right",0.5039
"kd6t","speed","right","right",0.4949
"kd6t","accuracy","right","right",0.38
"kd6t","speed","left","left",0.366
"kd6t","speed","left","right",0.3666
"kd6t","accuracy","right","right",0.4842
"kd6t","speed","right","right",0.4468
"kd6t","accuracy","right","right",0.4188
"kd6t","speed","right","left",0.3489
"kd6t","neutral","left","left",0.4836
"kd6t","neutral","right","right",0.5098
"kd6t","accuracy","right","right",0.3882
"kd6t","speed","right","right",0.3819
"kd6t","accuracy","right","right",0.4461
"kd6t","speed","left","left",0.4726
"kd6t","speed","left","left",0.3686
"kd6t","speed","left","left",0.4199
"kd6t","accuracy","right","left",0.4153
"kd6t","neutral","left","right",0.4638
"kd6t","accuracy","right","right",0.5603
"kd6t","accuracy","right","left",0.4426
"kd6t","speed","right","right",0.3943
"kd6t","neutral","left","left",0.408
"kd6t","accuracy","right","right",0.3545
"kd6t","accuracy","right","right",0.4075
"kd6t","speed","right","left",0.3422
"kd6t","neutral","right","right",0.3985
"kd6t","neutral","left","left",0.3957
"kd6t","accuracy","right","right",0.4205
"kd6t","accuracy","right","right",0.441
"kd6t","neutral","left","left",0.4384
"kd6t","accuracy","left","right",0.5295
"kd6t","accuracy","right","right",0.4153
"kd6t","neutral","right","right",0.4854
"kd6t","speed","left","left",0.5071
"kd6t","accuracy","right","right",0.4085
"kd6t","neutral","right","right",0.3777
"kd6t","accuracy","left","left",0.5231
"kd6t","accuracy","right","right",0.469
"kd6t","accuracy","right","right",0.537
"kd6t","accuracy","left","left",0.5115
"kd6t","accuracy","right","right",0.4994
"kd6t","accuracy","left","left",0.4236
"kd6t","accuracy","left","right",0.4666
"kd6t","speed","right","left",0.3555
"kd6t","speed","left","left",0.5054
"kd6t","accuracy","right","right",0.3982
"kd6t","accuracy","right","right",0.3762
"kd6t","neutral","left","left",0.5172
"kd6t","accuracy","left","left",0.4389
"kd6t","accuracy","right","right",0.4351
"kd6t","neutral","left","right",0.4257
"kd6t","speed","right","left",0.3486
"kd6t","neutral","right","right",0.3736
"kd6t","speed","right","right",0.588
"kd6t","neutral","right","left",0.5136
"kd6t","neutral","left","left",0.6239
"kd6t","neutral","right","right",0.4405
"kd6t","speed","right","right",0.4047
"kd6t","accuracy","right","right",0.4606
"kd6t","accuracy","right","right",0.4253
"kd6t","neutral","left","left",0.4674
"kd6t","accuracy","right","right",0.3779
"kd6t","accuracy","right","right",0.3917
"kd6t","accuracy","right","right",0.4172
"kd6t","neutral","left","left",0.5122
"kd6t","neutral","left","right",0.4502
"kd6t","neutral","right","left",0.3751
"kd6t","accuracy","right","right",0.4724
"kd6t","neutral","left","right",0.5188
"kd6t","neutral","left","left",0.7021
"kd6t","accuracy","left","left",0.5399
"kd6t","accuracy","left","left",0.6316
"kd6t","speed","right","right",0.4038
"kd6t","neutral","left","right",0.4061
"kd6t","accuracy","left","left",0.5066
"kd6t","neutral","right","right",0.435
"kd6t","accuracy","left","left",0.4467
"kd6t","neutral","left","right",0.39
"kd6t","speed","left","left",0.4232
"kd6t","speed","right","right",0.4447
"kd6t","accuracy","right","right",0.4402
"kd6t","neutral","right","right",0.403
"kd6t","speed","left","right",0.3601
"kd6t","accuracy","left","left",0.3653
"kd6t","speed","left","left",0.3558
"kd6t","neutral","left","right",0.4143
"kd6t","accuracy","right","right",0.6716
"kd6t","accuracy","left","left",0.4683
"kd6t","accuracy","right","right",0.4095
"kd6t","accuracy","right","right",0.474
"kd6t","speed","left","right",0.5337
"kd6t","speed","right","right",0.4405
"kd6t","accuracy","right","right",0.406
"kd6t","speed","right","right",0.4072
"kd6t","neutral","left","right",0.3864
"kd6t","neutral","right","left",0.4001
"kd6t","neutral","right","right",0.4014
"kd6t","speed","left","left",0.435
"kd6t","neutral","right","right",0.3779
"kd6t","neutral","left","left",0.4318
"kd6t","accuracy","right","right",0.3754
"kd6t","accuracy","right","right",0.3994
"kd6t","neutral","left","left",0.4231
"kd6t","accuracy","right","right",0.463
"kd6t","accuracy","right","left",0.4221
"kd6t","neutral","left","left",0.6378
"kd6t","neutral","left","right",0.392
"kd6t","accuracy","left","left",0.5393
"kd6t","neutral","left","left",0.4356
"kd6t","speed","right","left",0.4581
"kd6t","speed","left","right",0.3163
"kd6t","accuracy","left","left",0.4235
"kd6t","accuracy","left","left",0.4296
"kd6t","accuracy","left","left",0.4173
"kd6t","speed","left","right",0.3907
"kd6t","neutral","right","left",0.5638
"kd6t","speed","left","right",0.475
"kd6t","accuracy","left","left",0.4341
"kd6t","speed","left","right",0.4444
"kd6t","accuracy","left","right",0.5077
"kd6t","accuracy","left","left",0.3859
"kd6t","speed","right","right",0.4274
"kd6t","accuracy","left","right",0.4047
"kd6t","accuracy","left","left",0.5066
"kd6t","speed","left","left",0.3477
"kd6t","neutral","right","right",0.4414
"kd6t","accuracy","left","right",0.6052
"kd6t","neutral","left","left",0.4585
"kd6t","accuracy","right","right",0.5251
"kd6t","neutral","right","left",0.5263
"kd6t","accuracy","right","right",0.4751
"kd6t","speed","right","right",0.3892
"kd6t","speed","right","right",0.4057
"kd6t","neutral","right","right",0.4539
"kd6t","accuracy","left","left",0.386
"kd6t","speed","left","right",0.3913
"kd6t","neutral","right","right",0.413
"kd6t","speed","left","left",0.3924
"kd6t","speed","left","right",0.3886
"kd6t","speed","left","left",0.3654
"kd6t","accuracy","left","right",0.4305
"kd6t","neutral","left","left",0.4085
"kd6t","neutral","left","right",0.4056
"kd6t","neutral","left","left",0.5524
"kd6t","speed","right","right",0.377
"kd6t","neutral","left","right",0.4386
"kd6t","neutral","right","right",0.5974
"kd6t","neutral","right","right",0.5118
"kd6t","accuracy","left","left",0.4209
"kd6t","neutral","left","right",0.6598
"kd6t","speed","right","right",0.5104
"kd6t","accuracy","left","left",0.4465
"kd6t","accuracy","right","right",0.3844
"kd6t","accuracy","left","left",0.4814
"kd6t","neutral","right","right",0.5011
"kd6t","accuracy","left","left",0.5079
"kd6t","accuracy","right","right",0.461
"kd6t","accuracy","right","right",0.382
"kd6t","speed","left","right",0.4163
"kd6t","speed","right","left",0.4014
"kd6t","speed","left","right",0.3148
"kd6t","accuracy","left","left",0.4972
"kd6t","neutral","right","left",0.4412
"kd6t","neutral","left","right",0.4494
"kd6t","speed","left","left",0.3181
"kd6t","neutral","right","left",0.3992
"kd6t","neutral","right","right",0.3813
"kd6t","speed","left","left",0.4214
"kd6t","neutral","left","right",0.4937
"kd6t","neutral","right","left",0.5948
"kd6t","neutral","left","left",0.5011
"kd6t","accuracy","left","left",0.5374
"kd6t","accuracy","right","right",0.4947
"kd6t","speed","right","right",0.4181
"kd6t","accuracy","left","right",0.4044
"kd6t","speed","left","right",0.4541
"kd6t","accuracy","right","right",0.4291
"kd6t","speed","left","left",0.4842
"kd6t","accuracy","right","right",0.5441
"kd6t","speed","left","left",0.3324
"kd6t","accuracy","right","right",0.5543
"kd6t","speed","left","left",0.4523
"kd6t","accuracy","right","right",0.6557
"kd6t","accuracy","right","right",0.6661
"kd6t","accuracy","left","left",0.4959
"kd6t","accuracy","left","right",0.5434
"kd6t","speed","left","left",0.4258
"kd6t","neutral","right","left",0.4271
"kd6t","speed","left","left",0.4071
"kd6t","accuracy","right","right",0.3912
"kd6t","speed","left","left",0.5765
"kd6t","accuracy","left","right",0.606
"kd6t","speed","left","left",0.4086
"kd6t","accuracy","right","left",0.4131
"kd6t","speed","left","left",0.4067
"kd6t","neutral","right","right",0.4003
"kd6t","accuracy","right","right",0.6734
"kd6t","speed","right","right",0.3995
"kd6t","accuracy","right","left",0.4529
"kd6t","accuracy","left","left",0.5297
"kd6t","accuracy","left","left",0.4465
"kd6t","speed","right","right",0.7313
"kd6t","speed","right","left",0.6069
"kd6t","neutral","left","left",0.5319
"kd6t","neutral","right","right",0.6325
"kd6t","speed","right","left",0.3285
"kd6t","neutral","left","left",0.5535
"kd6t","accuracy","left","left",0.5623
"kd6t","speed","left","left",0.7968
"kd6t","neutral","left","left",0.4263
"kd6t","accuracy","left","left",0.675
"kd6t","neutral","right","right",0.5929
"kd6t","accuracy","right","right",0.7079
"kd6t","speed","right","left",0.3348
"kd6t","neutral","left","left",0.6917
"kd6t","accuracy","right","right",0.5495
"kd6t","neutral","left","left",0.5357
"kd6t","speed","left","left",0.4258
"kd6t","neutral","left","right",0.4328
"kd6t","speed","right","right",0.4878
"kd6t","accuracy","right","right",0.6076
"kd6t","neutral","left","right",0.4804
"kd6t","accuracy","right","left",0.7285
"kd6t","speed","right","right",0.3761
"kd6t","neutral","left","left",0.4472
"kd6t","accuracy","left","left",0.4682
"kd6t","neutral","left","right",0.7373
"kd6t","neutral","left","left",0.432
"kd6t","neutral","right","right",0.6435
"kd6t","speed","left","left",0.5928
"kd6t","accuracy","left","right",0.4893
"kd6t","speed","left","right",0.4418
"kd6t","neutral","left","right",0.5477
"kd6t","speed","left","left",0.4891
"kd6t","accuracy","right","left",0.4576
"kd6t","speed","right","right",0.4603
"kd6t","accuracy","right","right",0.3866
"kd6t","accuracy","right","right",0.5744
"kd6t","speed","right","left",0.3653
"kd6t","accuracy","left","left",0.6031
"kd6t","speed","right","right",0.4803
"kd6t","speed","right","right",0.3879
"kd6t","accuracy","left","left",0.4581
"kd6t","accuracy","left","left",0.5832
"kd6t","speed","left","right",0.3444
"kd6t","accuracy","right","right",0.4619
"kd6t","accuracy","right","right",0.5298
"kd6t","speed","left","right",0.4281
"kd6t","neutral","right","right",0.3716
"kd6t","accuracy","right","left",0.4828
"kd6t","neutral","left","right",0.4156
"kd6t","neutral","left","left",0.4242
"kd6t","accuracy","right","left",0.4367
"kd6t","neutral","right","right",0.5036
"kd6t","neutral","left","left",0.4784
"kd6t","accuracy","right","right",0.5061
"kd6t","accuracy","left","left",0.4616
"kd6t","accuracy","right","right",0.4917
"kd6t","neutral","left","left",0.7391
"kd6t","accuracy","left","left",0.6835
"kd6t","accuracy","left","left",0.6128
"kd6t","speed","left","left",0.3923
"kd6t","accuracy","left","left",0.5205
"kd6t","accuracy","left","left",0.486
"kd6t","accuracy","left","left",0.4894
"kd6t","neutral","right","left",0.6475
"kd6t","neutral","left","left",0.5788
"kd6t","neutral","right","right",0.5655
"kd6t","neutral","right","left",0.5209
"kd6t","accuracy","left","right",0.4675
"kd6t","speed","right","right",0.4448
"kd6t","accuracy","left","left",0.6228
"kd6t","accuracy","right","right",0.4817
"kd6t","accuracy","right","right",0.4952
"kd6t","accuracy","right","left",0.6015
"kd6t","accuracy","left","right",0.4713
"kd6t","speed","right","left",0.4538
"kd6t","speed","left","right",0.6297
"kd6t","neutral","left","left",0.4196
"kd6t","speed","right","left",0.4398
"kd6t","neutral","right","right",0.3617
"kd6t","speed","right","right",0.5513
"kd6t","speed","left","left",0.6514
"kd6t","accuracy","right","left",0.6011
"kd6t","accuracy","left","right",0.5092
"kd6t","speed","right","left",0.6722
"kd6t","accuracy","right","right",0.4483
"kd6t","accuracy","left","left",0.5915
"kd6t","speed","left","right",0.4768
"kd6t","neutral","right","left",0.4316
"kd6t","neutral","left","right",0.5512
"kd6t","speed","left","left",0.532
"kd6t","speed","right","left",0.5006
"kd6t","speed","left","right",0.5212
"kd6t","neutral","left","left",0.4608
"kd6t","speed","right","right",0.4884
"kd6t","accuracy","right","left",0.5913
"kd6t","neutral","left","left",0.5237
"kd6t","neutral","left","left",0.6889
"kd6t","accuracy","right","left",0.5395
"kd6t","neutral","left","left",0.6593
"kd6t","speed","left","left",0.3565
"kd6t","neutral","left","left",0.4496
"kd6t","speed","right","left",0.5692
"kd6t","speed","right","left",0.523
"kd6t","speed","right","right",0.5495
"kd6t","accuracy","left","left",0.4608
"kd6t","neutral","left","left",0.4477
"kd6t","neutral","left","right",0.5583
"kd6t","neutral","left","left",0.5565
"kd6t","speed","right","left",0.3967
"kd6t","neutral","left","left",0.4944
"kd6t","accuracy","left","left",0.8057
"kd6t","accuracy","right","right",0.5467
"kd6t","neutral","right","left",0.6975
"kd6t","speed","right","right",0.3763
"kd6t","neutral","right","right",0.4295
"kd6t","neutral","right","left",0.7108
"kd6t","accuracy","left","right",0.43
"kd6t","accuracy","left","left",0.5536
"kd6t","accuracy","right","right",0.5278
"kd6t","speed","left","right",0.4995
"kd6t","neutral","right","right",0.6479
"kd6t","neutral","left","left",0.5222
"kd6t","accuracy","left","left",0.7601
"kd6t","accuracy","left","left",0.5097
"kd6t","accuracy","right","right",0.5035
"kd6t","speed","left","right",0.4822
"kd6t","accuracy","left","right",0.506
"kd6t","neutral","left","right",0.6202
"kd6t","speed","right","right",0.5025
"kd6t","neutral","left","right",0.4846
"kd6t","accuracy","left","left",0.5088
"kd6t","neutral","left","left",0.5289
"kd6t","speed","left","right",0.6416
"kd6t","accuracy","right","right",0.6182
"kd6t","accuracy","right","right",0.7314
"kd6t","speed","right","right",0.6415
"kd6t","neutral","left","left",0.5292
"kd6t","accuracy","left","right",0.7305
"kd6t","neutral","right","right",0.5512
"kd6t","speed","right","left",0.6267
"kd6t","neutral","right","right",0.473
"kd6t","neutral","left","right",0.9092
"kd6t","neutral","right","left",0.6256
"kd6t","speed","right","right",0.5932
"kd6t","accuracy","left","left",0.9299
"kd6t","neutral","left","left",0.5175
"kd6t","speed","left","left",0.5961
"kd6t","neutral","right","right",0.5722
"kd6t","accuracy","left","right",0.471
"kd6t","speed","left","left",0.4454
"kd6t","accuracy","left","left",0.5216
"kd6t","accuracy","left","left",0.4967
"kd6t","speed","right","left",0.5352
"kd6t","speed","left","left",0.5019
"kd6t","speed","right","right",0.4014
"kd6t","neutral","left","right",0.6048
"kd6t","speed","right","right",0.5546
"kd6t","neutral","left","left",0.5232
"kd6t","accuracy","left","left",0.5334
"kd6t","neutral","right","right",0.5533
"kd6t","neutral","right","right",0.5777
"kd6t","neutral","right","right",0.6833
"kd6t","neutral","right","left",0.7285
"kd6t","accuracy","right","right",0.4732
"kd6t","accuracy","right","left",0.518
"kd6t","accuracy","left","left",0.7507
"kd6t","neutral","right","right",0.6241
"kd6t","neutral","right","right",0.5615
"kd6t","speed","left","right",0.5817
"kd6t","accuracy","right","right",0.6316
"kd6t","neutral","left","right",0.4945
"kd6t","accuracy","left","left",0.9853
"kd6t","accuracy","right","right",1.3001
"kd6t","speed","left","right",0.9039
"kd6t","neutral","right","right",0.4509
"kd6t","speed","right","right",0.6002
"kd6t","neutral","right","right",0.4586
"kd6t","speed","right","right",0.3225
"kd6t","neutral","left","right",0.519
"kd6t","accuracy","right","left",0.5897
"kd6t","neutral","left","left",0.6112
"kd6t","neutral","right","right",0.6198
"kd6t","accuracy","left","right",0.4532
"kd6t","speed","left","left",0.3949
"kd6t","speed","left","right",0.4876
"kd6t","neutral","right","left",0.6896
"kd6t","accuracy","left","left",0.6735
"kd6t","neutral","right","right",0.597
"kd6t","speed","right","right",0.3108
"kd6t","speed","right","right",0.5378
"kd6t","neutral","right","right",0.6707
"kd6t","accuracy","left","left",0.456
"kd6t","accuracy","left","right",0.5143
"kd6t","neutral","left","left",0.6705
"kd6t","neutral","left","left",0.5947
"kd6t","speed","right","right",0.642
"kd6t","accuracy","right","left",0.5201
"kd6t","accuracy","left","right",0.5473
"kd6t","accuracy","right","right",0.6775
"kd6t","speed","left","left",0.5288
"kd6t","speed","left","right",0.4954
"kd6t","speed","left","left",0.377
"kd6t","speed","right","right",0.486
"kd6t","speed","left","right",0.4854
"kd6t","accuracy","right","right",0.4388
"kd6t","speed","left","left",0.3497
"kd6t","speed","left","left",0.4071
"kd6t","neutral","right","right",0.5291
"kd6t","neutral","right","right",0.4505
"kd6t","neutral","left","right",0.4752
"kd6t","speed","left","right",0.451
"kd6t","neutral","left","right",0.5757
"kd6t","speed","right","right",0.5812
"kd6t","accuracy","left","left",0.5892
"kd6t","accuracy","right","right",0.5055
"kd6t","speed","left","right",0.7144
"kd6t","neutral","left","right",0.5422
"kd6t","accuracy","right","left",0.5596
"kd6t","neutral","left","left",0.6102
"kd6t","accuracy","right","right",0.7584
"kd6t","speed","right","right",0.7642
"kd6t","accuracy","left","left",0.6619
"kd6t","neutral","right","right",0.6574
"kd6t","speed","right","right",0.6846
"kd6t","speed","left","left",0.5608
"kd6t","speed","right","right",0.4251
"kd6t","speed","right","right",0.3518
"kd6t","neutral","right","right",0.4906
"kd6t","neutral","left","left",0.5188
"kd6t","speed","left","left",0.409
"kd6t","neutral","left","left",0.5634
"kd6t","speed","right","right",0.4542
"kd6t","speed","right","left",0.3629
"kd6t","accuracy","left","left",0.5253
"kd6t","speed","right","right",0.4146
"kd6t","neutral","left","left",0.4655
"kd6t","neutral","right","left",0.5669
"kd6t","speed","right","right",0.3684
"kd6t","speed","right","left",0.4009
"kd6t","neutral","left","left",0.4201
"kd6t","accuracy","right","right",0.583
"kd6t","accuracy","left","left",0.5695
"kd6t","neutral","left","left",0.5353
"kd6t","accuracy","left","right",0.4196
"kd6t","neutral","right","right",0.4466
"kd6t","neutral","right","right",0.584
"kd6t","neutral","left","right",0.5443
"kd6t","accuracy","right","right",0.4989
"kd6t","neutral","left","left",0.6255
"kd6t","accuracy","left","right",0.5662
"kd6t","speed","right","left",0.3104
"kd6t","accuracy","right","right",0.4485
"kd6t","speed","right","right",0.3992
"kd6t","neutral","left","left",0.7398
"kd6t","accuracy","right","right",0.505
"kd6t","speed","right","right",0.4272
"kd6t","accuracy","left","right",0.66
"kd6t","neutral","left","left",0.4383
"kd6t","neutral","right","left",0.5664
"kd6t","speed","right","left",0.5029
"kd6t","speed","right","right",0.5332
"kd6t","neutral","left","right",0.47
"kd6t","neutral","right","right",0.5299
"kd6t","neutral","left","left",0.6581
"kd6t","neutral","right","left",0.5854
"kd6t","neutral","right","right",0.4153
"kd6t","neutral","left","right",0.4405
"kd6t","speed","left","left",0.4702
"kd6t","neutral","left","right",0.4596
"kd6t","accuracy","left","right",0.4704
"kd6t","neutral","right","right",0.4769
"kd6t","speed","left","left",0.4058
"kd6t","accuracy","left","left",0.6404
"kd6t","accuracy","left","left",0.4775
"kd6t","neutral","left","left",0.4826
"kd6t","accuracy","left","left",0.4925
"kd6t","neutral","right","left",0.3776
"kd6t","accuracy","left","right",0.4292
"kd6t","neutral","left","left",0.4261
"kd6t","accuracy","left","right",0.5291
"kd6t","accuracy","left","left",0.7682
"kd6t","neutral","left","right",0.4632
"kd6t","speed","left","right",0.5321
"kd6t","accuracy","right","right",0.4586
"kd6t","accuracy","right","right",0.4278
"kd6t","neutral","right","right",0.4336
"kd6t","speed","left","left",0.4059
"kd6t","neutral","left","left",0.4735
"kd6t","speed","left","left",0.5226
"kd6t","accuracy","right","right",0.5099
"kd6t","speed","right","right",0.4436
"kd6t","speed","right","right",0.4965
"kd6t","speed","right","left",0.631
"kd6t","accuracy","right","right",0.4975
"kd6t","neutral","left","right",0.4965
"kd6t","neutral","right","right",0.5225
"kd6t","speed","right","left",0.4041
"kd6t","neutral","left","left",0.4448
"kd6t","neutral","right","left",0.4401
"kd6t","accuracy","right","right",0.4295
"kd6t","neutral","left","left",0.564
"kd6t","accuracy","right","right",0.4641
"kd6t","speed","right","left",0.5586
"kd6t","neutral","left","left",0.5519
"kd6t","speed","left","left",0.4597
"kd6t","neutral","right","right",0.5122
"kd6t","speed","left","left",0.346
"kd6t","speed","left","left",0.3931
"kd6t","speed","right","right",0.4973
"kd6t","neutral","left","left",0.4373
"kd6t","accuracy","left","left",0.4742
"kd6t","accuracy","right","right",0.5704
"kd6t","accuracy","right","right",0.5024
"kd6t","speed","right","right",0.431
"kd6t","accuracy","left","right",0.4344
"kd6t","accuracy","right","right",0.5134
"kd6t","neutral","left","left",0.5549
"kd6t","neutral","right","right",0.4913
"kd6t","speed","left","right",0.5945
"kd6t","accuracy","left","left",0.5442
"kd6t","neutral","left","left",0.6133
"kd6t","speed","left","right",0.3693
"kd6t","neutral","right","right",0.3978
"kd6t","speed","left","left",0.5681
"kd6t","speed","left","left",0.4245
"kd6t","neutral","right","right",0.3903
"kd6t","neutral","left","left",0.4603
"kd6t","accuracy","right","right",0.4529
"kd6t","accuracy","right","left",0.701
"kd6t","accuracy","left","left",0.5835
"kd6t","accuracy","right","right",0.6088
"kd6t","neutral","left","left",0.4579
"kd6t","speed","right","right",0.626
"kd6t","neutral","left","left",0.4501
"kd6t","neutral","left","left",0.4795
"kd6t","speed","right","right",0.4403
"kd6t","speed","left","left",0.6114
"kd6t","neutral","right","right",0.4039
"kd6t","accuracy","left","left",0.3743
"kd6t","speed","left","right",0.3797
"kd6t","neutral","right","right",0.3838
"kd6t","accuracy","left","left",0.4262
"kd6t","accuracy","left","left",0.4206
"kd6t","speed","right","right",0.3549
"kd6t","neutral","right","right",0.3934
"kd6t","speed","left","left",0.4129
"kd6t","neutral","left","left",0.4184
"kd6t","speed","right","right",0.4347
"kd6t","neutral","right","right",0.6691
"kd6t","speed","right","right",0.4714
"kd6t","neutral","left","left",0.4499
"kd6t","neutral","left","left",0.4932
"kd6t","accuracy","left","left",0.4085
"kd6t","accuracy","right","left",0.4768
"kd6t","neutral","left","left",0.4457
"kd6t","accuracy","left","right",0.4577
"kd6t","speed","left","left",0.3282
"kd6t","speed","left","right",0.4382
"kd6t","speed","right","left",0.5935
"kd6t","neutral","left","right",0.4295
"kd6t","neutral","right","left",0.4406
"kd6t","neutral","right","right",0.5878
"kd6t","accuracy","left","left",1.107
"kd6t","speed","left","right",0.294
"kd6t","speed","left","left",0.31
"kd6t","neutral","right","left",0.7755
"kd6t","accuracy","left","left",0.5412
"kd6t","speed","right","right",0.4453
"kd6t","neutral","right","left",0.3715
"kd6t","neutral","right","left",0.5737
"kd6t","neutral","left","right",0.5404
"kd6t","accuracy","right","left",0.425
"kd6t","accuracy","right","right",0.6311
"kd6t","speed","right","right",0.3092
"kd6t","neutral","right","right",0.4659
"kd6t","accuracy","right","right",0.7413
"kd6t","speed","left","left",0.5376
"kd6t","speed","right","left",0.4169
"kd6t","neutral","right","right",0.4149
"kd6t","neutral","left","left",0.5926
"kd6t","speed","right","right",0.5988
"kd6t","accuracy","right","right",0.47
"kd6t","neutral","left","right",0.4917
"kd6t","speed","left","right",0.6137
"kd6t","accuracy","right","left",0.6121
"kd6t","speed","right","left",0.5173
"kd6t","speed","right","left",0.4751
"kd6t","neutral","left","right",0.4563
"kd6t","accuracy","left","left",0.688
"kd6t","accuracy","left","left",0.5585
"kd6t","accuracy","right","left",0.8479
"kd6t","accuracy","right","left",0.618
"kd6t","speed","right","right",0.4071
"kd6t","neutral","right","right",0.367
"kd6t","speed","right","right",0.359
"kd6t","accuracy","right","left",0.6185
"kd6t","neutral","left","right",0.4973
"kd6t","speed","left","left",0.5172
"kd6t","neutral","right","right",0.6123
"kd6t","neutral","left","left",0.4972
"kd6t","speed","left","left",0.4718
"kd6t","neutral","right","right",0.5306
"kd6t","neutral","left","right",0.654
"kd6t","speed","left","left",0.3112
"kd6t","accuracy","left","left",0.5334
"kd6t","neutral","right","right",0.4614
"kd6t","speed","left","left",0.6608
"kd6t","speed","right","left",0.4636
"kd6t","speed","right","left",0.5403
"kd6t","speed","left","right",0.6005
"kd6t","neutral","left","left",0.5712
"kd6t","speed","right","left",0.508
"kd6t","neutral","left","right",0.5783
"kd6t","speed","left","left",0.4414
"kd6t","neutral","left","left",0.5243
"kd6t","neutral","left","right",0.664
"kd6t","accuracy","right","left",0.6721
"kd6t","accuracy","left","right",0.5178
"kd6t","neutral","left","right",0.5103
"kd6t","neutral","left","left",0.7315
"kd6t","accuracy","left","left",0.7031
"kd6t","accuracy","left","right",0.6963
"kd6t","neutral","right","right",0.8326
"kd6t","speed","right","right",0.4006
"kd6t","neutral","right","right",0.5082
"kd6t","speed","right","right",0.4323
"kd6t","accuracy","right","right",0.7192
"kd6t","neutral","right","right",0.7191
"kd6t","speed","left","right",0.5446
"kd6t","neutral","left","right",0.5745
"kd6t","speed","left","right",0.5561
"kd6t","neutral","left","right",0.4828
"kd6t","neutral","right","right",0.6459
"kd6t","neutral","right","right",0.5917
"kd6t","accuracy","right","left",0.7668
"kd6t","speed","left","right",0.4041
"kd6t","accuracy","left","left",0.3551
"kd6t","neutral","right","right",0.5307
"kd6t","neutral","left","left",0.5805
"kd6t","speed","right","left",0.316
"kd6t","neutral","right","right",0.3508
"kd6t","accuracy","left","right",0.4499
"kd6t","neutral","right","right",0.7562
"kd6t","accuracy","right","right",0.4782
"kd6t","accuracy","right","right",0.6881
"kd6t","speed","left","left",0.4525
"kd6t","speed","right","right",0.4441
"kd6t","accuracy","left","right",0.4418
"kd6t","accuracy","left","left",0.669
"kd6t","accuracy","right","right",0.5345
"kd6t","neutral","left","right",0.5767
"kd6t","neutral","left","right",0.5699
"kd6t","neutral","left","right",0.5356
"kd6t","accuracy","right","left",0.4535
"kd6t","speed","right","right",0.5993
"kd6t","speed","right","right",0.4836
"kd6t","neutral","left","left",0.4206
"kd6t","neutral","right","left",0.5053
"kd6t","speed","left","left",0.4443
"kd6t","accuracy","right","right",0.4629
"kd6t","speed","right","right",0.4521
"kd6t","accuracy","left","left",0.6235
"kd6t","neutral","left","right",0.4119
"kd6t","accuracy","right","right",0.4175
"kd6t","neutral","left","left",0.8526
"kd6t","neutral","left","left",0.4631
"kd6t","speed","left","left",0.3814
"kd6t","neutral","left","left",0.4892
"kd6t","neutral","right","right",0.4773
"kd6t","accuracy","left","left",0.5706
"kd6t","accuracy","left","left",0.4532
"kd6t","neutral","right","right",0.4577
"kd6t","accuracy","right","right",0.5529
"kd6t","neutral","left","right",0.6317
"kd6t","neutral","right","left",0.7764
"kd6t","neutral","right","right",0.6163
"kd6t","accuracy","right","right",0.5997
"kd6t","speed","left","right",0.3553
"kd6t","neutral","right","right",0.4244
"kd6t","neutral","right","right",0.5879
"kd6t","speed","left","right",0.581
"kd6t","neutral","right","right",0.4549
"kd6t","speed","right","right",0.4761
"kd6t","speed","left","right",0.3525
"kd6t","neutral","left","right",0.4445
"kd6t","neutral","left","left",0.3766
"kd6t","speed","right","left",0.3348
"kd6t","speed","left","left",0.3725
"kd6t","neutral","left","left",0.5045
"kd6t","neutral","left","left",0.4934
"kd6t","neutral","right","right",0.5303
"kd6t","neutral","right","left",0.6295
"kd6t","speed","left","left",0.6268
"kd6t","accuracy","left","left",0.5212
"kd6t","speed","right","right",0.4659
"kd6t","speed","left","right",0.4751
"kd6t","neutral","right","left",0.284
"kd6t","speed","right","right",0.36
"kd6t","accuracy","left","left",0.5295
"kd6t","accuracy","right","right",0.4524
"kd6t","speed","left","left",0.6049
"kd6t","accuracy","left","right",0.3873
"kd6t","neutral","right","right",0.7791
"kd6t","accuracy","left","right",0.4412
"kd6t","speed","left","left",0.3085
"kd6t","speed","left","right",0.4949
"kd6t","accuracy","right","right",0.4939
"kd6t","neutral","left","right",0.5486
"kd6t","accuracy","left","right",0.6787
"kd6t","accuracy","right","left",0.4241
"kd6t","accuracy","left","right",0.4882
"kd6t","accuracy","right","left",1.0416
"kd6t","neutral","left","right",0.5838
"kd6t","neutral","right","left",0.7708
"kd6t","speed","right","right",0.5773
"kd6t","speed","right","right",0.5324
"kd6t","neutral","left","left",0.6795
"kd6t","speed","right","left",0.5139
"kd6t","accuracy","right","right",0.469
"kd6t","speed","right","right",0.6631
"kd6t","speed","left","left",0.4819
"kd6t","speed","right","right",0.4084
"kd6t","accuracy","right","right",0.4852
"kd6t","neutral","right","right",0.4521
"kd6t","speed","right","right",0.5008
"kd6t","accuracy","right","right",0.543
"kd6t","accuracy","right","right",0.4569
"kd6t","neutral","left","left",0.7542
"kd6t","neutral","left","right",0.4558
"kd6t","speed","right","left",0.3366
"kd6t","accuracy","left","left",0.4545
"kd6t","speed","left","right",0.3843
"kd6t","accuracy","right","right",0.4761
"kd6t","speed","left","left",0.6499
"kd6t","accuracy","left","right",0.4469
"kd6t","accuracy","left","left",0.4749
"kd6t","neutral","left","right",0.4369
"kd6t","speed","left","left",0.3174
"kd6t","neutral","left","left",0.4196
"kd6t","accuracy","left","right",0.4716
"kd6t","accuracy","left","left",0.5452
"kd6t","neutral","left","left",0.5522
"kd6t","speed","right","right",0.4994
"kd6t","neutral","left","left",0.4188
"kd6t","neutral","right","left",0.6045
"kd6t","speed","right","right",0.4184
"kd6t","neutral","left","left",0.5123
"kd6t","accuracy","left","left",0.4299
"kd6t","speed","left","left",0.3001
"kd6t","speed","right","right",0.4274
"kd6t","speed","left","right",0.3526
"kd6t","accuracy","left","left",0.516
"kd6t","speed","right","right",0.5331
"kd6t","neutral","left","right",0.421
"kd6t","neutral","left","left",0.4108
"kd6t","speed","left","left",0.3477
"kd6t","accuracy","right","right",0.5017
"kd6t","accuracy","right","right",0.5579
"kd6t","speed","right","left",0.3889
"kd6t","speed","left","right",0.4048
"kd6t","speed","right","left",0.4934
"kd6t","neutral","left","right",0.463
"kd6t","speed","right","left",0.503
"kd6t","accuracy","left","left",0.8415
"kd6t","speed","right","right",0.6123
"kd6t","neutral","right","right",0.4873
"kd6t","neutral","left","left",0.6198
"kd6t","accuracy","right","right",0.5086
"kd6t","accuracy","right","right",0.5742
"kd6t","accuracy","right","right",0.6084
"kd6t","speed","left","right",0.3122
"kd6t","neutral","right","right",0.4618
"kd6t","accuracy","right","left",0.7219
"kd6t","accuracy","right","left",0.6821
"kd6t","speed","right","right",0.3217
"kd6t","neutral","left","right",0.5653
"kd9t","neutral","right","right",0.6775
"kd9t","speed","right","right",0.7476
"kd9t","neutral","right","right",0.6457
"kd9t","accuracy","left","left",0.5035
"kd9t","speed","right","right",0.484
"kd9t","neutral","left","left",0.5187
"kd9t","speed","right","right",0.3878
"kd9t","neutral","right","right",0.5076
"kd9t","speed","right","right",0.5912
"kd9t","neutral","left","left",0.6897
"kd9t","speed","right","right",0.4865
"kd9t","accuracy","left","left",0.5069
"kd9t","neutral","left","left",0.4962
"kd9t","accuracy","left","left",0.6109
"kd9t","accuracy","left","left",0.6865
"kd9t","accuracy","right","right",0.488
"kd9t","neutral","left","left",0.5286
"kd9t","accuracy","right","right",0.4575
"kd9t","speed","left","left",0.4014
"kd9t","accuracy","right","right",0.5004
"kd9t","neutral","left","left",0.5981
"kd9t","speed","left","left",0.4153
"kd9t","neutral","left","left",0.4474
"kd9t","accuracy","left","left",0.4777
"kd9t","accuracy","right","right",0.6588
"kd9t","neutral","left","left",0.5159
"kd9t","accuracy","right","right",0.4809
"kd9t","neutral","left","left",0.4686
"kd9t","accuracy","left","left",0.4283
"kd9t","speed","left","left",0.3484
"kd9t","speed","left","left",0.449
"kd9t","accuracy","left","left",0.4495
"kd9t","accuracy","left","left",0.572
"kd9t","neutral","right","right",0.462
"kd9t","neutral","left","left",0.5384
"kd9t","speed","left","left",0.5793
"kd9t","accuracy","right","right",0.4697
"kd9t","neutral","right","right",0.4526
"kd9t","accuracy","right","right",0.4912
"kd9t","accuracy","right","right",0.4501
"kd9t","accuracy","left","left",0.5176
"kd9t","speed","left","left",0.4255
"kd9t","neutral","right","right",0.6127
"kd9t","neutral","right","right",0.6858
"kd9t","accuracy","right","right",0.4695
"kd9t","speed","left","left",0.4912
"kd9t","neutral","right","right",0.4534
"kd9t","speed","left","left",0.4444
"kd9t","accuracy","left","left",0.5946
"kd9t","speed","left","left",0.3719
"kd9t","accuracy","right","right",0.5702
"kd9t","speed","left","left",0.3969
"kd9t","speed","right","right",0.5123
"kd9t","neutral","left","left",0.4791
"kd9t","neutral","right","right",0.5226
"kd9t","speed","right","right",0.3558
"kd9t","neutral","left","left",0.5251
"kd9t","neutral","left","left",0.7453
"kd9t","speed","left","left",0.5469
"kd9t","neutral","left","left",0.4568
"kd9t","accuracy","right","right",0.493
"kd9t","speed","right","right",0.439
"kd9t","neutral","left","left",0.4716
"kd9t","speed","right","right",0.364
"kd9t","accuracy","left","left",0.4791
"kd9t","accuracy","left","left",0.4586
"kd9t","speed","left","left",0.4018
"kd9t","neutral","right","right",0.5177
"kd9t","neutral","left","left",0.4286
"kd9t","neutral","right","right",0.4336
"kd9t","neutral","right","right",0.4469
"kd9t","speed","right","right",0.3889
"kd9t","neutral","left","left",0.4371
"kd9t","accuracy","left","left",0.8806
"kd9t","speed","left","left",0.3995
"kd9t","speed","right","right",0.4417
"kd9t","speed","left","left",0.4806
"kd9t","accuracy","left","left",0.4858
"kd9t","neutral","right","right",0.6925
"kd9t","neutral","left","left",0.4275
"kd9t","accuracy","right","right",0.4233
"kd9t","speed","right","right",0.3805
"kd9t","accuracy","right","right",0.7941
"kd9t","accuracy","right","right",0.5917
"kd9t","speed","left","left",0.3795
"kd9t","neutral","right","right",0.5535
"kd9t","speed","right","right",0.6627
"kd9t","neutral","left","left",0.4095
"kd9t","accuracy","right","right",0.5396
"kd9t","neutral","right","right",0.6253
"kd9t","speed","left","left",0.3583
"kd9t","neutral","left","left",0.485
"kd9t","speed","left","left",0.4326
"kd9t","neutral","left","left",0.4303
"kd9t","neutral","right","right",0.4705
"kd9t","accuracy","right","right",0.4647
"kd9t","neutral","right","right",0.4472
"kd9t","neutral","left","left",0.48
"kd9t","neutral","right","right",1.0407
"kd9t","neutral","left","left",0.5015
"kd9t","accuracy","right","right",0.6113
"kd9t","accuracy","left","left",0.461
"kd9t","accuracy","left","left",0.4231
"kd9t","accuracy","left","left",0.4944
"kd9t","neutral","left","left",0.5588
"kd9t","speed","left","left",0.4761
"kd9t","speed","left","left",0.4331
"kd9t","neutral","right","right",0.5269
"kd9t","speed","right","right",0.5168
"kd9t","accuracy","right","right",0.5218
"kd9t","neutral","left","left",0.4384
"kd9t","accuracy","right","right",0.4483
"kd9t","accuracy","left","left",0.5011
"kd9t","neutral","left","left",0.4915
"kd9t","accuracy","left","left",0.4988
"kd9t","accuracy","left","left",0.4242
"kd9t","neutral","right","right",0.6578
"kd9t","accuracy","right","right",0.7362
"kd9t","neutral","right","right",0.5789
"kd9t","neutral","right","right",0.5361
"kd9t","accuracy","left","left",0.5248
"kd9t","speed","right","right",0.4121
"kd9t","speed","left","left",0.3707
"kd9t","accuracy","left","left",0.6039
"kd9t","accuracy","right","right",0.5091
"kd9t","speed","right","right",0.4571
"kd9t","speed","left","left",0.3943
"kd9t","neutral","right","right",0.5235
"kd9t","accuracy","left","left",0.4342
"kd9t","neutral","left","left",0.5312
"kd9t","neutral","left","left",0.5464
"kd9t","speed","left","left",0.4028
"kd9t","neutral","right","right",0.4862
"kd9t","accuracy","right","right",0.7261
"kd9t","speed","right","right",0.7326
"kd9t","speed","right","right",0.575
"kd9t","neutral","right","right",0.5772
"kd9t","neutral","left","left",0.5061
"kd9t","accuracy","left","left",0.5222
"kd9t","speed","right","right",0.4699
"kd9t","speed","left","left",0.4917
"kd9t","accuracy","right","right",0.4563
"kd9t","accuracy","right","right",0.5018
"kd9t","speed","right","right",0.5187
"kd9t","accuracy","left","left",0.493
"kd9t","speed","left","left",0.3347
"kd9t","neutral","right","right",0.5034
"kd9t","neutral","left","left",0.4835
"kd9t","accuracy","left","left",0.6762
"kd9t","speed","right","right",0.3675
"kd9t","accuracy","left","left",0.4449
"kd9t","neutral","left","left",0.4482
"kd9t","accuracy","right","right",0.5621
"kd9t","neutral","right","right",0.6561
"kd9t","neutral","right","right",0.5032
"kd9t","speed","right","right",0.3997
"kd9t","accuracy","left","left",0.522
"kd9t","speed","right","right",0.4259
"kd9t","accuracy","right","right",0.516
"kd9t","neutral","right","right",0.5395
"kd9t","neutral","right","right",0.5795
"kd9t","neutral","left","left",0.8243
"kd9t","accuracy","left","left",1.0477
"kd9t","accuracy","right","right",0.5059
"kd9t","speed","right","right",0.6155
"kd9t","neutral","right","right",0.567
"kd9t","speed","left","left",0.3684
"kd9t","neutral","right","right",0.5053
"kd9t","speed","left","left",0.4312
"kd9t","neutral","right","right",0.464
"kd9t","neutral","right","right",0.4798
"kd9t","accuracy","right","right",0.6222
"kd9t","speed","right","right",0.3582
"kd9t","neutral","left","left",0.5826
"kd9t","accuracy","left","left",0.5023
"kd9t","neutral","right","right",0.3918
"kd9t","neutral","left","left",0.476
"kd9t","accuracy","right","right",0.6506
"kd9t","accuracy","right","right",0.4947
"kd9t","accuracy","right","right",0.5035
"kd9t","accuracy","left","left",0.6008
"kd9t","accuracy","right","right",0.5412
"kd9t","accuracy","left","left",0.7556
"kd9t","neutral","right","right",0.5494
"kd9t","neutral","left","left",0.385
"kd9t","speed","left","left",0.3656
"kd9t","accuracy","left","left",0.5695
"kd9t","speed","right","right",0.5016
"kd9t","neutral","left","left",0.5084
"kd9t","accuracy","left","left",0.591
"kd9t","accuracy","left","left",0.5009
"kd9t","speed","left","left",0.4164
"kd9t","neutral","left","left",0.4309
"kd9t","neutral","right","left",0.4396
"kd9t","speed","right","right",0.3963
"kd9t","neutral","left","left",0.5895
"kd9t","neutral","right","right",0.4786
"kd9t","neutral","right","right",0.4277
"kd9t","neutral","right","right",0.4944
"kd9t","speed","left","left",0.3834
"kd9t","speed","right","right",0.3625
"kd9t","accuracy","right","right",0.5012
"kd9t","accuracy","right","right",0.4935
"kd9t","neutral","left","left",0.4571
"kd9t","speed","right","right",0.4536
"kd9t","speed","left","left",0.4446
"kd9t","neutral","right","right",0.4237
"kd9t","speed","left","left",0.3433
"kd9t","accuracy","right","right",0.5339
"kd9t","speed","left","left",0.3833
"kd9t","speed","right","right",0.3283
"kd9t","speed","left","left",0.3824
"kd9t","speed","left","left",0.4682
"kd9t","accuracy","left","left",0.591
"kd9t","speed","right","right",0.471
"kd9t","speed","left","left",0.4969
"kd9t","accuracy","left","left",0.887
"kd9t","accuracy","right","right",0.4986
"kd9t","speed","left","left",0.4047
"kd9t","neutral","left","left",0.5284
"kd9t","accuracy","left","left",0.5884
"kd9t","neutral","right","right",0.5706
"kd9t","neutral","left","left",0.4998
"kd9t","accuracy","right","right",0.4771
"kd9t","accuracy","right","right",0.5903
"kd9t","neutral","left","left",0.4747
"kd9t","speed","right","right",0.406
"kd9t","neutral","right","right",0.721
"kd9t","speed","left","left",0.3815
"kd9t","accuracy","left","left",1.0461
"kd9t","accuracy","right","right",0.593
"kd9t","neutral","left","left",0.5357
"kd9t","accuracy","left","left",0.5478
"kd9t","neutral","right","right",0.5003
"kd9t","neutral","left","left",0.46
"kd9t","neutral","left","left",0.6665
"kd9t","speed","right","left",0.3625
"kd9t","neutral","right","right",0.7277
"kd9t","accuracy","right","right",0.5444
"kd9t","accuracy","left","left",0.4787
"kd9t","accuracy","left","left",0.5763
"kd9t","neutral","left","left",0.5637
"kd9t","speed","left","left",0.536
"kd9t","accuracy","right","right",0.4963
"kd9t","accuracy","right","right",0.5508
"kd9t","neutral","right","right",0.5434
"kd9t","neutral","left","left",0.413
"kd9t","speed","left","left",0.3973
"kd9t","speed","right","right",0.4405
"kd9t","neutral","left","left",0.5539
"kd9t","neutral","left","left",0.7947
"kd9t","speed","right","right",0.4779
"kd9t","neutral","right","right",0.4895
"kd9t","neutral","left","left",0.5183
"kd9t","speed","left","left",0.3845
"kd9t","speed","right","right",0.3331
"kd9t","speed","right","right",0.6706
"kd9t","speed","left","left",0.3193
"kd9t","speed","right","right",0.4391
"kd9t","speed","left","left",0.4263
"kd9t","neutral","left","left",0.6139
"kd9t","neutral","right","right",0.3897
"kd9t","accuracy","right","right",0.4201
"kd9t","neutral","right","right",0.5105
"kd9t","accuracy","left","left",0.4097
"kd9t","speed","right","right",0.3177
"kd9t","accuracy","left","left",0.4444
"kd9t","speed","left","left",0.3574
"kd9t","speed","right","right",0.4354
"kd9t","neutral","right","right",0.4616
"kd9t","accuracy","left","left",0.4034
"kd9t","neutral","right","right",0.5372
"kd9t","neutral","left","left",0.521
"kd9t","accuracy","right","right",0.5824
"kd9t","accuracy","left","left",0.3756
"kd9t","speed","right","right",0.4343
"kd9t","neutral","left","left",0.4159
"kd9t","speed","left","left",0.9186
"kd9t","accuracy","left","left",0.8543
"kd9t","accuracy","right","right",0.4197
"kd9t","speed","right","right",0.379
"kd9t","speed","right","left",0.3488
"kd9t","accuracy","left","left",0.6132
"kd9t","speed","right","right",0.4663
"kd9t","neutral","right","right",0.4657
"kd9t","accuracy","right","right",0.6813
"kd9t","accuracy","right","right",0.517
"kd9t","speed","left","left",0.5022
"kd9t","accuracy","left","left",0.4694
"kd9t","speed","left","left",0.6942
"kd9t","accuracy","right","right",0.4818
"kd9t","neutral","right","right",0.4452
"kd9t","accuracy","left","left",0.4169
"kd9t","neutral","right","right",0.5527
"kd9t","neutral","left","left",0.47
"kd9t","accuracy","left","left",0.4494
"kd9t","neutral","left","left",0.5263
"kd9t","neutral","right","right",0.482
"kd9t","speed","left","left",0.3558
"kd9t","speed","left","left",0.3689
"kd9t","neutral","right","right",0.439
"kd9t","speed","right","right",0.4097
"kd9t","neutral","right","right",0.5225
"kd9t","neutral","right","right",0.4525
"kd9t","speed","left","left",0.36
"kd9t","neutral","right","right",0.34
"kd9t","accuracy","right","right",0.4774
"kd9t","neutral","left","left",0.4534
"kd9t","speed","left","right",0.4226
"kd9t","accuracy","right","right",0.6178
"kd9t","neutral","left","left",0.4608
"kd9t","neutral","left","left",0.5778
"kd9t","neutral","right","right",0.5207
"kd9t","accuracy","left","left",0.6633
"kd9t","speed","right","right",0.4839
"kd9t","neutral","right","right",0.945
"kd9t","neutral","right","right",0.5252
"kd9t","speed","left","left",0.4097
"kd9t","accuracy","left","left",0.4263
"kd9t","speed","left","left",0.396
"kd9t","accuracy","right","right",0.4802
"kd9t","accuracy","right","right",0.5079
"kd9t","neutral","right","right",0.4307
"kd9t","speed","right","right",0.4122
"kd9t","speed","right","right",0.3695
"kd9t","speed","right","right",0.4187
"kd9t","neutral","right","right",0.6289
"kd9t","speed","left","left",0.3374
"kd9t","speed","left","left",0.4103
"kd9t","speed","left","right",0.3181
"kd9t","speed","left","left",0.4769
"kd9t","accuracy","right","left",0.5551
"kd9t","speed","right","right",0.499
"kd9t","neutral","right","right",0.5917
"kd9t","neutral","right","right",0.5511
"kd9t","accuracy","left","left",0.5118
"kd9t","speed","left","left",0.3888
"kd9t","neutral","left","left",0.4172
"kd9t","accuracy","right","right",0.5251
"kd9t","accuracy","right","right",0.4673
"kd9t","accuracy","left","left",0.4928
"kd9t","neutral","left","left",0.5806
"kd9t","accuracy","left","left",0.5521
"kd9t","accuracy","right","right",0.4527
"kd9t","accuracy","left","left",0.4975
"kd9t","accuracy","right","right",0.4714
"kd9t","speed","right","right",0.3921
"kd9t","speed","right","right",0.3921
"kd9t","accuracy","right","right",0.5119
"kd9t","accuracy","right","right",0.4656
"kd9t","neutral","left","left",0.4221
"kd9t","speed","left","left",0.8703
"kd9t","accuracy","left","left",0.9647
"kd9t","accuracy","right","right",0.467
"kd9t","neutral","left","left",0.5397
"kd9t","accuracy","right","right",0.495
"kd9t","accuracy","right","right",0.6773
"kd9t","accuracy","right","right",0.6754
"kd9t","accuracy","right","right",0.7234
"kd9t","speed","right","right",0.4896
"kd9t","speed","right","right",0.4429
"kd9t","neutral","left","left",0.5896
"kd9t","speed","left","left",0.3625
"kd9t","accuracy","right","right",0.4287
"kd9t","neutral","left","left",0.4844
"kd9t","neutral","right","right",0.5465
"kd9t","accuracy","right","right",0.7053
"kd9t","accuracy","left","left",0.5042
"kd9t","neutral","right","right",0.5247
"kd9t","accuracy","right","right",0.6016
"kd9t","speed","left","left",0.3615
"kd9t","neutral","right","right",0.4894
"kd9t","neutral","right","right",0.5216
"kd9t","speed","left","left",0.3466
"kd9t","neutral","left","left",0.5941
"kd9t","accuracy","right","right",0.467
"kd9t","speed","right","right",0.4279
"kd9t","neutral","left","left",0.4651
"kd9t","speed","left","left",0.3646
"kd9t","accuracy","right","right",0.4548
"kd9t","accuracy","right","right",0.4025
"kd9t","neutral","left","left",0.4119
"kd9t","speed","right","right",0.5987
"kd9t","neutral","right","right",0.5167
"kd9t","accuracy","right","right",1.4077
"kd9t","neutral","left","left",0.4632
"kd9t","speed","left","right",0.4673
"kd9t","speed","right","right",0.5367
"kd9t","neutral","left","left",0.5061
"kd9t","neutral","left","left",0.5939
"kd9t","accuracy","right","right",0.5705
"kd9t","speed","right","right",0.5922
"kd9t","accuracy","right","right",0.4661
"kd9t","neutral","right","right",0.5025
"kd9t","accuracy","left","left",0.4885
"kd9t","accuracy","left","left",0.5321
"kd9t","accuracy","right","left",1.1284
"kd9t","accuracy","left","left",0.636
"kd9t","speed","left","left",1.2651
"kd9t","speed","right","right",0.6203
"kd9t","accuracy","right","right",0.5982
"kd9t","neutral","left","left",0.5384
"kd9t","speed","left","left",0.4935
"kd9t","neutral","right","right",0.613
"kd9t","neutral","left","left",0.4561
"kd9t","speed","left","left",0.465
"kd9t","speed","left","left",0.4756
"kd9t","accuracy","left","left",0.5484
"kd9t","accuracy","left","left",0.4573
"kd9t","accuracy","right","right",0.6899
"kd9t","speed","left","left",0.4488
"kd9t","neutral","right","right",0.5078
"kd9t","neutral","right","right",0.7599
"kd9t","speed","left","left",0.4104
"kd9t","accuracy","right","right",0.4492
"kd9t","speed","right","left",0.3055
"kd9t","accuracy","right","right",0.4907
"kd9t","accuracy","left","left",0.483
"kd9t","accuracy","right","right",0.6434
"kd9t","accuracy","left","left",0.5265
"kd9t","speed","left","right",0.4382
"kd9t","speed","right","right",0.4625
"kd9t","neutral","left","left",0.4862
"kd9t","accuracy","right","right",0.6076
"kd9t","speed","right","left",0.3784
"kd9t","speed","right","right",0.3849
"kd9t","speed","right","right",0.4565
"kd9t","neutral","right","right",0.4609
"kd9t","accuracy","left","left",0.5445
"kd9t","speed","left","left",0.6388
"kd9t","speed","right","right",0.3704
"kd9t","accuracy","left","left",0.4696
"kd9t","accuracy","left","left",0.412
"kd9t","speed","left","left",0.417
"kd9t","speed","left","left",0.3378
"kd9t","neutral","left","left",0.5971
"kd9t","accuracy","right","right",0.4763
"kd9t","neutral","left","left",0.5172
"kd9t","speed","right","right",0.5499
"kd9t","accuracy","right","right",0.8748
"kd9t","accuracy","right","right",0.5517
"kd9t","accuracy","left","left",0.4063
"kd9t","neutral","left","left",0.4897
"kd9t","neutral","right","right",0.4818
"kd9t","neutral","right","right",0.547
"kd9t","speed","left","left",0.4241
"kd9t","neutral","right","right",0.5346
"kd9t","accuracy","left","left",0.6994
"kd9t","neutral","right","right",0.4663
"kd9t","accuracy","left","left",0.6034
"kd9t","speed","left","left",0.3998
"kd9t","neutral","right","right",0.4379
"kd9t","speed","right","right",0.3867
"kd9t","neutral","left","left",0.4185
"kd9t","accuracy","right","right",0.4494
"kd9t","speed","left","left",0.3486
"kd9t","accuracy","left","left",0.5048
"kd9t","accuracy","left","left",0.4579
"kd9t","accuracy","left","left",0.4262
"kd9t","accuracy","right","right",0.3939
"kd9t","accuracy","right","right",0.4838
"kd9t","accuracy","left","left",0.4648
"kd9t","neutral","right","right",0.4253
"kd9t","speed","left","left",0.4628
"kd9t","neutral","right","right",0.4963
"kd9t","speed","right","right",0.3517
"kd9t","neutral","right","right",0.7121
"kd9t","accuracy","left","left",0.8286
"kd9t","neutral","left","left",0.4529
"kd9t","accuracy","left","left",0.5526
"kd9t","speed","right","right",0.4341
"kd9t","neutral","right","right",0.5612
"kd9t","neutral","right","right",0.4556
"kd9t","speed","right","right",0.5235
"kd9t","speed","right","right",0.4561
"kd9t","speed","left","left",0.3127
"kd9t","accuracy","right","right",0.4305
"kd9t","neutral","right","right",0.4871
"kd9t","neutral","right","right",0.6347
"kd9t","speed","left","left",0.4446
"kd9t","neutral","right","right",0.5844
"kd9t","speed","right","right",0.3016
"kd9t","neutral","right","right",0.4628
"kd9t","accuracy","right","right",0.4443
"kd9t","speed","left","left",0.4613
"kd9t","neutral","left","left",0.5716
"kd9t","accuracy","right","right",0.5228
"kd9t","speed","left","left",0.3229
"kd9t","speed","right","right",0.4347
"kd9t","neutral","right","right",0.5109
"kd9t","speed","left","left",0.4332
"kd9t","speed","right","right",0.4561
"kd9t","neutral","left","left",0.5116
"kd9t","accuracy","left","left",0.5411
"kd9t","speed","left","left",0.4177
"kd9t","accuracy","right","right",0.4741
"kd9t","neutral","right","right",0.5484
"kd9t","accuracy","right","right",0.5411
"kd9t","accuracy","left","left",0.4752
"kd9t","accuracy","left","left",0.5241
"kd9t","neutral","left","left",0.5591
"kd9t","speed","left","left",0.37
"kd9t","accuracy","left","left",0.5427
"kd9t","neutral","right","right",0.5297
"kd9t","speed","right","right",0.3423
"kd9t","neutral","left","left",0.4026
"kd9t","accuracy","left","left",0.9522
"kd9t","neutral","left","left",0.5775
"kd9t","neutral","right","right",0.5224
"kd9t","accuracy","left","left",0.4851
"kd9t","neutral","right","right",0.4533
"kd9t","accuracy","right","right",0.5198
"kd9t","accuracy","left","left",0.4491
"kd9t","accuracy","right","right",0.6578
"kd9t","neutral","right","right",0.5479
"kd9t","accuracy","right","right",0.6628
"kd9t","accuracy","left","left",0.5132
"kd9t","speed","left","left",0.5212
"kd9t","accuracy","left","left",1.0132
"kd9t","accuracy","right","right",0.4925
"kd9t","accuracy","left","left",0.6738
"kd9t","neutral","left","left",0.7542
"kd9t","speed","right","right",0.4794
"kd9t","neutral","left","left",0.9241
"kd9t","speed","left","left",0.4955
"kd9t","neutral","left","left",0.5178
"kd9t","speed","left","left",0.3742
"kd9t","neutral","left","left",0.4991
"kd9t","accuracy","left","left",0.5661
"kd9t","neutral","left","left",1.2043
"kd9t","neutral","left","left",0.5492
"kd9t","speed","right","right",0.3953
"kd9t","accuracy","right","right",0.7973
"kd9t","accuracy","left","left",0.4289
"kd9t","speed","right","left",0.3372
"kd9t","neutral","left","left",0.4997
"kd9t","speed","left","left",0.4001
"kd9t","neutral","right","right",0.578
"kd9t","neutral","left","left",0.4421
"kd9t","neutral","left","left",0.547
"kd9t","accuracy","left","left",0.5325
"kd9t","accuracy","right","right",0.5053
"kd9t","speed","right","right",0.3593
"kd9t","neutral","left","left",0.4955
"kd9t","neutral","right","right",0.6225
"kd9t","neutral","right","right",0.563
"kd9t","speed","right","right",0.4492
"kd9t","accuracy","right","right",0.5332
"kd9t","accuracy","right","right",0.5064
"kd9t","accuracy","left","left",0.5172
"kd9t","accuracy","left","left",0.4964
"kd9t","speed","right","right",0.3854
"kd9t","neutral","right","right",0.4861
"kd9t","speed","right","right",0.3912
"kd9t","neutral","right","right",0.5719
"kd9t","accuracy","left","left",0.4364
"kd9t","speed","right","right",0.4325
"kd9t","speed","left","left",0.3554
"kd9t","neutral","left","left",0.5301
"kd9t","speed","right","right",0.3547
"kd9t","neutral","left","left",0.6138
"kd9t","speed","right","right",0.3755
"kd9t","accuracy","left","left",0.5079
"kd9t","accuracy","right","right",0.4304
"kd9t","speed","left","left",0.4073
"kd9t","accuracy","left","left",0.6279
"kd9t","accuracy","left","left",0.6039
"kd9t","neutral","right","right",0.431
"kd9t","speed","right","right",0.3823
"kd9t","accuracy","left","left",0.4582
"kd9t","neutral","right","right",0.5786
"kd9t","accuracy","right","right",0.5564
"kd9t","speed","left","left",0.335
"kd9t","accuracy","left","left",0.463
"kd9t","speed","left","left",0.527
"kd9t","accuracy","left","left",0.4793
"kd9t","accuracy","left","left",0.4857
"kd9t","neutral","right","right",0.4511
"kd9t","neutral","right","right",0.4619
"kd9t","speed","right","right",0.3366
"kd9t","speed","right","right",0.376
"kd9t","accuracy","right","right",0.8515
"kd9t","accuracy","right","right",0.6141
"kd9t","neutral","left","left",0.566
"kd9t","neutral","left","left",0.4648
"kd9t","accuracy","right","right",0.5309
"kd9t","speed","right","left",0.3104
"kd9t","accuracy","right","right",0.4894
"kd9t","speed","left","right",0.5457
"kd9t","neutral","right","right",0.4941
"kd9t","speed","right","right",0.4191
"kd9t","accuracy","left","left",0.496
"kd9t","neutral","left","left",0.7582
"kd9t","neutral","right","right",0.3851
"kd9t","speed","right","left",0.5517
"kd9t","accuracy","right","right",0.5594
"kd9t","accuracy","left","left",0.9475
"kd9t","accuracy","right","right",0.5186
"kd9t","accuracy","right","right",0.4477
"kd9t","speed","left","left",0.4338
"kd9t","neutral","left","left",0.5032
"kd9t","speed","left","left",0.4709
"kd9t","accuracy","right","right",0.4595
"kd9t","neutral","left","left",0.4338
"kd9t","accuracy","right","right",0.4321
"kd9t","accuracy","left","left",0.3791
"kd9t","neutral","right","right",0.4744
"kd9t","speed","right","right",0.4911
"kd9t","neutral","left","left",0.496
"kd9t","accuracy","right","right",0.3984
"kd9t","speed","right","right",0.4717
"kd9t","neutral","right","right",0.5182
"kd9t","speed","left","left",0.4753
"kd9t","accuracy","right","right",0.5333
"kd9t","accuracy","right","right",0.4199
"kd9t","neutral","left","left",0.4776
"kd9t","speed","right","right",0.4091
"kd9t","neutral","left","left",0.5106
"kd9t","speed","right","right",0.3302
"kd9t","neutral","left","left",0.3788
"kd9t","speed","left","left",0.6766
"kd9t","neutral","right","right",0.436
"kd9t","speed","right","right",0.455
"kd9t","neutral","right","right",0.5186
"kd9t","accuracy","left","left",0.4081
"kd9t","accuracy","right","right",0.5288
"kd9t","accuracy","right","right",0.4279
"kd9t","neutral","left","left",0.3963
"kd9t","speed","right","right",0.4855
"kd9t","speed","right","right",0.4725
"kd9t","speed","right","right",0.4284
"kd9t","accuracy","left","left",0.4102
"kd9t","accuracy","left","left",0.4569
"kd9t","accuracy","right","right",0.489
"kd9t","speed","left","left",0.3806
"kd9t","neutral","right","right",0.3755
"kd9t","accuracy","right","right",0.5866
"kd9t","speed","right","right",0.4936
"kd9t","accuracy","right","right",0.4559
"kd9t","accuracy","left","left",0.4113
"kd9t","speed","right","right",0.3578
"kd9t","accuracy","right","right",0.6935
"kd9t","accuracy","left","left",0.4463
"kd9t","neutral","right","right",0.4421
"kd9t","accuracy","left","left",0.3916
"kd9t","neutral","right","right",0.4238
"kd9t","speed","left","left",0.4701
"kd9t","accuracy","right","right",0.5106
"kd9t","accuracy","right","left",0.3338
"kd9t","accuracy","right","right",0.4827
"kd9t","neutral","left","left",0.6607
"kd9t","neutral","right","right",0.3851
"kd9t","neutral","left","left",0.4365
"kd9t","neutral","left","left",0.7009
"kd9t","speed","right","right",0.4008
"kd9t","neutral","left","left",0.386
"kd9t","accuracy","left","left",0.5893
"kd9t","speed","left","left",0.5984
"kd9t","accuracy","left","left",0.5665
"kd9t","accuracy","right","right",0.7665
"kd9t","neutral","left","left",0.5292
"kd9t","speed","right","right",0.4697
"kd9t","speed","left","left",0.4617
"kd9t","speed","left","left",0.483
"kd9t","speed","right","right",0.3721
"kd9t","accuracy","right","right",0.5554
"kd9t","neutral","left","left",0.4159
"kd9t","accuracy","left","left",0.4519
"kd9t","speed","right","right",0.3849
"kd9t","accuracy","right","right",0.7092
"kd9t","accuracy","left","left",0.4606
"kd9t","neutral","right","right",0.4466
"kd9t","accuracy","left","left",0.493
"kd9t","neutral","right","right",0.4467
"kd9t","accuracy","right","right",0.4411
"kd9t","speed","left","left",0.3545
"kd9t","neutral","left","left",0.67
"kd9t","accuracy","left","left",0.5503
"kd9t","speed","left","right",0.3198
"kd9t","accuracy","right","right",0.5821
"kd9t","neutral","left","left",0.5114
"kd9t","neutral","right","right",0.4454
"kd9t","speed","right","left",0.3277
"kd9t","accuracy","right","right",0.4147
"kd9t","speed","left","left",0.4578
"kd9t","neutral","left","left",0.491
"kd9t","accuracy","left","left",0.6689
"kd9t","speed","left","left",0.4924
"kd9t","speed","left","left",0.467
"kd9t","speed","left","left",0.5017
"kd9t","speed","left","left",0.4971
"kd9t","speed","right","right",0.3747
"kd9t","accuracy","right","right",0.6834
"kd9t","neutral","right","right",0.6605
"kd9t","accuracy","left","left",0.7192
"kd9t","neutral","right","right",0.5666
"kd9t","neutral","right","right",0.6837
"kd9t","accuracy","left","left",0.7352
"kd9t","speed","left","left",0.5609
"kd9t","neutral","left","left",0.4921
"kd9t","speed","right","right",0.3356
"kd9t","accuracy","left","left",0.4472
"kd9t","accuracy","left","left",0.5154
"kd9t","accuracy","left","left",0.4939
"kd9t","speed","right","right",0.3648
"kd9t","neutral","right","right",0.5256
"kd9t","speed","right","right",0.4337
"kd9t","speed","left","left",0.4155
"kd9t","speed","left","left",0.3134
"kd9t","speed","right","right",0.4697
"kd9t","speed","left","left",0.5076
"kd9t","neutral","left","left",0.4921
"kd9t","speed","right","left",0.3644
"kd9t","speed","left","right",0.4339
"kd9t","accuracy","right","right",0.4853
"kd9t","speed","left","left",0.4337
"kd9t","speed","left","left",0.4182
"kd9t","speed","left","left",0.4429
"kd9t","accuracy","right","right",0.9517
"kd9t","accuracy","left","left",0.5908
"kd9t","neutral","left","left",0.5199
"kd9t","speed","right","right",0.3848
"kd9t","accuracy","right","right",0.5497
"kd9t","accuracy","right","right",0.4833
"kd9t","speed","right","right",0.4154
"kd9t","neutral","right","right",0.5028
"kd9t","neutral","right","right",0.6574
"kd9t","accuracy","right","right",0.5
"kd9t","accuracy","right","right",0.4516
"kd9t","neutral","left","left",0.5714
"kd9t","accuracy","left","left",0.4597
"kd9t","neutral","right","right",0.4051
"kd9t","speed","right","right",0.375
"kd9t","speed","right","right",0.4579
"kd9t","speed","right","right",0.3632
"kd9t","neutral","left","left",0.4629
"kd9t","neutral","left","right",0.4518
"kd9t","neutral","left","left",0.6004
"kd9t","neutral","right","right",0.5582
"kd9t","accuracy","left","left",0.4138
"kd9t","speed","right","right",0.4048
"kd9t","accuracy","left","left",0.4372
"kd9t","accuracy","left","left",0.5685
"kd9t","accuracy","left","left",0.4428
"kd9t","neutral","right","right",0.4502
"kd9t","speed","left","left",0.4288
"kd9t","accuracy","right","right",0.5484
"kd9t","neutral","right","right",0.4353
"kd9t","accuracy","right","right",0.434
"kd9t","speed","left","left",0.3234
"kd9t","accuracy","left","left",0.5431
"kd9t","accuracy","right","right",0.399
"kd9t","neutral","right","right",0.5999
"kd9t","speed","left","left",0.3351
"kd9t","accuracy","left","left",0.5676
"kd9t","speed","right","right",0.3548
"kd9t","accuracy","left","left",0.5177
"kd9t","accuracy","left","left",0.5167
"kd9t","speed","right","right",0.3626
"kd9t","accuracy","right","right",0.5794
"kd9t","speed","right","left",0.3554
"kd9t","neutral","left","left",0.5937
"kd9t","neutral","right","right",0.4958
"kd9t","speed","left","right",0.3715
"kd9t","accuracy","left","left",0.4134
"kd9t","speed","left","right",0.788
"kd9t","neutral","left","left",0.5661
"kd9t","accuracy","right","right",0.6315
"kd9t","neutral","right","right",0.5217
"kd9t","speed","left","left",0.3648
"kd9t","speed","right","left",0.3697
"kd9t","speed","left","left",0.5863
"kd9t","speed","left","left",0.5371
"kd9t","accuracy","right","right",0.5789
"kd9t","neutral","right","right",0.5966
"kd9t","speed","left","left",0.3216
"kd9t","neutral","right","right",0.4372
"kd9t","speed","left","left",0.3406
"kd9t","speed","right","right",0.3991
"kd9t","speed","right","right",0.5445
"kd9t","speed","right","right",0.4521
"kd9t","accuracy","left","left",0.7756
"kd9t","speed","right","right",0.2925
"kd9t","neutral","right","right",0.3994
"kd9t","neutral","left","left",0.3443
"kd9t","speed","left","left",0.3647
"kd9t","neutral","right","right",0.4041
"kd9t","speed","right","right",0.3903
"kd9t","speed","left","left",0.3859
"kd9t","accuracy","left","left",0.4795
"kd9t","neutral","right","right",0.3636
"kd9t","accuracy","left","left",0.4248
"kd9t","speed","right","right",0.3692
"kd9t","speed","left","left",0.2905
"kd9t","speed","right","right",0.3012
"kd9t","speed","right","left",0.3155
"kd9t","neutral","left","left",0.465
"kd9t","accuracy","right","right",0.5301
"kd9t","accuracy","right","right",0.371
"kd9t","accuracy","left","left",0.35
"kd9t","accuracy","right","right",0.5042
"kd9t","accuracy","right","right",0.6495
"kd9t","speed","right","right",0.3478
"kd9t","neutral","right","right",0.3892
"kd9t","neutral","right","right",0.449
"kd9t","neutral","left","left",0.4249
"kd9t","neutral","left","left",0.3849
"kd9t","neutral","left","left",0.4524
"kd9t","neutral","right","right",0.4379
"kd9t","speed","right","right",0.4225
"kd9t","speed","left","left",0.434
"kd9t","accuracy","left","left",0.4559
"kd9t","accuracy","left","right",0.3472
"kd9t","neutral","left","right",0.4777
"kd9t","neutral","left","left",0.3569
"kd9t","accuracy","right","right",0.384
"kd9t","accuracy","right","left",0.3695
"kd9t","speed","right","right",0.3091
"kd9t","neutral","right","right",0.4165
"kd9t","accuracy","right","right",0.4198
"kd9t","accuracy","right","left",0.3331
"kd9t","neutral","left","left",0.4711
"kd9t","neutral","left","left",0.4141
"kd9t","speed","right","right",0.3642
"kd9t","accuracy","left","left",0.5732
"kd9t","accuracy","left","right",0.3638
"kd9t","speed","right","right",0.404
"kd9t","accuracy","left","left",0.4168
"kd9t","neutral","right","left",0.4478
"kd9t","neutral","left","left",0.6012
"kd9t","neutral","right","right",0.5418
"kd9t","accuracy","left","left",0.4958
"kd9t","speed","right","right",0.2977
"kd9t","accuracy","left","left",0.3858
"kd9t","speed","left","left",0.3054
"kd9t","neutral","right","right",0.4678
"kd9t","accuracy","right","right",0.4487
"kd9t","accuracy","right","right",0.4883
"kd9t","accuracy","right","right",0.4139
"kd9t","speed","right","right",0.4078
"kd9t","neutral","left","left",0.5723
"kd9t","neutral","right","right",0.4936
"kd9t","accuracy","right","right",0.3967
"kd9t","accuracy","right","right",0.4661
"kd9t","accuracy","right","right",0.5024
"kd9t","accuracy","left","left",0.3874
"kd9t","accuracy","right","right",0.3768
"kd9t","neutral","left","left",0.4644
"kd9t","accuracy","right","right",0.4206
"kh6t","speed","left","right",0.3592
"kh6t","neutral","left","left",0.5887
"kh6t","accuracy","left","left",0.474
"kh6t","accuracy","left","right",1.2622
"kh6t","neutral","right","right",0.6903
"kh6t","accuracy","right","right",0.7537
"kh6t","accuracy","right","right",0.5667
"kh6t","neutral","left","left",0.5131
"kh6t","accuracy","left","left",0.5999
"kh6t","accuracy","right","right",0.6974
"kh6t","neutral","right","right",0.6945
"kh6t","neutral","right","right",0.8352
"kh6t","speed","right","right",0.4491
"kh6t","speed","left","left",0.4668
"kh6t","neutral","left","left",0.412
"kh6t","neutral","right","right",0.3111
"kh6t","neutral","right","right",0.4505
"kh6t","speed","left","left",0.4434
"kh6t","speed","left","left",0.3776
"kh6t","neutral","left","left",0.3885
"kh6t","neutral","left","left",0.431
"kh6t","accuracy","left","left",0.6187
"kh6t","speed","right","right",0.2929
"kh6t","speed","right","right",0.3349
"kh6t","accuracy","left","left",0.3893
"kh6t","neutral","right","right",0.4765
"kh6t","neutral","right","right",0.4599
"kh6t","accuracy","left","left",0.5055
"kh6t","speed","left","left",0.3731
"kh6t","neutral","left","left",0.4759
"kh6t","accuracy","right","right",0.4395
"kh6t","neutral","right","left",0.4775
"kh6t","neutral","right","right",0.4497
"kh6t","accuracy","right","right",0.5546
"kh6t","speed","right","left",0.4014
"kh6t","neutral","left","left",0.4793
"kh6t","neutral","left","left",0.5098
"kh6t","accuracy","right","right",0.5609
"kh6t","speed","left","left",0.3485
"kh6t","accuracy","left","left",0.7299
"kh6t","neutral","left","left",0.6741
"kh6t","speed","right","right",0.3996
"kh6t","accuracy","left","left",0.6088
"kh6t","accuracy","left","left",0.5976
"kh6t","speed","right","right",0.3126
"kh6t","accuracy","right","right",0.4652
"kh6t","neutral","left","left",0.4324
"kh6t","speed","right","left",0.2623
"kh6t","accuracy","right","right",0.4533
"kh6t","neutral","right","right",0.6002
"kh6t","accuracy","right","left",1.0304
"kh6t","neutral","right","right",1.2029
"kh6t","speed","left","left",0.3713
"kh6t","neutral","right","right",0.5041
"kh6t","neutral","right","right",0.4256
"kh6t","speed","right","right",0.3599
"kh6t","neutral","left","left",0.4716
"kh6t","neutral","left","left",0.7506
"kh6t","accuracy","left","right",1.1378
"kh6t","neutral","right","right",0.5181
"kh6t","speed","left","left",0.376
"kh6t","speed","right","right",0.6096
"kh6t","neutral","left","left",0.4892
"kh6t","speed","right","right",0.4508
"kh6t","neutral","left","left",0.441
"kh6t","accuracy","right","right",0.4783
"kh6t","speed","left","left",0.3232
"kh6t","neutral","right","right",0.4036
"kh6t","speed","left","left",0.4286
"kh6t","speed","right","left",0.3059
"kh6t","speed","left","left",0.561
"kh6t","neutral","right","right",0.3444
"kh6t","accuracy","left","left",0.6552
"kh6t","speed","left","left",0.4042
"kh6t","neutral","right","right",0.5146
"kh6t","neutral","left","left",0.3865
"kh6t","speed","left","left",0.3172
"kh6t","neutral","right","right",0.5005
"kh6t","accuracy","right","right",0.6211
"kh6t","accuracy","right","right",0.6613
"kh6t","accuracy","right","right",0.7695
"kh6t","speed","left","left",0.3692
"kh6t","neutral","left","left",0.6872
"kh6t","speed","left","right",0.3076
"kh6t","neutral","right","right",0.4579
"kh6t","accuracy","right","right",0.5137
"kh6t","speed","right","right",0.5038
"kh6t","accuracy","right","right",0.58
"kh6t","accuracy","right","right",0.5991
"kh6t","accuracy","right","right",0.596
"kh6t","speed","right","right",0.3831
"kh6t","speed","left","left",0.3547
"kh6t","accuracy","right","right",0.5309
"kh6t","accuracy","right","right",0.6115
"kh6t","neutral","right","right",0.5943
"kh6t","speed","left","left",0.3703
"kh6t","accuracy","left","left",0.3938
"kh6t","neutral","right","right",0.4158
"kh6t","neutral","left","left",0.4696
"kh6t","accuracy","right","right",0.6596
"kh6t","neutral","right","right",0.4626
"kh6t","accuracy","left","left",0.4145
"kh6t","speed","right","right",0.4461
"kh6t","speed","left","left",0.4533
"kh6t","neutral","left","left",0.4179
"kh6t","speed","right","left",0.2822
"kh6t","accuracy","right","right",0.283
"kh6t","speed","left","left",0.3416
"kh6t","speed","right","left",0.3747
"kh6t","accuracy","right","right",1.024
"kh6t","neutral","left","left",0.4861
"kh6t","neutral","right","right",0.5417
"kh6t","neutral","right","right",0.4682
"kh6t","neutral","left","left",0.4933
"kh6t","accuracy","left","left",0.4346
"kh6t","neutral","right","right",0.4871
"kh6t","neutral","right","right",0.5198
"kh6t","speed","left","left",0.428
"kh6t","neutral","left","left",0.4879
"kh6t","neutral","left","left",0.3969
"kh6t","speed","left","left",0.2893
"kh6t","accuracy","right","right",0.6767
"kh6t","speed","right","right",0.3196
"kh6t","speed","right","right",0.3621
"kh6t","neutral","right","right",0.4896
"kh6t","accuracy","left","left",0.5725
"kh6t","accuracy","right","right",0.4455
"kh6t","neutral","right","right",0.5236
"kh6t","accuracy","right","right",0.4071
"kh6t","accuracy","right","right",0.7716
"kh6t","neutral","left","left",0.466
"kh6t","speed","right","right",0.4332
"kh6t","speed","left","left",0.4639
"kh6t","neutral","right","left",0.3233
"kh6t","accuracy","right","right",0.5057
"kh6t","accuracy","right","right",0.5603
"kh6t","speed","left","left",0.361
"kh6t","neutral","right","right",0.3455
"kh6t","accuracy","left","left",0.4995
"kh6t","accuracy","left","left",0.5095
"kh6t","speed","right","left",0.3064
"kh6t","speed","right","left",0.3082
"kh6t","accuracy","right","right",0.5789
"kh6t","speed","left","left",0.4308
"kh6t","accuracy","left","left",0.4591
"kh6t","speed","left","right",0.3195
"kh6t","neutral","left","left",0.4828
"kh6t","speed","right","left",0.277
"kh6t","accuracy","left","left",0.7015
"kh6t","speed","left","left",0.4527
"kh6t","accuracy","left","left",0.327
"kh6t","neutral","left","left",0.4393
"kh6t","accuracy","left","left",0.4076
"kh6t","neutral","left","left",0.3691
"kh6t","neutral","right","right",0.5417
"kh6t","accuracy","right","right",0.5074
"kh6t","neutral","right","right",0.6834
"kh6t","speed","left","left",0.2627
"kh6t","accuracy","left","left",0.5587
"kh6t","neutral","left","left",0.7416
"kh6t","speed","right","right",0.6396
"kh6t","neutral","right","right",0.592
"kh6t","accuracy","right","right",0.6357
"kh6t","neutral","left","left",0.4478
"kh6t","speed","right","right",0.3423
"kh6t","speed","left","left",0.3517
"kh6t","speed","right","right",0.3676
"kh6t","speed","left","left",0.2764
"kh6t","speed","left","left",0.3027
"kh6t","neutral","left","left",0.4503
"kh6t","speed","right","right",0.2823
"kh6t","speed","right","left",0.4328
"kh6t","speed","right","right",0.3671
"kh6t","speed","right","right",0.3114
"kh6t","speed","right","right",0.3248
"kh6t","speed","left","left",0.3491
"kh6t","speed","left","left",0.4419
"kh6t","accuracy","left","left",0.5019
"kh6t","accuracy","left","left",0.4313
"kh6t","speed","right","right",0.2762
"kh6t","speed","left","right",0.346
"kh6t","neutral","left","left",0.5174
"kh6t","neutral","left","left",0.4012
"kh6t","speed","right","right",0.3237
"kh6t","accuracy","left","left",0.5097
"kh6t","neutral","left","left",0.4455
"kh6t","accuracy","left","left",0.4473
"kh6t","speed","left","left",0.2577
"kh6t","accuracy","right","right",0.5618
"kh6t","accuracy","left","left",0.4457
"kh6t","accuracy","right","right",0.6813
"kh6t","speed","left","left",0.2636
"kh6t","accuracy","left","left",0.5449
"kh6t","neutral","left","left",0.5062
"kh6t","speed","left","right",0.2917
"kh6t","accuracy","left","right",0.5364
"kh6t","speed","right","right",0.5748
"kh6t","speed","right","right",0.3969
"kh6t","accuracy","left","left",0.4502
"kh6t","accuracy","right","right",0.4621
"kh6t","neutral","right","right",0.4741
"kh6t","speed","left","left",0.4857
"kh6t","accuracy","left","left",0.5487
"kh6t","neutral","left","right",0.556
"kh6t","speed","left","left",0.4268
"kh6t","speed","left","left",0.2862
"kh6t","neutral","left","left",0.5267
"kh6t","speed","left","left",0.2708
"kh6t","neutral","left","left",0.2965
"kh6t","neutral","left","left",0.3354
"kh6t","neutral","left","left",0.4104
"kh6t","neutral","left","left",0.3788
"kh6t","accuracy","left","left",0.5451
"kh6t","accuracy","left","left",0.4673
"kh6t","neutral","left","right",0.5918
"kh6t","neutral","left","left",0.7501
"kh6t","speed","left","left",0.3918
"kh6t","neutral","right","left",0.6868
"kh6t","accuracy","left","left",0.5041
"kh6t","speed","left","left",0.8141
"kh6t","speed","right","right",0.5379
"kh6t","speed","right","left",0.2929
"kh6t","neutral","left","right",0.4833
"kh6t","neutral","left","left",0.4766
"kh6t","speed","right","right",0.3502
"kh6t","accuracy","right","right",0.4382
"kh6t","neutral","right","right",0.3418
"kh6t","neutral","left","left",0.4546
"kh6t","accuracy","left","right",0.7204
"kh6t","speed","left","right",0.3016
"kh6t","accuracy","right","right",0.461
"kh6t","neutral","left","left",0.4171
"kh6t","neutral","left","left",0.5444
"kh6t","neutral","left","left",0.3717
"kh6t","accuracy","left","left",0.5285
"kh6t","accuracy","left","left",0.3908
"kh6t","neutral","left","left",1.3809
"kh6t","speed","left","left",0.2848
"kh6t","accuracy","left","left",0.564
"kh6t","speed","left","left",0.7328
"kh6t","accuracy","right","right",0.5336
"kh6t","speed","left","left",0.5322
"kh6t","neutral","left","left",0.4252
"kh6t","speed","left","left",0.5281
"kh6t","neutral","left","left",0.4932
"kh6t","speed","right","right",0.354
"kh6t","speed","left","right",0.2695
"kh6t","accuracy","left","right",0.3863
"kh6t","accuracy","left","left",0.4809
"kh6t","accuracy","right","right",0.9717
"kh6t","speed","left","right",0.2803
"kh6t","neutral","right","left",0.4582
"kh6t","accuracy","right","right",0.5538
"kh6t","neutral","right","right",0.8529
"kh6t","accuracy","right","right",0.8401
"kh6t","accuracy","left","left",0.4821
"kh6t","accuracy","left","left",0.5155
"kh6t","neutral","right","right",0.4615
"kh6t","neutral","left","left",0.465
"kh6t","accuracy","right","right",0.5121
"kh6t","neutral","left","left",0.4287
"kh6t","accuracy","left","left",0.6328
"kh6t","neutral","right","right",0.524
"kh6t","accuracy","left","left",0.5313
"kh6t","accuracy","right","right",0.3783
"kh6t","speed","right","left",0.2785
"kh6t","speed","right","left",0.3121
"kh6t","neutral","right","right",0.4803
"kh6t","neutral","left","left",0.4258
"kh6t","neutral","right","right",0.4335
"kh6t","speed","left","left",0.5996
"kh6t","neutral","left","left",0.4965
"kh6t","accuracy","right","right",0.5852
"kh6t","neutral","left","left",0.5306
"kh6t","speed","right","right",0.5049
"kh6t","speed","left","left",0.2943
"kh6t","accuracy","right","right",0.8295
"kh6t","speed","left","left",0.5727
"kh6t","neutral","left","left",0.3776
"kh6t","accuracy","right","left",0.3445
"kh6t","accuracy","left","left",0.3947
"kh6t","accuracy","right","right",0.5511
"kh6t","neutral","right","right",0.529
"kh6t","neutral","left","left",0.4812
"kh6t","speed","left","left",0.3741
"kh6t","speed","right","right",0.4491
"kh6t","neutral","left","left",0.4366
"kh6t","neutral","left","left",0.4204
"kh6t","neutral","right","right",0.4357
"kh6t","accuracy","right","right",0.411
"kh6t","neutral","right","right",0.3944
"kh6t","neutral","right","right",0.3856
"kh6t","speed","left","left",0.6425
"kh6t","accuracy","right","right",0.5992
"kh6t","speed","right","right",0.3191
"kh6t","neutral","right","right",0.347
"kh6t","neutral","right","right",0.5527
"kh6t","accuracy","right","right",0.5167
"kh6t","neutral","right","right",0.3868
"kh6t","neutral","left","left",0.4938
"kh6t","accuracy","left","left",0.3375
"kh6t","accuracy","right","left",0.3549
"kh6t","speed","right","left",0.2914
"kh6t","neutral","left","left",0.6683
"kh6t","accuracy","right","right",0.6098
"kh6t","accuracy","left","left",0.4393
"kh6t","speed","right","right",0.296
"kh6t","speed","left","left",0.4746
"kh6t","speed","right","right",0.344
"kh6t","speed","left","left",0.2591
"kh6t","accuracy","left","left",0.5221
"kh6t","neutral","left","left",0.4574
"kh6t","speed","left","left",0.3952
"kh6t","neutral","left","left",0.4135
"kh6t","speed","left","left",0.4094
"kh6t","speed","left","left",0.3823
"kh6t","accuracy","right","right",0.5081
"kh6t","neutral","right","right",0.7252
"kh6t","neutral","left","left",0.3369
"kh6t","accuracy","left","left",0.5539
"kh6t","speed","right","left",0.3447
"kh6t","accuracy","right","right",0.573
"kh6t","accuracy","right","right",0.6102
"kh6t","accuracy","right","right",0.8567
"kh6t","neutral","right","right",0.9909
"kh6t","speed","right","right",0.3804
"kh6t","accuracy","right","left",0.7946
"kh6t","neutral","left","left",0.4455
"kh6t","accuracy","right","right",0.5095
"kh6t","speed","left","left",0.2701
"kh6t","accuracy","right","right",0.3596
"kh6t","accuracy","left","left",0.4905
"kh6t","accuracy","right","right",0.5101
"kh6t","accuracy","right","right",0.8304
"kh6t","speed","right","right",0.454
"kh6t","speed","right","right",0.5469
"kh6t","accuracy","right","right",0.5792
"kh6t","speed","right","right",0.5964
"kh6t","accuracy","right","right",0.4135
"kh6t","accuracy","right","right",0.3695
"kh6t","speed","right","right",0.3515
"kh6t","accuracy","left","left",0.5607
"kh6t","neutral","right","right",0.5112
"kh6t","neutral","right","right",0.3367
"kh6t","neutral","right","left",0.4896
"kh6t","neutral","left","left",0.8806
"kh6t","neutral","left","left",0.4957
"kh6t","neutral","left","left",0.6163
"kh6t","accuracy","left","left",0.4447
"kh6t","speed","left","left",0.4274
"kh6t","neutral","left","left",0.4918
"kh6t","speed","right","right",0.4897
"kh6t","accuracy","right","right",0.3929
"kh6t","speed","left","left",0.679
"kh6t","speed","left","left",0.4692
"kh6t","accuracy","right","right",0.4495
"kh6t","speed","left","left",0.3932
"kh6t","accuracy","right","right",0.5599
"kh6t","neutral","right","right",0.3873
"kh6t","neutral","left","left",0.5279
"kh6t","speed","right","left",0.3229
"kh6t","speed","left","left",0.3881
"kh6t","neutral","right","right",0.5385
"kh6t","speed","right","right",0.5027
"kh6t","neutral","left","left",0.4986
"kh6t","neutral","right","right",0.7671
"kh6t","accuracy","left","left",0.5078
"kh6t","neutral","left","left",0.5261
"kh6t","neutral","left","left",0.5603
"kh6t","speed","right","right",0.2951
"kh6t","accuracy","left","left",0.6049
"kh6t","speed","left","left",0.2848
"kh6t","neutral","left","left",0.5027
"kh6t","neutral","right","left",0.3294
"kh6t","neutral","right","right",0.3977
"kh6t","speed","right","right",0.309
"kh6t","neutral","left","right",0.2953
"kh6t","neutral","right","right",0.455
"kh6t","accuracy","right","right",0.3566
"kh6t","neutral","right","right",0.4784
"kh6t","neutral","right","right",1.014
"kh6t","accuracy","right","right",0.8211
"kh6t","neutral","right","right",0.8361
"kh6t","speed","left","left",0.3244
"kh6t","neutral","left","left",0.3707
"kh6t","speed","left","left",0.3671
"kh6t","speed","right","right",0.3162
"kh6t","accuracy","right","right",0.5923
"kh6t","neutral","right","right",0.9562
"kh6t","speed","left","left",0.3391
"kh6t","accuracy","left","left",0.586
"kh6t","speed","right","right",0.5227
"kh6t","speed","right","left",0.2767
"kh6t","speed","right","right",0.325
"kh6t","speed","right","right",0.4221
"kh6t","accuracy","left","left",0.4742
"kh6t","neutral","right","right",0.5505
"kh6t","accuracy","right","right",0.3742
"kh6t","speed","right","right",0.3319
"kh6t","speed","right","right",0.287
"kh6t","speed","right","right",0.3746
"kh6t","speed","right","right",0.3873
"kh6t","speed","left","left",0.5393
"kh6t","neutral","right","right",0.3918
"kh6t","neutral","left","left",0.4145
"kh6t","accuracy","left","left",0.6362
"kh6t","accuracy","left","left",0.9796
"kh6t","accuracy","right","left",0.4943
"kh6t","neutral","left","left",1.0843
"kh6t","speed","right","left",0.2595
"kh6t","accuracy","right","right",0.4141
"kh6t","speed","left","left",0.6098
"kh6t","neutral","left","left",0.7433
"kh6t","accuracy","right","right",0.5205
"kh6t","accuracy","right","right",0.4524
"kh6t","speed","right","right",0.2578
"kh6t","speed","right","right",0.3987
"kh6t","accuracy","left","right",0.3444
"kh6t","speed","left","left",0.3998
"kh6t","speed","right","right",0.5385
"kh6t","neutral","left","left",0.488
"kh6t","neutral","right","right",0.6348
"kh6t","neutral","right","left",0.56
"kh6t","speed","left","left",0.2616
"kh6t","accuracy","left","left",0.3985
"kh6t","neutral","left","left",0.4431
"kh6t","accuracy","left","right",0.3778
"kh6t","neutral","right","right",0.5859
"kh6t","neutral","right","right",0.3997
"kh6t","neutral","left","left",0.4826
"kh6t","neutral","right","right",0.4914
"kh6t","speed","left","left",0.3565
"kh6t","neutral","right","right",0.5592
"kh6t","neutral","right","right",0.6863
"kh6t","speed","left","right",0.3215
"kh6t","neutral","right","right",0.382
"kh6t","speed","left","left",0.3239
"kh6t","neutral","right","right",0.5459
"kh6t","accuracy","left","left",0.5432
"kh6t","accuracy","left","left",0.4337
"kh6t","speed","left","left",0.3334
"kh6t","neutral","left","left",0.4322
"kh6t","neutral","left","left",0.3515
"kh6t","neutral","left","left",0.4817
"kh6t","neutral","right","right",0.5456
"kh6t","speed","left","left",0.3207
"kh6t","accuracy","right","right",1.1357
"kh6t","speed","left","right",0.2518
"kh6t","speed","right","right",0.5938
"kh6t","accuracy","left","left",0.6922
"kh6t","accuracy","right","right",0.4864
"kh6t","neutral","left","left",0.4647
"kh6t","speed","left","left",0.5652
"kh6t","accuracy","left","left",0.3682
"kh6t","speed","left","left",0.3278
"kh6t","speed","left","left",0.4873
"kh6t","neutral","right","right",0.4907
"kh6t","neutral","left","left",0.4577
"kh6t","neutral","right","right",0.2717
"kh6t","neutral","left","left",0.5866
"kh6t","neutral","right","right",0.5767
"kh6t","accuracy","left","left",0.4982
"kh6t","accuracy","right","left",0.6802
"kh6t","speed","left","left",0.3858
"kh6t","accuracy","left","left",0.7332
"kh6t","speed","right","right",0.3158
"kh6t","speed","right","right",0.345
"kh6t","speed","left","left",0.3377
"kh6t","neutral","left","left",0.5331
"kh6t","speed","left","left",0.3366
"kh6t","accuracy","left","left",0.5348
"kh6t","neutral","right","right",0.4748
"kh6t","neutral","right","right",0.984
"kh6t","accuracy","left","left",0.7002
"kh6t","accuracy","left","left",0.597
"kh6t","neutral","right","right",0.6613
"kh6t","accuracy","right","right",0.5717
"kh6t","speed","left","left",0.4056
"kh6t","speed","right","right",0.3519
"kh6t","neutral","right","right",0.6221
"kh6t","accuracy","right","left",1.0668
"kh6t","neutral","left","left",0.7761
"kh6t","speed","left","left",0.3305
"kh6t","speed","left","right",0.4537
"kh6t","neutral","right","right",0.4839
"kh6t","speed","right","right",0.3918
"kh6t","neutral","left","left",0.4667
"kh6t","accuracy","right","right",0.444
"kh6t","speed","left","left",0.3758
"kh6t","speed","left","right",0.4301
"kh6t","accuracy","right","right",0.7176
"kh6t","accuracy","left","left",0.5482
"kh6t","neutral","right","right",0.4871
"kh6t","neutral","left","left",0.6966
"kh6t","accuracy","left","left",0.6252
"kh6t","speed","left","left",0.2779
"kh6t","accuracy","right","right",0.6111
"kh6t","speed","right","right",0.4372
"kh6t","speed","right","right",0.4831
"kh6t","neutral","left","left",0.4964
"kh6t","speed","left","right",0.3874
"kh6t","accuracy","right","right",0.4489
"kh6t","neutral","left","left",0.4234
"kh6t","accuracy","left","left",0.8553
"kh6t","speed","right","right",0.4206
"kh6t","neutral","right","left",0.9229
"kh6t","neutral","right","right",0.5165
"kh6t","accuracy","left","left",0.4943
"kh6t","accuracy","left","left",0.585
"kh6t","accuracy","right","right",0.4259
"kh6t","accuracy","right","right",0.4045
"kh6t","neutral","right","right",0.7903
"kh6t","neutral","right","right",0.3593
"kh6t","speed","left","right",0.4706
"kh6t","accuracy","left","left",0.4791
"kh6t","neutral","left","left",0.4026
"kh6t","speed","left","left",0.4768
"kh6t","speed","left","left",0.3804
"kh6t","neutral","right","left",0.327
"kh6t","accuracy","left","right",0.4792
"kh6t","neutral","right","right",0.6296
"kh6t","speed","left","right",0.4308
"kh6t","neutral","right","right",0.7486
"kh6t","speed","left","left",0.4517
"kh6t","neutral","right","right",0.4255
"kh6t","accuracy","left","left",0.4308
"kh6t","speed","left","left",0.3745
"kh6t","speed","left","left",0.3057
"kh6t","speed","right","left",0.3056
"kh6t","neutral","right","right",0.6468
"kh6t","speed","left","left",0.6252
"kh6t","neutral","right","right",0.5172
"kh6t","speed","right","right",0.5217
"kh6t","neutral","right","right",0.295
"kh6t","speed","right","left",0.3732
"kh6t","speed","left","left",0.3227
"kh6t","speed","left","left",0.3039
"kh6t","accuracy","left","left",0.4599
"kh6t","speed","left","left",0.3921
"kh6t","neutral","right","right",0.441
"kh6t","accuracy","right","right",0.6943
"kh6t","neutral","left","left",0.4807
"kh6t","neutral","right","right",0.6751
"kh6t","accuracy","left","left",0.5755
"kh6t","speed","left","right",0.4098
"kh6t","accuracy","right","right",0.4611
"kh6t","accuracy","right","left",0.3935
"kh6t","speed","left","left",0.4974
"kh6t","neutral","right","right",0.5365
"kh6t","speed","left","left",0.4461
"kh6t","accuracy","left","left",0.7557
"kh6t","speed","left","left",0.2948
"kh6t","neutral","right","right",0.5335
"kh6t","accuracy","right","right",0.3623
"kh6t","neutral","right","right",0.4074
"kh6t","neutral","left","left",0.3969
"kh6t","accuracy","left","left",0.4031
"kh6t","speed","right","right",0.4947
"kh6t","accuracy","right","right",0.4321
"kh6t","speed","right","right",1.1021
"kh6t","accuracy","right","right",0.4093
"kh6t","speed","right","right",0.3085
"kh6t","accuracy","right","left",0.6772
"kh6t","speed","right","right",0.5983
"kh6t","neutral","right","right",0.8692
"kh6t","speed","right","right",0.3577
"kh6t","neutral","left","left",0.6306
"kh6t","speed","right","right",0.5897
"kh6t","neutral","right","right",0.4717
"kh6t","speed","right","right",0.5459
"kh6t","speed","left","left",0.4415
"kh6t","speed","right","left",0.451
"kh6t","neutral","right","right",0.5353
"kh6t","accuracy","right","right",0.5106
"kh6t","speed","right","right",0.5936
"kh6t","accuracy","left","left",0.5566
"kh6t","neutral","right","right",0.7148
"kh6t","neutral","left","left",0.6607
"kh6t","neutral","right","right",0.4117
"kh6t","speed","right","right",0.3551
"kh6t","speed","right","right",0.3389
"kh6t","accuracy","right","right",0.9971
"kh6t","speed","left","left",0.4338
"kh6t","neutral","right","right",0.4069
"kh6t","neutral","left","left",0.2968
"kh6t","neutral","right","right",0.5307
"kh6t","speed","right","left",0.4036
"kh6t","neutral","left","left",0.7845
"kh6t","accuracy","right","right",0.4504
"kh6t","accuracy","right","right",0.4833
"kh6t","neutral","right","right",0.4819
"kh6t","speed","left","left",0.598
"kh6t","accuracy","left","left",0.5441
"kh6t","accuracy","left","left",0.3507
"kh6t","neutral","left","left",0.4901
"kh6t","accuracy","right","left",0.7315
"kh6t","accuracy","left","left",0.785
"kh6t","accuracy","right","right",0.4542
"kh6t","speed","right","right",0.6737
"kh6t","accuracy","left","right",0.2641
"kh6t","neutral","left","left",0.5163
"kh6t","neutral","right","right",0.5018
"kh6t","speed","left","left",0.4767
"kh6t","neutral","left","right",0.4747
"kh6t","speed","left","left",0.3539
"kh6t","neutral","left","left",0.3421
"kh6t","speed","left","left",0.3581
"kh6t","neutral","right","left",0.5718
"kh6t","accuracy","left","left",1.1198
"kh6t","speed","left","left",0.3374
"kh6t","speed","right","right",0.3263
"kh6t","neutral","left","left",0.3404
"kh6t","speed","right","right",0.5406
"kh6t","speed","left","left",0.4582
"kh6t","neutral","left","left",0.5609
"kh6t","neutral","left","left",0.6765
"kh6t","speed","right","left",0.358
"kh6t","accuracy","right","right",0.4053
"kh6t","accuracy","right","right",1.022
"kh6t","neutral","left","left",0.8444
"kh6t","neutral","right","right",0.4989
"kh6t","neutral","right","left",0.6252
"kh6t","neutral","left","left",0.6086
"kh6t","speed","left","left",0.3483
"kh6t","speed","left","left",0.6395
"kh6t","speed","left","left",0.2975
"kh6t","speed","right","right",0.6139
"kh6t","neutral","right","right",0.4273
"kh6t","accuracy","left","right",0.3343
"kh6t","accuracy","right","left",0.3977
"kh6t","accuracy","right","right",0.8674
"kh6t","accuracy","left","left",0.4034
"kh6t","neutral","right","right",0.4754
"kh6t","neutral","left","left",0.354
"kh6t","accuracy","right","right",0.5163
"kh6t","neutral","left","left",0.5312
"kh6t","accuracy","right","right",0.5187
"kh6t","accuracy","left","left",0.651
"kh6t","neutral","right","right",0.7362
"kh6t","accuracy","right","right",0.742
"kh6t","neutral","right","left",0.7827
"kh6t","neutral","right","right",0.6736
"kh6t","accuracy","left","right",0.5608
"kh6t","neutral","right","right",0.5002
"kh6t","accuracy","left","left",0.7858
"kh6t","neutral","right","right",0.5079
"kh6t","neutral","right","right",0.4383
"kh6t","accuracy","right","right",0.5379
"kh6t","speed","right","left",0.4986
"kh6t","speed","left","left",0.5423
"kh6t","neutral","right","right",0.5137
"kh6t","speed","left","left",0.5986
"kh6t","speed","right","left",0.328
"kh6t","neutral","left","left",0.4196
"kh6t","neutral","left","right",0.5169
"kh6t","speed","left","left",0.2943
"kh6t","neutral","right","right",0.4292
"kh6t","neutral","right","right",0.4317
"kh6t","speed","right","right",0.6978
"kh6t","speed","left","left",0.4855
"kh6t","neutral","left","left",0.3867
"kh6t","neutral","left","left",0.4962
"kh6t","neutral","left","left",0.501
"kh6t","neutral","left","left",0.5092
"kh6t","neutral","right","right",0.5297
"kh6t","accuracy","right","right",0.385
"kh6t","accuracy","left","left",0.7071
"kh6t","accuracy","left","left",0.3612
"kh6t","neutral","right","left",0.4715
"kh6t","speed","right","right",0.9314
"kh6t","accuracy","left","left",0.4392
"kh6t","neutral","left","left",0.7039
"kh6t","neutral","left","left",0.6578
"kh6t","neutral","right","left",0.3334
"kh6t","neutral","left","left",0.6897
"kh6t","neutral","left","left",0.7005
"kh6t","speed","left","left",0.3098
"kh6t","accuracy","right","right",0.5226
"kh6t","neutral","left","left",0.3349
"kh6t","speed","left","right",0.4905
"kh6t","neutral","left","left",0.4734
"kh6t","speed","right","left",0.377
"kh6t","speed","left","left",0.4981
"kh6t","accuracy","right","left",1.0176
"kh6t","neutral","left","left",0.5423
"kh6t","neutral","right","right",0.5439
"kh6t","speed","left","left",0.7144
"kh6t","neutral","left","left",0.3739
"kh6t","accuracy","left","left",0.6585
"kh6t","neutral","left","left",0.4429
"kh6t","accuracy","right","right",0.6436
"kh6t","neutral","right","right",0.9174
"kh6t","neutral","right","right",0.8404
"kh6t","accuracy","right","left",0.4801
"kh6t","neutral","right","right",0.3992
"kh6t","speed","left","left",0.6652
"kh6t","accuracy","right","right",0.4965
"kh6t","speed","right","right",0.2505
"kh6t","accuracy","left","left",0.4831
"kh6t","accuracy","right","right",0.9322
"kh6t","neutral","right","right",0.5347
"kh6t","accuracy","right","left",0.4753
"kh6t","neutral","right","left",0.5596
"kh6t","accuracy","right","right",0.5603
"kh6t","neutral","left","left",0.6995
"kh6t","speed","left","left",0.2776
"kh6t","neutral","left","left",0.4619
"kh6t","accuracy","right","right",0.4955
"kh6t","accuracy","left","left",0.6235
"kh6t","speed","left","left",0.4065
"kh6t","speed","right","left",0.4373
"kh6t","speed","left","left",0.5584
"kh6t","neutral","right","right",0.8573
"kh6t","neutral","left","left",0.3977
"kh6t","neutral","left","left",0.3744
"kh6t","neutral","left","left",0.3497
"kh6t","neutral","left","left",0.3285
"kh6t","neutral","left","left",0.5061
"kh6t","speed","left","left",0.2832
"kh6t","accuracy","right","right",0.6126
"kh6t","neutral","left","left",0.4247
"kh6t","neutral","left","left",0.5264
"kh6t","speed","right","right",0.7866
"kh6t","accuracy","right","right",0.4555
"kh6t","speed","right","right",0.3179
"kh6t","speed","right","right",0.4535
"kh6t","accuracy","left","left",0.5076
"kh6t","neutral","right","left",0.5551
"kh6t","neutral","left","left",0.4804
"kh6t","neutral","right","left",0.2892
"kh6t","neutral","right","right",0.4471
"kh6t","speed","left","left",0.5222
"kh6t","accuracy","right","left",0.338
"kh6t","speed","left","left",0.5138
"kh6t","speed","right","right",0.7281
"kh6t","neutral","right","right",0.6394
"kh6t","neutral","right","right",0.5807
"kh6t","accuracy","right","right",1.3834
"kh6t","accuracy","right","left",0.4582
"kh6t","accuracy","left","left",0.8278
"kh6t","neutral","right","right",0.5621
"kh6t","neutral","left","left",0.4708
"kh6t","accuracy","left","left",0.2917
"kh6t","neutral","right","left",0.3479
"kh6t","accuracy","left","left",0.4468
"kh6t","speed","right","left",1.2592
"kh6t","neutral","right","left",0.4591
"kh6t","accuracy","left","left",0.3948
"kh6t","speed","left","left",0.6106
"kh6t","neutral","right","right",0.8135
"kh6t","accuracy","left","left",0.5158
"kh6t","accuracy","right","right",0.4624
"kh6t","neutral","right","right",0.4126
"kh6t","neutral","right","right",0.4301
"kh6t","neutral","right","right",0.389
"kh6t","speed","left","left",0.7965
"kh6t","neutral","left","left",0.3577
"kh6t","accuracy","right","right",0.6616
"kh6t","accuracy","left","left",0.3785
"kh6t","speed","right","left",0.6073
"kh6t","speed","right","right",0.2957
"kh6t","neutral","right","right",0.6222
"kh6t","neutral","left","left",0.6277
"kh6t","accuracy","right","left",0.8725
"kh6t","neutral","right","right",0.433
"kh6t","speed","right","right",0.2705
"kh6t","neutral","right","right",0.3024
"kh6t","neutral","right","left",0.2632
"kh6t","neutral","left","left",0.4962
"kh6t","speed","left","left",0.2619
"kh6t","accuracy","left","left",0.4053
"kh6t","accuracy","left","left",0.3448
"kh6t","accuracy","left","left",0.3465
"kh6t","neutral","left","left",0.3602
"kh6t","neutral","right","left",0.3912
"kh6t","speed","left","left",0.3674
"kh6t","speed","left","left",0.5016
"kh6t","speed","left","right",0.3152
"kh6t","speed","right","left",0.4085
"kh6t","speed","left","left",0.5322
"kh6t","speed","left","left",0.3546
"kh6t","accuracy","right","right",0.5692
"kh6t","speed","right","right",0.6086
"kh6t","neutral","left","left",0.5385
"kh6t","neutral","left","left",0.4655
"kh6t","speed","left","left",0.3899
"kh6t","accuracy","left","left",0.4035
"kh6t","speed","right","right",0.542
"kh6t","speed","left","right",0.3127
"kh6t","speed","left","left",0.6066
"kh6t","accuracy","right","right",0.5134
"kh6t","neutral","right","right",0.7984
"kh6t","accuracy","right","right",0.3979
"kh6t","speed","right","right",0.3883
"kh6t","accuracy","right","right",0.6818
"kh6t","speed","right","left",0.3691
"kh6t","neutral","left","left",0.4193
"kh6t","neutral","left","left",0.4492
"kh6t","accuracy","left","left",0.361
"kh6t","neutral","right","left",0.3325
"kh6t","speed","left","left",0.2552
"kh6t","accuracy","right","right",0.5475
"kh6t","accuracy","left","left",0.5613
"kh6t","neutral","right","right",0.3573
"kh6t","accuracy","right","right",1.1434
"kh6t","speed","right","left",1.0608
"kh6t","neutral","right","right",0.9524
"kh6t","neutral","left","left",0.4131
"kh6t","accuracy","left","left",0.3668
"kh6t","neutral","left","left",0.359
"kh6t","neutral","left","left",0.3109
"kh6t","speed","left","left",0.5104
"kh6t","speed","right","right",0.4525
"kh6t","accuracy","right","right",0.3787
"kh6t","accuracy","right","right",0.3887
"kh6t","speed","right","left",0.2951
"kh6t","speed","left","left",0.2869
"kh6t","neutral","left","left",0.2799
"kh6t","speed","left","left",0.4526
"kh6t","neutral","left","left",0.4528
"kh6t","neutral","right","left",0.3379
"kh6t","accuracy","right","left",0.6925
"kh6t","neutral","right","right",0.5172
"kh6t","speed","right","right",0.3516
"kh6t","neutral","right","right",0.3984
"kh6t","speed","right","left",0.2957
"kh6t","neutral","left","left",0.4178
"kh6t","neutral","left","left",0.4312
"kh6t","speed","left","left",0.4136
"kh6t","speed","left","left",0.3542
"kh6t","neutral","left","right",0.6432
"kh6t","accuracy","left","left",0.5956
"kh6t","speed","left","left",0.4171
"kh6t","neutral","left","left",0.4269
"kh6t","neutral","left","left",0.3302
"kh6t","speed","right","left",0.362
"kh6t","speed","left","left",0.3513
"kmat","neutral","right","right",0.4277
"kmat","accuracy","right","right",0.4779
"kmat","neutral","right","right",0.344
"kmat","speed","left","right",0.2982
"kmat","neutral","right","right",0.4104
"kmat","neutral","left","left",0.3915
"kmat","neutral","right","right",0.8305
"kmat","speed","left","left",0.4433
"kmat","neutral","right","right",0.3758
"kmat","speed","right","right",0.3687
"kmat","accuracy","right","right",0.6272
"kmat","speed","left","left",0.3663
"kmat","speed","right","right",0.7044
"kmat","speed","left","left",0.2945
"kmat","accuracy","left","left",0.623
"kmat","neutral","left","left",0.3458
"kmat","speed","left","left",0.345
"kmat","neutral","left","left",0.4148
"kmat","speed","left","left",0.4019
"kmat","speed","left","left",0.5328
"kmat","accuracy","left","left",0.3522
"kmat","speed","left","left",0.3394
"kmat","accuracy","left","left",0.3297
"kmat","neutral","right","right",0.6127
"kmat","speed","right","right",0.3436
"kmat","accuracy","left","left",0.3859
"kmat","speed","left","left",0.3403
"kmat","accuracy","right","right",0.5743
"kmat","accuracy","left","left",0.6438
"kmat","speed","right","right",0.3391
"kmat","speed","left","left",0.3999
"kmat","speed","left","left",0.3901
"kmat","neutral","right","right",0.7378
"kmat","neutral","left","left",0.3509
"kmat","accuracy","left","left",0.3838
"kmat","neutral","left","left",0.5035
"kmat","neutral","right","right",0.4152
"kmat","neutral","right","left",0.4066
"kmat","neutral","right","right",0.4741
"kmat","neutral","right","right",0.4153
"kmat","accuracy","right","right",0.8278
"kmat","accuracy","right","right",0.5658
"kmat","speed","left","left",0.4643
"kmat","accuracy","left","left",1.2196
"kmat","neutral","right","right",0.3855
"kmat","accuracy","left","left",0.6251
"kmat","accuracy","left","left",0.5401
"kmat","speed","right","right",0.5679
"kmat","speed","left","left",0.3545
"kmat","speed","right","right",0.3144
"kmat","speed","left","left",0.3359
"kmat","neutral","left","left",0.3959
"kmat","accuracy","left","left",0.3814
"kmat","accuracy","left","left",0.409
"kmat","accuracy","left","left",0.4108
"kmat","accuracy","left","left",0.523
"kmat","speed","right","right",0.4502
"kmat","neutral","left","left",0.5291
"kmat","speed","right","right",0.5046
"kmat","neutral","left","left",0.2731
"kmat","neutral","right","right",0.298
"kmat","speed","right","left",0.266
"kmat","accuracy","left","left",0.393
"kmat","accuracy","right","right",0.6285
"kmat","accuracy","left","left",0.3665
"kmat","speed","left","left",0.4655
"kmat","accuracy","right","right",0.3761
"kmat","speed","right","right",0.4499
"kmat","neutral","left","left",0.4259
"kmat","neutral","left","left",0.4319
"kmat","speed","left","left",0.3452
"kmat","accuracy","left","left",0.6268
"kmat","neutral","left","left",0.6357
"kmat","accuracy","right","right",0.4566
"kmat","accuracy","left","left",0.4134
"kmat","accuracy","right","right",0.4334
"kmat","speed","right","right",0.3666
"kmat","speed","right","right",0.471
"kmat","neutral","left","left",0.3474
"kmat","neutral","left","left",0.4226
"kmat","speed","left","left",0.3871
"kmat","neutral","right","right",0.3421
"kmat","neutral","right","right",0.3978
"kmat","neutral","left","left",0.4137
"kmat","accuracy","right","right",0.4244
"kmat","neutral","left","left",0.414
"kmat","neutral","right","right",0.4562
"kmat","accuracy","right","right",0.4062
"kmat","neutral","left","left",0.3566
"kmat","accuracy","right","right",0.4095
"kmat","accuracy","right","left",0.3976
"kmat","neutral","right","right",0.5623
"kmat","neutral","left","left",0.3824
"kmat","accuracy","left","left",0.6143
"kmat","neutral","right","right",0.4621
"kmat","accuracy","left","left",0.3612
"kmat","neutral","right","right",0.5844
"kmat","neutral","right","left",0.3764
"kmat","accuracy","right","right",0.5336
"kmat","accuracy","left","left",0.4939
"kmat","accuracy","left","left",0.6855
"kmat","neutral","left","left",0.6215
"kmat","speed","left","left",0.4135
"kmat","accuracy","right","right",0.5702
"kmat","neutral","right","left",0.4273
"kmat","neutral","right","right",0.7295
"kmat","neutral","left","left",0.4107
"kmat","speed","right","left",0.2607
"kmat","speed","left","left",0.405
"kmat","speed","right","right",0.4154
"kmat","neutral","right","right",0.3505
"kmat","neutral","left","left",0.3225
"kmat","accuracy","left","left",0.4058
"kmat","speed","left","left",0.2972
"kmat","neutral","right","right",0.4126
"kmat","accuracy","right","right",0.3959
"kmat","speed","right","left",0.4792
"kmat","neutral","left","left",0.3731
"kmat","neutral","right","right",0.575
"kmat","neutral","left","left",0.424
"kmat","neutral","left","left",0.3583
"kmat","accuracy","left","left",0.4189
"kmat","speed","left","left",0.2867
"kmat","speed","right","left",0.3677
"kmat","accuracy","left","left",0.572
"kmat","accuracy","right","right",0.5095
"kmat","accuracy","left","left",0.3544
"kmat","speed","left","left",0.387
"kmat","speed","right","right",0.3198
"kmat","speed","right","right",0.3792
"kmat","speed","left","left",0.3167
"kmat","neutral","right","right",0.401
"kmat","neutral","right","right",0.4514
"kmat","speed","left","left",0.3452
"kmat","speed","right","right",0.366
"kmat","speed","right","right",0.4408
"kmat","accuracy","right","right",0.3819
"kmat","speed","right","left",0.2928
"kmat","accuracy","right","right",0.4276
"kmat","speed","right","right",0.3355
"kmat","speed","left","left",0.351
"kmat","speed","left","left",0.3303
"kmat","accuracy","right","right",0.7372
"kmat","neutral","left","left",0.3929
"kmat","neutral","right","right",0.5371
"kmat","accuracy","left","left",0.4075
"kmat","accuracy","left","left",0.4114
"kmat","accuracy","right","right",0.4975
"kmat","neutral","right","left",0.3388
"kmat","neutral","left","left",0.504
"kmat","accuracy","left","left",0.437
"kmat","accuracy","right","right",0.5502
"kmat","neutral","right","right",0.5143
"kmat","accuracy","left","left",0.4322
"kmat","accuracy","right","right",0.4534
"kmat","accuracy","left","left",0.635
"kmat","neutral","left","left",0.4281
"kmat","speed","right","right",0.3636
"kmat","speed","right","left",0.3321
"kmat","accuracy","right","right",0.7141
"kmat","neutral","left","left",0.4174
"kmat","accuracy","right","right",0.5033
"kmat","speed","left","left",0.292
"kmat","neutral","left","left",0.6083
"kmat","neutral","right","right",0.7018
"kmat","accuracy","left","left",0.6003
"kmat","neutral","left","left",0.5429
"kmat","speed","left","left",0.3099
"kmat","accuracy","left","left",0.3338
"kmat","neutral","left","left",0.3551
"kmat","neutral","left","left",0.408
"kmat","accuracy","left","left",0.4164
"kmat","accuracy","left","left",0.4178
"kmat","accuracy","left","left",0.4569
"kmat","speed","right","right",0.4478
"kmat","neutral","left","left",0.3914
"kmat","neutral","right","right",0.4661
"kmat","speed","right","right",0.3754
"kmat","accuracy","left","left",0.3835
"kmat","speed","right","right",0.3667
"kmat","speed","right","left",0.4
"kmat","accuracy","right","right",0.4811
"kmat","neutral","left","left",0.449
"kmat","speed","left","left",0.3176
"kmat","neutral","left","left",0.3677
"kmat","accuracy","right","right",0.4226
"kmat","accuracy","right","right",0.5513
"kmat","neutral","right","right",0.4224
"kmat","neutral","right","right",0.4837
"kmat","speed","left","left",0.374
"kmat","neutral","right","right",0.663
"kmat","speed","left","left",0.3397
"kmat","accuracy","left","left",0.6321
"kmat","speed","right","right",0.3365
"kmat","neutral","right","right",0.3979
"kmat","accuracy","left","left",0.6391
"kmat","neutral","left","left",0.4263
"kmat","accuracy","left","left",0.5714
"kmat","speed","right","right",0.3555
"kmat","neutral","left","left",0.4209
"kmat","speed","left","left",0.4175
"kmat","accuracy","right","right",0.4166
"kmat","neutral","right","right",1.116
"kmat","speed","right","right",0.4454
"kmat","speed","right","right",0.3854
"kmat","speed","left","left",0.3059
"kmat","speed","left","left",0.3204
"kmat","speed","right","right",0.3573
"kmat","neutral","left","left",0.3077
"kmat","neutral","left","left",0.469
"kmat","accuracy","left","left",0.5812
"kmat","neutral","left","left",0.5368
"kmat","neutral","left","left",0.4482
"kmat","neutral","right","right",0.4804
"kmat","speed","right","right",0.3532
"kmat","neutral","right","right",0.4879
"kmat","neutral","right","right",0.7732
"kmat","neutral","right","right",0.6029
"kmat","accuracy","right","right",0.6821
"kmat","accuracy","right","right",0.4943
"kmat","accuracy","right","right",0.7362
"kmat","speed","left","left",0.4175
"kmat","accuracy","left","left",0.6664
"kmat","neutral","left","left",0.8911
"kmat","accuracy","left","left",0.5072
"kmat","accuracy","left","left",0.3957
"kmat","speed","left","left",0.4036
"kmat","accuracy","left","left",0.437
"kmat","speed","left","left",0.4133
"kmat","neutral","left","left",0.36
"kmat","speed","left","left",0.2789
"kmat","speed","left","left",0.4352
"kmat","neutral","right","right",0.4049
"kmat","accuracy","right","right",0.4123
"kmat","neutral","right","right",0.3955
"kmat","speed","left","left",0.332
"kmat","speed","right","right",0.3466
"kmat","accuracy","left","left",0.2993
"kmat","speed","left","left",0.4712
"kmat","speed","right","right",0.3423
"kmat","accuracy","left","left",0.3746
"kmat","neutral","right","left",0.7749
"kmat","neutral","right","left",0.4455
"kmat","neutral","right","right",0.447
"kmat","accuracy","right","left",0.8017
"kmat","accuracy","left","left",0.4447
"kmat","neutral","right","right",0.3881
"kmat","neutral","right","right",0.4268
"kmat","accuracy","right","right",0.4345
"kmat","accuracy","left","left",0.5323
"kmat","accuracy","left","left",0.5146
"kmat","neutral","right","left",0.55
"kmat","neutral","left","right",0.5269
"kmat","accuracy","right","right",0.5652
"kmat","neutral","left","left",0.4383
"kmat","accuracy","left","left",0.4496
"kmat","neutral","left","left",0.4483
"kmat","neutral","left","right",0.4238
"kmat","speed","right","right",0.4191
"kmat","accuracy","left","left",0.384
"kmat","accuracy","right","right",0.6024
"kmat","neutral","right","right",0.4702
"kmat","speed","left","left",0.3725
"kmat","neutral","left","left",0.3844
"kmat","accuracy","right","right",0.5789
"kmat","neutral","right","right",0.4195
"kmat","speed","left","left",0.3905
"kmat","speed","left","left",0.322
"kmat","accuracy","left","left",0.4094
"kmat","speed","right","right",0.4165
"kmat","neutral","right","left",0.2658
"kmat","accuracy","left","left",0.4523
"kmat","speed","right","right",0.3669
"kmat","speed","right","left",0.3005
"kmat","neutral","left","left",0.6382
"kmat","neutral","right","left",0.4968
"kmat","neutral","right","right",0.7493
"kmat","accuracy","left","left",0.4665
"kmat","neutral","right","right",0.5633
"kmat","speed","left","left",0.4702
"kmat","accuracy","left","left",0.419
"kmat","neutral","left","left",0.3367
"kmat","speed","right","right",0.451
"kmat","accuracy","left","left",0.5595
"kmat","accuracy","left","left",0.6471
"kmat","neutral","right","left",0.3974
"kmat","accuracy","right","right",0.5508
"kmat","speed","right","right",0.3733
"kmat","speed","left","left",0.3935
"kmat","accuracy","left","left",0.4224
"kmat","neutral","right","right",0.4154
"kmat","neutral","left","left",0.3805
"kmat","accuracy","right","right",0.4081
"kmat","speed","left","left",0.5774
"kmat","neutral","left","left",0.319
"kmat","speed","right","left",0.3059
"kmat","speed","right","right",0.3479
"kmat","accuracy","right","right",0.5154
"kmat","neutral","left","left",0.408
"kmat","speed","left","left",0.3983
"kmat","speed","right","right",0.3457
"kmat","accuracy","right","right",0.3637
"kmat","neutral","right","right",0.4201
"kmat","accuracy","right","right",0.5792
"kmat","accuracy","right","right",0.448
"kmat","neutral","left","left",0.4325
"kmat","neutral","left","left",0.4355
"kmat","neutral","right","right",0.4519
"kmat","speed","left","left",0.2963
"kmat","speed","right","right",0.3857
"kmat","accuracy","right","right",0.401
"kmat","accuracy","left","left",0.4701
"kmat","accuracy","right","right",0.5876
"kmat","neutral","left","left",0.4558
"kmat","neutral","left","left",0.3975
"kmat","neutral","left","left",0.5678
"kmat","accuracy","right","right",0.938
"kmat","speed","left","left",0.3547
"kmat","speed","right","left",0.3343
"kmat","accuracy","left","left",0.396
"kmat","accuracy","right","right",0.4296
"kmat","accuracy","right","right",1.1607
"kmat","speed","right","right",0.4018
"kmat","neutral","right","right",0.3743
"kmat","speed","right","right",0.3997
"kmat","speed","right","right",0.3686
"kmat","speed","right","right",0.4436
"kmat","accuracy","left","right",0.3549
"kmat","accuracy","right","right",0.4254
"kmat","accuracy","right","right",0.4999
"kmat","neutral","right","right",0.4152
"kmat","neutral","right","left",1.0665
"kmat","accuracy","right","right",0.4345
"kmat","accuracy","left","left",0.4757
"kmat","accuracy","left","left",0.4766
"kmat","speed","right","right",0.3455
"kmat","speed","right","right",0.4045
"kmat","neutral","left","left",0.3668
"kmat","speed","right","left",0.4399
"kmat","accuracy","left","left",0.4331
"kmat","speed","right","right",1.3234
"kmat","accuracy","left","left",0.4125
"kmat","accuracy","right","left",0.4658
"kmat","accuracy","right","right",0.4206
"kmat","accuracy","right","right",0.4403
"kmat","neutral","left","left",0.3814
"kmat","speed","left","left",0.3489
"kmat","accuracy","left","left",0.4341
"kmat","accuracy","right","left",0.4962
"kmat","accuracy","left","left",0.3516
"kmat","speed","right","right",0.4327
"kmat","accuracy","left","right",0.3842
"kmat","speed","right","right",0.5767
"kmat","speed","left","left",0.2934
"kmat","speed","right","right",0.4168
"kmat","speed","left","left",0.3589
"kmat","accuracy","right","right",0.4138
"kmat","accuracy","left","left",0.6014
"kmat","neutral","right","right",0.418
"kmat","neutral","right","right",0.4747
"kmat","neutral","left","left",0.3893
"kmat","neutral","right","right",1.1921
"kmat","neutral","right","right",0.468
"kmat","speed","right","left",0.4486
"kmat","speed","left","left",0.3949
"kmat","neutral","right","right",0.4033
"kmat","speed","right","right",0.4147
"kmat","accuracy","left","left",0.3811
"kmat","neutral","right","right",0.6628
"kmat","accuracy","left","right",0.3988
"kmat","neutral","left","left",0.4243
"kmat","accuracy","right","left",0.3829
"kmat","speed","left","left",0.3845
"kmat","speed","right","right",0.3581
"kmat","neutral","right","right",0.661
"kmat","accuracy","right","right",0.396
"kmat","accuracy","right","left",0.4932
"kmat","speed","right","right",0.9535
"kmat","neutral","left","left",0.8155
"kmat","speed","left","left",0.3187
"kmat","accuracy","right","right",0.3311
"kmat","accuracy","left","left",0.7965
"kmat","neutral","right","right",0.6006
"kmat","speed","right","right",0.487
"kmat","accuracy","left","left",0.4695
"kmat","neutral","left","left",0.5641
"kmat","accuracy","left","left",0.5694
"kmat","accuracy","left","left",0.4068
"kmat","speed","right","left",0.3129
"kmat","neutral","right","right",0.4082
"kmat","speed","right","right",0.4084
"kmat","neutral","left","left",0.3437
"kmat","neutral","right","right",0.3953
"kmat","accuracy","right","right",0.4431
"kmat","neutral","right","right",1.0173
"kmat","neutral","right","right",0.6436
"kmat","speed","left","left",0.3546
"kmat","neutral","right","right",0.4031
"kmat","neutral","right","right",0.446
"kmat","accuracy","right","right",0.4826
"kmat","accuracy","right","right",0.8982
"kmat","neutral","left","left",0.3596
"kmat","neutral","left","left",0.3404
"kmat","accuracy","left","left",0.5872
"kmat","speed","right","right",0.3482
"kmat","neutral","right","left",0.5081
"kmat","speed","right","right",0.3908
"kmat","speed","left","left",0.3195
"kmat","accuracy","right","left",0.3828
"kmat","accuracy","left","left",0.6056
"kmat","neutral","left","left",0.4345
"kmat","speed","left","left",0.8547
"kmat","accuracy","right","right",0.6338
"kmat","accuracy","right","right",0.5626
"kmat","speed","left","left",0.3168
"kmat","accuracy","left","left",0.4837
"kmat","neutral","right","right",0.4154
"kmat","accuracy","left","left",0.8946
"kmat","speed","left","left",0.3378
"kmat","accuracy","left","left",0.4459
"kmat","speed","left","left",0.4301
"kmat","neutral","left","left",0.3011
"kmat","neutral","left","left",0.3749
"kmat","accuracy","right","right",0.5289
"kmat","speed","right","right",0.4087
"kmat","accuracy","right","right",0.44
"kmat","neutral","right","right",0.7725
"kmat","speed","right","right",0.4087
"kmat","speed","right","right",0.3803
"kmat","accuracy","left","left",0.6997
"kmat","speed","left","left",0.4107
"kmat","neutral","right","right",0.3707
"kmat","accuracy","right","left",0.5042
"kmat","accuracy","left","left",0.9574
"kmat","neutral","right","right",1.1941
"kmat","accuracy","left","left",0.4244
"kmat","speed","left","left",0.3129
"kmat","speed","left","left",0.3958
"kmat","speed","right","right",0.3334
"kmat","neutral","right","left",0.4357
"kmat","speed","right","right",0.4895
"kmat","neutral","right","right",0.4477
"kmat","speed","right","right",0.3483
"kmat","speed","right","right",0.3921
"kmat","accuracy","right","right",0.4577
"kmat","accuracy","right","right",0.3524
"kmat","accuracy","right","right",0.6204
"kmat","accuracy","right","right",0.452
"kmat","speed","left","left",0.5099
"kmat","speed","right","right",0.7537
"kmat","accuracy","right","right",0.4385
"kmat","accuracy","right","right",0.6166
"kmat","neutral","left","left",0.4248
"kmat","speed","left","left",0.3087
"kmat","neutral","left","left",0.4252
"kmat","accuracy","left","left",0.8554
"kmat","speed","left","left",0.4466
"kmat","neutral","left","left",0.3136
"kmat","neutral","right","right",0.3904
"kmat","speed","left","left",0.4119
"kmat","speed","left","left",0.3979
"kmat","accuracy","left","left",0.6568
"kmat","accuracy","left","right",0.4801
"kmat","neutral","right","right",0.5166
"kmat","speed","right","right",1.0198
"kmat","accuracy","right","right",0.7697
"kmat","neutral","right","right",0.8431
"kmat","accuracy","right","right",0.4092
"kmat","speed","right","right",0.4038
"kmat","neutral","left","left",0.4165
"kmat","neutral","left","right",0.4053
"kmat","speed","right","right",0.4173
"kmat","speed","right","right",0.3079
"kmat","speed","left","left",0.6952
"kmat","speed","right","right",0.3402
"kmat","speed","right","right",0.4118
"kmat","speed","right","right",0.3923
"kmat","speed","right","right",0.4721
"kmat","accuracy","left","left",0.4618
"kmat","accuracy","right","right",0.797
"kmat","accuracy","left","left",0.5384
"kmat","neutral","right","right",0.4306
"kmat","accuracy","right","right",0.439
"kmat","accuracy","left","left",0.5258
"kmat","speed","right","right",0.4079
"kmat","accuracy","left","left",0.3188
"kmat","speed","left","right",0.3518
"kmat","neutral","left","left",0.3981
"kmat","neutral","right","right",0.4658
"kmat","accuracy","right","right",0.6727
"kmat","accuracy","right","right",0.392
"kmat","neutral","right","right",0.4367
"kmat","accuracy","left","left",0.4315
"kmat","neutral","right","right",1.0671
"kmat","accuracy","left","left",0.4231
"kmat","speed","left","left",0.416
"kmat","speed","left","left",0.3281
"kmat","neutral","right","right",0.4467
"kmat","neutral","left","left",0.4287
"kmat","accuracy","left","left",0.6726
"kmat","speed","right","right",0.3891
"kmat","neutral","left","left",0.3907
"kmat","neutral","left","left",0.3726
"kmat","speed","left","left",0.6468
"kmat","accuracy","left","left",0.6205
"kmat","neutral","right","left",0.364
"kmat","speed","left","left",1.2792
"kmat","speed","right","left",0.3912
"kmat","speed","left","left",0.4793
"kmat","neutral","left","left",0.3506
"kmat","speed","left","right",0.3186
"kmat","accuracy","right","right",0.4878
"kmat","neutral","right","right",0.5021
"kmat","speed","right","left",0.5045
"kmat","accuracy","left","left",0.3777
"kmat","speed","left","left",0.4546
"kmat","accuracy","left","left",0.3822
"kmat","accuracy","left","left",0.8078
"kmat","accuracy","left","left",0.6165
"kmat","neutral","left","left",0.3386
"kmat","neutral","left","left",0.3904
"kmat","neutral","left","left",0.3886
"kmat","accuracy","left","left",0.6994
"kmat","speed","left","left",0.3174
"kmat","accuracy","right","right",0.4852
"kmat","accuracy","left","left",1.1785
"kmat","neutral","right","left",0.479
"kmat","speed","right","right",0.3272
"kmat","neutral","right","right",0.457
"kmat","speed","right","left",0.3951
"kmat","accuracy","left","left",0.5392
"kmat","speed","right","right",0.3221
"kmat","neutral","right","right",0.4252
"kmat","neutral","left","right",0.7493
"kmat","accuracy","right","right",0.5337
"kmat","speed","left","left",0.3693
"kmat","neutral","right","right",0.4147
"kmat","speed","right","right",0.3891
"kmat","accuracy","right","right",0.4521
"kmat","neutral","right","right",0.4952
"kmat","neutral","left","left",0.4989
"kmat","speed","right","left",0.2618
"kmat","accuracy","right","right",0.3638
"kmat","neutral","right","right",1.1251
"kmat","speed","right","right",0.3394
"kmat","neutral","right","right",0.4321
"kmat","accuracy","right","right",0.6689
"kmat","neutral","right","right",0.4728
"kmat","accuracy","left","left",0.3912
"kmat","accuracy","left","left",0.5244
"kmat","accuracy","left","left",0.4401
"kmat","neutral","left","left",0.3612
"kmat","speed","left","left",0.3034
"kmat","accuracy","left","left",0.4435
"kmat","neutral","right","right",0.3471
"kmat","speed","right","left",0.2726
"kmat","neutral","right","right",0.4859
"kmat","neutral","right","right",0.3909
"kmat","speed","right","right",0.3605
"kmat","accuracy","left","left",0.6157
"kmat","accuracy","right","right",0.7937
"kmat","accuracy","left","left",0.6145
"kmat","neutral","left","left",0.4304
"kmat","accuracy","left","left",0.5594
"kmat","accuracy","right","right",0.4738
"kmat","speed","left","left",0.4097
"kmat","accuracy","left","left",0.5856
"kmat","accuracy","left","left",0.6457
"kmat","neutral","right","right",0.414
"kmat","accuracy","left","right",0.6341
"kmat","accuracy","left","left",0.3419
"kmat","neutral","right","right",0.3934
"kmat","neutral","left","left",0.3987
"kmat","accuracy","left","left",0.3593
"kmat","speed","left","left",0.2877
"kmat","accuracy","right","right",0.4286
"kmat","neutral","right","right",0.3888
"kmat","accuracy","right","right",0.4728
"kmat","accuracy","left","left",0.5853
"kmat","neutral","left","left",0.3273
"kmat","speed","right","right",0.3221
"kmat","speed","right","right",0.4287
"kmat","neutral","right","right",0.386
"kmat","neutral","left","left",0.6238
"kmat","speed","left","left",0.303
"kmat","accuracy","left","left",0.4266
"kmat","neutral","right","right",0.9987
"kmat","speed","right","left",0.4887
"kmat","accuracy","left","left",0.4352
"kmat","speed","right","right",0.4034
"kmat","speed","right","right",0.6308
"kmat","neutral","left","right",0.5542
"kmat","accuracy","left","left",0.4265
"kmat","accuracy","right","left",0.4039
"kmat","neutral","left","left",0.6435
"kmat","neutral","left","right",0.3859
"kmat","speed","right","right",0.4285
"kmat","accuracy","right","right",0.3993
"kmat","neutral","left","left",0.4427
"kmat","speed","left","left",0.8506
"kmat","neutral","left","left",0.3545
"kmat","accuracy","right","right",0.6249
"kmat","neutral","left","left",0.5233
"kmat","neutral","left","right",0.4127
"kmat","speed","left","left",0.3008
"kmat","neutral","left","left",0.4201
"kmat","speed","right","right",0.4157
"kmat","speed","right","right",0.3539
"kmat","accuracy","left","left",0.6055
"kmat","accuracy","right","right",0.5103
"kmat","accuracy","right","left",0.4789
"kmat","accuracy","right","right",0.4749
"kmat","speed","right","right",0.5785
"kmat","accuracy","left","right",0.3669
"kmat","speed","left","left",1.1429
"kmat","neutral","left","left",0.3396
"kmat","speed","left","left",0.3914
"kmat","accuracy","left","left",0.3915
"kmat","neutral","left","left",0.5235
"kmat","accuracy","right","right",0.3928
"kmat","accuracy","left","left",0.6464
"kmat","neutral","right","right",0.4631
"kmat","speed","left","right",0.4418
"kmat","neutral","left","right",0.5673
"kmat","accuracy","right","right",0.3996
"kmat","speed","right","left",0.3601
"kmat","accuracy","right","right",0.5028
"kmat","neutral","left","left",0.4597
"kmat","accuracy","left","left",0.5651
"kmat","speed","right","right",0.3119
"kmat","neutral","right","right",0.561
"kmat","accuracy","right","right",0.4895
"kmat","neutral","left","left",0.3418
"kmat","accuracy","left","left",0.5513
"kmat","speed","left","left",0.822
"kmat","accuracy","left","left",0.391
"kmat","accuracy","right","right",0.4918
"kmat","neutral","left","left",0.3414
"kmat","neutral","right","right",0.4363
"kmat","neutral","right","right",0.3855
"kmat","accuracy","left","left",0.4104
"kmat","speed","left","left",0.3728
"kmat","speed","right","right",0.3214
"kmat","speed","right","right",0.3778
"kmat","accuracy","right","right",0.4757
"kmat","neutral","right","right",0.3948
"kmat","speed","right","right",0.4108
"kmat","neutral","right","right",0.4516
"kmat","accuracy","right","right",0.4121
"kmat","accuracy","right","right",0.5115
"kmat","neutral","left","left",0.3954
"kmat","accuracy","right","right",0.7575
"kmat","speed","right","right",0.3394
"kmat","accuracy","right","right",0.895
"kmat","accuracy","left","right",0.643
"kmat","speed","left","left",0.367
"kmat","speed","right","right",0.2938
"kmat","accuracy","left","left",0.3286
"kmat","neutral","right","right",0.4057
"kmat","accuracy","left","left",0.4572
"kmat","accuracy","right","right",0.4641
"kmat","speed","right","right",0.4543
"kmat","speed","right","right",0.3431
"kmat","neutral","right","right",0.4037
"kmat","accuracy","right","right",0.581
"kmat","neutral","left","left",0.5896
"kmat","accuracy","left","left",0.3722
"kmat","accuracy","left","left",0.3292
"kmat","accuracy","right","right",0.4977
"kmat","accuracy","left","left",0.4838
"kmat","accuracy","right","right",0.6165
"kmat","speed","left","left",0.4097
"kmat","neutral","right","right",0.3805
"kmat","speed","left","left",0.3005
"kmat","neutral","right","right",0.4526
"kmat","neutral","right","right",0.4236
"kmat","speed","left","left",0.3814
"kmat","neutral","right","right",0.4582
"kmat","accuracy","right","left",0.4021
"kmat","accuracy","right","right",0.4798
"kmat","speed","right","right",0.7347
"kmat","speed","right","right",0.3706
"kmat","accuracy","left","left",0.9219
"kmat","accuracy","left","left",0.4633
"kmat","neutral","right","right",0.489
"kmat","accuracy","left","left",0.5036
"kmat","neutral","right","right",0.4383
"kmat","neutral","right","left",0.403
"kmat","accuracy","left","left",0.5033
"kmat","neutral","right","right",0.3695
"kmat","neutral","left","left",0.405
"kmat","accuracy","right","left",0.5128
"kmat","neutral","left","right",0.4656
"kmat","speed","right","right",0.3865
"kmat","speed","left","left",0.5406
"kmat","speed","right","right",0.3933
"kmat","accuracy","right","left",0.3141
"kmat","speed","right","right",0.4053
"kmat","speed","right","left",0.3948
"kmat","accuracy","right","left",0.7862
"kmat","neutral","left","left",0.6571
"kmat","speed","right","right",0.429
"kmat","neutral","left","left",0.4124
"kmat","neutral","right","right",0.6436
"kmat","neutral","left","left",0.4336
"kmat","accuracy","right","right",0.4488
"kmat","accuracy","right","right",0.5641
"kmat","neutral","right","right",0.7935
"kmat","speed","right","left",0.3194
"kmat","accuracy","right","right",0.5202
"kmat","neutral","right","right",0.3847
"kmat","speed","left","right",0.4145
"kmat","speed","right","right",0.3569
"kmat","speed","right","right",0.384
"kmat","neutral","left","left",0.459
"kmat","accuracy","left","left",0.4227
"kmat","accuracy","right","right",0.3769
"kmat","accuracy","right","right",0.377
"kmat","neutral","right","right",0.4309
"kmat","neutral","left","left",0.396
"kmat","accuracy","right","right",0.4492
"kmat","accuracy","right","right",0.4068
"kmat","accuracy","right","right",0.4931
"kmat","neutral","left","left",0.5916
"kmat","accuracy","left","left",0.6107
"kmat","speed","right","left",0.3554
"kmat","accuracy","right","right",0.4871
"kmat","accuracy","left","left",0.4341
"kmat","speed","left","left",0.3392
"kmat","speed","right","right",0.5926
"kmat","speed","left","left",0.3374
"kmat","accuracy","right","right",0.6173
"kmat","speed","left","left",0.3405
"kmat","accuracy","right","right",0.6844
"kmat","neutral","right","left",0.4414
"kmat","neutral","right","right",0.7058
"kmat","speed","right","right",0.3606
"kmat","neutral","right","left",0.6225
"kmat","neutral","left","left",0.5426
"kmat","speed","right","right",0.5061
"kmat","speed","left","left",0.3141
"kmat","speed","right","right",1.0716
"kmat","speed","right","left",0.3258
"kmat","speed","left","left",0.5634
"kmat","speed","left","left",0.3571
"kmat","accuracy","left","left",0.4732
"kmat","neutral","left","left",0.4519
"kmat","accuracy","right","right",0.477
"kmat","neutral","left","left",0.698
"kmat","speed","left","left",0.3061
"kmat","accuracy","right","left",0.4572
"kmat","speed","left","left",0.3821
"kmat","accuracy","right","right",0.5401
"kmat","speed","right","left",0.3788
"kmat","accuracy","right","left",0.719
"kmat","accuracy","left","left",0.8625
"kmat","neutral","left","right",0.8172
"kmat","neutral","left","right",0.6997
"kmat","speed","left","left",0.3659
"kmat","neutral","left","left",0.7124
"kmat","neutral","right","right",0.3987
"kmat","speed","left","left",0.3706
"kmat","speed","right","right",0.3868
"kmat","accuracy","right","right",0.3875
"kmat","speed","right","left",0.344
"kmat","neutral","right","right",0.4307
"kmat","accuracy","right","right",0.938
"kmat","accuracy","left","left",0.9749
"kmat","speed","left","left",0.3755
"kmat","speed","right","right",0.3633
"kmat","neutral","right","right",0.6817
"kmat","neutral","left","right",0.4192
"kmat","accuracy","right","right",0.5605
"kmat","accuracy","left","left",0.4196
"kmat","speed","left","left",0.572
"kmat","neutral","right","right",0.5231
"kmat","speed","right","right",1.2478
"kmat","speed","left","left",0.3579
"kmat","neutral","right","right",0.3924
"kmat","neutral","left","left",0.4624
"kmat","neutral","left","left",0.5845
"kmat","speed","left","left",0.4873
"kmat","speed","right","right",0.3506
"kmat","accuracy","right","right",0.3924
"kmat","neutral","right","right",0.5125
"kmat","accuracy","left","left",0.8315
"kmat","speed","left","left",0.3408
"kmat","speed","right","right",0.369
"kmat","speed","left","left",0.3256
"kmat","accuracy","right","right",0.5943
"kmat","neutral","right","right",0.7183
"kmat","speed","left","left",0.352
"kmat","accuracy","left","left",0.5782
"kmat","speed","right","right",0.3733
"kmat","neutral","right","right",0.4776
"kmat","neutral","left","left",0.3938
"kmat","accuracy","right","right",0.5009
"kmat","neutral","left","left",0.5994
"kmat","accuracy","left","left",1.1954
"kmat","speed","right","right",0.4302
"kmat","neutral","left","left",0.6032
"kmat","accuracy","left","left",0.6094
"kmat","speed","right","right",0.6194
"kmat","neutral","left","left",0.4091
"kmat","neutral","left","right",0.4434
"kmat","accuracy","right","right",0.8912
"kmat","speed","right","right",0.4191
"kmat","accuracy","right","right",0.404
"kmat","speed","left","left",0.3375
"kmat","accuracy","right","right",0.4278
"kmat","speed","right","right",0.4669
"kmat","accuracy","right","right",0.6716
"kmat","speed","right","left",0.2722
"kmat","speed","right","right",0.3779
"kmat","neutral","right","right",0.6277
"kmat","accuracy","right","right",0.604
"kmat","neutral","left","left",0.6081
"kmat","neutral","left","left",0.4482
"kmat","accuracy","right","right",0.7246
"kmat","accuracy","left","left",0.68
"kmat","accuracy","right","right",0.5151
"kmat","neutral","right","right",0.6141
"kmat","speed","left","left",0.4299
"kmat","accuracy","left","left",0.3597
"kmat","accuracy","left","left",0.4344
"kmat","speed","right","right",0.4924
"kmat","speed","left","left",0.3202
"kmat","speed","left","left",0.4583
"kmat","neutral","right","right",0.3172
"kmat","accuracy","left","left",0.3843
"kmat","speed","right","left",0.3827
"kmat","neutral","right","right",0.5944
"kmat","speed","right","right",1.0909
"kmat","accuracy","right","left",0.4068
"kmat","speed","left","left",1.2656
"kmat","speed","right","right",0.3463
"kmat","neutral","left","left",0.4396
"kmat","speed","left","left",0.3929
"kmat","speed","left","left",0.3865
"kmat","speed","right","right",0.3356
"kmat","neutral","left","left",0.4157
"kmat","neutral","right","right",0.4633
"kmat","neutral","left","left",0.4212
"kmat","neutral","left","right",0.395
"kmat","speed","right","right",0.4496
"kmat","accuracy","right","right",0.5255
"ku4t","accuracy","right","left",0.4087
"ku4t","speed","right","left",0.3102
"ku4t","accuracy","left","left",0.3135
"ku4t","accuracy","right","right",0.3971
"ku4t","neutral","right","right",0.302
"ku4t","accuracy","right","right",0.3291
"ku4t","speed","left","left",0.362
"ku4t","neutral","right","right",0.2831
"ku4t","speed","right","right",0.2872
"ku4t","accuracy","left","left",0.4306
"ku4t","neutral","left","right",0.3823
"ku4t","speed","right","right",0.4036
"ku4t","speed","left","right",0.3211
"ku4t","speed","left","left",0.372
"ku4t","neutral","right","left",0.3568
"ku4t","accuracy","right","right",0.3905
"ku4t","neutral","right","right",0.4061
"ku4t","accuracy","left","left",0.3319
"ku4t","neutral","left","left",0.328
"ku4t","speed","left","left",0.3055
"ku4t","neutral","left","left",0.311
"ku4t","speed","left","left",0.305
"ku4t","accuracy","left","left",0.3085
"ku4t","neutral","right","left",0.3429
"ku4t","accuracy","left","left",0.4325
"ku4t","speed","right","left",0.3113
"ku4t","speed","right","right",0.4983
"ku4t","neutral","right","right",0.3271
"ku4t","speed","right","right",0.5497
"ku4t","neutral","left","left",0.3467
"ku4t","speed","right","left",0.2654
"ku4t","neutral","left","left",0.3207
"ku4t","speed","left","left",0.369
"ku4t","speed","left","left",0.2927
"ku4t","speed","right","right",0.3808
"ku4t","accuracy","right","right",0.3196
"ku4t","speed","left","left",0.3527
"ku4t","speed","right","left",0.3631
"ku4t","speed","left","left",0.2778
"ku4t","accuracy","right","left",0.3213
"ku4t","neutral","left","left",0.4246
"ku4t","neutral","right","right",0.3066
"ku4t","speed","left","left",0.3528
"ku4t","speed","left","left",0.2808
"ku4t","speed","right","right",0.3752
"ku4t","speed","left","left",0.2756
"ku4t","neutral","right","right",0.4724
"ku4t","speed","right","right",0.4652
"ku4t","accuracy","left","left",0.422
"ku4t","neutral","left","left",0.4026
"ku4t","speed","right","right",0.3508
"ku4t","neutral","right","right",0.4011
"ku4t","speed","left","left",0.3539
"ku4t","speed","left","left",0.3741
"ku4t","speed","right","left",0.3024
"ku4t","speed","right","left",0.3454
"ku4t","accuracy","right","left",0.3703
"ku4t","speed","left","left",0.3665
"ku4t","speed","left","left",0.3616
"ku4t","speed","right","left",0.2952
"ku4t","neutral","left","right",0.4168
"ku4t","accuracy","left","right",0.362
"ku4t","neutral","left","left",0.3939
"ku4t","speed","left","left",0.2805
"ku4t","neutral","left","right",0.4076
"ku4t","neutral","left","left",0.4584
"ku4t","accuracy","left","left",0.4487
"ku4t","speed","right","right",0.4157
"ku4t","accuracy","left","right",0.3294
"ku4t","neutral","left","left",0.4221
"ku4t","accuracy","right","right",0.539
"ku4t","speed","left","left",0.3904
"ku4t","accuracy","left","left",0.3921
"ku4t","speed","right","right",0.4643
"ku4t","accuracy","left","right",0.5649
"ku4t","speed","left","left",0.2684
"ku4t","neutral","right","right",0.3602
"ku4t","neutral","left","left",0.3478
"ku4t","speed","left","left",0.3232
"ku4t","speed","left","right",0.3493
"ku4t","neutral","right","right",0.3867
"ku4t","speed","left","left",0.4254
"ku4t","accuracy","left","right",0.4035
"ku4t","speed","right","left",0.3306
"ku4t","speed","left","left",0.3995
"ku4t","neutral","right","right",0.3933
"ku4t","speed","right","right",0.3572
"ku4t","accuracy","left","left",0.3326
"ku4t","accuracy","right","right",0.4621
"ku4t","accuracy","left","left",0.3658
"ku4t","accuracy","left","right",0.4864
"ku4t","speed","right","right",0.399
"ku4t","accuracy","right","right",0.4159
"ku4t","speed","right","right",0.4277
"ku4t","neutral","left","right",0.3684
"ku4t","neutral","left","left",0.3465
"ku4t","speed","left","left",0.3278
"ku4t","accuracy","right","right",0.4006
"ku4t","accuracy","left","right",0.4731
"ku4t","neutral","right","left",0.4436
"ku4t","neutral","right","right",0.3881
"ku4t","neutral","right","left",0.429
"ku4t","neutral","right","right",0.3759
"ku4t","neutral","left","left",0.4481
"ku4t","accuracy","left","left",0.3379
"ku4t","speed","right","right",0.3219
"ku4t","neutral","left","left",0.3775
"ku4t","speed","left","left",0.316
"ku4t","neutral","left","left",0.3654
"ku4t","neutral","right","left",0.3141
"ku4t","speed","left","right",0.3713
"ku4t","neutral","right","right",0.3476
"ku4t","neutral","left","right",0.4027
"ku4t","accuracy","left","right",0.3895
"ku4t","accuracy","left","left",0.5014
"ku4t","neutral","left","left",0.5631
"ku4t","neutral","left","left",0.324
"ku4t","accuracy","left","left",0.3901
"ku4t","accuracy","right","right",0.3101
"ku4t","accuracy","right","right",0.3204
"ku4t","neutral","right","left",0.5373
"ku4t","speed","right","right",0.3177
"ku4t","neutral","left","right",0.4183
"ku4t","neutral","left","left",0.3712
"ku4t","neutral","left","left",0.2919
"ku4t","neutral","left","left",0.4039
"ku4t","speed","left","left",0.3135
"ku4t","neutral","left","left",0.279
"ku4t","accuracy","right","right",0.4007
"ku4t","accuracy","right","right",0.3347
"ku4t","accuracy","left","left",0.3296
"ku4t","neutral","left","left",0.3345
"ku4t","speed","left","left",0.3004
"ku4t","neutral","left","left",0.2958
"ku4t","neutral","left","left",0.3225
"ku4t","accuracy","left","left",0.4034
"ku4t","accuracy","left","left",0.2723
"ku4t","accuracy","right","right",0.3176
"ku4t","neutral","right","right",0.4148
"ku4t","speed","left","left",0.3211
"ku4t","speed","right","right",0.4172
"ku4t","neutral","right","right",0.3567
"ku4t","accuracy","left","left",0.4607
"ku4t","accuracy","left","left",0.2618
"ku4t","speed","right","right",0.3811
"ku4t","neutral","left","left",0.4643
"ku4t","speed","left","left",0.3044
"ku4t","speed","right","right",0.4508
"ku4t","accuracy","right","left",0.3355
"ku4t","neutral","right","right",0.3361
"ku4t","neutral","left","right",0.381
"ku4t","speed","right","right",0.4774
"ku4t","neutral","left","left",0.3684
"ku4t","accuracy","right","right",0.4883
"ku4t","accuracy","left","left",0.3546
"ku4t","neutral","left","left",0.38
"ku4t","neutral","right","left",0.3193
"ku4t","speed","right","left",0.5298
"ku4t","accuracy","left","left",0.3589
"ku4t","neutral","left","right",0.4024
"ku4t","speed","left","left",0.3237
"ku4t","neutral","right","right",0.3929
"ku4t","speed","right","left",0.3047
"ku4t","speed","left","left",0.3099
"ku4t","neutral","right","right",0.3724
"ku4t","accuracy","right","right",0.3836
"ku4t","accuracy","right","right",0.3757
"ku4t","neutral","right","right",0.3342
"ku4t","accuracy","left","left",0.3363
"ku4t","accuracy","right","left",0.3351
"ku4t","speed","right","left",0.3259
"ku4t","neutral","right","left",0.3506
"ku4t","accuracy","left","right",0.5436
"ku4t","speed","right","right",0.352
"ku4t","accuracy","left","left",0.3361
"ku4t","speed","right","left",0.3668
"ku4t","accuracy","right","left",0.3411
"ku4t","speed","right","right",0.3871
"ku4t","accuracy","right","left",0.4333
"ku4t","neutral","right","right",0.4026
"ku4t","neutral","right","right",0.3453
"ku4t","accuracy","left","right",0.3957
"ku4t","speed","right","right",0.6382
"ku4t","neutral","right","right",0.355
"ku4t","accuracy","left","left",0.4168
"ku4t","speed","right","right",0.4346
"ku4t","neutral","right","right",0.3421
"ku4t","speed","left","left",0.3156
"ku4t","accuracy","right","right",0.4539
"ku4t","neutral","left","right",0.4171
"ku4t","accuracy","left","left",0.4162
"ku4t","speed","left","left",0.301
"ku4t","neutral","right","right",0.4225
"ku4t","accuracy","left","right",0.3702
"ku4t","speed","right","left",0.2872
"ku4t","neutral","right","left",0.3301
"ku4t","speed","left","left",0.3311
"ku4t","accuracy","left","left",0.3301
"ku4t","neutral","left","left",0.4366
"ku4t","neutral","left","left",0.3146
"ku4t","neutral","right","right",0.4328
"ku4t","neutral","left","left",0.4064
"ku4t","speed","left","left",0.2855
"ku4t","speed","right","left",0.2699
"ku4t","neutral","left","right",0.4667
"ku4t","speed","right","right",0.441
"ku4t","speed","right","right",0.3142
"ku4t","neutral","left","right",0.3936
"ku4t","accuracy","left","left",0.3084
"ku4t","speed","right","left",0.3039
"ku4t","accuracy","left","right",0.4182
"ku4t","neutral","right","left",0.4363
"ku4t","accuracy","left","left",0.4022
"ku4t","neutral","right","right",0.3745
"ku4t","speed","right","right",0.3117
"ku4t","speed","right","right",0.335
"ku4t","neutral","left","left",0.3673
"ku4t","accuracy","right","right",0.5119
"ku4t","speed","left","left",0.4361
"ku4t","neutral","right","right",0.3798
"ku4t","accuracy","right","right",0.3709
"ku4t","accuracy","right","right",0.4037
"ku4t","neutral","left","left",0.3645
"ku4t","neutral","right","right",0.5024
"ku4t","speed","right","right",0.3314
"ku4t","speed","right","right",0.4062
"ku4t","accuracy","right","right",0.3767
"ku4t","accuracy","left","right",0.5699
"ku4t","speed","left","right",0.4619
"ku4t","speed","right","left",0.5238
"ku4t","accuracy","left","right",0.4171
"ku4t","speed","left","right",0.355
"ku4t","accuracy","right","right",0.3399
"ku4t","neutral","right","left",0.4202
"ku4t","neutral","left","right",0.4645
"ku4t","accuracy","left","left",0.5569
"ku4t","accuracy","right","right",0.516
"ku4t","speed","right","left",0.3532
"ku4t","speed","left","left",0.4255
"ku4t","speed","left","left",0.3032
"ku4t","speed","right","right",0.3803
"ku4t","accuracy","right","right",0.3633
"ku4t","accuracy","right","right",0.3015
"ku4t","accuracy","left","left",0.4166
"ku4t","accuracy","left","left",0.4883
"ku4t","accuracy","right","right",0.3775
"ku4t","neutral","left","right",0.3783
"ku4t","neutral","left","left",0.4162
"ku4t","accuracy","left","left",0.3552
"ku4t","accuracy","right","right",0.4123
"ku4t","speed","right","right",0.3199
"ku4t","speed","right","right",0.3434
"ku4t","speed","right","right",0.4482
"ku4t","neutral","left","left",0.3351
"ku4t","speed","left","left",0.4237
"ku4t","neutral","right","right",0.3743
"ku4t","accuracy","right","right",0.3459
"ku4t","speed","left","left",0.3516
"ku4t","neutral","left","left",0.404
"ku4t","accuracy","left","left",0.3174
"ku4t","accuracy","right","left",0.36
"ku4t","accuracy","left","left",0.3489
"ku4t","neutral","left","left",0.3378
"ku4t","speed","left","left",0.3409
"ku4t","accuracy","right","right",0.5937
"ku4t","speed","right","left",0.3898
"ku4t","speed","left","left",0.3572
"ku4t","accuracy","right","right",0.3969
"ku4t","accuracy","right","right",0.4853
"ku4t","speed","left","left",0.4025
"ku4t","accuracy","right","right",0.3941
"ku4t","speed","right","right",0.3713
"ku4t","neutral","right","right",0.3841
"ku4t","speed","left","left",0.3241
"ku4t","accuracy","left","right",0.3867
"ku4t","speed","right","right",0.3596
"ku4t","accuracy","left","left",0.334
"ku4t","accuracy","right","left",0.4154
"ku4t","speed","left","left",0.5312
"ku4t","accuracy","left","right",0.4919
"ku4t","accuracy","left","left",0.3262
"ku4t","neutral","left","right",0.4098
"ku4t","accuracy","left","left",0.277
"ku4t","speed","right","left",0.3135
"ku4t","speed","left","left",0.342
"ku4t","neutral","left","left",0.323
"ku4t","neutral","right","left",0.3464
"ku4t","accuracy","left","left",0.3914
"ku4t","accuracy","right","left",0.3846
"ku4t","accuracy","right","right",0.3721
"ku4t","speed","right","left",0.2863
"ku4t","neutral","right","right",0.6355
"ku4t","speed","right","right",0.3604
"ku4t","speed","left","left",0.4453
"ku4t","speed","right","right",0.3624
"ku4t","speed","right","left",0.4938
"ku4t","neutral","right","right",0.7561
"ku4t","accuracy","left","left",0.5281
"ku4t","neutral","left","left",0.4436
"ku4t","speed","right","right",0.4923
"ku4t","speed","right","right",0.4423
"ku4t","accuracy","right","left",0.3781
"ku4t","accuracy","left","left",0.3901
"ku4t","accuracy","right","right",0.5445
"ku4t","speed","left","left",0.5293
"ku4t","speed","right","left",0.2582
"ku4t","neutral","left","right",0.5108
"ku4t","neutral","left","left",0.3966
"ku4t","accuracy","right","right",0.4307
"ku4t","speed","left","left",0.4371
"ku4t","speed","right","left",0.3209
"ku4t","neutral","left","left",0.3562
"ku4t","neutral","right","left",0.4795
"ku4t","speed","left","left",0.3719
"ku4t","speed","left","left",0.3029
"ku4t","speed","right","left",0.328
"ku4t","speed","left","left",0.3486
"ku4t","neutral","left","left",0.3403
"ku4t","neutral","right","right",0.3683
"ku4t","speed","right","right",0.3054
"ku4t","speed","left","right",0.2973
"ku4t","speed","right","left",0.265
"ku4t","speed","right","left",0.3175
"ku4t","accuracy","left","right",0.3527
"ku4t","accuracy","right","left",0.4355
"ku4t","speed","right","right",0.612
"ku4t","neutral","left","left",0.4412
"ku4t","neutral","right","right",0.396
"ku4t","accuracy","left","left",0.339
"ku4t","neutral","right","right",0.4751
"ku4t","accuracy","right","right",0.4212
"ku4t","accuracy","right","right",0.3454
"ku4t","neutral","left","left",0.4643
"ku4t","neutral","left","left",0.4311
"ku4t","neutral","right","left",0.3942
"ku4t","accuracy","right","right",0.317
"ku4t","accuracy","right","right",0.3267
"ku4t","speed","left","left",0.3146
"ku4t","neutral","left","left",0.4023
"ku4t","accuracy","left","left",0.3205
"ku4t","neutral","right","right",0.4572
"ku4t","neutral","right","right",0.3784
"ku4t","speed","right","right",0.2772
"ku4t","speed","right","right",0.3991
"ku4t","accuracy","left","left",0.3812
"ku4t","accuracy","left","left",0.3649
"ku4t","speed","right","left",0.3393
"ku4t","neutral","left","left",0.3703
"ku4t","accuracy","right","left",0.4093
"ku4t","neutral","left","left",0.3899
"ku4t","speed","left","left",0.351
"ku4t","neutral","left","left",0.4645
"ku4t","speed","left","left",0.3575
"ku4t","speed","left","left",0.3033
"ku4t","speed","right","right",0.3812
"ku4t","neutral","right","right",0.507
"ku4t","accuracy","left","left",0.4017
"ku4t","accuracy","right","right",0.3498
"ku4t","accuracy","right","left",0.3829
"ku4t","speed","left","left",0.5139
"ku4t","speed","right","left",0.4077
"ku4t","accuracy","left","left",0.4309
"ku4t","accuracy","left","left",0.4397
"ku4t","accuracy","right","left",0.3407
"ku4t","speed","right","left",0.4063
"ku4t","neutral","right","right",0.4268
"ku4t","neutral","left","right",0.4756
"ku4t","accuracy","right","left",0.4302
"ku4t","accuracy","left","left",0.6543
"ku4t","neutral","left","left",0.4134
"ku4t","speed","right","left",0.3377
"ku4t","accuracy","right","left",0.4435
"ku4t","speed","right","right",0.4428
"ku4t","accuracy","left","left",0.5038
"ku4t","neutral","right","right",0.4181
"ku4t","neutral","right","right",0.4372
"ku4t","neutral","right","left",0.4331
"ku4t","accuracy","right","right",0.6306
"ku4t","speed","right","left",0.3733
"ku4t","accuracy","right","right",0.3608
"ku4t","accuracy","right","right",0.6094
"ku4t","speed","right","right",0.3742
"ku4t","accuracy","right","right",0.4352
"ku4t","neutral","right","right",0.3504
"ku4t","neutral","right","right",0.3778
"ku4t","neutral","right","right",0.3503
"ku4t","speed","right","right",0.3493
"ku4t","accuracy","right","right",0.8575
"ku4t","speed","left","left",0.5034
"ku4t","accuracy","left","left",0.577
"ku4t","neutral","right","right",0.3941
"ku4t","neutral","left","left",0.4192
"ku4t","neutral","left","left",1.0156
"ku4t","speed","right","left",0.4403
"ku4t","speed","right","right",0.3988
"ku4t","speed","right","left",0.4604
"ku4t","accuracy","left","left",0.3842
"ku4t","speed","right","left",0.3383
"ku4t","speed","left","left",0.3838
"ku4t","accuracy","right","right",0.3913
"ku4t","accuracy","right","right",0.3034
"ku4t","accuracy","left","right",0.3804
"ku4t","neutral","left","left",0.3637
"ku4t","accuracy","left","right",0.4508
"ku4t","speed","left","left",0.3151
"ku4t","neutral","left","left",0.4738
"ku4t","accuracy","left","right",0.5177
"ku4t","neutral","right","right",0.528
"ku4t","accuracy","left","right",0.3681
"ku4t","speed","right","right",0.3928
"ku4t","speed","right","right",0.3262
"ku4t","accuracy","right","right",0.3825
"ku4t","neutral","left","left",0.5769
"ku4t","speed","left","left",0.338
"ku4t","neutral","right","right",0.4227
"ku4t","neutral","right","left",0.5667
"ku4t","neutral","left","right",0.4978
"ku4t","neutral","left","right",0.5345
"ku4t","accuracy","right","right",0.5437
"ku4t","speed","left","left",0.4663
"ku4t","neutral","right","left",0.594
"ku4t","speed","left","left",0.5631
"ku4t","accuracy","right","right",0.5474
"ku4t","accuracy","left","left",0.3403
"ku4t","neutral","right","right",0.4664
"ku4t","neutral","left","left",0.4428
"ku4t","speed","right","right",0.4783
"ku4t","accuracy","right","right",0.6528
"ku4t","neutral","left","left",0.4857
"ku4t","accuracy","right","right",0.4
"ku4t","accuracy","left","left",0.4224
"ku4t","accuracy","right","right",0.3746
"ku4t","neutral","left","right",0.372
"ku4t","speed","left","left",0.3883
"ku4t","accuracy","right","right",0.4842
"ku4t","speed","left","right",0.4839
"ku4t","speed","right","right",0.3855
"ku4t","neutral","right","right",0.493
"ku4t","neutral","right","left",0.4185
"ku4t","speed","left","right",0.3716
"ku4t","accuracy","right","left",0.4306
"ku4t","accuracy","left","left",0.5777
"ku4t","neutral","left","left",0.5016
"ku4t","accuracy","left","left",1.0614
"ku4t","accuracy","right","right",0.5959
"ku4t","speed","right","left",0.5327
"ku4t","neutral","left","right",0.469
"ku4t","speed","right","left",0.4609
"ku4t","accuracy","right","right",0.3905
"ku4t","speed","left","right",0.4192
"ku4t","speed","left","right",0.2881
"ku4t","neutral","left","left",0.478
"ku4t","speed","left","left",0.3564
"ku4t","neutral","left","left",0.3809
"ku4t","neutral","right","left",0.3464
"ku4t","speed","left","left",0.3899
"ku4t","neutral","right","right",0.3609
"ku4t","speed","right","right",0.4179
"ku4t","speed","left","right",0.3365
"ku4t","accuracy","right","right",0.3415
"ku4t","neutral","right","right",0.4521
"ku4t","accuracy","left","left",0.3364
"ku4t","neutral","left","left",0.3527
"ku4t","accuracy","right","left",0.3608
"ku4t","accuracy","right","right",0.4726
"ku4t","speed","right","left",0.2929
"ku4t","speed","right","left",0.3313
"ku4t","accuracy","left","left",0.3359
"ku4t","speed","right","left",0.3242
"ku4t","speed","right","right",0.3546
"ku4t","speed","right","right",0.2929
"ku4t","neutral","left","left",0.4681
"ku4t","accuracy","left","left",0.4808
"ku4t","neutral","right","right",0.3442
"ku4t","neutral","right","right",0.3917
"ku4t","accuracy","right","right",0.4408
"ku4t","accuracy","left","right",0.45
"ku4t","accuracy","left","left",0.4758
"ku4t","neutral","left","left",0.4214
"ku4t","speed","right","right",0.3861
"ku4t","speed","right","left",0.4622
"ku4t","neutral","left","right",0.4655
"ku4t","accuracy","left","right",0.4421
"ku4t","speed","right","left",0.4678
"ku4t","speed","left","left",0.5033
"ku4t","accuracy","right","left",0.4316
"ku4t","neutral","right","right",0.5551
"ku4t","speed","right","right",0.3196
"ku4t","neutral","right","right",0.4828
"ku4t","neutral","left","left",0.4133
"ku4t","accuracy","left","left",0.416
"ku4t","speed","left","left",0.3314
"ku4t","accuracy","right","right",0.4054
"ku4t","accuracy","left","left",0.3796
"ku4t","speed","left","left",0.3307
"ku4t","neutral","left","left",0.3638
"ku4t","accuracy","right","right",0.3771
"ku4t","speed","left","left",0.439
"ku4t","speed","left","right",0.4742
"ku4t","accuracy","right","right",0.3633
"ku4t","speed","right","right",0.409
"ku4t","accuracy","right","right",0.3829
"ku4t","neutral","right","right",0.4946
"ku4t","speed","right","right",0.4287
"ku4t","speed","right","right",0.3044
"ku4t","accuracy","right","left",0.6372
"ku4t","speed","left","right",0.3113
"ku4t","speed","right","right",0.3444
"ku4t","neutral","left","right",1.1684
"ku4t","speed","right","right",0.3442
"ku4t","speed","left","right",0.3977
"ku4t","accuracy","right","right",0.4791
"ku4t","neutral","left","right",0.6101
"ku4t","speed","right","right",0.4475
"ku4t","accuracy","right","right",0.4507
"ku4t","accuracy","left","left",0.3824
"ku4t","speed","right","left",0.2865
"ku4t","accuracy","right","right",0.4055
"ku4t","accuracy","right","right",0.3718
"ku4t","accuracy","right","right",0.3455
"ku4t","accuracy","left","left",0.3024
"ku4t","neutral","left","right",0.3985
"ku4t","speed","right","left",0.3393
"ku4t","neutral","left","left",0.403
"ku4t","accuracy","left","right",0.4677
"ku4t","accuracy","right","right",0.5184
"ku4t","speed","left","right",0.4823
"ku4t","accuracy","left","left",0.8607
"ku4t","speed","right","left",0.3895
"ku4t","speed","left","right",0.3666
"ku4t","neutral","right","right",0.4469
"ku4t","speed","left","right",0.4564
"ku4t","accuracy","right","left",0.4377
"ku4t","accuracy","left","right",0.4501
"ku4t","accuracy","right","right",0.5318
"ku4t","accuracy","left","left",0.4322
"ku4t","accuracy","right","left",0.3742
"ku4t","neutral","right","right",0.4466
"ku4t","speed","right","right",0.3616
"ku4t","neutral","right","right",0.3723
"ku4t","accuracy","left","left",0.4176
"ku4t","accuracy","left","left",0.3464
"ku4t","accuracy","right","left",0.6754
"ku4t","speed","right","right",0.4286
"ku4t","neutral","right","left",0.4282
"ku4t","speed","left","left",0.3648
"ku4t","speed","right","right",0.3515
"ku4t","speed","left","right",0.259
"ku4t","speed","left","left",0.3288
"ku4t","accuracy","right","right",0.3879
"ku4t","neutral","right","right",0.415
"ku4t","accuracy","right","right",0.4009
"ku4t","speed","left","right",0.3119
"ku4t","accuracy","left","right",0.3652
"ku4t","speed","left","right",0.3505
"ku4t","accuracy","right","right",0.3839
"ku4t","speed","right","right",0.383
"ku4t","neutral","right","right",0.5439
"ku4t","neutral","right","right",0.349
"ku4t","accuracy","left","left",0.4416
"ku4t","accuracy","left","left",0.3668
"ku4t","accuracy","left","right",0.4857
"ku4t","speed","left","right",0.3714
"ku4t","accuracy","right","right",0.7503
"ku4t","accuracy","right","right",0.3494
"ku4t","speed","right","right",0.3194
"ku4t","accuracy","right","left",0.363
"ku4t","accuracy","right","right",0.4204
"ku4t","accuracy","right","right",0.324
"ku4t","neutral","left","left",0.447
"ku4t","speed","right","right",0.4719
"ku4t","accuracy","right","right",0.3183
"ku4t","accuracy","right","right",0.5244
"ku4t","speed","left","left",0.389
"ku4t","speed","right","right",0.3498
"ku4t","speed","left","left",0.468
"ku4t","accuracy","right","right",0.3994
"ku4t","neutral","right","right",0.3918
"ku4t","speed","left","right",0.3266
"ku4t","speed","right","right",0.4368
"ku4t","accuracy","left","left",0.4177
"ku4t","speed","right","left",0.3041
"ku4t","accuracy","right","right",0.332
"ku4t","neutral","left","left",0.7453
"ku4t","neutral","right","right",0.4638
"ku4t","neutral","right","right",0.3975
"ku4t","accuracy","left","right",0.5158
"ku4t","accuracy","left","left",0.4999
"ku4t","accuracy","right","right",0.5637
"ku4t","neutral","right","right",0.4848
"ku4t","accuracy","right","right",0.6091
"ku4t","speed","right","right",0.4153
"ku4t","accuracy","left","right",0.3884
"ku4t","accuracy","right","right",0.4376
"ku4t","accuracy","right","right",0.5554
"ku4t","neutral","left","left",0.3414
"ku4t","accuracy","left","left",0.3921
"ku4t","speed","right","left",0.3043
"ku4t","accuracy","left","left",0.4301
"ku4t","accuracy","left","left",0.3605
"ku4t","speed","right","left",0.4138
"ku4t","accuracy","left","left",0.4542
"ku4t","speed","left","left",0.382
"ku4t","neutral","left","left",0.5306
"ku4t","neutral","right","right",0.3932
"ku4t","neutral","right","right",0.3339
"ku4t","speed","left","right",0.4796
"ku4t","accuracy","left","right",0.3901
"ku4t","speed","right","right",0.4246
"ku4t","accuracy","right","right",0.4171
"ku4t","accuracy","right","right",0.4531
"ku4t","neutral","left","right",0.4666
"ku4t","neutral","left","left",0.5389
"ku4t","speed","right","right",0.4568
"ku4t","neutral","right","right",0.4481
"ku4t","neutral","left","right",0.5717
"ku4t","accuracy","left","left",0.5854
"ku4t","accuracy","right","right",0.5629
"ku4t","neutral","right","right",0.4229
"ku4t","accuracy","right","right",0.6048
"ku4t","accuracy","right","right",0.4804
"ku4t","accuracy","left","left",0.4895
"ku4t","accuracy","left","left",0.385
"ku4t","accuracy","left","left",0.3732
"ku4t","speed","left","right",0.425
"ku4t","neutral","left","left",0.3846
"ku4t","neutral","right","right",0.4907
"ku4t","neutral","right","left",0.5328
"ku4t","accuracy","left","left",0.436
"ku4t","accuracy","left","left",0.4004
"ku4t","speed","left","left",0.3682
"ku4t","accuracy","right","right",0.3556
"ku4t","speed","right","right",0.4444
"ku4t","speed","left","right",0.5108
"ku4t","accuracy","right","right",0.5308
"ku4t","neutral","right","right",0.4128
"ku4t","speed","left","left",0.3774
"ku4t","accuracy","left","left",0.4156
"ku4t","accuracy","left","left",0.5552
"ku4t","accuracy","left","left",0.4362
"ku4t","accuracy","right","right",0.5555
"ku4t","neutral","left","left",0.5082
"ku4t","neutral","right","right",0.3966
"ku4t","neutral","right","right",0.393
"ku4t","speed","right","right",0.3347
"ku4t","speed","right","left",0.3157
"ku4t","accuracy","left","left",0.3647
"ku4t","accuracy","left","left",0.2985
"ku4t","accuracy","right","left",0.6362
"ku4t","speed","right","left",0.3621
"ku4t","accuracy","right","right",0.4413
"ku4t","accuracy","right","right",0.41
"ku4t","neutral","right","right",0.6227
"ku4t","accuracy","left","right",0.4713
"ku4t","speed","right","left",0.2817
"ku4t","accuracy","left","left",0.3505
"ku4t","speed","right","right",0.3304
"ku4t","neutral","left","left",0.4037
"ku4t","speed","right","right",0.4725
"ku4t","speed","left","left",0.4142
"ku4t","neutral","left","right",0.441
"ku4t","accuracy","right","right",0.3417
"ku4t","speed","right","right",0.3112
"ku4t","accuracy","left","left",0.4051
"ku4t","neutral","right","right",0.4686
"ku4t","accuracy","right","right",0.4232
"ku4t","speed","right","left",0.3908
"ku4t","accuracy","left","left",0.3592
"ku4t","accuracy","right","right",0.547
"ku4t","speed","left","right",0.5425
"ku4t","accuracy","left","left",0.4288
"ku4t","accuracy","left","left",0.4782
"ku4t","accuracy","left","left",0.4261
"ku4t","neutral","right","right",0.4764
"ku4t","speed","right","left",0.2806
"ku4t","speed","right","left",0.3898
"ku4t","accuracy","left","left",0.4758
"ku4t","speed","left","right",0.311
"ku4t","neutral","right","left",0.8934
"ku4t","neutral","right","right",0.3561
"ku4t","accuracy","right","left",0.5625
"ku4t","neutral","right","right",0.3341
"ku4t","neutral","right","right",0.579
"ku4t","accuracy","left","left",0.5513
"ku4t","speed","right","left",0.3642
"ku4t","neutral","left","left",0.3746
"ku4t","neutral","left","left",0.4981
"ku4t","speed","right","left",0.328
"ku4t","speed","right","left",0.3197
"ku4t","speed","left","left",0.4157
"ku4t","accuracy","left","left",0.7515
"ku4t","accuracy","left","left",0.6165
"ku4t","speed","left","right",0.3272
"ku4t","accuracy","right","right",0.3832
"ku4t","neutral","left","left",0.4655
"ku4t","accuracy","left","right",0.4424
"ku4t","neutral","right","right",0.7078
"ku4t","neutral","right","right",0.3756
"ku4t","speed","left","left",0.3735
"ku4t","speed","right","right",0.3205
"ku4t","accuracy","right","left",0.4059
"ku4t","neutral","right","left",0.4469
"ku4t","neutral","left","left",0.7142
"ku4t","neutral","left","left",0.4852
"ku4t","speed","right","left",0.3941
"ku4t","accuracy","right","left",0.4713
"ku4t","accuracy","left","left",0.4884
"ku4t","neutral","right","left",0.4036
"ku4t","neutral","left","left",0.8034
"ku4t","neutral","left","left",0.4489
"ku4t","speed","right","right",0.5128
"ku4t","accuracy","right","right",0.3335
"ku4t","neutral","left","left",0.4411
"ku4t","accuracy","left","left",0.3627
"ku4t","accuracy","right","right",0.5062
"ku4t","accuracy","left","right",0.3696
"ku4t","accuracy","right","right",0.5059
"ku4t","accuracy","left","left",0.4232
"ku4t","accuracy","left","right",0.8307
"ku4t","speed","left","right",0.5526
"ku4t","neutral","right","right",0.4128
"ku4t","accuracy","left","left",0.4172
"ku4t","accuracy","left","left",0.3671
"ku4t","neutral","right","right",0.4378
"ku4t","accuracy","right","left",0.6007
"ku4t","speed","left","right",0.7177
"ku4t","speed","left","left",0.5546
"ku4t","speed","right","left",0.3728
"ku4t","speed","right","right",0.4125
"ku4t","neutral","right","right",0.4064
"ku4t","neutral","right","left",0.5099
"ku4t","speed","right","left",0.2795
"ku4t","accuracy","left","left",0.4538
"ku4t","speed","left","left",0.4466
"ku4t","speed","right","left",0.4125
"ku4t","accuracy","left","left",0.5442
"ku4t","accuracy","left","right",0.5096
"ku4t","accuracy","right","right",0.327
"ku4t","speed","left","right",0.2871
"ku4t","speed","right","right",0.3181
"ku4t","accuracy","right","right",0.4087
"ku4t","neutral","left","left",0.508
"ku4t","neutral","left","right",0.4276
"ku4t","speed","right","left",0.3856
"ku4t","speed","right","right",0.3798
"ku4t","accuracy","left","left",0.4195
"ku4t","speed","left","right",0.4164
"ku4t","accuracy","right","left",0.5101
"ku4t","accuracy","right","right",0.543
"ku4t","accuracy","left","left",0.4206
"ku4t","accuracy","left","left",0.3946
"ku4t","neutral","left","right",0.451
"ku4t","speed","left","left",0.4408
"ku4t","neutral","left","left",0.3482
"ku4t","neutral","right","right",0.4744
"ku4t","accuracy","right","right",0.382
"ku4t","neutral","right","left",0.4067
"ku4t","speed","right","right",0.4733
"ku4t","speed","left","right",0.3509
"ku4t","accuracy","right","right",0.8605
"ku4t","accuracy","left","right",0.3432
"ku4t","accuracy","right","left",0.6281
"ku4t","neutral","right","right",0.4224
"ku4t","speed","left","right",0.296
"ku4t","neutral","left","left",0.6075
"ku4t","accuracy","left","left",0.4989
"ku4t","speed","left","left",0.3982
"ku4t","neutral","right","left",0.461
"ku4t","accuracy","right","right",0.3683
"ku4t","neutral","right","right",0.4415
"ku4t","accuracy","right","right",0.4631
"ku4t","speed","left","right",0.2908
"ku4t","accuracy","right","right",0.4357
"ku4t","accuracy","right","right",0.5155
"ku4t","speed","left","left",0.3565
"ku4t","accuracy","right","right",0.5715
"ku4t","speed","left","left",0.3458
"ku4t","accuracy","left","left",0.3682
"ku4t","accuracy","right","left",0.4108
"ku4t","neutral","left","right",0.3974
"ku4t","accuracy","left","left",0.4016
"ku4t","accuracy","left","left",0.4447
"ku4t","accuracy","right","right",0.3912
"ku4t","accuracy","right","right",0.4576
"ku4t","neutral","left","left",0.6052
"ku4t","speed","right","left",0.2778
"ku4t","speed","right","right",0.3552
"ku4t","speed","left","left",0.3299
"ku4t","neutral","right","right",0.4206
"ku4t","accuracy","left","left",0.3469
"ku4t","neutral","left","left",0.4759
"ku4t","neutral","right","left",0.3469
"ku4t","neutral","right","right",0.4269
"ku4t","speed","left","right",0.2796
"ku4t","accuracy","right","left",0.4467
"ku4t","speed","left","right",0.402
"ku4t","accuracy","right","right",0.3466
"ku4t","accuracy","left","left",0.4148
"ku4t","accuracy","left","left",0.4124
"ku4t","speed","left","left",0.3228
"ku4t","neutral","right","right",0.4362
"ku4t","speed","right","right",0.8278
"ku4t","speed","right","right",0.3141
"ku4t","neutral","right","right",0.3954
"ku4t","accuracy","right","right",0.3816
"ku4t","speed","right","right",0.4573
"ku4t","neutral","right","right",0.3721
"ku4t","speed","right","right",0.3573
"ku4t","neutral","left","right",0.4682
"ku4t","speed","left","left",0.3036
"ku4t","neutral","left","left",0.4393
"ku4t","neutral","left","right",0.4014
"ku4t","neutral","left","left",0.4437
"ku4t","neutral","right","left",0.4049
"ku4t","neutral","left","right",0.4985
"ku4t","neutral","right","right",0.782
"ku4t","neutral","right","right",0.4391
"ku4t","neutral","right","right",0.4016
"ku4t","speed","left","right",0.2918
"ku4t","speed","right","right",0.3063
"ku4t","accuracy","right","right",0.4003
"ku4t","neutral","left","left",1.1005
"ku4t","speed","left","left",0.4349
"ku4t","speed","right","left",0.4344
"ku4t","speed","right","right",0.3104
"ku4t","speed","right","right",0.3157
"ku4t","speed","left","right",0.3881
"ku4t","accuracy","left","left",0.4112
"ku4t","neutral","right","right",0.3924
"ku4t","neutral","left","left",0.8399
"ku4t","speed","left","left",0.3095
"ku4t","speed","left","left",0.339
"ku4t","accuracy","right","right",0.495
"ku4t","accuracy","left","left",0.4315
"ku4t","speed","left","left",0.3438
"ku4t","accuracy","left","left",0.3
"ku4t","accuracy","left","left",0.3781
"ku4t","accuracy","left","left",0.3975
"ku4t","accuracy","right","left",0.3671
"ku4t","accuracy","left","left",0.4555
"ku4t","accuracy","right","left",0.4806
"ku4t","speed","right","right",0.3247
"ku4t","speed","right","right",0.4227
"ku4t","speed","right","right",0.2999
"ku4t","accuracy","right","left",0.3903
"na1t","accuracy","right","right",0.4067
"na1t","accuracy","right","right",0.3728
"na1t","neutral","right","right",0.4271
"na1t","neutral","left","left",0.389
"na1t","speed","right","right",0.325
"na1t","neutral","right","right",0.4186
"na1t","accuracy","right","right",0.4583
"na1t","accuracy","left","left",0.4088
"na1t","accuracy","left","left",0.3665
"na1t","neutral","left","left",0.3529
"na1t","speed","left","left",0.3728
"na1t","accuracy","right","right",0.3317
"na1t","accuracy","right","right",0.4154
"na1t","accuracy","left","left",0.3601
"na1t","neutral","right","right",0.3339
"na1t","speed","right","right",0.4069
"na1t","speed","right","right",0.345
"na1t","accuracy","right","right",0.3416
"na1t","speed","left","left",0.356
"na1t","speed","left","left",0.2896
"na1t","accuracy","right","right",0.3828
"na1t","speed","left","left",0.3761
"na1t","accuracy","right","right",0.3239
"na1t","speed","right","right",0.3258
"na1t","neutral","left","left",0.4469
"na1t","neutral","left","left",0.4073
"na1t","speed","right","right",0.2661
"na1t","accuracy","right","right",0.7413
"na1t","speed","left","left",0.2719
"na1t","speed","left","right",0.2798
"na1t","speed","left","left",0.3613
"na1t","neutral","left","left",0.5431
"na1t","neutral","left","left",0.3578
"na1t","accuracy","right","right",0.451
"na1t","neutral","left","left",0.4183
"na1t","neutral","left","left",0.4543
"na1t","speed","left","left",0.316
"na1t","speed","left","left",0.3896
"na1t","speed","right","right",0.3964
"na1t","speed","left","left",0.38
"na1t","accuracy","left","left",0.3348
"na1t","neutral","right","right",0.4199
"na1t","speed","right","right",0.3469
"na1t","neutral","right","right",0.4389
"na1t","neutral","right","right",0.4138
"na1t","speed","right","right",0.4427
"na1t","accuracy","left","left",0.3652
"na1t","speed","left","left",0.4965
"na1t","speed","right","right",0.3004
"na1t","speed","right","right",0.3423
"na1t","speed","right","right",0.2772
"na1t","speed","right","right",0.3279
"na1t","neutral","left","left",0.3816
"na1t","neutral","left","left",0.3649
"na1t","speed","right","right",0.345
"na1t","neutral","left","left",0.4138
"na1t","speed","left","left",0.3453
"na1t","speed","left","left",0.4304
"na1t","speed","left","left",0.3494
"na1t","neutral","right","right",0.3872
"na1t","neutral","right","right",0.46
"na1t","speed","right","right",0.4169
"na1t","speed","left","left",0.3742
"na1t","neutral","left","left",0.3764
"na1t","neutral","left","left",0.3605
"na1t","neutral","left","left",0.3016
"na1t","speed","left","left",0.2874
"na1t","speed","left","left",0.301
"na1t","accuracy","right","right",0.3764
"na1t","neutral","right","right",0.3923
"na1t","neutral","right","right",0.4018
"na1t","speed","left","left",0.3878
"na1t","neutral","left","left",0.4228
"na1t","neutral","right","right",0.3872
"na1t","accuracy","left","left",0.3786
"na1t","speed","right","right",0.2725
"na1t","accuracy","right","right",0.2958
"na1t","accuracy","left","left",0.4505
"na1t","accuracy","left","left",0.3624
"na1t","neutral","right","right",0.4126
"na1t","neutral","left","left",0.3029
"na1t","neutral","left","left",0.3865
"na1t","accuracy","right","right",0.3967
"na1t","accuracy","left","left",0.363
"na1t","accuracy","left","right",0.2888
"na1t","speed","right","right",0.42
"na1t","accuracy","right","right",0.3977
"na1t","accuracy","left","left",0.3469
"na1t","speed","left","left",0.3584
"na1t","neutral","left","left",0.4431
"na1t","speed","right","right",0.3915
"na1t","neutral","right","right",0.3902
"na1t","accuracy","right","right",0.4034
"na1t","speed","right","right",0.3417
"na1t","accuracy","left","left",0.4104
"na1t","accuracy","right","right",0.3533
"na1t","speed","right","right",0.4304
"na1t","speed","right","right",0.3265
"na1t","speed","right","left",0.2654
"na1t","neutral","left","left",0.4126
"na1t","neutral","left","left",0.4414
"na1t","speed","left","left",0.4002
"na1t","speed","right","right",0.3403
"na1t","neutral","right","right",0.3528
"na1t","accuracy","right","right",0.329
"na1t","accuracy","left","left",0.4061
"na1t","speed","left","left",0.3168
"na1t","speed","left","left",0.3775
"na1t","speed","left","right",0.2803
"na1t","speed","left","left",0.3374
"na1t","accuracy","left","left",0.3283
"na1t","neutral","left","left",0.5083
"na1t","accuracy","right","right",0.4178
"na1t","speed","right","right",0.4072
"na1t","neutral","left","left",0.3693
"na1t","accuracy","left","left",0.3826
"na1t","accuracy","right","right",0.2889
"na1t","accuracy","right","right",0.3662
"na1t","speed","right","right",0.2819
"na1t","accuracy","left","left",0.425
"na1t","neutral","right","right",0.5932
"na1t","accuracy","left","left",0.3828
"na1t","neutral","left","left",0.4082
"na1t","speed","left","left",0.4193
"na1t","neutral","left","left",0.3859
"na1t","accuracy","left","left",0.3596
"na1t","accuracy","left","left",0.3914
"na1t","speed","right","right",0.3539
"na1t","speed","left","left",0.2892
"na1t","neutral","left","left",0.3524
"na1t","speed","right","right",0.2541
"na1t","neutral","left","left",0.2793
"na1t","neutral","right","right",0.3309
"na1t","neutral","right","right",0.4112
"na1t","speed","right","right",0.3984
"na1t","neutral","left","left",0.409
"na1t","speed","left","left",0.358
"na1t","accuracy","right","right",0.2973
"na1t","neutral","left","left",0.3793
"na1t","neutral","right","right",0.3694
"na1t","accuracy","right","right",0.3409
"na1t","speed","right","right",0.3855
"na1t","accuracy","left","left",0.3417
"na1t","accuracy","right","right",0.3746
"na1t","speed","left","left",0.3907
"na1t","accuracy","left","right",0.3054
"na1t","neutral","right","right",0.3896
"na1t","speed","left","left",0.3556
"na1t","accuracy","right","right",0.3306
"na1t","accuracy","left","left",0.4479
"na1t","neutral","right","right",0.3285
"na1t","speed","left","left",0.3307
"na1t","speed","right","right",0.2826
"na1t","accuracy","right","right",0.3688
"na1t","speed","left","left",0.3092
"na1t","neutral","right","right",0.3113
"na1t","neutral","left","left",0.3707
"na1t","speed","left","left",0.3407
"na1t","accuracy","left","right",0.3402
"na1t","neutral","left","left",0.3551
"na1t","accuracy","left","left",0.3481
"na1t","neutral","left","left",0.3696
"na1t","speed","right","right",0.4048
"na1t","neutral","left","left",0.3623
"na1t","accuracy","right","right",0.376
"na1t","accuracy","right","right",0.3319
"na1t","speed","right","right",0.3445
"na1t","neutral","right","right",0.3024
"na1t","neutral","right","right",0.405
"na1t","neutral","left","left",0.4524
"na1t","neutral","right","right",0.396
"na1t","accuracy","right","right",0.431
"na1t","accuracy","right","right",0.3546
"na1t","neutral","left","left",0.3972
"na1t","neutral","left","left",0.3978
"na1t","accuracy","left","left",0.4006
"na1t","speed","right","right",0.3547
"na1t","speed","left","left",0.4038
"na1t","accuracy","right","right",0.3717
"na1t","speed","left","left",0.3248
"na1t","neutral","right","right",0.3608
"na1t","accuracy","right","right",0.4478
"na1t","neutral","right","right",0.5653
"na1t","accuracy","left","right",0.4108
"na1t","speed","right","right",0.3824
"na1t","speed","left","left",0.3644
"na1t","neutral","right","right",0.4304
"na1t","accuracy","right","right",0.4073
"na1t","neutral","right","right",0.3549
"na1t","neutral","left","left",0.4544
"na1t","speed","right","right",0.3396
"na1t","neutral","right","right",0.3659
"na1t","speed","left","left",0.3304
"na1t","accuracy","left","left",0.444
"na1t","accuracy","left","left",0.3307
"na1t","accuracy","right","right",0.3599
"na1t","accuracy","left","left",0.4687
"na1t","accuracy","right","left",0.3259
"na1t","speed","right","right",0.4977
"na1t","accuracy","left","left",0.4067
"na1t","accuracy","left","left",0.4188
"na1t","speed","right","right",0.351
"na1t","neutral","right","right",0.3509
"na1t","accuracy","right","right",0.4196
"na1t","neutral","right","right",0.3747
"na1t","speed","left","left",0.3303
"na1t","neutral","right","right",0.3353
"na1t","speed","right","right",0.3251
"na1t","speed","right","right",0.3373
"na1t","neutral","right","right",0.3709
"na1t","speed","right","right",0.3368
"na1t","accuracy","right","right",0.3462
"na1t","speed","right","right",0.4093
"na1t","neutral","right","right",0.2959
"na1t","speed","left","right",0.3182
"na1t","speed","left","left",0.3953
"na1t","accuracy","right","right",0.4061
"na1t","accuracy","right","right",0.4099
"na1t","speed","left","left",0.368
"na1t","neutral","right","right",0.3597
"na1t","speed","right","right",0.3561
"na1t","neutral","right","right",0.5291
"na1t","neutral","left","left",0.4714
"na1t","accuracy","right","right",0.3942
"na1t","neutral","right","right",0.4172
"na1t","accuracy","right","right",0.3889
"na1t","accuracy","left","left",0.3597
"na1t","accuracy","left","left",0.4067
"na1t","accuracy","right","right",0.3756
"na1t","speed","right","right",0.3355
"na1t","accuracy","right","right",0.4325
"na1t","neutral","left","left",0.4168
"na1t","accuracy","right","right",0.3236
"na1t","neutral","left","left",0.3295
"na1t","accuracy","left","right",0.3391
"na1t","neutral","left","left",0.3982
"na1t","accuracy","left","left",0.4121
"na1t","speed","right","right",0.349
"na1t","speed","left","left",0.2844
"na1t","accuracy","left","left",0.4078
"na1t","speed","left","left",0.3267
"na1t","speed","right","left",0.298
"na1t","accuracy","right","right",0.3597
"na1t","neutral","left","left",0.3667
"na1t","neutral","left","left",0.3553
"na1t","speed","right","right",0.3701
"na1t","accuracy","left","left",0.4011
"na1t","accuracy","right","right",0.3311
"na1t","accuracy","left","left",0.3323
"na1t","speed","right","right",0.3675
"na1t","speed","left","left",0.2743
"na1t","accuracy","right","right",0.3952
"na1t","speed","right","right",0.3143
"na1t","accuracy","right","right",0.3509
"na1t","speed","right","right",0.3662
"na1t","neutral","right","right",0.3864
"na1t","speed","right","right",0.2967
"na1t","speed","right","right",0.4082
"na1t","neutral","right","right",0.3344
"na1t","speed","left","left",0.359
"na1t","speed","left","right",0.2821
"na1t","accuracy","right","right",0.3374
"na1t","accuracy","left","left",0.4046
"na1t","accuracy","right","right",0.3959
"na1t","neutral","right","right",0.3938
"na1t","accuracy","left","left",0.3856
"na1t","speed","right","right",0.3925
"na1t","accuracy","left","left",0.3265
"na1t","neutral","right","right",0.3965
"na1t","neutral","right","right",0.2831
"na1t","speed","right","right",0.261
"na1t","neutral","right","right",0.3538
"na1t","neutral","right","left",0.4658
"na1t","speed","left","right",0.3437
"na1t","neutral","left","left",0.3973
"na1t","speed","left","left",0.3386
"na1t","accuracy","right","right",0.3767
"na1t","accuracy","right","right",0.398
"na1t","accuracy","left","left",0.3768
"na1t","speed","right","right",0.339
"na1t","accuracy","right","right",0.3848
"na1t","neutral","left","left",0.4333
"na1t","speed","left","left",0.2905
"na1t","speed","right","right",0.3742
"na1t","neutral","right","right",0.3497
"na1t","accuracy","left","left",0.4458
"na1t","accuracy","left","left",0.4478
"na1t","neutral","right","right",0.3967
"na1t","accuracy","left","left",0.4459
"na1t","accuracy","left","left",0.3884
"na1t","accuracy","left","left",0.3777
"na1t","accuracy","right","right",0.3908
"na1t","accuracy","left","left",0.392
"na1t","speed","left","left",0.3732
"na1t","speed","right","right",0.3573
"na1t","neutral","left","left",0.4048
"na1t","accuracy","right","right",0.3407
"na1t","speed","left","left",0.3964
"na1t","neutral","right","right",0.3892
"na1t","accuracy","left","left",0.3446
"na1t","speed","left","left",0.3446
"na1t","speed","right","right",0.3269
"na1t","neutral","right","right",0.3552
"na1t","accuracy","left","left",0.4401
"na1t","speed","right","right",0.3035
"na1t","speed","right","right",0.3154
"na1t","speed","left","left",0.4232
"na1t","neutral","left","left",0.3718
"na1t","neutral","right","right",0.3791
"na1t","neutral","right","right",0.4006
"na1t","neutral","left","left",0.3178
"na1t","neutral","left","right",0.3231
"na1t","neutral","left","left",0.4033
"na1t","neutral","left","left",0.3751
"na1t","neutral","left","left",0.3565
"na1t","neutral","right","right",0.3901
"na1t","neutral","right","right",0.4308
"na1t","accuracy","left","left",0.3445
"na1t","speed","left","left",0.359
"na1t","accuracy","left","left",0.3343
"na1t","speed","left","left",0.3618
"na1t","speed","left","left",0.3244
"na1t","accuracy","right","left",0.4086
"na1t","accuracy","right","right",0.3723
"na1t","neutral","right","left",0.32
"na1t","speed","left","left",0.3659
"na1t","accuracy","left","left",0.3879
"na1t","neutral","left","left",0.4027
"na1t","accuracy","right","right",0.6514
"na1t","accuracy","left","left",0.4293
"na1t","speed","right","right",0.414
"na1t","neutral","left","left",0.3918
"na1t","neutral","left","left",0.4429
"na1t","accuracy","left","left",0.4939
"na1t","speed","left","left",0.3556
"na1t","speed","right","right",0.311
"na1t","neutral","right","right",0.342
"na1t","accuracy","left","left",0.4146
"na1t","speed","left","left",0.4348
"na1t","neutral","right","right",0.3763
"na1t","neutral","left","left",0.3234
"na1t","neutral","right","right",0.3961
"na1t","neutral","left","left",0.401
"na1t","accuracy","right","right",0.4083
"na1t","neutral","left","left",0.3398
"na1t","accuracy","left","left",0.4305
"na1t","neutral","left","left",0.3881
"na1t","neutral","left","left",0.466
"na1t","neutral","left","left",0.3506
"na1t","speed","left","left",0.2845
"na1t","neutral","left","left",0.3175
"na1t","accuracy","right","right",0.4177
"na1t","accuracy","left","left",0.3941
"na1t","accuracy","left","left",0.3539
"na1t","neutral","right","right",0.3954
"na1t","accuracy","left","left",0.4571
"na1t","neutral","right","right",0.3807
"na1t","accuracy","left","left",0.3458
"na1t","speed","left","left",0.3659
"na1t","speed","right","left",0.3451
"na1t","accuracy","left","left",0.4094
"na1t","speed","right","right",0.3153
"na1t","neutral","right","right",0.3451
"na1t","speed","left","left",0.3119
"na1t","speed","right","right",0.3636
"na1t","speed","right","right",0.3249
"na1t","speed","right","right",0.3334
"na1t","accuracy","left","left",0.4307
"na1t","neutral","right","right",0.4048
"na1t","neutral","right","right",0.4207
"na1t","accuracy","right","right",0.3751
"na1t","neutral","left","left",0.3416
"na1t","neutral","left","left",0.3967
"na1t","speed","right","right",0.307
"na1t","neutral","left","left",0.3994
"na1t","accuracy","right","right",0.3597
"na1t","neutral","left","left",0.4036
"na1t","speed","left","left",0.3459
"na1t","neutral","left","left",0.3507
"na1t","accuracy","right","right",0.3897
"na1t","neutral","left","left",0.4444
"na1t","accuracy","right","right",0.3626
"na1t","neutral","right","right",0.3915
"na1t","accuracy","left","left",0.4151
"na1t","accuracy","right","right",0.3922
"na1t","neutral","right","left",0.3089
"na1t","accuracy","right","right",0.3537
"na1t","neutral","left","left",0.4481
"na1t","speed","left","left",0.3596
"na1t","speed","right","right",0.3294
"na1t","neutral","right","right",0.4235
"na1t","neutral","right","right",0.3414
"na1t","speed","right","right",0.3477
"na1t","neutral","left","left",0.4253
"na1t","accuracy","left","left",0.3916
"na1t","accuracy","right","right",0.392
"na1t","accuracy","right","right",0.4142
"na1t","neutral","left","left",0.3766
"na1t","accuracy","left","left",0.4069
"na1t","speed","left","left",0.3366
"na1t","neutral","left","left",0.3829
"na1t","speed","left","left",0.3218
"na1t","speed","right","right",0.3958
"na1t","accuracy","left","left",0.3218
"na1t","speed","left","left",0.3331
"na1t","neutral","right","right",0.4046
"na1t","neutral","left","left",0.3281
"na1t","speed","right","right",0.3131
"na1t","accuracy","left","left",0.3943
"na1t","neutral","right","right",0.3506
"na1t","accuracy","right","right",0.3768
"na1t","neutral","right","right",0.3753
"na1t","accuracy","right","right",0.3949
"na1t","speed","left","left",0.353
"na1t","neutral","right","right",0.4217
"na1t","neutral","right","right",0.38
"na1t","accuracy","right","right",0.4081
"na1t","accuracy","right","right",0.4289
"na1t","accuracy","right","right",0.3702
"na1t","accuracy","right","right",0.4923
"na1t","accuracy","left","left",0.4704
"na1t","speed","left","left",0.4259
"na1t","neutral","left","left",0.4039
"na1t","neutral","left","left",0.3464
"na1t","neutral","left","left",0.4165
"na1t","neutral","right","right",0.4481
"na1t","neutral","left","left",0.4497
"na1t","speed","left","left",0.3719
"na1t","accuracy","right","right",0.4183
"na1t","accuracy","right","right",0.388
"na1t","speed","left","left",0.449
"na1t","neutral","left","left",0.4761
"na1t","neutral","right","right",0.4066
"na1t","speed","left","left",0.3896
"na1t","accuracy","right","right",0.3228
"na1t","neutral","left","left",0.4155
"na1t","accuracy","left","left",0.4031
"na1t","accuracy","left","left",0.4586
"na1t","speed","left","left",0.3606
"na1t","accuracy","right","right",0.3929
"na1t","accuracy","left","left",0.4014
"na1t","accuracy","left","left",0.4081
"na1t","neutral","right","right",0.379
"na1t","speed","left","left",0.3768
"na1t","neutral","right","right",0.3836
"na1t","neutral","right","right",0.4232
"na1t","speed","left","left",0.2958
"na1t","neutral","left","left",0.3673
"na1t","speed","right","right",0.2709
"na1t","neutral","left","left",0.3842
"na1t","speed","left","right",0.2793
"na1t","accuracy","left","left",0.3226
"na1t","accuracy","left","left",0.4312
"na1t","accuracy","left","left",0.3333
"na1t","speed","right","right",0.3828
"na1t","speed","right","right",0.3475
"na1t","speed","left","right",0.3303
"na1t","accuracy","right","right",0.4232
"na1t","accuracy","left","left",0.394
"na1t","accuracy","right","right",0.6712
"na1t","speed","right","right",0.3392
"na1t","speed","right","right",0.3586
"na1t","accuracy","right","right",0.5206
"na1t","accuracy","left","left",0.4539
"na1t","accuracy","right","right",0.4432
"na1t","speed","left","left",0.3983
"na1t","speed","right","right",0.3949
"na1t","accuracy","left","left",0.4052
"na1t","neutral","left","left",0.5436
"na1t","neutral","right","right",0.3907
"na1t","accuracy","left","left",0.41
"na1t","neutral","left","left",0.3153
"na1t","neutral","right","right",0.3775
"na1t","neutral","right","right",0.4131
"na1t","neutral","left","left",0.3746
"na1t","accuracy","right","right",0.3597
"na1t","neutral","right","right",0.4027
"na1t","accuracy","right","left",0.6245
"na1t","speed","left","left",0.3101
"na1t","speed","left","left",0.3446
"na1t","accuracy","left","left",0.4501
"na1t","accuracy","right","right",0.6927
"na1t","accuracy","left","left",0.4135
"na1t","accuracy","right","right",0.3999
"na1t","speed","left","left",0.4068
"na1t","accuracy","left","left",0.4597
"na1t","accuracy","right","right",0.6174
"na1t","neutral","right","right",0.3843
"na1t","accuracy","right","right",0.4507
"na1t","speed","left","right",0.3181
"na1t","speed","left","left",0.3662
"na1t","accuracy","right","right",0.3907
"na1t","accuracy","right","right",0.629
"na1t","neutral","right","right",0.4549
"na1t","neutral","left","left",0.4555
"na1t","accuracy","right","right",0.5408
"na1t","neutral","right","right",0.4285
"na1t","accuracy","right","right",0.484
"na1t","speed","right","right",0.3343
"na1t","accuracy","right","right",0.5517
"na1t","accuracy","right","right",0.4354
"na1t","accuracy","left","left",0.4714
"na1t","speed","left","left",0.3455
"na1t","accuracy","right","right",0.4388
"na1t","neutral","right","right",0.6089
"na1t","speed","left","left",0.3654
"na1t","accuracy","right","right",0.3981
"na1t","accuracy","left","left",0.3797
"na1t","neutral","left","left",0.3821
"na1t","speed","left","left",0.3307
"na1t","speed","left","left",0.3906
"na1t","speed","right","right",0.3607
"na1t","accuracy","right","right",0.6207
"na1t","neutral","right","right",0.4831
"na1t","accuracy","left","left",0.5002
"na1t","speed","left","left",0.4486
"na1t","neutral","right","right",0.4716
"na1t","neutral","right","right",0.3888
"na1t","speed","left","left",0.3915
"na1t","accuracy","right","right",0.3495
"na1t","neutral","right","right",0.4043
"na1t","speed","left","left",0.2944
"na1t","speed","left","left",0.3527
"na1t","accuracy","right","right",0.3493
"na1t","speed","left","left",0.3414
"na1t","accuracy","right","right",0.4007
"na1t","speed","right","left",0.3252
"na1t","accuracy","right","right",0.3793
"na1t","neutral","right","right",0.3667
"na1t","accuracy","right","right",0.4273
"na1t","accuracy","right","right",0.4383
"na1t","accuracy","right","right",0.3531
"na1t","accuracy","left","left",0.4238
"na1t","speed","right","right",0.3091
"na1t","speed","left","left",0.406
"na1t","accuracy","right","right",0.416
"na1t","speed","right","right",0.3535
"na1t","accuracy","left","left",0.3949
"na1t","speed","right","right",0.3404
"na1t","speed","right","right",0.3696
"na1t","speed","right","right",0.3649
"na1t","accuracy","right","right",0.4266
"na1t","accuracy","left","left",0.3417
"na1t","speed","right","right",0.3891
"na1t","speed","right","left",0.4107
"na1t","accuracy","right","right",0.3965
"na1t","accuracy","left","left",0.4066
"na1t","speed","right","right",0.3561
"na1t","speed","right","right",0.3434
"na1t","neutral","right","right",0.521
"na1t","accuracy","left","left",0.3866
"na1t","neutral","right","right",0.426
"na1t","accuracy","left","left",0.4036
"na1t","accuracy","right","right",0.4758
"na1t","accuracy","right","right",0.6691
"na1t","neutral","right","left",0.8635
"na1t","speed","right","right",0.4028
"na1t","speed","right","right",0.3537
"na1t","accuracy","left","left",0.4201
"na1t","accuracy","left","left",0.3906
"na1t","speed","left","left",0.3607
"na1t","neutral","left","left",0.3678
"na1t","neutral","left","left",0.4581
"na1t","neutral","right","right",0.4245
"na1t","neutral","right","left",0.6474
"na1t","speed","left","left",0.3654
"na1t","neutral","right","right",0.4421
"na1t","speed","left","left",0.33
"na1t","accuracy","right","right",0.3861
"na1t","neutral","right","right",0.3749
"na1t","speed","right","right",0.318
"na1t","neutral","left","left",0.3685
"na1t","speed","left","left",0.3848
"na1t","speed","right","right",0.3541
"na1t","accuracy","left","left",0.4033
"na1t","accuracy","right","right",0.401
"na1t","speed","left","left",0.4412
"na1t","neutral","right","right",0.4361
"na1t","accuracy","right","right",0.4249
"na1t","neutral","left","left",0.4945
"na1t","neutral","right","right",0.3919
"na1t","speed","left","left",0.4283
"na1t","speed","right","right",0.3705
"na1t","speed","left","left",0.3709
"na1t","neutral","right","right",0.4236
"na1t","neutral","left","left",0.3297
"na1t","neutral","left","left",0.3851
"na1t","speed","left","left",0.3067
"na1t","accuracy","right","right",0.3725
"na1t","accuracy","right","right",0.4269
"na1t","accuracy","right","right",0.4409
"na1t","accuracy","right","left",0.3528
"na1t","speed","left","left",0.3601
"na1t","accuracy","right","right",0.4531
"na1t","neutral","right","right",0.4526
"na1t","neutral","right","right",0.7834
"na1t","neutral","right","right",0.3845
"na1t","speed","right","left",0.3676
"na1t","neutral","left","left",0.4561
"na1t","speed","right","right",0.3498
"na1t","neutral","right","right",0.4432
"na1t","accuracy","right","right",0.5244
"na1t","neutral","right","right",0.3663
"na1t","speed","left","left",0.3594
"na1t","accuracy","right","right",0.4166
"na1t","accuracy","right","right",0.3915
"na1t","neutral","left","left",0.4229
"na1t","accuracy","left","left",0.4669
"na1t","accuracy","left","left",0.4425
"na1t","speed","right","left",0.3308
"na1t","accuracy","left","left",0.4282
"na1t","speed","right","right",0.3605
"na1t","accuracy","left","left",0.4164
"na1t","speed","right","right",0.4
"na1t","accuracy","right","right",0.5513
"na1t","neutral","left","left",0.4351
"na1t","speed","left","left",0.4014
"na1t","accuracy","left","left",0.5262
"na1t","neutral","right","right",0.4342
"na1t","accuracy","right","right",0.4516
"na1t","speed","right","right",0.4391
"na1t","neutral","left","left",0.4108
"na1t","speed","left","left",0.4177
"na1t","neutral","left","left",0.5556
"na1t","accuracy","right","right",0.3914
"na1t","accuracy","right","right",0.4977
"na1t","accuracy","left","left",0.4131
"na1t","speed","left","right",0.3512
"na1t","accuracy","left","left",0.7136
"na1t","accuracy","right","right",0.7295
"na1t","accuracy","right","right",0.4962
"na1t","neutral","left","left",0.3998
"na1t","accuracy","left","left",0.452
"na1t","accuracy","right","right",0.3907
"na1t","neutral","right","right",0.4151
"na1t","speed","left","left",0.3322
"na1t","neutral","left","left",0.3963
"na1t","speed","right","right",0.3703
"na1t","speed","left","left",0.3905
"na1t","speed","right","right",0.3443
"na1t","accuracy","right","right",0.3543
"na1t","neutral","right","right",0.3699
"na1t","speed","left","left",0.4249
"na1t","neutral","left","left",0.3724
"na1t","neutral","right","right",0.5077
"na1t","accuracy","left","left",0.4041
"na1t","neutral","left","left",0.4769
"na1t","accuracy","left","left",0.4496
"na1t","speed","left","left",0.3135
"na1t","neutral","left","left",0.4714
"na1t","speed","right","left",0.3389
"na1t","accuracy","right","right",0.404
"na1t","speed","left","left",0.3749
"na1t","speed","right","right",0.3967
"na1t","neutral","right","right",0.4174
"na1t","accuracy","left","left",0.3932
"na1t","speed","left","left",0.3719
"na1t","accuracy","right","right",0.4088
"na1t","speed","left","left",0.4157
"na1t","accuracy","right","right",0.4432
"na1t","accuracy","left","left",0.3841
"na1t","speed","left","left",0.4431
"na1t","speed","right","right",0.3761
"na1t","speed","left","left",0.3328
"na1t","neutral","right","right",0.4067
"na1t","neutral","right","right",0.3735
"na1t","speed","left","left",0.327
"na1t","accuracy","left","left",0.3381
"na1t","speed","left","left",0.3217
"na1t","speed","left","left",0.2872
"na1t","neutral","left","left",0.3808
"na1t","neutral","right","right",0.3835
"na1t","accuracy","left","left",0.3965
"na1t","accuracy","left","left",0.3514
"na1t","neutral","right","right",0.4278
"na1t","accuracy","right","right",0.3914
"na1t","neutral","left","left",0.3961
"na1t","neutral","left","left",0.4097
"na1t","neutral","right","right",0.4105
"na1t","accuracy","left","left",0.3179
"na1t","neutral","left","left",0.3696
"na1t","neutral","right","left",0.3703
"na1t","accuracy","left","left",0.388
"na1t","neutral","left","left",0.3915
"na1t","speed","right","right",0.335
"na1t","speed","right","right",0.4033
"na1t","accuracy","right","right",0.4332
"na1t","speed","left","left",0.3571
"na1t","accuracy","left","left",0.4671
"na1t","neutral","left","left",0.3471
"na1t","accuracy","right","right",0.4501
"na1t","accuracy","left","left",0.4346
"na1t","accuracy","left","left",0.3586
"na1t","speed","right","right",0.3533
"na1t","speed","right","right",0.4324
"na1t","accuracy","right","right",0.479
"na1t","speed","right","right",0.4596
"na1t","accuracy","right","right",0.7413
"na1t","neutral","right","right",0.6568
"na1t","neutral","right","right",0.632
"na1t","accuracy","left","left",0.4995
"na1t","neutral","left","left",0.5201
"na1t","neutral","right","right",0.3559
"na1t","speed","left","left",0.3259
"na1t","speed","left","left",0.4409
"na1t","speed","left","left",0.3386
"na1t","accuracy","right","right",0.4066
"na1t","neutral","right","right",0.3838
"na1t","neutral","left","left",0.4121
"na1t","neutral","right","right",0.4052
"na1t","speed","left","left",0.2844
"na1t","speed","left","left",0.4182
"na1t","accuracy","right","right",0.4298
"na1t","speed","left","left",0.262
"na1t","neutral","left","left",0.4472
"na1t","speed","left","left",0.3263
"na1t","neutral","left","left",0.3034
"na1t","speed","right","right",0.4264
"na1t","neutral","right","right",0.4279
"na1t","neutral","right","left",0.3713
"na1t","accuracy","left","left",0.3649
"na1t","accuracy","left","left",0.3815
"na1t","speed","left","left",0.2958
"na1t","speed","left","left",0.3061
"na1t","speed","left","left",0.3071
"na1t","speed","right","right",0.3486
"na1t","neutral","right","right",0.4123
"na1t","speed","right","right",0.3676
"na1t","accuracy","left","left",0.3812
"na1t","neutral","right","right",0.396
"na1t","accuracy","left","left",0.4279
"na1t","neutral","right","right",0.3968
"na1t","neutral","left","left",0.363
"na1t","neutral","left","left",0.4338
"na1t","neutral","right","right",0.437
"na1t","accuracy","right","right",0.4126
"na1t","accuracy","right","left",0.3672
"na1t","neutral","left","left",0.4477
"na1t","speed","left","left",0.3423
"na1t","accuracy","right","right",0.4101
"na1t","accuracy","left","left",0.3824
"na1t","accuracy","right","right",0.4383
"na1t","accuracy","right","right",0.4329
"na1t","speed","right","right",0.4731
"na1t","accuracy","left","left",0.4605
"na1t","neutral","right","right",0.5741
"na1t","accuracy","left","left",0.4106
"na1t","speed","right","right",0.345
"na1t","speed","right","right",0.3766
"na1t","neutral","left","left",0.3877
"na1t","speed","left","left",0.3889
"na1t","speed","left","left",0.3049
"na1t","neutral","right","right",0.3781
"na1t","speed","right","right",0.4184
"na1t","speed","left","left",0.3648
"na1t","speed","right","right",0.3473
"na1t","accuracy","right","right",0.3844
"na1t","speed","left","left",0.3658
"na1t","neutral","left","left",0.4046
"na1t","speed","left","left",0.3341
"na1t","speed","left","left",0.377
"na1t","speed","left","left",0.4393
"na1t","neutral","right","right",0.4293
"na1t","accuracy","left","left",0.4148
"na1t","neutral","left","left",0.3762
"na1t","accuracy","left","left",0.4073
"na1t","neutral","left","left",0.3769
"na1t","neutral","left","left",0.3633
"na1t","accuracy","left","left",0.4369
"na1t","accuracy","right","right",0.4379
"na1t","speed","right","right",0.3396
"na1t","accuracy","right","right",0.4373
"na1t","accuracy","left","left",0.4004
"na1t","speed","left","left",0.3108
"na1t","accuracy","left","left",0.509
"na1t","speed","right","right",0.3423
"na1t","accuracy","left","left",0.3833
"na1t","accuracy","right","right",0.4039
"na1t","speed","right","right",0.3444
"na1t","neutral","right","right",0.3755
"na1t","speed","left","left",0.3
"na1t","neutral","left","left",0.4714
"na1t","neutral","right","right",0.3208
"na1t","accuracy","left","left",0.3261
"na1t","accuracy","right","right",0.3142
"na1t","accuracy","left","left",0.3255
"na1t","accuracy","left","left",0.4057
"na1t","accuracy","left","left",0.4173
"na1t","neutral","right","right",0.36
"na1t","accuracy","right","left",0.476
"na1t","neutral","right","right",0.554
"na1t","accuracy","left","left",0.3727
"na1t","neutral","left","left",0.4388
"na1t","neutral","left","left",0.3479
"na1t","speed","left","left",0.3468
"na1t","accuracy","right","right",0.3742
"na1t","speed","right","right",0.432
"na1t","speed","left","left",0.3918
"na1t","accuracy","right","right",0.3666
"na1t","neutral","right","right",0.3817
"na1t","neutral","right","right",0.4226
"na1t","speed","left","left",0.309
"na1t","neutral","left","left",0.3624
"na1t","speed","right","right",0.3789
"na1t","neutral","left","left",0.6008
"na1t","accuracy","right","right",0.4103
"na1t","speed","left","left",0.4116
"na1t","accuracy","right","right",0.4048
"na1t","accuracy","left","left",0.431
"na1t","speed","right","left",0.3332
"na1t","speed","right","right",0.3745
"na1t","speed","right","right",0.3853
"na1t","accuracy","right","right",0.4207
"na1t","neutral","right","right",0.35
"na1t","neutral","left","left",0.4515
"na1t","neutral","left","left",0.4788
"na1t","accuracy","right","right",0.4434
"na1t","speed","right","right",0.3338
"na1t","speed","left","left",0.3054
"na1t","accuracy","right","right",0.342
"na1t","neutral","left","left",0.3694
"na1t","neutral","left","left",0.3432
"na1t","neutral","right","right",0.4171
"na1t","speed","left","left",0.3316
"na1t","speed","left","left",0.371
"na1t","neutral","right","right",0.3881
"na1t","accuracy","left","left",0.4071
"na1t","accuracy","left","left",0.4337
"na1t","speed","left","left",0.4383
"na1t","neutral","right","right",0.4185
"na1t","accuracy","right","right",0.4251
"na1t","accuracy","right","right",0.5829
"na1t","neutral","right","right",0.6552
"na1t","neutral","left","left",0.3964
"na1t","neutral","left","left",0.3583
"na1t","speed","right","left",0.329
"na1t","neutral","left","left",0.5733
"na1t","speed","left","left",0.4087
"na1t","neutral","right","right",0.4884
"na1t","accuracy","left","left",0.8288
"na1t","accuracy","right","right",0.8605
"na1t","speed","right","right",0.3227
"na1t","neutral","right","right",0.4459
"na1t","neutral","right","right",0.3527
"na1t","speed","left","left",0.367
"na1t","speed","left","left",0.4002
"na1t","accuracy","left","left",0.8768
"na1t","accuracy","right","right",0.6585
"rmbt","neutral","left","left",0.3362
"rmbt","neutral","left","left",0.3834
"rmbt","neutral","right","left",0.5164
"rmbt","neutral","right","right",0.5012
"rmbt","neutral","right","right",0.5208
"rmbt","speed","right","right",0.5289
"rmbt","accuracy","left","left",0.3828
"rmbt","neutral","right","left",0.3721
"rmbt","neutral","left","left",0.464
"rmbt","accuracy","left","left",0.4131
"rmbt","neutral","left","left",0.3905
"rmbt","accuracy","left","left",0.4385
"rmbt","accuracy","right","right",0.4818
"rmbt","speed","left","left",0.3963
"rmbt","accuracy","right","right",0.5277
"rmbt","speed","right","right",0.4886
"rmbt","accuracy","left","left",0.4126
"rmbt","neutral","right","right",0.4349
"rmbt","neutral","left","left",0.3988
"rmbt","speed","left","left",0.3337
"rmbt","accuracy","right","right",0.5487
"rmbt","speed","left","left",0.3805
"rmbt","speed","left","left",0.3774
"rmbt","accuracy","right","right",0.5255
"rmbt","speed","left","left",0.4129
"rmbt","accuracy","right","right",0.4475
"rmbt","accuracy","right","right",0.4228
"rmbt","neutral","left","left",0.3845
"rmbt","speed","left","left",0.282
"rmbt","neutral","left","left",0.635
"rmbt","speed","left","left",0.3334
"rmbt","accuracy","right","right",0.4711
"rmbt","neutral","left","left",0.5049
"rmbt","neutral","left","left",0.4407
"rmbt","neutral","right","right",0.4647
"rmbt","neutral","right","right",0.9796
"rmbt","neutral","right","right",0.5496
"rmbt","neutral","left","left",0.5894
"rmbt","speed","right","right",0.4378
"rmbt","accuracy","left","left",0.4186
"rmbt","neutral","left","left",0.4888
"rmbt","accuracy","left","left",1.2521
"rmbt","neutral","right","right",0.6352
"rmbt","accuracy","left","left",0.5834
"rmbt","speed","left","left",0.5745
"rmbt","speed","left","left",0.3701
"rmbt","speed","right","right",0.5166
"rmbt","accuracy","left","left",0.5674
"rmbt","accuracy","right","right",0.6467
"rmbt","speed","right","right",0.4639
"rmbt","neutral","right","right",0.4549
"rmbt","speed","right","right",0.4069
"rmbt","speed","right","right",0.4535
"rmbt","accuracy","right","right",0.407
"rmbt","speed","left","left",0.4847
"rmbt","neutral","left","left",0.5847
"rmbt","accuracy","left","left",1.2715
"rmbt","neutral","right","right",0.6565
"rmbt","accuracy","right","right",0.4642
"rmbt","neutral","right","right",0.4074
"rmbt","speed","left","left",0.3201
"rmbt","neutral","right","right",0.4539
"rmbt","speed","left","left",0.3084
"rmbt","speed","left","left",0.3288
"rmbt","neutral","right","right",0.4431
"rmbt","accuracy","left","right",0.4969
"rmbt","accuracy","left","left",0.8469
"rmbt","speed","right","right",0.4078
"rmbt","speed","right","right",0.4075
"rmbt","accuracy","left","left",0.681
"rmbt","speed","right","right",0.4401
"rmbt","speed","left","right",0.3818
"rmbt","neutral","right","right",0.4791
"rmbt","accuracy","right","right",0.4538
"rmbt","accuracy","left","left",0.4743
"rmbt","accuracy","left","left",0.6495
"rmbt","neutral","left","left",0.6486
"rmbt","accuracy","left","left",0.4464
"rmbt","neutral","right","right",1.0589
"rmbt","accuracy","right","right",0.5216
"rmbt","speed","right","right",0.4299
"rmbt","speed","right","left",0.4854
"rmbt","accuracy","right","right",0.4475
"rmbt","neutral","left","left",1.0039
"rmbt","speed","left","left",0.2923
"rmbt","speed","left","left",0.4028
"rmbt","speed","right","right",0.5083
"rmbt","neutral","right","right",0.628
"rmbt","accuracy","right","right",0.5727
"rmbt","speed","right","right",0.5197
"rmbt","neutral","left","left",0.4368
"rmbt","accuracy","right","right",0.961
"rmbt","speed","left","left",0.4216
"rmbt","neutral","left","left",0.752
"rmbt","speed","left","left",0.4998
"rmbt","neutral","left","left",0.4979
"rmbt","speed","right","right",0.3499
"rmbt","speed","left","left",0.5994
"rmbt","speed","left","right",0.5865
"rmbt","accuracy","right","right",0.6286
"rmbt","neutral","left","left",0.7526
"rmbt","speed","left","left",0.2669
"rmbt","neutral","right","right",0.4631
"rmbt","accuracy","right","right",0.4356
"rmbt","accuracy","right","right",0.4575
"rmbt","accuracy","right","right",0.4489
"rmbt","neutral","left","left",0.3876
"rmbt","neutral","right","right",0.4375
"rmbt","neutral","left","left",0.8116
"rmbt","speed","right","right",0.4245
"rmbt","speed","right","right",0.4229
"rmbt","accuracy","right","right",0.6115
"rmbt","neutral","right","right",0.6604
"rmbt","speed","right","right",0.337
"rmbt","accuracy","left","left",0.715
"rmbt","speed","left","left",0.3229
"rmbt","neutral","left","left",0.5678
"rmbt","neutral","right","right",0.421
"rmbt","accuracy","left","left",0.3631
"rmbt","neutral","left","left",0.4172
"rmbt","accuracy","right","right",0.4657
"rmbt","speed","left","left",0.3125
"rmbt","accuracy","right","right",0.4672
"rmbt","accuracy","left","left",0.4911
"rmbt","accuracy","right","right",0.6299
"rmbt","speed","left","left",0.3653
"rmbt","accuracy","left","left",0.7197
"rmbt","neutral","right","right",0.4904
"rmbt","accuracy","left","left",0.5342
"rmbt","speed","left","left",0.3277
"rmbt","accuracy","right","right",0.5523
"rmbt","speed","right","left",0.47
"rmbt","speed","right","left",0.3951
"rmbt","speed","right","left",0.4577
"rmbt","accuracy","left","left",1.438
"rmbt","accuracy","left","left",0.4619
"rmbt","accuracy","right","right",0.5621
"rmbt","accuracy","left","left",1.073
"rmbt","speed","left","right",0.502
"rmbt","speed","right","right",0.4368
"rmbt","neutral","left","left",0.5985
"rmbt","accuracy","right","right",0.5343
"rmbt","speed","left","right",0.3959
"rmbt","neutral","right","right",0.4291
"rmbt","neutral","left","left",0.7511
"rmbt","neutral","right","right",0.8419
"rmbt","accuracy","right","right",0.7033
"rmbt","speed","left","left",0.5909
"rmbt","speed","right","right",0.4838
"rmbt","accuracy","left","left",0.8018
"rmbt","accuracy","left","left",1.2554
"rmbt","accuracy","right","right",0.9855
"rmbt","speed","right","right",0.6197
"rmbt","speed","left","left",0.4533
"rmbt","neutral","left","left",0.7912
"rmbt","neutral","right","right",0.4668
"rmbt","accuracy","left","left",0.8428
"rmbt","neutral","right","right",0.5542
"rmbt","neutral","right","right",0.4617
"rmbt","accuracy","left","left",0.6313
"rmbt","neutral","right","left",0.758
"rmbt","speed","right","right",0.4384
"rmbt","neutral","right","right",0.6021
"rmbt","accuracy","right","right",0.7202
"rmbt","speed","right","right",0.4727
"rmbt","speed","right","right",0.465
"rmbt","neutral","right","right",0.7021
"rmbt","speed","right","left",0.4202
"rmbt","neutral","left","left",0.5971
"rmbt","speed","right","right",0.4886
"rmbt","speed","right","right",0.3736
"rmbt","accuracy","right","right",0.3543
"rmbt","neutral","left","left",0.3658
"rmbt","neutral","left","left",0.7539
"rmbt","accuracy","right","right",0.7572
"rmbt","accuracy","left","left",0.9282
"rmbt","accuracy","left","left",0.6713
"rmbt","neutral","right","right",0.4137
"rmbt","speed","left","left",0.2653
"rmbt","accuracy","left","left",0.534
"rmbt","speed","left","left",0.3971
"rmbt","neutral","right","right",0.3913
"rmbt","speed","right","right",0.3246
"rmbt","speed","left","left",0.3604
"rmbt","speed","right","right",0.2832
"rmbt","accuracy","left","left",0.9407
"rmbt","neutral","right","right",0.4067
"rmbt","neutral","right","right",0.3635
"rmbt","accuracy","right","right",0.4108
"rmbt","speed","left","left",0.325
"rmbt","accuracy","left","left",0.8149
"rmbt","neutral","right","right",0.4802
"rmbt","neutral","left","left",0.6451
"rmbt","neutral","left","left",0.472
"rmbt","neutral","right","right",0.5156
"rmbt","neutral","left","left",0.7175
"rmbt","neutral","left","left",0.3793
"rmbt","accuracy","left","left",0.4589
"rmbt","neutral","left","left",0.361
"rmbt","speed","right","left",0.2714
"rmbt","accuracy","right","right",0.4912
"rmbt","speed","right","left",0.3078
"rmbt","neutral","left","left",0.6054
"rmbt","accuracy","right","right",0.5468
"rmbt","speed","right","right",0.3596
"rmbt","neutral","right","right",0.4325
"rmbt","neutral","right","right",0.3494
"rmbt","speed","right","right",0.3522
"rmbt","speed","left","left",0.5287
"rmbt","speed","left","right",0.4504
"rmbt","speed","left","left",0.3131
"rmbt","neutral","left","left",0.4957
"rmbt","speed","right","right",0.3975
"rmbt","accuracy","left","left",0.8983
"rmbt","speed","left","right",0.4715
"rmbt","accuracy","right","right",0.7781
"rmbt","accuracy","right","right",0.4418
"rmbt","neutral","left","left",0.5528
"rmbt","accuracy","right","right",0.7485
"rmbt","neutral","right","right",0.4919
"rmbt","neutral","left","left",0.6105
"rmbt","accuracy","right","right",0.6681
"rmbt","accuracy","right","right",0.8321
"rmbt","neutral","right","right",0.567
"rmbt","accuracy","left","left",0.8351
"rmbt","neutral","right","right",0.6716
"rmbt","speed","right","right",0.8046
"rmbt","speed","left","left",0.5562
"rmbt","accuracy","right","right",0.5063
"rmbt","neutral","left","left",0.5818
"rmbt","accuracy","right","right",0.4997
"rmbt","accuracy","left","left",0.5678
"rmbt","neutral","right","right",0.5358
"rmbt","neutral","right","right",0.5234
"rmbt","neutral","right","right",0.4804
"rmbt","speed","left","right",0.3522
"rmbt","speed","right","right",0.3146
"rmbt","neutral","left","left",0.4675
"rmbt","accuracy","right","right",0.853
"rmbt","speed","right","left",0.2664
"rmbt","accuracy","right","right",0.9635
"rmbt","speed","right","right",0.3259
"rmbt","neutral","right","right",0.3863
"rmbt","accuracy","left","left",0.508
"rmbt","accuracy","right","right",0.4404
"rmbt","speed","right","left",0.2736
"rmbt","accuracy","left","left",0.461
"rmbt","neutral","left","left",0.5021
"rmbt","neutral","right","right",0.5109
"rmbt","neutral","left","left",0.7775
"rmbt","neutral","left","right",0.6391
"rmbt","accuracy","right","right",0.6262
"rmbt","neutral","right","right",0.4806
"rmbt","speed","left","left",0.6614
"rmbt","accuracy","right","right",0.4959
"rmbt","speed","right","left",0.5577
"rmbt","neutral","left","left",0.3933
"rmbt","neutral","right","right",0.5934
"rmbt","speed","right","right",0.3866
"rmbt","neutral","left","left",0.4235
"rmbt","neutral","right","right",0.5047
"rmbt","neutral","left","left",0.3604
"rmbt","speed","left","left",0.3281
"rmbt","neutral","right","right",0.4383
"rmbt","neutral","left","left",0.3042
"rmbt","neutral","right","right",0.3701
"rmbt","neutral","left","left",0.5193
"rmbt","speed","right","left",0.3377
"rmbt","accuracy","left","left",0.8085
"rmbt","speed","right","left",0.3853
"rmbt","neutral","right","right",0.5653
"rmbt","neutral","right","right",0.4331
"rmbt","speed","left","right",0.3775
"rmbt","speed","left","left",0.3993
"rmbt","speed","left","left",0.2883
"rmbt","neutral","right","right",0.4684
"rmbt","neutral","left","left",0.569
"rmbt","neutral","left","left",0.7174
"rmbt","accuracy","right","right",1.14
"rmbt","speed","left","left",0.6348
"rmbt","neutral","right","right",0.5966
"rmbt","accuracy","left","left",0.8024
"rmbt","accuracy","left","left",1.1427
"rmbt","neutral","right","right",0.4124
"rmbt","neutral","left","left",0.5411
"rmbt","accuracy","right","right",0.532
"rmbt","accuracy","left","left",0.5733
"rmbt","neutral","left","left",0.5697
"rmbt","neutral","left","left",0.5933
"rmbt","accuracy","left","left",0.7489
"rmbt","neutral","left","left",0.8867
"rmbt","neutral","right","right",0.5199
"rmbt","speed","left","left",0.2776
"rmbt","speed","right","left",0.3678
"rmbt","accuracy","left","left",0.8612
"rmbt","accuracy","left","left",0.5775
"rmbt","accuracy","right","right",1.3211
"rmbt","neutral","left","left",0.4615
"rmbt","neutral","right","right",0.5007
"rmbt","speed","left","left",0.3725
"rmbt","speed","left","right",0.3118
"rmbt","neutral","left","left",0.373
"rmbt","neutral","right","right",0.4749
"rmbt","neutral","left","left",0.4255
"rmbt","speed","left","left",0.3423
"rmbt","speed","left","left",0.2849
"rmbt","speed","left","left",0.344
"rmbt","neutral","right","right",0.5117
"rmbt","speed","left","left",0.4284
"rmbt","accuracy","right","right",0.8268
"rmbt","accuracy","right","right",0.7523
"rmbt","speed","right","right",0.4748
"rmbt","neutral","left","left",0.4633
"rmbt","neutral","left","left",0.6757
"rmbt","accuracy","right","right",0.9038
"rmbt","accuracy","right","right",0.747
"rmbt","neutral","right","right",0.4104
"rmbt","accuracy","right","right",0.8645
"rmbt","speed","left","left",0.3638
"rmbt","speed","left","left",0.3575
"rmbt","accuracy","left","left",1.2803
"rmbt","neutral","left","left",0.6118
"rmbt","neutral","left","left",0.446
"rmbt","neutral","left","left",0.5594
"rmbt","neutral","left","left",0.6596
"rmbt","neutral","right","right",0.4164
"rmbt","neutral","left","left",0.5704
"rmbt","accuracy","left","left",0.4946
"rmbt","accuracy","left","left",0.8188
"rmbt","speed","left","right",0.3913
"rmbt","neutral","right","right",0.6977
"rmbt","accuracy","left","left",1.1041
"rmbt","accuracy","left","left",1.1369
"rmbt","speed","right","right",0.4249
"rmbt","speed","left","right",0.4841
"rmbt","neutral","left","left",0.6194
"rmbt","accuracy","right","right",0.4862
"rmbt","neutral","left","right",0.5119
"rmbt","accuracy","right","right",0.4386
"rmbt","accuracy","left","left",0.4396
"rmbt","accuracy","left","left",0.6526
"rmbt","speed","left","left",0.2773
"rmbt","speed","left","right",0.2921
"rmbt","neutral","right","right",0.4205
"rmbt","neutral","right","left",0.6191
"rmbt","accuracy","right","right",0.5508
"rmbt","speed","right","right",0.3939
"rmbt","speed","right","right",0.4247
"rmbt","speed","left","right",0.2772
"rmbt","accuracy","left","left",0.5462
"rmbt","neutral","left","right",0.5539
"rmbt","neutral","right","right",0.4731
"rmbt","speed","left","right",0.3972
"rmbt","speed","left","right",0.4269
"rmbt","neutral","right","right",0.4197
"rmbt","speed","left","left",0.3271
"rmbt","accuracy","left","left",1.1753
"rmbt","accuracy","right","right",0.8982
"rmbt","neutral","right","right",0.4122
"rmbt","neutral","right","right",0.4901
"rmbt","neutral","right","right",0.4818
"rmbt","speed","right","right",0.455
"rmbt","neutral","right","right",0.6149
"rmbt","accuracy","right","right",0.5779
"rmbt","accuracy","left","left",0.8825
"rmbt","neutral","left","left",0.5948
"rmbt","accuracy","left","left",1.2163
"rmbt","speed","right","left",0.3795
"rmbt","speed","left","left",0.4139
"rmbt","speed","right","right",0.4135
"rmbt","speed","right","right",0.3572
"rmbt","neutral","left","right",0.4853
"rmbt","neutral","right","right",0.5371
"rmbt","neutral","right","right",0.4661
"rmbt","speed","right","right",0.529
"rmbt","speed","right","right",0.3056
"rmbt","neutral","left","right",0.3733
"rmbt","neutral","left","left",0.8543
"rmbt","accuracy","left","left",0.4867
"rmbt","neutral","right","right",0.534
"rmbt","accuracy","left","left",1.0848
"rmbt","neutral","left","left",0.8422
"rmbt","neutral","right","right",0.5451
"rmbt","neutral","left","left",0.5099
"rmbt","accuracy","left","left",0.6364
"rmbt","accuracy","right","right",1.2341
"rmbt","accuracy","left","left",0.9406
"rmbt","neutral","right","right",0.4657
"rmbt","speed","left","right",0.3124
"rmbt","speed","right","right",0.3679
"rmbt","speed","left","right",0.3326
"rmbt","speed","right","right",0.3243
"rmbt","accuracy","left","left",1.0004
"rmbt","accuracy","right","left",1.0831
"rmbt","accuracy","left","left",0.9081
"rmbt","neutral","right","right",0.4992
"rmbt","neutral","left","left",0.599
"rmbt","accuracy","right","right",0.7439
"rmbt","accuracy","right","right",0.3978
"rmbt","neutral","left","right",0.647
"rmbt","neutral","left","left",0.6617
"rmbt","neutral","left","left",0.6302
"rmbt","neutral","right","left",0.722
"rmbt","speed","left","left",0.7276
"rmbt","neutral","right","right",0.5285
"rmbt","accuracy","right","right",0.5959
"rmbt","speed","left","left",0.4422
"rmbt","speed","right","right",0.541
"rmbt","neutral","right","right",0.4687
"rmbt","speed","right","left",0.4203
"rmbt","speed","right","right",0.3223
"rmbt","speed","right","left",0.3448
"rmbt","speed","right","right",0.3342
"rmbt","neutral","right","right",0.4883
"rmbt","speed","right","right",0.3223
"rmbt","speed","right","right",0.5388
"rmbt","speed","right","right",0.3273
"rmbt","speed","right","right",0.3295
"rmbt","neutral","left","right",0.358
"rmbt","accuracy","left","left",0.5586
"rmbt","accuracy","right","right",0.4681
"rmbt","neutral","right","left",0.6585
"rmbt","speed","left","left",0.3576
"rmbt","speed","right","right",0.4446
"rmbt","neutral","right","right",0.3765
"rmbt","accuracy","left","left",0.5946
"rmbt","speed","left","left",0.309
"rmbt","accuracy","right","right",0.4192
"rmbt","speed","left","left",0.4958
"rmbt","speed","right","left",0.446
"rmbt","accuracy","right","right",0.5065
"rmbt","accuracy","right","right",0.4421
"rmbt","speed","left","left",0.338
"rmbt","neutral","left","left",0.436
"rmbt","neutral","left","right",0.3678
"rmbt","speed","left","left",0.5775
"rmbt","accuracy","right","right",0.7517
"rmbt","speed","left","left",0.2962
"rmbt","neutral","left","left",0.4111
"rmbt","accuracy","right","right",0.5809
"rmbt","accuracy","left","left",0.5827
"rmbt","speed","left","left",0.3381
"rmbt","speed","right","left",0.453
"rmbt","accuracy","left","left",0.7482
"rmbt","accuracy","left","left",0.4407
"rmbt","accuracy","right","right",0.5133
"rmbt","accuracy","left","left",0.5409
"rmbt","neutral","right","right",0.3878
"rmbt","accuracy","right","right",0.556
"rmbt","neutral","right","right",0.3892
"rmbt","speed","right","right",0.3601
"rmbt","speed","left","left",0.4486
"rmbt","neutral","right","right",0.4682
"rmbt","neutral","right","right",0.4747
"rmbt","speed","right","right",0.4202
"rmbt","accuracy","left","left",1.127
"rmbt","accuracy","left","left",0.4807
"rmbt","accuracy","right","right",0.4636
"rmbt","speed","left","left",0.5918
"rmbt","neutral","left","right",0.5393
"rmbt","speed","left","left",0.2708
"rmbt","accuracy","right","right",0.5381
"rmbt","accuracy","right","right",0.4905
"rmbt","neutral","right","right",0.5106
"rmbt","speed","right","right",0.3641
"rmbt","accuracy","left","left",0.6415
"rmbt","speed","left","left",0.4462
"rmbt","speed","right","right",0.4406
"rmbt","neutral","right","right",0.5823
"rmbt","speed","right","right",0.3272
"rmbt","speed","left","left",0.3007
"rmbt","accuracy","left","left",0.7478
"rmbt","accuracy","right","right",0.6089
"rmbt","speed","right","right",0.3763
"rmbt","accuracy","right","left",1.2384
"rmbt","speed","left","left",0.4619
"rmbt","accuracy","right","right",0.534
"rmbt","speed","left","right",0.3881
"rmbt","speed","left","left",0.4203
"rmbt","accuracy","left","left",0.6409
"rmbt","accuracy","right","right",0.4948
"rmbt","neutral","left","left",0.5893
"rmbt","speed","right","right",0.4792
"rmbt","speed","right","right",0.4564
"rmbt","speed","left","left",0.3764
"rmbt","accuracy","right","right",0.483
"rmbt","neutral","right","right",0.493
"rmbt","speed","left","right",0.3359
"rmbt","accuracy","right","right",0.5942
"rmbt","neutral","left","left",0.4816
"rmbt","accuracy","left","left",0.5985
"rmbt","neutral","left","left",0.4197
"rmbt","accuracy","left","left",0.4258
"rmbt","neutral","left","left",0.4601
"rmbt","accuracy","right","right",1.0453
"rmbt","accuracy","left","left",0.5689
"rmbt","neutral","left","left",0.5101
"rmbt","neutral","left","left",0.7872
"rmbt","speed","right","right",0.3107
"rmbt","speed","left","left",0.3051
"rmbt","accuracy","left","left",0.7089
"rmbt","neutral","right","right",0.5155
"rmbt","speed","right","right",0.3561
"rmbt","speed","right","right",0.3297
"rmbt","neutral","left","left",0.5294
"rmbt","speed","left","left",0.4204
"rmbt","accuracy","left","left",0.5719
"rmbt","neutral","right","right",0.5445
"rmbt","accuracy","right","right",0.5604
"rmbt","neutral","right","right",0.4298
"rmbt","neutral","right","right",0.4294
"rmbt","neutral","left","left",0.6408
"rmbt","speed","left","left",0.3489
"rmbt","accuracy","left","left",0.7191
"rmbt","speed","left","left",0.3886
"rmbt","speed","right","right",0.5075
"rmbt","accuracy","right","right",0.3749
"rmbt","neutral","right","right",0.3608
"rmbt","speed","left","left",0.4797
"rmbt","neutral","right","right",0.8152
"rmbt","speed","left","right",0.3304
"rmbt","neutral","right","left",0.3518
"rmbt","speed","left","left",0.565
"rmbt","neutral","left","left",0.4493
"rmbt","accuracy","right","right",0.7423
"rmbt","speed","right","right",0.4565
"rmbt","neutral","left","left",0.5084
"rmbt","accuracy","left","left",0.6383
"rmbt","neutral","left","left",0.5529
"rmbt","speed","right","right",0.5861
"rmbt","neutral","right","right",0.4356
"rmbt","accuracy","left","left",0.6485
"rmbt","neutral","left","left",0.4711
"rmbt","accuracy","left","left",0.523
"rmbt","neutral","left","left",0.4426
"rmbt","speed","right","left",0.3113
"rmbt","speed","right","right",0.5186
"rmbt","accuracy","left","left",0.7686
"rmbt","accuracy","left","left",0.5861
"rmbt","accuracy","left","left",0.6734
"rmbt","neutral","right","right",0.3797
"rmbt","speed","right","right",0.3336
"rmbt","speed","left","left",0.3062
"rmbt","speed","right","right",0.3836
"rmbt","neutral","left","left",0.4739
"rmbt","accuracy","right","right",0.6704
"rmbt","neutral","left","right",0.4614
"rmbt","speed","right","right",0.5146
"rmbt","speed","left","left",0.3859
"rmbt","neutral","left","right",0.4363
"rmbt","accuracy","left","left",0.5159
"rmbt","neutral","right","right",0.5724
"rmbt","accuracy","left","left",0.6024
"rmbt","neutral","left","left",0.9503
"rmbt","speed","right","right",0.4422
"rmbt","accuracy","left","left",0.8118
"rmbt","accuracy","right","right",0.5893
"rmbt","accuracy","right","right",0.582
"rmbt","neutral","right","right",0.7155
"rmbt","speed","left","left",0.4457
"rmbt","neutral","left","left",0.333
"rmbt","accuracy","left","right",0.5289
"rmbt","speed","right","right",0.5001
"rmbt","accuracy","right","right",0.5239
"rmbt","speed","right","left",0.4144
"rmbt","accuracy","right","right",0.6289
"rmbt","neutral","left","left",0.4452
"rmbt","speed","left","right",0.3137
"rmbt","neutral","left","right",0.5434
"rmbt","speed","left","left",0.3789
"rmbt","speed","right","right",0.4268
"rmbt","accuracy","left","left",0.9038
"rmbt","speed","right","left",0.4046
"rmbt","speed","left","right",0.2539
"rmbt","neutral","right","right",0.3423
"rmbt","accuracy","left","left",0.5165
"rmbt","speed","left","left",0.3082
"rmbt","neutral","left","left",0.2869
"rmbt","neutral","left","right",0.3455
"rmbt","speed","right","right",0.551
"rmbt","accuracy","right","right",0.5412
"rmbt","accuracy","left","left",0.8474
"rmbt","speed","left","left",0.4704
"rmbt","speed","left","left",0.3514
"rmbt","accuracy","right","right",0.4428
"rmbt","accuracy","left","left",0.5123
"rmbt","accuracy","right","right",0.4303
"rmbt","neutral","left","left",0.4482
"rmbt","accuracy","left","left",0.4742
"rmbt","speed","right","left",0.418
"rmbt","neutral","left","left",0.3975
"rmbt","speed","right","right",0.4286
"rmbt","accuracy","left","left",0.4521
"rmbt","accuracy","right","right",0.4554
"rmbt","speed","right","right",0.3397
"rmbt","accuracy","right","right",0.446
"rmbt","neutral","left","left",0.5285
"rmbt","neutral","right","right",0.3749
"rmbt","accuracy","left","left",0.5716
"rmbt","speed","left","left",0.2727
"rmbt","neutral","left","left",0.4741
"rmbt","neutral","left","left",0.598
"rmbt","neutral","right","right",0.5199
"rmbt","speed","right","right",0.3016
"rmbt","neutral","left","left",0.7844
"rmbt","neutral","left","left",0.4601
"rmbt","speed","left","left",0.3091
"rmbt","speed","left","left",0.2941
"rmbt","accuracy","right","right",0.8821
"rmbt","accuracy","right","right",0.759
"rmbt","neutral","left","left",0.5993
"rmbt","neutral","right","right",0.4715
"rmbt","speed","right","left",0.2768
"rmbt","neutral","left","left",0.4876
"rmbt","speed","right","right",0.5676
"rmbt","neutral","left","left",0.5121
"rmbt","accuracy","right","right",0.6622
"rmbt","speed","right","right",0.3689
"rmbt","accuracy","right","right",0.728
"rmbt","speed","right","right",0.4531
"rmbt","speed","left","left",0.3701
"rmbt","accuracy","left","left",0.6499
"rmbt","accuracy","left","left",0.6264
"rmbt","neutral","left","right",0.8305
"rmbt","speed","right","left",0.3112
"rmbt","accuracy","left","left",0.4022
"rmbt","speed","left","left",0.2981
"rmbt","speed","left","left",0.3573
"rmbt","accuracy","right","right",0.4605
"rmbt","accuracy","right","right",0.5159
"rmbt","accuracy","left","left",0.4487
"rmbt","neutral","left","left",0.3437
"rmbt","neutral","left","left",0.395
"rmbt","speed","left","right",0.3671
"rmbt","neutral","left","left",0.5891
"rmbt","speed","right","left",0.2962
"rmbt","neutral","left","right",0.3533
"rmbt","neutral","right","right",0.4564
"rmbt","neutral","left","left",0.4869
"rmbt","accuracy","left","right",1.0986
"rmbt","neutral","right","right",0.5318
"rmbt","speed","right","left",0.3311
"rmbt","neutral","right","right",0.853
"rmbt","accuracy","left","right",0.6247
"rmbt","neutral","left","right",0.5658
"rmbt","neutral","right","right",0.588
"rmbt","speed","right","right",0.3166
"rmbt","neutral","right","right",0.4845
"rmbt","speed","left","left",0.4138
"rmbt","neutral","left","left",0.3949
"rmbt","neutral","right","right",0.4708
"rmbt","speed","left","right",0.3227
"rmbt","accuracy","left","left",0.6608
"rmbt","neutral","left","left",0.8045
"rmbt","accuracy","left","left",0.7241
"rmbt","neutral","left","left",0.541
"rmbt","accuracy","right","left",0.5168
"rmbt","speed","left","left",0.4503
"rmbt","neutral","left","left",0.4393
"rmbt","speed","left","left",0.3104
"rmbt","accuracy","left","left",0.4162
"rmbt","neutral","left","left",0.4494
"rmbt","accuracy","left","left",0.5231
"rmbt","speed","left","left",0.4033
"rmbt","neutral","left","left",0.4082
"rmbt","speed","left","left",0.4099
"rmbt","speed","right","left",0.3704
"rmbt","speed","right","right",0.3392
"rmbt","speed","left","left",0.3723
"rmbt","accuracy","right","right",0.4482
"rmbt","accuracy","left","left",0.5151
"rmbt","accuracy","right","right",0.4553
"rmbt","speed","left","left",0.4363
"rmbt","neutral","left","left",0.4872
"rmbt","speed","right","left",0.3363
"rmbt","neutral","right","right",0.455
"rmbt","speed","left","left",0.4683
"rmbt","neutral","left","left",0.4465
"rmbt","neutral","right","right",0.5238
"rmbt","speed","right","left",0.3254
"rmbt","speed","left","right",0.375
"rmbt","speed","right","left",0.3124
"rmbt","accuracy","right","right",0.4039
"rmbt","neutral","right","right",0.4888
"rmbt","neutral","right","left",0.5428
"rmbt","speed","left","left",0.3851
"rmbt","accuracy","right","left",0.3985
"rmbt","speed","right","right",0.3589
"rmbt","accuracy","left","left",0.9586
"rmbt","accuracy","right","right",0.6093
"rmbt","neutral","left","left",0.4318
"rmbt","neutral","left","right",0.6535
"rmbt","accuracy","left","left",0.9109
"rmbt","accuracy","right","right",0.725
"rmbt","speed","right","right",0.4559
"rmbt","speed","right","left",0.5571
"rmbt","neutral","left","left",0.4638
"rmbt","accuracy","left","left",0.5039
"rmbt","accuracy","right","right",0.5213
"rmbt","speed","right","left",0.8769
"rmbt","accuracy","left","left",0.518
"rmbt","neutral","right","right",0.415
"rmbt","speed","right","right",0.569
"rmbt","accuracy","left","left",0.7238
"rmbt","neutral","right","right",0.398
"rmbt","speed","left","left",0.7336
"rmbt","accuracy","left","left",0.5951
"rmbt","neutral","right","right",0.6661
"rmbt","speed","right","left",0.346
"rmbt","neutral","right","right",0.3523
"rmbt","accuracy","right","right",0.6716
"rmbt","speed","left","left",0.3629
"rmbt","accuracy","right","left",0.5026
"rmbt","accuracy","right","right",0.4724
"rmbt","neutral","right","right",0.483
"rmbt","accuracy","left","left",0.6104
"rmbt","neutral","left","left",0.4664
"rmbt","neutral","right","right",0.5674
"rmbt","accuracy","left","left",0.6679
"rmbt","neutral","left","left",0.5279
"rmbt","accuracy","left","left",1.0888
"rmbt","neutral","left","left",0.7738
"rmbt","speed","left","left",0.6064
"rmbt","speed","right","right",0.4814
"rmbt","accuracy","right","right",0.7581
"rmbt","accuracy","right","right",0.3829
"rmbt","speed","left","left",0.7039
"rmbt","neutral","right","right",0.5349
"rmbt","accuracy","left","left",0.6227
"rmbt","neutral","left","left",0.6476
"rmbt","speed","left","left",0.6046
"rmbt","accuracy","left","left",0.8929
"rmbt","accuracy","left","left",0.5079
"rmbt","accuracy","left","left",1.0379
"rmbt","accuracy","right","right",0.7387
"rmbt","speed","left","right",0.4346
"rmbt","accuracy","left","left",0.719
"rmbt","accuracy","right","right",0.6667
"rmbt","accuracy","left","left",0.9868
"rmbt","neutral","right","right",0.8577
"rmbt","accuracy","right","left",1.1005
"rmbt","neutral","left","left",0.7687
"rmbt","accuracy","left","left",0.8121
"rmbt","neutral","right","right",0.4893
"rmbt","neutral","right","right",0.7003
"rmbt","neutral","right","right",0.6666
"rmbt","accuracy","left","left",0.8923
"rmbt","neutral","right","right",0.475
"rmbt","accuracy","left","left",0.7599
"rmbt","neutral","left","left",0.4403
"rmbt","accuracy","right","right",0.5492
"rmbt","speed","right","left",0.4468
"rmbt","accuracy","left","left",1.4376
"rmbt","speed","right","left",0.2959
"rmbt","neutral","left","left",0.4621
"rmbt","neutral","left","right",0.4727
"rmbt","neutral","right","left",0.4232
"rmbt","neutral","right","right",0.3667
"rmbt","speed","right","right",0.5529
"rmbt","accuracy","left","left",0.8477
"rmbt","speed","left","left",0.3059
"rmbt","accuracy","right","left",0.4255
"rmbt","neutral","left","left",0.625
"rmbt","speed","left","left",0.6934
"rmbt","accuracy","left","left",0.6825
"rmbt","neutral","left","left",0.5919
"rmbt","accuracy","left","right",1.1093
"rmbt","speed","left","left",0.2625
"rmbt","neutral","right","right",0.5142
"rmbt","accuracy","right","right",0.3999
"rmbt","neutral","right","right",0.7021
"rmbt","speed","left","right",0.42
"rmbt","accuracy","left","left",1.0448
"rmbt","accuracy","right","right",0.9507
"rmbt","neutral","left","left",0.6035
"rmbt","neutral","left","left",0.6131
"rmbt","speed","right","right",0.4524
"rmbt","accuracy","right","right",0.5472
"rmbt","accuracy","left","right",0.7775
"rmbt","speed","right","right",0.5778
"rmbt","accuracy","right","right",0.4657
"rmbt","speed","right","right",0.2674
"rmbt","neutral","left","left",0.5104
"rmbt","accuracy","right","right",0.4492
"rmbt","neutral","left","left",0.7268
"rmbt","neutral","left","left",0.3986
"rmbt","speed","right","right",0.3273
"rmbt","accuracy","left","left",0.5085
"rmbt","neutral","left","right",0.609
"rmbt","accuracy","right","right",0.7131
"rmbt","speed","left","left",0.2642
"rmbt","speed","left","left",0.5872
"rmbt","accuracy","right","right",0.4111
"rmbt","accuracy","left","right",0.8744
"rmbt","neutral","left","right",0.8717
"rmbt","accuracy","right","right",0.5136
"rmbt","speed","left","left",0.7204
"rmbt","speed","right","right",0.4478
"rmbt","neutral","right","right",0.5373
"rmbt","accuracy","right","right",0.4196
"rmbt","accuracy","left","left",0.5838
"rmbt","accuracy","right","right",0.6524
"rmbt","accuracy","left","left",0.618
"rmbt","accuracy","right","right",0.5325
"rmbt","speed","left","left",0.3885
"rmbt","accuracy","right","right",0.4911
"rmbt","accuracy","right","left",0.5146
"rmbt","neutral","right","right",0.4249
"rmbt","accuracy","right","right",0.3874
"rmbt","speed","right","left",0.2858
"rmbt","neutral","right","right",0.3415
"rmbt","speed","left","left",0.5077
"rmbt","neutral","left","left",0.6354
"rmbt","speed","right","right",0.3393
"rmbt","speed","left","left",0.2954
"rmbt","speed","right","right",0.3046
"rmbt","speed","right","left",0.5077
"rmbt","speed","left","right",0.3223
"rmbt","accuracy","right","right",0.4159
"rmbt","accuracy","right","right",0.3568
"rmbt","neutral","left","left",0.4042
"rmbt","neutral","right","left",0.4135
"rmbt","speed","left","left",0.5815
"rmbt","neutral","left","left",0.6164
"rmbt","speed","left","right",0.4266
"rmbt","speed","left","left",0.4974
"rmbt","accuracy","right","right",0.4455
"rmbt","accuracy","left","left",0.4909
"rmbt","speed","right","left",0.3739
"rmbt","accuracy","left","left",1.3893
"rmbt","neutral","right","right",0.518
"rt2t","accuracy","left","left",0.5501
"rt2t","neutral","left","left",0.3463
"rt2t","accuracy","left","left",0.3817
"rt2t","speed","left","left",0.364
"rt2t","accuracy","left","left",0.419
"rt2t","neutral","left","left",0.3537
"rt2t","speed","left","left",0.3057
"rt2t","speed","left","left",0.3207
"rt2t","speed","left","left",0.3348
"rt2t","neutral","left","left",0.3629
"rt2t","accuracy","right","right",0.385
"rt2t","speed","right","right",0.4395
"rt2t","neutral","left","left",0.308
"rt2t","speed","left","left",0.2573
"rt2t","neutral","right","right",0.3935
"rt2t","neutral","right","right",0.3941
"rt2t","neutral","left","left",0.3085
"rt2t","accuracy","left","left",0.3224
"rt2t","neutral","left","left",0.3615
"rt2t","speed","right","left",0.3341
"rt2t","speed","left","left",0.3117
"rt2t","neutral","right","right",0.3584
"rt2t","neutral","left","left",0.3329
"rt2t","neutral","right","right",0.377
"rt2t","accuracy","left","left",0.4012
"rt2t","neutral","right","right",0.3407
"rt2t","accuracy","right","right",0.3462
"rt2t","accuracy","left","left",0.3739
"rt2t","neutral","left","left",0.3539
"rt2t","accuracy","right","right",0.4102
"rt2t","accuracy","right","right",0.547
"rt2t","neutral","left","left",0.3396
"rt2t","accuracy","left","left",0.3396
"rt2t","speed","right","right",0.3753
"rt2t","neutral","right","right",0.3791
"rt2t","neutral","left","left",0.4143
"rt2t","speed","right","left",0.3069
"rt2t","neutral","left","left",0.3223
"rt2t","accuracy","right","right",0.341
"rt2t","neutral","left","left",0.3615
"rt2t","speed","left","left",0.306
"rt2t","neutral","right","right",0.4314
"rt2t","accuracy","right","right",0.4061
"rt2t","speed","right","right",0.3866
"rt2t","accuracy","right","right",0.3735
"rt2t","speed","left","left",0.3038
"rt2t","speed","left","left",0.314
"rt2t","neutral","left","left",0.3647
"rt2t","speed","left","left",0.4495
"rt2t","speed","right","left",0.2627
"rt2t","neutral","left","left",0.3386
"rt2t","accuracy","right","right",0.391
"rt2t","speed","left","left",0.2953
"rt2t","accuracy","right","right",0.3574
"rt2t","neutral","right","right",0.369
"rt2t","speed","right","right",0.2729
"rt2t","speed","left","left",0.2881
"rt2t","accuracy","left","left",0.3105
"rt2t","accuracy","left","left",0.3301
"rt2t","neutral","right","right",0.3443
"rt2t","speed","right","left",0.2888
"rt2t","speed","left","left",0.287
"rt2t","accuracy","right","right",0.4003
"rt2t","speed","left","left",0.3558
"rt2t","neutral","left","left",0.3264
"rt2t","neutral","left","left",0.3363
"rt2t","neutral","right","right",0.3434
"rt2t","neutral","right","right",0.3948
"rt2t","speed","left","left",0.3102
"rt2t","accuracy","left","left",0.3758
"rt2t","neutral","left","left",0.3214
"rt2t","speed","left","left",0.2568
"rt2t","speed","right","right",0.3473
"rt2t","speed","left","left",0.2963
"rt2t","speed","right","right",0.3501
"rt2t","accuracy","right","right",0.3238
"rt2t","neutral","right","right",0.3454
"rt2t","neutral","left","left",0.3831
"rt2t","neutral","left","left",0.3983
"rt2t","speed","left","right",0.2784
"rt2t","speed","left","left",0.3434
"rt2t","speed","left","left",0.3639
"rt2t","neutral","right","right",0.3714
"rt2t","speed","left","left",0.2808
"rt2t","accuracy","right","right",0.3849
"rt2t","neutral","right","right",0.371
"rt2t","speed","left","left",0.2677
"rt2t","speed","left","left",0.3372
"rt2t","accuracy","right","right",0.3747
"rt2t","accuracy","right","right",0.3574
"rt2t","accuracy","left","left",0.3067
"rt2t","accuracy","right","right",0.4031
"rt2t","speed","right","left",0.2571
"rt2t","neutral","left","left",0.325
"rt2t","accuracy","right","right",0.3632
"rt2t","neutral","left","left",0.3309
"rt2t","accuracy","left","left",0.3758
"rt2t","accuracy","left","left",0.3647
"rt2t","speed","left","left",0.278
"rt2t","speed","right","right",0.2995
"rt2t","accuracy","right","right",0.3362
"rt2t","neutral","left","left",0.3913
"rt2t","neutral","right","right",0.3266
"rt2t","speed","right","left",0.272
"rt2t","speed","right","right",0.2957
"rt2t","speed","left","left",0.3466
"rt2t","speed","left","left",0.3459
"rt2t","speed","right","right",0.333
"rt2t","speed","left","left",0.3044
"rt2t","neutral","right","right",0.3632
"rt2t","speed","right","left",0.2904
"rt2t","speed","right","right",0.4172
"rt2t","accuracy","left","left",0.3954
"rt2t","speed","left","left",0.3231
"rt2t","neutral","right","left",0.4809
"rt2t","neutral","right","right",0.4113
"rt2t","neutral","right","right",0.3696
"rt2t","accuracy","right","right",0.3813
"rt2t","neutral","right","right",0.372
"rt2t","neutral","left","left",0.4407
"rt2t","speed","left","left",0.3881
"rt2t","accuracy","left","left",0.701
"rt2t","neutral","left","left",0.3814
"rt2t","neutral","left","left",0.3694
"rt2t","neutral","left","left",0.6447
"rt2t","neutral","left","left",0.3517
"rt2t","accuracy","right","right",0.4032
"rt2t","speed","right","right",0.4061
"rt2t","accuracy","left","left",0.3607
"rt2t","speed","right","left",0.3514
"rt2t","accuracy","left","left",0.3372
"rt2t","speed","right","left",0.4252
"rt2t","speed","left","left",0.3072
"rt2t","accuracy","right","right",0.4742
"rt2t","speed","left","left",0.3322
"rt2t","speed","left","left",0.3343
"rt2t","speed","left","left",0.3254
"rt2t","neutral","left","left",0.4723
"rt2t","accuracy","right","right",0.4073
"rt2t","neutral","left","left",0.3662
"rt2t","accuracy","left","left",0.4009
"rt2t","neutral","right","right",0.4465
"rt2t","speed","left","left",0.2682
"rt2t","accuracy","right","right",0.3671
"rt2t","neutral","left","left",0.3768
"rt2t","speed","left","right",0.2607
"rt2t","accuracy","right","right",0.3988
"rt2t","accuracy","left","left",0.4209
"rt2t","speed","left","left",0.2845
"rt2t","neutral","right","right",0.4023
"rt2t","speed","left","left",0.2718
"rt2t","neutral","left","left",0.3541
"rt2t","speed","left","left",0.3021
"rt2t","neutral","left","left",0.327
"rt2t","accuracy","left","left",0.3252
"rt2t","neutral","right","right",0.3784
"rt2t","accuracy","right","right",0.3442
"rt2t","accuracy","right","right",0.3886
"rt2t","accuracy","left","left",0.3541
"rt2t","speed","left","left",0.5169
"rt2t","neutral","left","left",0.3113
"rt2t","accuracy","right","left",0.3224
"rt2t","neutral","left","left",0.3368
"rt2t","accuracy","right","right",0.4315
"rt2t","speed","left","left",0.3327
"rt2t","accuracy","left","left",0.4203
"rt2t","accuracy","right","right",0.5027
"rt2t","speed","right","left",0.2893
"rt2t","accuracy","left","left",0.347
"rt2t","accuracy","left","left",0.4308
"rt2t","speed","right","right",0.3565
"rt2t","speed","left","left",0.3213
"rt2t","neutral","right","right",0.3767
"rt2t","accuracy","left","left",0.4673
"rt2t","accuracy","right","right",0.4142
"rt2t","neutral","right","right",0.4332
"rt2t","accuracy","left","left",0.5452
"rt2t","accuracy","right","right",0.3912
"rt2t","accuracy","right","right",0.6314
"rt2t","neutral","right","right",0.4677
"rt2t","accuracy","left","left",0.3725
"rt2t","speed","right","left",0.2816
"rt2t","speed","right","right",0.3767
"rt2t","accuracy","left","left",0.4139
"rt2t","accuracy","left","left",0.3327
"rt2t","speed","left","right",0.276
"rt2t","neutral","right","right",0.4167
"rt2t","accuracy","left","left",0.5988
"rt2t","accuracy","right","right",0.4535
"rt2t","speed","right","left",0.2591
"rt2t","speed","right","right",0.3354
"rt2t","speed","right","left",0.2765
"rt2t","neutral","right","right",0.4267
"rt2t","speed","right","right",0.3074
"rt2t","speed","left","left",0.336
"rt2t","accuracy","right","right",0.3157
"rt2t","speed","right","left",0.3185
"rt2t","accuracy","right","right",0.3831
"rt2t","accuracy","left","left",0.4101
"rt2t","neutral","right","right",0.3587
"rt2t","accuracy","left","left",0.4211
"rt2t","accuracy","left","left",0.4542
"rt2t","accuracy","left","left",0.3488
"rt2t","speed","right","right",0.3365
"rt2t","neutral","right","right",0.3823
"rt2t","accuracy","left","left",0.3493
"rt2t","speed","right","left",0.2689
"rt2t","neutral","right","right",0.3724
"rt2t","speed","right","right",0.3574
"rt2t","neutral","left","left",0.4733
"rt2t","accuracy","left","left",0.5355
"rt2t","neutral","right","right",0.4533
"rt2t","accuracy","left","left",0.342
"rt2t","neutral","left","left",0.4238
"rt2t","neutral","left","left",0.3897
"rt2t","speed","right","right",0.3981
"rt2t","accuracy","left","left",0.5486
"rt2t","accuracy","left","left",0.3214
"rt2t","accuracy","right","right",0.5338
"rt2t","neutral","left","left",0.3328
"rt2t","speed","right","left",0.2793
"rt2t","accuracy","left","left",0.5669
"rt2t","accuracy","left","left",0.5288
"rt2t","neutral","right","right",0.447
"rt2t","accuracy","left","left",0.4843
"rt2t","accuracy","left","left",0.4831
"rt2t","accuracy","left","left",0.5774
"rt2t","accuracy","right","right",0.4756
"rt2t","speed","right","right",0.3681
"rt2t","speed","right","right",0.375
"rt2t","neutral","left","left",0.3765
"rt2t","neutral","right","right",0.4033
"rt2t","speed","right","right",0.3218
"rt2t","speed","right","right",0.3405
"rt2t","accuracy","left","left",0.452
"rt2t","neutral","right","right",0.4583
"rt2t","neutral","left","left",0.5679
"rt2t","neutral","right","left",0.6422
"rt2t","speed","right","right",0.372
"rt2t","neutral","right","right",0.4762
"rt2t","accuracy","right","right",0.4387
"rt2t","accuracy","right","right",0.541
"rt2t","accuracy","left","left",0.4334
"rt2t","speed","right","left",0.2895
"rt2t","neutral","right","right",0.4515
"rt2t","accuracy","right","right",0.4424
"rt2t","neutral","left","left",0.4473
"rt2t","speed","left","left",0.3481
"rt2t","speed","right","left",0.303
"rt2t","neutral","left","left",0.4012
"rt2t","neutral","right","right",0.4303
"rt2t","neutral","left","left",0.3881
"rt2t","neutral","right","right",0.4477
"rt2t","speed","left","left",0.3589
"rt2t","neutral","right","right",0.4193
"rt2t","accuracy","left","left",0.4721
"rt2t","accuracy","left","left",0.4216
"rt2t","accuracy","left","left",0.4668
"rt2t","neutral","left","left",0.3819
"rt2t","speed","right","right",0.3491
"rt2t","accuracy","right","right",0.4333
"rt2t","accuracy","right","right",0.4559
"rt2t","accuracy","left","left",0.4101
"rt2t","neutral","left","left",0.4849
"rt2t","accuracy","right","right",0.4157
"rt2t","accuracy","right","right",0.3853
"rt2t","accuracy","left","left",0.3971
"rt2t","accuracy","right","right",0.395
"rt2t","accuracy","left","left",0.4212
"rt2t","speed","right","right",0.3386
"rt2t","neutral","right","right",0.4111
"rt2t","speed","left","left",0.3247
"rt2t","neutral","left","left",0.5645
"rt2t","accuracy","right","right",0.3953
"rt2t","accuracy","left","left",0.4529
"rt2t","accuracy","left","left",0.4065
"rt2t","speed","left","left",0.3878
"rt2t","neutral","right","right",0.4636
"rt2t","accuracy","left","left",0.3252
"rt2t","accuracy","right","right",0.4375
"rt2t","accuracy","right","right",0.389
"rt2t","neutral","right","right",0.4951
"rt2t","speed","right","right",0.3116
"rt2t","speed","right","right",0.3527
"rt2t","neutral","left","left",0.4378
"rt2t","accuracy","right","right",0.3901
"rt2t","neutral","right","right",0.4248
"rt2t","accuracy","right","right",0.425
"rt2t","accuracy","right","right",0.4219
"rt2t","neutral","right","right",0.4444
"rt2t","accuracy","right","right",0.4447
"rt2t","neutral","left","left",0.4111
"rt2t","speed","left","left",0.3083
"rt2t","speed","right","right",0.3817
"rt2t","neutral","left","left",0.3842
"rt2t","speed","right","left",0.2682
"rt2t","accuracy","right","right",0.4337
"rt2t","accuracy","left","left",0.3848
"rt2t","accuracy","right","right",0.5108
"rt2t","accuracy","left","left",0.4423
"rt2t","accuracy","left","left",0.4131
"rt2t","speed","left","left",0.2915
"rt2t","neutral","left","left",0.4486
"rt2t","neutral","left","left",0.423
"rt2t","speed","right","left",0.3094
"rt2t","accuracy","right","right",0.4126
"rt2t","speed","left","left",0.2835
"rt2t","accuracy","left","left",0.4257
"rt2t","neutral","right","right",0.4158
"rt2t","neutral","right","right",0.5462
"rt2t","neutral","right","right",0.4713
"rt2t","accuracy","right","right",0.4468
"rt2t","neutral","right","right",0.5163
"rt2t","neutral","right","right",0.5573
"rt2t","accuracy","left","left",0.4042
"rt2t","neutral","left","right",0.5117
"rt2t","neutral","right","right",0.6658
"rt2t","speed","right","right",0.3185
"rt2t","neutral","right","right",0.6545
"rt2t","neutral","left","left",0.4475
"rt2t","speed","left","left",0.3082
"rt2t","accuracy","right","right",0.4499
"rt2t","speed","left","left",0.3057
"rt2t","speed","left","left",0.3149
"rt2t","speed","right","right",0.4063
"rt2t","speed","left","left",0.3329
"rt2t","speed","left","left",0.2722
"rt2t","neutral","left","left",0.5483
"rt2t","speed","right","right",0.3604
"rt2t","speed","left","right",0.3712
"rt2t","speed","right","right",0.4154
"rt2t","neutral","right","right",0.3936
"rt2t","neutral","right","right",0.3596
"rt2t","neutral","left","left",0.3248
"rt2t","neutral","left","left",0.3585
"rt2t","neutral","left","left",0.3791
"rt2t","speed","right","left",0.4768
"rt2t","neutral","left","left",0.3469
"rt2t","speed","left","left",0.3563
"rt2t","neutral","left","left",0.4813
"rt2t","speed","right","right",0.3596
"rt2t","accuracy","left","left",0.4052
"rt2t","neutral","left","left",0.3691
"rt2t","neutral","right","right",0.4088
"rt2t","speed","left","left",0.2543
"rt2t","speed","left","left",0.3055
"rt2t","accuracy","right","right",0.446
"rt2t","speed","right","right",0.3672
"rt2t","neutral","right","right",0.4145
"rt2t","speed","right","left",0.2526
"rt2t","neutral","left","left",0.3195
"rt2t","speed","left","left",0.3438
"rt2t","speed","right","right",0.3433
"rt2t","neutral","right","right",0.3917
"rt2t","speed","right","left",0.2759
"rt2t","speed","right","right",0.3739
"rt2t","neutral","left","left",0.3523
"rt2t","accuracy","left","left",0.3626
"rt2t","accuracy","left","left",0.3883
"rt2t","neutral","right","right",0.4374
"rt2t","accuracy","right","right",0.424
"rt2t","neutral","right","right",0.3707
"rt2t","neutral","right","right",0.4501
"rt2t","accuracy","right","right",0.5984
"rt2t","neutral","left","left",0.5074
"rt2t","speed","right","right",0.3024
"rt2t","accuracy","right","right",0.4816
"rt2t","speed","right","left",0.3422
"rt2t","speed","right","right",0.4541
"rt2t","accuracy","right","right",0.3369
"rt2t","neutral","right","right",0.3939
"rt2t","neutral","right","right",0.4552
"rt2t","accuracy","left","left",0.373
"rt2t","accuracy","left","left",0.3684
"rt2t","accuracy","left","left",0.344
"rt2t","speed","left","left",0.3893
"rt2t","neutral","right","right",0.4221
"rt2t","accuracy","right","right",0.4157
"rt2t","accuracy","right","right",0.3606
"rt2t","speed","right","right",0.3111
"rt2t","neutral","left","left",0.3845
"rt2t","speed","right","left",0.2899
"rt2t","accuracy","right","right",0.3802
"rt2t","speed","right","left",0.3199
"rt2t","speed","right","right",0.395
"rt2t","accuracy","left","left",0.5557
"rt2t","speed","left","right",0.2896
"rt2t","neutral","left","left",0.372
"rt2t","neutral","left","left",0.3673
"rt2t","neutral","left","left",0.6985
"rt2t","neutral","left","left",0.442
"rt2t","accuracy","left","left",0.427
"rt2t","neutral","right","right",0.4161
"rt2t","neutral","right","right",0.4659
"rt2t","speed","left","left",0.2601
"rt2t","neutral","right","right",0.3809
"rt2t","neutral","left","left",0.3871
"rt2t","accuracy","right","right",0.4332
"rt2t","accuracy","right","right",0.4197
"rt2t","speed","right","left",0.3746
"rt2t","neutral","right","right",0.4225
"rt2t","neutral","right","right",0.377
"rt2t","neutral","left","left",0.4306
"rt2t","neutral","left","left",0.3962
"rt2t","speed","left","left",0.2925
"rt2t","speed","right","right",0.3443
"rt2t","accuracy","left","left",0.3801
"rt2t","speed","left","left",0.2844
"rt2t","accuracy","left","left",0.3758
"rt2t","neutral","right","right",0.3893
"rt2t","accuracy","left","left",0.3443
"rt2t","neutral","right","right",0.3869
"rt2t","speed","left","left",0.2824
"rt2t","speed","right","right",0.3301
"rt2t","speed","left","left",0.2697
"rt2t","neutral","left","left",0.3676
"rt2t","speed","left","left",0.2945
"rt2t","neutral","right","right",0.3522
"rt2t","speed","left","left",0.2951
"rt2t","speed","right","right",0.3007
"rt2t","speed","left","left",0.4786
"rt2t","accuracy","left","left",0.3318
"rt2t","accuracy","left","left",0.3712
"rt2t","accuracy","left","left",0.3434
"rt2t","speed","left","left",0.2878
"rt2t","accuracy","left","left",0.3527
"rt2t","neutral","left","left",0.3569
"rt2t","speed","left","left",0.3309
"rt2t","speed","left","left",0.5511
"rt2t","speed","left","left",0.2759
"rt2t","speed","left","left",0.2707
"rt2t","neutral","right","right",0.4245
"rt2t","speed","right","right",0.3773
"rt2t","accuracy","right","right",0.3747
"rt2t","neutral","left","left",0.4073
"rt2t","neutral","left","left",0.3804
"rt2t","neutral","right","right",0.4371
"rt2t","neutral","right","right",0.417
"rt2t","neutral","left","left",0.3248
"rt2t","speed","right","right",0.3158
"rt2t","speed","right","left",0.3258
"rt2t","accuracy","left","left",0.3307
"rt2t","speed","left","left",0.2899
"rt2t","accuracy","left","left",0.3866
"rt2t","speed","left","left",0.3531
"rt2t","speed","left","left",0.278
"rt2t","speed","right","right",0.2894
"rt2t","speed","left","left",0.4084
"rt2t","speed","right","right",0.2538
"rt2t","neutral","left","left",0.3832
"rt2t","accuracy","right","right",0.4355
"rt2t","accuracy","left","left",0.3806
"rt2t","accuracy","left","left",0.454
"rt2t","speed","right","left",0.3252
"rt2t","neutral","right","right",0.3618
"rt2t","neutral","right","left",0.3293
"rt2t","neutral","left","left",0.4742
"rt2t","speed","left","left",0.2955
"rt2t","accuracy","right","right",0.3442
"rt2t","neutral","right","right",0.3643
"rt2t","accuracy","right","right",0.312
"rt2t","speed","left","left",0.3527
"rt2t","neutral","right","right",0.4478
"rt2t","neutral","right","right",0.4051
"rt2t","speed","right","left",0.2985
"rt2t","speed","left","left",0.297
"rt2t","speed","left","left",0.3695
"rt2t","speed","right","right",0.3957
"rt2t","accuracy","right","right",0.4437
"rt2t","speed","left","left",0.3119
"rt2t","speed","right","right",0.2986
"rt2t","neutral","left","left",0.4123
"rt2t","accuracy","right","right",0.3505
"rt2t","neutral","left","left",0.3744
"rt2t","speed","left","left",0.3499
"rt2t","neutral","left","left",0.3267
"rt2t","neutral","left","left",0.4074
"rt2t","speed","left","left",0.3677
"rt2t","neutral","right","right",0.3476
"rt2t","neutral","left","left",0.3046
"rt2t","speed","left","left",0.3094
"rt2t","accuracy","right","right",0.5914
"rt2t","speed","right","right",0.3833
"rt2t","neutral","left","left",0.4537
"rt2t","speed","left","left",0.3714
"rt2t","accuracy","left","left",0.3261
"rt2t","accuracy","left","left",0.3325
"rt2t","neutral","left","left",0.3354
"rt2t","accuracy","right","right",0.4077
"rt2t","accuracy","right","right",0.4097
"rt2t","speed","right","left",0.3147
"rt2t","speed","left","left",0.3883
"rt2t","speed","left","left",0.3831
"rt2t","speed","left","left",0.3651
"rt2t","speed","right","right",0.3747
"rt2t","accuracy","left","left",0.3456
"rt2t","speed","left","left",0.3061
"rt2t","speed","left","left",0.275
"rt2t","speed","right","left",0.3239
"rt2t","accuracy","left","left",0.3304
"rt2t","speed","right","right",0.353
"rt2t","neutral","left","left",0.3402
"rt2t","neutral","right","right",0.3789
"rt2t","neutral","left","left",0.3176
"rt2t","speed","left","left",0.3268
"rt2t","speed","right","left",0.2715
"rt2t","speed","right","right",0.3248
"rt2t","accuracy","right","right",0.4264
"rt2t","accuracy","right","left",0.4748
"rt2t","speed","left","left",0.4654
"rt2t","speed","right","right",0.3211
"rt2t","neutral","right","right",0.403
"rt2t","neutral","left","left",0.366
"rt2t","neutral","left","left",0.3381
"rt2t","neutral","left","left",0.3809
"rt2t","accuracy","left","left",0.4053
"rt2t","accuracy","right","right",0.4118
"rt2t","neutral","left","left",0.4066
"rt2t","speed","right","right",0.3178
"rt2t","accuracy","left","left",0.3477
"rt2t","accuracy","left","left",0.3244
"rt2t","neutral","left","left",0.3642
"rt2t","speed","right","right",0.3438
"rt2t","neutral","left","left",0.346
"rt2t","neutral","left","left",0.3946
"rt2t","speed","left","left",0.2777
"rt2t","speed","left","left",0.2646
"rt2t","speed","right","left",0.2887
"rt2t","neutral","right","right",0.4224
"rt2t","neutral","left","left",0.5802
"rt2t","accuracy","left","left",0.3392
"rt2t","accuracy","right","right",0.3731
"rt2t","neutral","left","left",0.3603
"rt2t","neutral","right","right",0.3502
"rt2t","neutral","right","left",0.4485
"rt2t","accuracy","right","right",0.4633
"rt2t","neutral","left","left",0.3371
"rt2t","accuracy","right","right",0.4274
"rt2t","speed","right","right",0.328
"rt2t","accuracy","right","right",0.4598
"rt2t","neutral","right","right",0.376
"rt2t","neutral","right","right",0.2835
"rt2t","neutral","left","left",0.3977
"rt2t","speed","left","left",0.2963
"rt2t","neutral","left","left",0.3734
"rt2t","speed","left","left",0.2963
"rt2t","speed","left","left",0.3475
"rt2t","accuracy","left","left",0.3637
"rt2t","neutral","left","left",0.3272
"rt2t","speed","left","left",0.3496
"rt2t","neutral","right","right",0.5257
"rt2t","accuracy","right","right",0.5318
"rt2t","accuracy","right","right",0.3112
"rt2t","neutral","left","left",0.522
"rt2t","accuracy","right","right",0.3558
"rt2t","neutral","left","left",0.3999
"rt2t","speed","left","left",0.3166
"rt2t","speed","left","left",0.3814
"rt2t","neutral","right","right",0.4141
"rt2t","accuracy","right","right",0.5755
"rt2t","speed","right","right",0.3051
"rt2t","accuracy","right","right",0.3869
"rt2t","accuracy","right","right",0.3846
"rt2t","accuracy","left","left",0.3988
"rt2t","speed","right","right",0.3326
"rt2t","accuracy","right","right",0.3911
"rt2t","neutral","left","left",0.4057
"rt2t","speed","right","right",0.2953
"rt2t","speed","left","left",0.2782
"rt2t","speed","left","left",0.3374
"rt2t","accuracy","right","right",0.3597
"rt2t","accuracy","left","left",0.693
"rt2t","speed","right","right",0.306
"rt2t","neutral","left","left",0.3808
"rt2t","neutral","left","left",0.3341
"rt2t","accuracy","left","left",0.4332
"rt2t","neutral","right","right",0.326
"rt2t","neutral","left","left",0.3658
"rt2t","neutral","left","left",0.3296
"rt2t","neutral","left","left",0.3712
"rt2t","accuracy","right","right",0.377
"rt2t","neutral","left","left",0.3421
"rt2t","accuracy","left","left",0.3871
"rt2t","neutral","left","left",0.3787
"rt2t","neutral","right","right",0.4323
"rt2t","neutral","right","right",0.4936
"rt2t","speed","right","right",0.2611
"rt2t","accuracy","right","right",0.3672
"rt2t","speed","right","right",0.3769
"rt2t","neutral","left","right",0.3943
"rt2t","accuracy","right","right",0.4185
"rt2t","speed","left","left",0.4308
"rt2t","accuracy","right","right",0.3687
"rt2t","speed","right","right",0.3572
"rt2t","accuracy","right","right",0.3605
"rt2t","speed","right","left",0.3457
"rt2t","neutral","left","left",0.3593
"rt2t","neutral","right","left",0.2741
"rt2t","neutral","right","right",0.4618
"rt2t","speed","left","left",0.3927
"rt2t","neutral","right","right",0.3614
"rt2t","speed","right","right",0.3666
"rt2t","accuracy","right","right",0.366
"rt2t","accuracy","left","left",0.3591
"rt2t","neutral","left","left",0.3122
"rt2t","accuracy","right","right",0.3459
"rt2t","speed","left","left",0.357
"rt2t","neutral","right","right",0.3643
"rt2t","neutral","right","right",0.3023
"rt2t","speed","left","left",0.4747
"rt2t","speed","right","right",0.2638
"rt2t","neutral","right","right",0.3382
"rt2t","speed","left","left",0.3589
"rt2t","speed","left","left",0.3076
"rt2t","neutral","right","right",0.3888
"rt2t","speed","left","left",0.3082
"rt2t","speed","right","right",0.3708
"rt2t","speed","right","right",0.3629
"rt2t","accuracy","left","left",0.3503
"rt2t","speed","left","left",0.3199
"rt2t","neutral","left","left",0.3589
"rt2t","speed","right","right",0.3517
"rt2t","accuracy","right","right",0.3458
"rt2t","neutral","left","left",0.3771
"rt2t","accuracy","left","left",0.5593
"rt2t","neutral","left","left",0.3598
"rt2t","speed","right","right",0.2987
"rt2t","accuracy","right","right",0.3665
"rt2t","accuracy","left","left",0.3691
"rt2t","speed","left","left",0.2955
"rt2t","speed","left","left",0.3485
"rt2t","neutral","right","right",0.3869
"rt2t","accuracy","right","right",0.486
"rt2t","neutral","left","left",0.3744
"rt2t","neutral","left","left",0.3939
"rt2t","neutral","left","left",0.4722
"rt2t","neutral","left","left",0.343
"rt2t","accuracy","right","left",0.4401
"rt2t","speed","right","right",0.3249
"rt2t","neutral","left","left",0.4356
"rt2t","speed","right","right",0.4012
"rt2t","speed","left","left",0.2518
"rt2t","speed","left","left",0.4437
"rt2t","speed","left","right",0.3387
"rt2t","neutral","left","left",0.5732
"rt2t","accuracy","right","right",0.4124
"rt2t","neutral","right","right",0.3756
"rt2t","neutral","right","right",0.378
"rt2t","neutral","right","right",0.4094
"rt2t","accuracy","left","left",0.3711
"rt2t","speed","left","left",0.3199
"rt2t","speed","left","left",0.3483
"rt2t","accuracy","right","right",0.38
"rt2t","speed","left","left",0.3478
"rt2t","neutral","right","right",0.3801
"rt2t","accuracy","right","right",0.3637
"rt2t","speed","left","left",0.437
"rt2t","neutral","left","left",0.3613
"rt2t","accuracy","right","right",0.3775
"rt2t","speed","right","left",0.4439
"rt2t","accuracy","left","left",0.3397
"rt2t","accuracy","right","right",0.4149
"rt2t","neutral","right","right",0.4196
"rt2t","accuracy","left","left",0.4761
"rt2t","accuracy","right","left",0.2972
"rt2t","speed","right","left",0.2836
"rt2t","neutral","left","left",0.43
"rt2t","speed","right","right",0.3802
"rt2t","neutral","right","right",0.427
"rt2t","accuracy","left","left",0.4385
"rt2t","accuracy","left","left",0.3393
"rt2t","neutral","left","left",0.3592
"rt2t","speed","left","right",0.3313
"rt2t","speed","left","left",0.2962
"rt2t","neutral","left","left",0.3911
"rt2t","accuracy","left","left",0.4123
"rt2t","neutral","right","right",0.4489
"rt2t","accuracy","right","right",0.6082
"rt2t","neutral","right","right",0.3787
"rt2t","speed","right","right",0.3563
"rt2t","neutral","left","left",0.3631
"rt2t","speed","right","right",0.3434
"rt2t","neutral","left","left",0.3662
"rt2t","accuracy","right","right",0.348
"rt2t","accuracy","right","right",0.2975
"rt2t","neutral","left","left",0.357
"rt2t","neutral","left","right",0.3279
"rt2t","accuracy","left","left",0.5254
"rt2t","speed","left","left",0.3147
"rt2t","accuracy","left","left",0.3294
"rt2t","neutral","right","right",0.4467
"rt2t","neutral","left","left",0.3951
"rt2t","neutral","left","left",0.3454
"rt2t","accuracy","right","right",0.5562
"rt2t","speed","right","right",0.3953
"rt2t","speed","left","left",0.4098
"rt2t","speed","left","left",0.3209
"rt2t","accuracy","left","left",0.5393
"rt2t","speed","left","left",0.2947
"rt2t","accuracy","left","left",0.404
"rt2t","neutral","right","right",0.3988
"rt2t","accuracy","left","left",0.3474
"rt2t","neutral","left","left",0.4842
"rt2t","speed","left","left",0.3267
"rt2t","speed","right","right",0.2708
"rt2t","speed","right","right",0.3533
"rt2t","speed","right","right",0.3108
"rt2t","accuracy","right","right",0.3907
"rt2t","speed","left","left",0.3186
"rt2t","accuracy","left","left",0.3525
"rt2t","accuracy","right","right",0.3132
"rt2t","speed","left","right",0.2913
"rt2t","speed","right","right",0.3491
"rt2t","speed","right","left",0.2791
"rt2t","neutral","right","right",0.4427
"rt2t","speed","left","left",0.3607
"rt2t","neutral","right","right",0.3818
"rt2t","accuracy","right","right",0.4235
"rt2t","speed","right","right",0.3539
"rt2t","neutral","left","left",0.3107
"rt2t","accuracy","right","right",0.366
"rt2t","neutral","left","left",0.3537
"rt2t","neutral","left","left",0.3896
"rt2t","accuracy","right","right",0.4027
"rt2t","accuracy","right","right",0.3695
"rt2t","neutral","right","right",0.3933
"rt2t","neutral","left","left",0.3949
"rt2t","accuracy","left","left",0.3513
"rt2t","speed","right","right",0.4068
"rt2t","speed","right","right",0.3319
"rt2t","accuracy","right","right",0.3989
"rt2t","neutral","left","left",0.3444
"rt2t","speed","left","left",0.2887
"rt2t","speed","left","right",0.2897
"rt2t","accuracy","left","left",0.4898
"rt2t","speed","right","right",0.3496
"rt2t","speed","left","left",0.2744
"rt2t","speed","right","right",0.324
"rt2t","accuracy","right","right",0.5804
"rt2t","accuracy","right","right",0.3544
"rt2t","neutral","left","left",0.3201
"rt2t","accuracy","left","left",0.351
"rt2t","speed","right","right",0.2758
"rt2t","speed","left","left",0.3432
"rt2t","speed","left","left",0.3265
"rt2t","neutral","left","left",0.3762
"rt2t","accuracy","right","right",0.6105
"rt2t","speed","right","left",0.326
"rt2t","accuracy","right","right",0.5978
"rt2t","accuracy","right","right",0.4159
"rt2t","neutral","left","left",0.3859
"rt2t","speed","right","right",0.3008
"rt2t","speed","right","right",0.317
"rt2t","neutral","right","right",0.3222
"rt2t","accuracy","right","right",0.3771
"rt2t","accuracy","left","right",0.4149
"rt2t","accuracy","left","left",0.5064
"rt2t","speed","left","left",0.3691
"rt2t","neutral","right","right",0.5164
"rt2t","speed","left","left",0.3137
"rt2t","accuracy","right","right",0.4506
"rt2t","speed","left","left",0.2895
"rt2t","speed","left","left",0.3133
"rt2t","speed","right","right",0.3733
"rt2t","speed","left","left",0.3557
"rt2t","speed","right","right",0.3427
"rt2t","neutral","right","right",0.4028
"rt2t","speed","right","left",0.3293
"rt2t","neutral","left","left",0.3032
"rt2t","neutral","left","left",0.346
"rt2t","neutral","left","left",0.3806
"rt2t","accuracy","left","left",0.315
"rt2t","neutral","left","left",0.4046
"rt2t","accuracy","right","right",0.3552
"rt2t","speed","left","left",0.2643
"rt2t","accuracy","left","left",0.4901
"rt2t","accuracy","left","left",0.482
"rt2t","neutral","right","right",0.3774
"rt2t","accuracy","left","left",0.3523
"rt2t","neutral","right","right",0.3648
"rt2t","speed","left","left",0.3033
"rt2t","neutral","left","left",0.413
"rt2t","speed","left","left",0.4461
"rt2t","neutral","left","left",0.3501
"rt2t","accuracy","left","left",0.3739
"rt2t","neutral","left","left",0.3864
"rt2t","neutral","right","right",0.4248
"rt2t","accuracy","right","right",0.4511
"rt2t","speed","left","left",0.3014
"rt2t","neutral","right","right",0.4957
"rt2t","accuracy","left","left",0.4283
"rt2t","speed","left","left",0.3466
"rt2t","speed","right","right",0.3674
"rt2t","accuracy","right","right",0.3468
"rt2t","neutral","left","left",0.346
"rt2t","speed","right","right",0.3044
"rt2t","neutral","right","right",0.3591
"rt2t","speed","left","left",0.2975
"rt2t","accuracy","right","right",0.3641
"rt2t","neutral","left","left",0.3226
"rt2t","speed","right","right",0.3914
"rt2t","speed","left","left",0.3359
"rt2t","speed","left","right",0.3262
"rt2t","accuracy","right","right",0.5022
"rt2t","speed","left","left",0.3838
"rt2t","neutral","right","right",0.4428
"rt2t","accuracy","left","left",0.642
"rt2t","neutral","left","left",0.3733
"rt2t","accuracy","right","right",0.3704
"rt2t","speed","right","left",0.3085
"rt2t","neutral","right","right",0.6109
"rt2t","accuracy","right","right",0.6334
"rt2t","speed","left","right",0.2955
"rt2t","speed","right","right",0.2915
"rt2t","speed","right","left",0.4119
"rt2t","speed","left","left",0.52
"rt2t","neutral","left","left",0.3513
"rt2t","neutral","left","left",0.3091
"rt2t","accuracy","right","right",0.3843
"rt2t","neutral","right","right",0.4943
"rt2t","accuracy","left","right",0.515
"rt2t","neutral","left","left",0.3957
"rt2t","speed","right","left",0.2664
"rt2t","neutral","left","left",0.4688
"rt2t","neutral","right","right",0.3789
"rt2t","neutral","right","right",0.4284
"rt2t","neutral","left","left",0.4493
"rt2t","neutral","right","right",0.5621
"rt2t","accuracy","right","right",0.4021
"rt2t","neutral","left","left",0.3433
"rt2t","speed","right","right",0.3166
"rt2t","accuracy","left","left",0.3437
"rt2t","speed","right","right",0.367
"rt2t","speed","right","right",0.4095
"rt2t","accuracy","left","left",0.3545
"rt2t","accuracy","right","right",0.3745
"rt2t","accuracy","left","left",0.4166
"rt2t","speed","right","right",0.3017
"rt2t","speed","left","left",0.4948
"rt2t","speed","right","right",0.3902
"rt2t","neutral","right","right",0.4104
"rt2t","neutral","right","left",0.3194
"rt3t","speed","right","right",0.4393
"rt3t","accuracy","right","right",0.6288
"rt3t","neutral","left","right",0.4053
"rt3t","accuracy","left","left",0.3772
"rt3t","speed","right","right",0.5429
"rt3t","speed","right","left",0.2645
"rt3t","speed","left","left",0.3834
"rt3t","accuracy","left","left",0.4939
"rt3t","speed","left","left",0.3623
"rt3t","speed","right","right",0.576
"rt3t","speed","left","left",0.4358
"rt3t","accuracy","right","right",0.7438
"rt3t","speed","left","left",1.021
"rt3t","accuracy","left","left",0.5995
"rt3t","accuracy","left","left",0.5257
"rt3t","accuracy","left","left",0.664
"rt3t","speed","left","left",0.3744
"rt3t","speed","left","left",0.3872
"rt3t","speed","right","right",0.5391
"rt3t","speed","left","left",0.4717
"rt3t","accuracy","left","left",0.3868
"rt3t","speed","right","right",0.5041
"rt3t","neutral","left","left",0.5568
"rt3t","accuracy","left","left",0.3943
"rt3t","accuracy","right","left",0.3736
"rt3t","speed","left","left",0.3992
"rt3t","neutral","left","left",0.4162
"rt3t","neutral","right","right",0.5142
"rt3t","speed","left","left",0.3917
"rt3t","speed","right","right",0.4942
"rt3t","accuracy","left","left",0.4684
"rt3t","accuracy","left","left",0.4908
"rt3t","accuracy","left","left",0.4003
"rt3t","neutral","left","left",0.495
"rt3t","speed","right","right",0.3021
"rt3t","accuracy","left","left",0.4344
"rt3t","accuracy","right","right",0.4768
"rt3t","neutral","right","right",0.5416
"rt3t","accuracy","right","right",0.4356
"rt3t","accuracy","left","right",0.3454
"rt3t","accuracy","left","left",0.5196
"rt3t","neutral","left","left",0.4641
"rt3t","neutral","right","right",0.5107
"rt3t","neutral","right","right",0.5547
"rt3t","speed","left","left",0.5829
"rt3t","neutral","left","left",0.5006
"rt3t","accuracy","right","right",0.5461
"rt3t","speed","right","right",0.5147
"rt3t","speed","right","right",0.4943
"rt3t","accuracy","left","left",0.6196
"rt3t","speed","right","right",0.4806
"rt3t","accuracy","right","left",0.5366
"rt3t","accuracy","right","right",0.6861
"rt3t","accuracy","left","left",0.5348
"rt3t","speed","left","left",0.5073
"rt3t","speed","left","right",0.3504
"rt3t","accuracy","right","right",0.4989
"rt3t","neutral","left","left",0.4352
"rt3t","speed","right","right",0.5364
"rt3t","speed","right","right",0.3423
"rt3t","accuracy","right","right",0.6011
"rt3t","neutral","right","right",0.451
"rt3t","accuracy","left","left",0.5516
"rt3t","speed","left","left",0.4444
"rt3t","neutral","right","right",0.4433
"rt3t","neutral","left","left",0.3405
"rt3t","neutral","right","right",0.5346
"rt3t","accuracy","left","left",0.411
"rt3t","speed","left","right",0.2541
"rt3t","accuracy","left","left",0.5053
"rt3t","accuracy","right","right",0.5089
"rt3t","accuracy","right","left",0.5399
"rt3t","neutral","right","right",0.5975
"rt3t","accuracy","right","right",0.5188
"rt3t","speed","right","right",0.4846
"rt3t","speed","left","left",0.4071
"rt3t","accuracy","left","left",0.4602
"rt3t","accuracy","left","right",0.5027
"rt3t","accuracy","right","right",0.5526
"rt3t","neutral","right","right",0.5038
"rt3t","accuracy","left","left",0.4974
"rt3t","neutral","right","right",0.5198
"rt3t","speed","right","right",0.4842
"rt3t","speed","right","right",0.576
"rt3t","speed","left","left",0.3199
"rt3t","neutral","left","left",0.6316
"rt3t","accuracy","left","left",0.6193
"rt3t","speed","left","left",0.426
"rt3t","neutral","right","left",0.4008
"rt3t","speed","right","right",0.5832
"rt3t","speed","right","left",0.4095
"rt3t","speed","left","left",0.7007
"rt3t","accuracy","left","left",0.4892
"rt3t","accuracy","left","left",0.4983
"rt3t","speed","left","left",0.3757
"rt3t","accuracy","right","right",0.5065
"rt3t","speed","right","left",0.3809
"rt3t","speed","right","right",0.5482
"rt3t","neutral","right","left",0.5171
"rt3t","speed","right","right",0.6076
"rt3t","accuracy","left","left",1.3051
"rt3t","accuracy","left","right",0.8541
"rt3t","speed","left","left",0.439
"rt3t","accuracy","right","left",0.5013
"rt3t","neutral","left","left",0.4441
"rt3t","accuracy","right","right",0.5249
"rt3t","neutral","left","left",0.4864
"rt3t","accuracy","left","left",0.5076
"rt3t","speed","right","left",0.3767
"rt3t","speed","left","left",0.4713
"rt3t","accuracy","left","left",0.8037
"rt3t","speed","right","right",0.5663
"rt3t","speed","left","left",0.4641
"rt3t","accuracy","left","left",0.4172
"rt3t","neutral","left","left",0.4283
"rt3t","speed","left","left",0.4812
"rt3t","neutral","right","right",0.5529
"rt3t","accuracy","left","left",0.5062
"rt3t","accuracy","right","left",0.4645
"rt3t","neutral","left","right",0.6572
"rt3t","speed","right","left",0.3646
"rt3t","speed","left","left",0.3772
"rt3t","neutral","left","left",0.4636
"rt3t","speed","left","right",0.3327
"rt3t","accuracy","left","left",0.5599
"rt3t","accuracy","left","left",0.4494
"rt3t","speed","right","right",0.4095
"rt3t","accuracy","right","right",0.5337
"rt3t","accuracy","left","left",0.457
"rt3t","accuracy","right","right",0.5366
"rt3t","neutral","left","right",0.4554
"rt3t","neutral","left","left",0.4724
"rt3t","neutral","left","left",0.6393
"rt3t","neutral","right","right",0.4241
"rt3t","neutral","left","left",0.4288
"rt3t","accuracy","left","right",0.5302
"rt3t","speed","left","left",0.4683
"rt3t","neutral","left","left",0.576
"rt3t","speed","left","left",0.4365
"rt3t","neutral","right","right",0.5565
"rt3t","neutral","right","right",0.5016
"rt3t","speed","right","left",0.5045
"rt3t","speed","left","right",0.4449
"rt3t","speed","left","left",0.3001
"rt3t","speed","left","left",0.366
"rt3t","accuracy","left","left",0.601
"rt3t","speed","left","left",0.4411
"rt3t","neutral","right","right",0.7567
"rt3t","accuracy","left","left",0.5137
"rt3t","neutral","right","left",0.6157
"rt3t","accuracy","left","left",0.6955
"rt3t","speed","right","right",0.5212
"rt3t","accuracy","right","right",0.4893
"rt3t","neutral","left","left",0.4502
"rt3t","speed","left","left",0.4885
"rt3t","neutral","left","left",0.4328
"rt3t","accuracy","left","left",0.3819
"rt3t","neutral","right","right",0.5915
"rt3t","speed","right","left",0.2906
"rt3t","neutral","left","left",0.4504
"rt3t","speed","left","left",0.7053
"rt3t","neutral","right","right",0.7181
"rt3t","accuracy","left","left",0.4399
"rt3t","neutral","right","right",0.6239
"rt3t","speed","right","left",0.6848
"rt3t","speed","left","right",0.537
"rt3t","speed","right","right",0.3951
"rt3t","speed","left","left",0.3302
"rt3t","speed","left","right",0.45
"rt3t","accuracy","right","left",0.932
"rt3t","accuracy","left","left",0.9495
"rt3t","speed","left","left",0.5659
"rt3t","neutral","left","left",0.4162
"rt3t","speed","left","left",0.4796
"rt3t","neutral","left","left",0.5754
"rt3t","neutral","left","left",0.4937
"rt3t","speed","left","left",0.4633
"rt3t","accuracy","right","left",0.4858
"rt3t","speed","right","left",0.5582
"rt3t","neutral","left","left",0.7119
"rt3t","accuracy","right","right",0.5467
"rt3t","accuracy","right","right",0.5966
"rt3t","accuracy","left","left",0.6236
"rt3t","speed","left","left",0.513
"rt3t","speed","right","right",0.633
"rt3t","speed","right","left",0.2981
"rt3t","neutral","left","left",0.5973
"rt3t","accuracy","left","right",0.7719
"rt3t","accuracy","right","right",0.6199
"rt3t","accuracy","left","left",1.1022
"rt3t","accuracy","left","left",0.7958
"rt3t","speed","right","right",0.5018
"rt3t","neutral","left","left",0.5681
"rt3t","speed","right","left",0.4093
"rt3t","accuracy","left","left",0.5457
"rt3t","speed","right","right",0.4765
"rt3t","speed","right","left",0.4487
"rt3t","accuracy","right","left",0.5123
"rt3t","speed","left","left",0.9052
"rt3t","neutral","right","right",0.8743
"rt3t","accuracy","left","left",0.6527
"rt3t","speed","right","right",0.665
"rt3t","accuracy","left","left",0.5653
"rt3t","accuracy","right","right",0.7636
"rt3t","speed","left","left",0.5835
"rt3t","accuracy","left","left",0.5667
"rt3t","speed","right","right",0.5897
"rt3t","speed","left","left",0.5854
"rt3t","speed","left","left",0.6314
"rt3t","speed","left","left",0.7584
"rt3t","speed","right","right",0.8001
"rt3t","accuracy","right","right",1.3744
"rt3t","neutral","right","right",1.2627
"rt3t","neutral","left","left",0.5984
"rt3t","neutral","left","left",0.6991
"rt3t","neutral","right","right",0.6893
"rt3t","neutral","right","right",0.8155
"rt3t","accuracy","left","right",0.9014
"rt3t","neutral","right","right",0.9155
"rt3t","neutral","left","left",0.7572
"rt3t","neutral","left","right",0.7278
"rt3t","neutral","left","left",0.6681
"rt3t","accuracy","right","right",0.7316
"rt3t","speed","left","left",0.5256
"rt3t","speed","right","left",1.3366
"rt3t","neutral","left","left",0.5154
"rt3t","accuracy","right","right",0.5983
"rt3t","neutral","right","right",0.62
"rt3t","accuracy","right","right",0.6369
"rt3t","speed","left","left",0.4781
"rt3t","accuracy","left","left",0.4856
"rt3t","neutral","left","right",0.6664
"rt3t","neutral","left","right",0.5959
"rt3t","speed","left","left",0.4232
"rt3t","speed","left","left",0.4125
"rt3t","speed","right","right",0.5208
"rt3t","accuracy","right","right",0.584
"rt3t","speed","left","left",0.5295
"rt3t","neutral","left","left",0.4062
"rt3t","accuracy","right","right",0.5258
"rt3t","speed","right","right",0.5226
"rt3t","accuracy","right","left",0.3051
"rt3t","speed","right","right",0.6523
"rt3t","neutral","right","right",0.7049
"rt3t","speed","right","left",0.4178
"rt3t","neutral","left","left",0.4501
"rt3t","neutral","right","right",0.4889
"rt3t","neutral","left","left",0.4653
"rt3t","speed","left","left",0.4157
"rt3t","speed","right","left",0.4008
"rt3t","neutral","left","left",0.4648
"rt3t","accuracy","left","right",0.4721
"rt3t","speed","right","left",0.2903
"rt3t","neutral","left","left",0.446
"rt3t","neutral","right","left",0.4484
"rt3t","accuracy","right","right",0.5254
"rt3t","speed","left","left",0.5071
"rt3t","neutral","left","left",0.4957
"rt3t","accuracy","right","right",0.5476
"rt3t","speed","left","left",0.5668
"rt3t","neutral","left","left",0.4545
"rt3t","speed","right","left",0.3022
"rt3t","speed","right","left",0.298
"rt3t","accuracy","right","left",0.6835
"rt3t","speed","left","left",0.4618
"rt3t","speed","left","left",0.4019
"rt3t","neutral","right","left",0.4609
"rt3t","neutral","left","left",0.4654
"rt3t","neutral","right","right",0.583
"rt3t","speed","left","right",0.4542
"rt3t","accuracy","left","left",0.2742
"rt3t","speed","right","left",0.4968
"rt3t","accuracy","right","right",0.4429
"rt3t","neutral","left","left",0.4511
"rt3t","neutral","left","left",0.4558
"rt3t","neutral","left","left",0.4519
"rt3t","speed","left","left",0.4035
"rt3t","speed","left","right",0.5032
"rt3t","neutral","right","right",0.5361
"rt3t","neutral","right","right",0.344
"rt3t","speed","right","right",0.5361
"rt3t","accuracy","right","right",0.5936
"rt3t","neutral","right","left",0.3192
"rt3t","accuracy","right","left",0.4756
"rt3t","accuracy","left","right",0.632
"rt3t","neutral","right","right",0.6029
"rt3t","speed","right","right",0.5779
"rt3t","accuracy","right","right",0.6708
"rt3t","speed","left","left",0.4496
"rt3t","neutral","right","left",0.4186
"rt3t","neutral","left","left",0.5674
"rt3t","speed","right","right",0.3944
"rt3t","accuracy","left","left",0.8179
"rt3t","speed","right","right",0.4737
"rt3t","accuracy","left","left",0.5963
"rt3t","accuracy","right","right",0.5669
"rt3t","accuracy","right","left",0.4355
"rt3t","neutral","left","right",0.481
"rt3t","neutral","right","right",0.6195
"rt3t","speed","left","left",0.4898
"rt3t","accuracy","right","right",0.499
"rt3t","accuracy","left","left",0.6163
"rt3t","neutral","right","right",0.5581
"rt3t","accuracy","left","left",0.5246
"rt3t","neutral","right","right",0.4889
"rt3t","speed","left","left",0.447
"rt3t","accuracy","left","left",0.503
"rt3t","neutral","right","right",0.4863
"rt3t","neutral","right","right",0.5402
"rt3t","accuracy","right","left",0.4272
"rt3t","accuracy","right","right",0.5585
"rt3t","speed","left","right",0.5062
"rt3t","neutral","left","right",0.462
"rt3t","accuracy","right","left",0.3882
"rt3t","speed","right","left",0.3635
"rt3t","accuracy","right","left",0.4933
"rt3t","speed","right","right",0.4949
"rt3t","speed","right","right",0.5279
"rt3t","speed","left","left",0.4234
"rt3t","speed","left","left",0.4266
"rt3t","neutral","right","right",0.8922
"rt3t","speed","left","left",0.3699
"rt3t","speed","right","right",0.4763
"rt3t","accuracy","right","right",0.5086
"rt3t","neutral","right","right",0.5482
"rt3t","accuracy","right","right",0.5688
"rt3t","neutral","right","left",0.6414
"rt3t","speed","right","right",0.4631
"rt3t","speed","left","left",0.4237
"rt3t","speed","right","right",0.5363
"rt3t","neutral","right","right",0.5044
"rt3t","accuracy","left","left",0.4536
"rt3t","speed","left","left",0.4458
"rt3t","speed","left","left",0.492
"rt3t","speed","right","right",0.7734
"rt3t","accuracy","left","left",0.4799
"rt3t","accuracy","right","right",0.571
"rt3t","speed","right","right",0.6207
"rt3t","accuracy","left","left",0.4942
"rt3t","speed","right","left",0.5038
"rt3t","accuracy","left","left",0.4712
"rt3t","speed","right","right",0.5933
"rt3t","speed","left","left",0.485
"rt3t","neutral","left","right",0.5042
"rt3t","accuracy","left","left",0.5423
"rt3t","neutral","right","right",0.6058
"rt3t","neutral","right","right",0.6537
"rt3t","neutral","right","left",0.4987
"rt3t","neutral","right","right",0.9367
"rt3t","neutral","right","right",0.5187
"rt3t","accuracy","right","right",0.6008
"rt3t","neutral","right","right",0.4836
"rt3t","neutral","left","left",0.5624
"rt3t","accuracy","right","right",0.5172
"rt3t","accuracy","left","left",0.5197
"rt3t","accuracy","right","right",0.5019
"rt3t","speed","right","right",0.5972
"rt3t","speed","right","right",0.4414
"rt3t","speed","left","left",0.4279
"rt3t","accuracy","right","right",0.659
"rt3t","neutral","left","right",0.4284
"rt3t","neutral","right","left",0.4954
"rt3t","speed","right","left",0.8674
"rt3t","speed","left","right",0.6788
"rt3t","speed","right","right",0.5141
"rt3t","accuracy","left","right",0.5046
"rt3t","neutral","left","left",0.5406
"rt3t","neutral","right","right",0.5871
"rt3t","speed","left","right",0.4439
"rt3t","neutral","right","left",0.7406
"rt3t","accuracy","right","right",0.8572
"rt3t","accuracy","right","left",0.6338
"rt3t","speed","right","left",0.613
"rt3t","speed","left","left",0.6728
"rt3t","speed","right","right",0.4985
"rt3t","speed","left","left",0.7049
"rt3t","speed","right","left",0.565
"rt3t","speed","left","left",0.4341
"rt3t","speed","right","right",0.5109
"rt3t","accuracy","left","left",0.3625
"rt3t","speed","right","right",0.4955
"rt3t","neutral","right","right",0.6376
"rt3t","accuracy","right","left",0.484
"rt3t","neutral","left","left",0.497
"rt3t","neutral","right","right",0.4672
"rt3t","neutral","right","right",0.5352
"rt3t","accuracy","left","left",0.4006
"rt3t","accuracy","right","left",0.4319
"rt3t","speed","left","left",0.4342
"rt3t","neutral","left","left",0.8084
"rt3t","speed","left","left",0.4073
"rt3t","neutral","right","right",0.5382
"rt3t","speed","left","left",0.3693
"rt3t","neutral","right","right",0.4619
"rt3t","neutral","right","left",0.6012
"rt3t","speed","left","left",0.443
"rt3t","neutral","right","right",0.464
"rt3t","neutral","right","left",0.3211
"rt3t","accuracy","left","left",0.4797
"rt3t","speed","right","right",0.4292
"rt3t","accuracy","right","left",0.4086
"rt3t","neutral","left","left",0.4822
"rt3t","speed","left","left",0.466
"rt3t","speed","right","right",0.4169
"rt3t","accuracy","left","right",0.483
"rt3t","speed","right","left",0.3737
"rt3t","accuracy","left","left",0.5999
"rt3t","accuracy","left","left",0.4715
"rt3t","accuracy","right","right",0.5407
"rt3t","speed","left","left",0.4638
"rt3t","speed","left","left",0.3995
"rt3t","speed","right","right",0.6053
"rt3t","speed","left","left",0.3825
"rt3t","speed","left","left",0.4867
"rt3t","accuracy","right","right",0.4731
"rt3t","neutral","right","left",0.341
"rt3t","neutral","right","left",0.5625
"rt3t","neutral","right","right",0.4522
"rt3t","neutral","right","left",0.4766
"rt3t","speed","right","right",0.5387
"rt3t","neutral","left","left",0.6115
"rt3t","accuracy","right","right",0.5176
"rt3t","accuracy","right","right",0.4927
"rt3t","speed","right","right",0.4506
"rt3t","neutral","right","left",0.4151
"rt3t","speed","right","left",0.4483
"rt3t","neutral","left","right",0.3246
"rt3t","speed","right","right",0.5858
"rt3t","accuracy","right","right",0.5065
"rt3t","neutral","right","left",0.5852
"rt3t","accuracy","right","right",0.5455
"rt3t","accuracy","left","left",0.7667
"rt3t","neutral","left","left",0.5176
"rt3t","neutral","left","left",0.5159
"rt3t","accuracy","right","right",0.7952
"rt3t","neutral","left","left",0.7604
"rt3t","accuracy","left","left",0.6492
"rt3t","neutral","left","left",0.9211
"rt3t","accuracy","left","left",0.7113
"rt3t","speed","left","left",0.6453
"rt3t","neutral","right","right",0.5302
"rt3t","speed","left","left",0.4499
"rt3t","speed","left","left",0.412
"rt3t","accuracy","right","left",0.42
"rt3t","neutral","right","left",0.7005
"rt3t","accuracy","left","left",0.5333
"rt3t","neutral","left","left",0.6342
"rt3t","speed","left","left",0.5285
"rt3t","speed","right","right",0.5696
"rt3t","speed","left","left",0.4594
"rt3t","neutral","left","left",0.4606
"rt3t","neutral","right","right",0.5095
"rt3t","neutral","right","right",0.5597
"rt3t","speed","right","left",0.3545
"rt3t","speed","right","right",0.6723
"rt3t","accuracy","right","right",0.7322
"rt3t","neutral","left","left",0.5131
"rt3t","accuracy","right","right",0.5872
"rt3t","neutral","right","right",0.5279
"rt3t","speed","left","right",0.5131
"rt3t","accuracy","right","right",0.534
"rt3t","accuracy","right","left",0.5207
"rt3t","speed","right","right",0.4958
"rt3t","speed","left","left",0.4572
"rt3t","neutral","left","left",0.5458
"rt3t","accuracy","left","right",0.6801
"rt3t","accuracy","right","left",0.5351
"rt3t","accuracy","left","left",0.4783
"rt3t","speed","left","right",0.4953
"rt3t","speed","left","left",0.5299
"rt3t","neutral","right","right",0.5409
"rt3t","neutral","right","right",0.651
"rt3t","accuracy","left","left",0.6226
"rt3t","speed","right","left",0.8389
"rt3t","speed","left","left",0.5855
"rt3t","accuracy","right","right",0.8786
"rt3t","neutral","left","left",0.613
"rt3t","accuracy","right","right",0.6325
"rt3t","speed","right","left",0.6993
"rt3t","speed","right","right",0.7691
"rt3t","neutral","left","left",0.606
"rt3t","speed","right","right",0.7084
"rt3t","neutral","right","left",0.6022
"rt3t","accuracy","right","right",0.569
"rt3t","accuracy","right","left",0.501
"rt3t","accuracy","left","left",0.4608
"rt3t","speed","left","left",0.6979
"rt3t","neutral","left","left",0.4983
"rt3t","accuracy","left","left",0.4676
"rt3t","speed","left","left",0.6937
"rt3t","neutral","left","left",0.7026
"rt3t","speed","right","right",0.673
"rt3t","accuracy","right","right",0.6491
"rt3t","neutral","left","left",0.5763
"rt3t","accuracy","left","left",0.5459
"rt3t","accuracy","right","right",0.5671
"rt3t","accuracy","left","left",0.4916
"rt3t","accuracy","left","left",0.4992
"rt3t","speed","right","right",0.7244
"rt3t","neutral","right","right",0.6111
"rt3t","accuracy","left","left",0.6718
"rt3t","speed","left","left",0.6787
"rt3t","neutral","left","left",1.0559
"rt3t","speed","left","left",0.6769
"rt3t","speed","left","left",0.7038
"rt3t","speed","right","left",0.8842
"rt3t","accuracy","left","left",0.6272
"rt3t","speed","left","left",0.5191
"rt3t","speed","left","left",0.5306
"rt3t","neutral","right","right",0.6889
"rt3t","speed","left","left",0.6089
"rt3t","speed","right","left",0.5213
"rt3t","speed","right","right",0.8224
"rt3t","accuracy","right","right",0.7303
"rt3t","neutral","left","left",0.4523
"rt3t","neutral","right","left",0.6585
"rt3t","speed","left","left",0.5466
"rt3t","accuracy","right","right",0.5986
"rt3t","speed","right","right",0.4705
"rt3t","speed","left","right",0.4841
"rt3t","accuracy","right","right",0.4941
"rt3t","accuracy","right","right",0.4483
"rt3t","speed","right","left",0.4498
"rt3t","neutral","right","right",0.6083
"rt3t","speed","left","left",0.4899
"rt3t","speed","right","left",0.5046
"rt3t","speed","left","left",0.4226
"rt3t","accuracy","left","left",0.4083
"rt3t","neutral","left","left",0.4337
"rt3t","accuracy","left","left",0.4121
"rt3t","speed","right","right",0.6475
"rt3t","neutral","right","left",0.4222
"rt3t","neutral","left","left",0.4497
"rt3t","speed","left","left",0.4523
"rt3t","accuracy","right","right",0.5238
"rt3t","accuracy","right","left",0.5229
"rt3t","neutral","left","left",0.4814
"rt3t","neutral","right","right",0.5777
"rt3t","accuracy","left","left",0.5511
"rt3t","accuracy","right","right",0.4676
"rt3t","neutral","right","right",0.427
"rt3t","neutral","right","right",0.4734
"rt3t","neutral","right","right",0.4597
"rt3t","neutral","right","right",0.4999
"rt3t","neutral","left","left",0.4994
"rt3t","accuracy","right","right",0.517
"rt3t","speed","right","right",0.5269
"rt3t","accuracy","left","right",0.5367
"rt3t","accuracy","left","left",0.4739
"rt3t","speed","left","left",0.43
"rt3t","accuracy","right","left",0.5273
"rt3t","neutral","left","left",0.5299
"rt3t","accuracy","right","right",0.6529
"rt3t","accuracy","left","left",0.6941
"rt3t","neutral","left","left",0.6614
"rt3t","accuracy","right","left",0.278
"rt3t","accuracy","right","left",0.462
"rt3t","speed","right","right",0.4253
"rt3t","neutral","left","left",0.4566
"rt3t","accuracy","right","right",0.449
"rt3t","speed","left","left",0.4266
"rt3t","accuracy","right","right",0.3497
"rt3t","accuracy","right","left",0.423
"rt3t","accuracy","right","right",0.4735
"rt3t","accuracy","right","right",0.4112
"rt3t","speed","right","right",0.4605
"rt3t","neutral","right","right",0.6877
"rt3t","neutral","right","left",0.5909
"rt3t","neutral","left","left",0.593
"rt3t","neutral","left","left",0.4913
"rt3t","neutral","left","right",0.5297
"rt3t","speed","left","left",0.4018
"rt3t","accuracy","right","right",0.6644
"rt3t","neutral","right","left",0.8394
"rt3t","speed","left","left",0.4528
"rt3t","accuracy","left","left",0.5391
"rt3t","accuracy","right","right",0.6622
"rt3t","speed","left","left",0.4817
"rt3t","speed","right","right",0.4608
"rt3t","speed","left","left",0.4138
"rt3t","accuracy","right","left",0.4589
"rt3t","neutral","left","left",0.4639
"rt3t","accuracy","left","left",0.5303
"rt3t","speed","left","left",0.5325
"rt3t","accuracy","right","right",0.5212
"rt3t","accuracy","right","left",0.4495
"rt3t","accuracy","right","right",0.5318
"rt3t","neutral","left","left",0.6517
"rt3t","accuracy","left","left",0.4765
"rt3t","accuracy","left","left",0.5467
"rt3t","accuracy","left","left",0.4639
"rt3t","accuracy","right","left",0.5191
"rt3t","speed","right","left",0.4297
"rt3t","speed","right","right",0.6155
"rt3t","neutral","left","left",0.4684
"rt3t","speed","left","left",0.557
"rt3t","speed","right","left",0.637
"rt3t","accuracy","right","right",0.7697
"rt3t","speed","left","left",0.7648
"rt3t","accuracy","left","right",0.794
"rt3t","accuracy","right","left",0.4632
"rt3t","speed","left","left",0.5757
"rt3t","speed","right","right",0.6262
"rt3t","speed","left","left",0.4292
"rt3t","neutral","left","left",0.6417
"rt3t","neutral","left","left",0.4856
"rt3t","accuracy","right","right",0.4841
"rt3t","neutral","left","left",0.5629
"rt3t","accuracy","left","left",0.5483
"rt3t","neutral","right","right",0.538
"rt3t","accuracy","right","right",0.6035
"rt3t","speed","right","left",0.5822
"rt3t","accuracy","right","left",1.0796
"rt3t","accuracy","right","right",0.7368
"rt3t","accuracy","left","left",0.4402
"rt3t","accuracy","right","left",0.5462
"rt3t","neutral","right","right",0.5236
"rt3t","neutral","left","left",0.5017
"rt3t","accuracy","left","left",0.6542
"rt3t","neutral","left","left",0.7364
"rt3t","neutral","right","right",0.5438
"rt3t","speed","right","left",0.5673
"rt3t","neutral","left","left",0.5475
"rt3t","accuracy","left","left",0.5168
"rt3t","neutral","left","left",0.5035
"rt3t","speed","left","left",0.5629
"rt3t","speed","left","left",0.6212
"rt3t","speed","left","left",0.563
"rt3t","neutral","left","left",0.5056
"rt3t","neutral","left","left",0.51
"rt3t","speed","right","right",0.5789
"rt3t","speed","left","left",0.486
"rt3t","neutral","right","right",0.4946
"rt3t","speed","right","left",0.5424
"rt3t","speed","right","left",0.5897
"rt3t","accuracy","left","left",0.4863
"rt3t","speed","left","left",0.6119
"rt3t","speed","left","left",0.6786
"rt3t","speed","left","left",0.4933
"rt3t","accuracy","right","right",0.5953
"rt3t","accuracy","left","left",0.5607
"rt3t","accuracy","right","right",0.5135
"rt3t","speed","right","right",0.5541
"rt3t","neutral","right","left",0.4807
"rt3t","speed","right","left",0.3972
"rt3t","neutral","left","left",0.5812
"rt3t","accuracy","right","left",1.3757
"rt3t","speed","right","left",0.4596
"rt3t","neutral","right","left",1.1725
"rt3t","accuracy","left","right",0.5492
"rt3t","speed","left","left",0.4077
"rt3t","speed","left","left",0.4013
"rt3t","neutral","left","right",0.4815
"rt3t","neutral","left","left",0.5287
"rt3t","speed","left","left",0.5337
"rt3t","accuracy","left","right",0.4695
"rt3t","accuracy","right","left",0.4884
"rt3t","speed","left","left",0.5042
"rt3t","speed","left","left",0.5009
"rt3t","neutral","right","left",0.4884
"rt3t","speed","left","left",0.3692
"rt3t","accuracy","left","right",0.5445
"rt3t","speed","right","left",1.0001
"rt3t","neutral","left","left",0.5754
"rt3t","speed","left","left",0.6325
"rt3t","speed","left","left",0.3997
"rt3t","accuracy","left","left",0.4287
"rt3t","neutral","left","left",0.7398
"rt3t","accuracy","right","right",0.5536
"rt3t","speed","right","right",0.6411
"rt3t","neutral","left","left",0.4404
"rt3t","neutral","right","right",0.574
"rt3t","accuracy","right","left",0.5302
"rt3t","neutral","left","left",0.5545
"rt3t","accuracy","right","left",0.5138
"rt3t","accuracy","right","left",0.7464
"rt3t","neutral","right","right",0.5738
"rt3t","neutral","left","left",0.5038
"rt3t","speed","left","left",0.5448
"rt3t","neutral","left","left",0.4802
"rt3t","speed","right","right",0.4758
"rt3t","speed","left","left",0.3547
"rt3t","accuracy","left","left",0.3789
"rt3t","neutral","right","right",0.375
"rt3t","accuracy","left","left",0.5696
"rt3t","neutral","right","right",0.4793
"rt3t","speed","right","right",0.4236
"rt3t","neutral","left","left",0.3104
"rt3t","accuracy","left","left",0.3535
"rt3t","accuracy","right","left",0.3611
"rt3t","neutral","left","right",0.4211
"rt3t","accuracy","right","left",0.3709
"rt3t","accuracy","right","right",0.3666
"rt3t","accuracy","right","left",0.4531
"rt3t","accuracy","left","left",0.4664
"rt3t","speed","left","left",0.4056
"rt3t","neutral","left","right",0.3829
"rt3t","accuracy","left","left",0.3798
"rt3t","accuracy","left","right",0.52
"rt3t","accuracy","left","left",0.5109
"rt3t","speed","left","left",0.534
"rt3t","speed","left","left",0.4123
"rt3t","speed","right","right",0.2831
"rt3t","neutral","left","left",0.3648
"rt3t","speed","right","left",0.3183
"rt3t","neutral","right","right",0.4771
"rt3t","speed","left","left",0.2783
"rt3t","speed","left","right",0.3432
"rt3t","speed","right","left",0.3964
"rt3t","accuracy","right","left",0.3515
"rt3t","neutral","left","right",0.3587
"rt3t","accuracy","right","left",0.408
"rt3t","accuracy","right","right",0.2687
"rt3t","accuracy","left","left",0.5185
"rt3t","accuracy","right","left",0.279
"rt3t","speed","right","right",0.5136
"rt3t","neutral","right","left",0.3474
"rt3t","speed","right","left",0.3805
"rt3t","accuracy","left","left",0.3087
"rt3t","speed","left","left",0.356
"rt3t","accuracy","left","left",0.4043
"rt3t","speed","left","left",0.3727
"rt3t","accuracy","right","left",0.3788
"rt3t","speed","left","left",0.3306
"rt3t","accuracy","left","left",0.4534
"rt3t","accuracy","left","left",0.3766
"rt3t","accuracy","right","left",0.4703
"rt3t","accuracy","left","left",0.521
"rt3t","speed","right","right",0.8606
"rt3t","neutral","left","left",0.7446
"rt3t","speed","left","left",0.3958
"rt3t","accuracy","left","right",0.5408
"rt3t","neutral","left","left",0.6243
"rt3t","accuracy","left","right",0.5613
"rt3t","neutral","right","left",0.5183
"rt3t","accuracy","left","left",0.4371
"rt3t","neutral","right","left",0.45
"rt3t","neutral","right","right",0.4332
"rt3t","accuracy","right","left",0.8077
"rt3t","accuracy","right","left",0.9321
"rt3t","neutral","right","left",1.3739
"rt3t","neutral","left","right",0.4349
"rt3t","neutral","right","right",0.5588
"rt3t","neutral","left","left",0.7215
"rt3t","neutral","right","left",0.3356
"rt3t","speed","left","left",0.5313
"rt3t","accuracy","right","left",0.4417
"rt3t","neutral","left","right",0.6229
"rt3t","accuracy","right","left",0.3938
"rt3t","accuracy","left","left",0.4443
"rt3t","speed","left","left",0.499
"rt3t","accuracy","right","left",0.4852
"rt3t","speed","left","left",0.401
"rt3t","neutral","right","right",0.5575
"rt3t","accuracy","left","left",0.6658
"rt3t","accuracy","right","right",0.443
"rt3t","speed","left","left",0.4845
"rt3t","accuracy","right","right",0.5211
"rt3t","speed","left","right",0.5487
"rt3t","speed","left","right",0.5411
"rt3t","speed","left","left",0.5273
"rt3t","neutral","right","right",0.5693
"rt3t","neutral","right","right",0.499
"rt3t","speed","left","left",0.4167
"rt3t","accuracy","left","right",0.5439
"rt3t","speed","right","left",0.3707
"rt3t","speed","left","left",0.367
"rt3t","neutral","right","right",0.6062
"rt3t","neutral","right","left",0.3779
"rt3t","accuracy","right","left",0.4594
"rt3t","neutral","right","right",0.4974
"rt3t","accuracy","left","left",0.4433
"rt3t","accuracy","left","left",0.435
"rt3t","accuracy","left","right",0.5139
"rt3t","neutral","left","left",0.4962
"rt3t","neutral","right","right",0.5984
"rt3t","accuracy","right","right",0.5644
"rt3t","neutral","left","left",0.6144
"rt3t","neutral","right","right",0.5553
"rt3t","speed","left","left",0.5498
"rt3t","neutral","right","right",0.4091
"rt3t","accuracy","right","left",0.3318
"rt3t","accuracy","left","left",0.5674
"rt3t","speed","left","left",0.5189
"rt3t","accuracy","left","right",0.4248
"rt3t","accuracy","right","left",0.7793
"rt3t","speed","left","left",0.4348
"rt3t","speed","right","left",0.4927
"rt3t","neutral","right","right",0.4542
"rt3t","accuracy","right","left",0.4795
"rt3t","speed","right","right",0.5485
"rt3t","accuracy","left","left",0.4391
"rt3t","neutral","right","left",0.3171
"rt3t","accuracy","left","right",0.4052
"rt3t","accuracy","left","left",0.5407
"rt3t","speed","left","right",0.4353
"rt3t","speed","left","left",0.3729
"rt3t","neutral","left","right",0.5704
"rt3t","speed","left","left",0.4546
"rt3t","speed","left","left",1.4704
"rt3t","speed","left","right",0.6799
"rt3t","speed","left","left",0.4098
"rt3t","speed","right","right",0.3669
"rt3t","accuracy","left","left",0.3787
"rt3t","neutral","right","right",0.5068
"rt3t","accuracy","right","left",0.4787
"rt3t","speed","right","left",0.5275
"rt3t","neutral","left","right",0.4623
"rt3t","accuracy","right","left",0.3487
"rt3t","neutral","right","right",0.7207
"rt3t","accuracy","right","right",0.6582
"rt3t","speed","left","left",0.4572
"rt3t","accuracy","right","left",0.7085
"rt3t","speed","left","left",0.5205
"rt3t","speed","right","right",0.5354
"rt3t","neutral","left","left",0.6206
"rt3t","accuracy","left","left",0.5305
"rt3t","speed","right","right",0.5252
"rt3t","accuracy","left","left",0.647
"rt3t","neutral","left","left",0.6356
"rt3t","neutral","right","right",0.9128
"rt3t","speed","right","right",0.7349
"rt3t","speed","right","right",0.7093
"rt3t","neutral","left","left",0.9941
"rt3t","neutral","left","left",0.8471
"rt3t","accuracy","left","left",0.6346
"rt3t","speed","right","right",0.6007
"rt3t","speed","right","left",0.3704
"rt3t","neutral","right","left",0.9861
"rt3t","accuracy","right","left",0.5084
"rt3t","neutral","right","right",0.4902
"rt3t","speed","right","left",0.4121
"rt3t","neutral","left","left",0.7397
"rt3t","accuracy","left","left",0.7176
"rt3t","accuracy","left","left",0.578
"rt3t","neutral","right","left",0.5066
"rt3t","accuracy","right","left",0.5203
"rt3t","neutral","right","right",0.5997
"rt3t","accuracy","left","left",0.9283
"rt3t","accuracy","right","right",0.7813
"rt3t","speed","right","right",0.7215
"rt3t","neutral","left","left",0.5437
"rt3t","accuracy","left","left",0.6162
"rt5t","neutral","left","left",0.4574
"rt5t","neutral","left","left",0.4762
"rt5t","speed","right","left",0.3588
"rt5t","neutral","left","left",0.4275
"rt5t","accuracy","right","right",0.517
"rt5t","speed","left","left",0.3893
"rt5t","neutral","right","left",0.6963
"rt5t","speed","right","left",0.8015
"rt5t","neutral","left","left",0.675
"rt5t","speed","left","left",0.5741
"rt5t","speed","left","left",0.3941
"rt5t","speed","left","left",0.4348
"rt5t","neutral","right","right",0.4056
"rt5t","speed","left","left",0.4576
"rt5t","accuracy","right","right",0.6447
"rt5t","neutral","left","left",0.4581
"rt5t","speed","left","left",0.7477
"rt5t","accuracy","right","right",0.7385
"rt5t","accuracy","right","right",0.5363
"rt5t","speed","left","left",0.4816
"rt5t","accuracy","left","left",0.6354
"rt5t","neutral","right","right",0.5944
"rt5t","accuracy","left","left",0.4846
"rt5t","speed","right","right",0.6326
"rt5t","speed","right","right",0.4244
"rt5t","speed","left","left",0.4451
"rt5t","speed","right","left",0.3657
"rt5t","neutral","right","right",0.5224
"rt5t","neutral","right","right",0.8952
"rt5t","accuracy","right","right",0.6507
"rt5t","neutral","right","right",0.4777
"rt5t","speed","left","right",0.3186
"rt5t","neutral","left","left",0.6076
"rt5t","accuracy","right","left",0.5216
"rt5t","accuracy","left","left",0.8719
"rt5t","speed","left","left",0.9249
"rt5t","speed","left","left",0.4132
"rt5t","speed","left","left",0.3069
"rt5t","neutral","right","left",0.3618
"rt5t","accuracy","right","right",0.5174
"rt5t","accuracy","left","left",0.4334
"rt5t","speed","right","left",0.4462
"rt5t","accuracy","right","left",0.4222
"rt5t","neutral","left","left",0.7015
"rt5t","accuracy","right","right",0.5286
"rt5t","neutral","left","left",0.73
"rt5t","accuracy","right","right",0.8006
"rt5t","speed","right","right",0.3405
"rt5t","neutral","right","right",0.4392
"rt5t","accuracy","right","right",0.5319
"rt5t","speed","left","left",0.6086
"rt5t","accuracy","left","left",0.6617
"rt5t","accuracy","right","left",0.5473
"rt5t","accuracy","left","left",0.5847
"rt5t","neutral","left","left",0.5948
"rt5t","accuracy","right","right",0.5925
"rt5t","accuracy","left","left",1.3808
"rt5t","neutral","right","right",0.5606
"rt5t","accuracy","left","left",0.5181
"rt5t","accuracy","right","right",0.5285
"rt5t","speed","left","left",0.4656
"rt5t","speed","right","left",0.3429
"rt5t","neutral","right","left",0.3516
"rt5t","neutral","left","right",0.6421
"rt5t","neutral","right","right",0.6954
"rt5t","accuracy","right","right",0.6007
"rt5t","neutral","left","left",0.7011
"rt5t","neutral","right","left",0.7543
"rt5t","speed","left","left",0.4423
"rt5t","accuracy","left","left",0.4677
"rt5t","accuracy","left","left",0.4678
"rt5t","neutral","left","left",0.9439
"rt5t","neutral","right","right",0.8211
"rt5t","speed","left","right",0.4103
"rt5t","accuracy","right","right",1.114
"rt5t","accuracy","left","right",0.6447
"rt5t","neutral","left","left",0.4994
"rt5t","accuracy","right","right",0.8169
"rt5t","accuracy","left","left",0.6642
"rt5t","speed","right","right",0.5232
"rt5t","speed","right","right",0.4032
"rt5t","speed","right","right",0.2574
"rt5t","neutral","left","left",0.3889
"rt5t","speed","right","left",0.3762
"rt5t","accuracy","left","left",0.3358
"rt5t","speed","left","left",0.4103
"rt5t","speed","right","left",0.3557
"rt5t","accuracy","left","right",0.5431
"rt5t","speed","left","left",0.3213
"rt5t","speed","right","left",0.3772
"rt5t","speed","left","right",0.4611
"rt5t","speed","right","left",0.5371
"rt5t","speed","right","right",0.4042
"rt5t","accuracy","left","left",0.4991
"rt5t","accuracy","left","left",0.457
"rt5t","speed","right","right",0.3855
"rt5t","speed","right","left",0.4639
"rt5t","neutral","right","left",0.3847
"rt5t","speed","right","left",0.7528
"rt5t","speed","right","left",0.5854
"rt5t","speed","left","left",0.3768
"rt5t","accuracy","right","right",0.4336
"rt5t","accuracy","right","right",0.4754
"rt5t","neutral","left","left",0.5845
"rt5t","neutral","right","left",0.4996
"rt5t","neutral","right","right",0.6689
"rt5t","neutral","right","right",0.5785
"rt5t","neutral","right","right",0.4776
"rt5t","neutral","right","right",0.8917
"rt5t","speed","right","left",0.7009
"rt5t","accuracy","right","right",0.4024
"rt5t","neutral","left","left",0.4846
"rt5t","neutral","right","right",1.0107
"rt5t","neutral","right","right",0.7002
"rt5t","neutral","right","right",0.4672
"rt5t","accuracy","right","right",0.4608
"rt5t","speed","left","left",0.3723
"rt5t","neutral","right","right",0.5947
"rt5t","neutral","right","right",0.6068
"rt5t","neutral","right","right",0.4276
"rt5t","speed","right","left",0.34
"rt5t","speed","right","right",0.4937
"rt5t","speed","left","left",0.4322
"rt5t","speed","right","left",0.3488
"rt5t","speed","right","left",0.2981
"rt5t","neutral","right","right",0.5693
"rt5t","speed","right","right",0.3783
"rt5t","speed","left","right",0.2697
"rt5t","neutral","left","left",0.3958
"rt5t","accuracy","left","left",0.5686
"rt5t","accuracy","right","right",0.5444
"rt5t","accuracy","right","right",0.7931
"rt5t","speed","right","right",0.5771
"rt5t","speed","left","right",0.3975
"rt5t","accuracy","left","left",0.793
"rt5t","accuracy","left","left",0.4877
"rt5t","neutral","right","left",0.623
"rt5t","speed","left","left",0.701
"rt5t","neutral","right","right",0.7436
"rt5t","speed","right","right",0.4173
"rt5t","neutral","right","right",0.4436
"rt5t","accuracy","left","left",1.217
"rt5t","accuracy","right","right",0.6654
"rt5t","accuracy","right","right",0.5945
"rt5t","speed","left","left",0.7137
"rt5t","accuracy","right","left",0.4484
"rt5t","speed","left","left",0.3727
"rt5t","speed","left","left",0.4442
"rt5t","neutral","left","left",0.4604
"rt5t","accuracy","right","right",0.9623
"rt5t","accuracy","left","right",0.5057
"rt5t","neutral","right","left",0.5178
"rt5t","speed","left","left",0.3042
"rt5t","accuracy","left","left",0.6705
"rt5t","accuracy","left","left",0.4545
"rt5t","speed","left","left",0.3791
"rt5t","neutral","right","right",0.4541
"rt5t","accuracy","left","left",0.6765
"rt5t","accuracy","right","right",0.5682
"rt5t","speed","left","left",0.7018
"rt5t","neutral","left","left",0.6005
"rt5t","neutral","left","left",0.4654
"rt5t","accuracy","right","left",0.5304
"rt5t","neutral","right","right",0.4414
"rt5t","accuracy","left","left",0.495
"rt5t","speed","right","right",0.4414
"rt5t","neutral","right","left",0.3898
"rt5t","neutral","left","left",0.4183
"rt5t","accuracy","left","left",0.4463
"rt5t","neutral","right","left",0.549
"rt5t","speed","left","left",0.6649
"rt5t","accuracy","left","right",0.5167
"rt5t","neutral","right","right",0.6906
"rt5t","speed","right","left",0.4617
"rt5t","accuracy","right","right",0.5356
"rt5t","speed","left","right",0.343
"rt5t","speed","right","right",0.3647
"rt5t","accuracy","left","right",0.3935
"rt5t","speed","right","left",0.3875
"rt5t","speed","right","right",0.5703
"rt5t","speed","right","left",0.6045
"rt5t","speed","left","left",0.3923
"rt5t","accuracy","left","right",0.603
"rt5t","speed","left","left",0.5154
"rt5t","accuracy","right","right",0.7308
"rt5t","accuracy","right","right",0.9056
"rt5t","speed","left","left",0.4794
"rt5t","speed","right","left",0.4145
"rt5t","neutral","right","left",0.3168
"rt5t","accuracy","left","right",0.4722
"rt5t","speed","left","left",0.5497
"rt5t","accuracy","right","left",0.5174
"rt5t","speed","right","left",0.7911
"rt5t","accuracy","right","right",1.3239
"rt5t","accuracy","right","right",0.6741
"rt5t","accuracy","left","right",0.473
"rt5t","neutral","left","left",0.7768
"rt5t","neutral","right","right",0.925
"rt5t","neutral","left","left",0.4948
"rt5t","neutral","right","left",0.5704
"rt5t","neutral","left","left",0.5936
"rt5t","speed","right","right",0.4017
"rt5t","accuracy","left","left",0.5963
"rt5t","speed","right","left",0.3739
"rt5t","speed","right","right",0.6449
"rt5t","speed","right","left",0.87
"rt5t","neutral","right","left",0.8432
"rt5t","speed","left","left",0.5609
"rt5t","accuracy","right","right",0.6371
"rt5t","neutral","left","left",0.4367
"rt5t","accuracy","left","right",0.6061
"rt5t","neutral","left","left",1.2474
"rt5t","speed","left","left",0.5602
"rt5t","neutral","left","left",0.3716
"rt5t","accuracy","left","left",0.4921
"rt5t","accuracy","left","left",0.5562
"rt5t","neutral","right","left",0.5861
"rt5t","accuracy","left","right",1.1312
"rt5t","speed","right","left",0.2892
"rt5t","neutral","left","left",0.4184
"rt5t","speed","right","right",0.3158
"rt5t","accuracy","right","right",1.265
"rt5t","neutral","right","left",0.5631
"rt5t","neutral","right","right",0.7948
"rt5t","neutral","left","right",1.1093
"rt5t","accuracy","right","right",1.3554
"rt5t","accuracy","left","right",0.4179
"rt5t","neutral","left","left",0.6601
"rt5t","neutral","right","left",0.4724
"rt5t","accuracy","right","right",0.5004
"rt5t","neutral","right","left",1.2464
"rt5t","speed","left","right",0.5735
"rt5t","neutral","left","right",0.4427
"rt5t","neutral","left","left",1.392
"rt5t","accuracy","left","left",0.4667
"rt5t","speed","left","left",0.2513
"rt5t","accuracy","left","right",0.4904
"rt5t","neutral","left","left",0.7904
"rt5t","speed","left","left",0.955
"rt5t","speed","left","left",0.5899
"rt5t","neutral","left","left",0.4412
"rt5t","accuracy","right","left",0.2765
"rt5t","accuracy","right","left",0.9647
"rt5t","neutral","left","left",0.402
"rt5t","accuracy","right","left",0.3401
"rt5t","speed","left","right",0.3721
"rt5t","neutral","right","right",0.9728
"rt5t","speed","right","left",0.3518
"rt5t","neutral","left","left",1.2834
"rt5t","speed","left","left",1.1525
"rt5t","neutral","left","left",0.5221
"rt5t","speed","left","left",0.7381
"rt5t","speed","left","right",0.4193
"rt5t","speed","left","left",0.415
"rt5t","accuracy","right","right",1.1809
"rt5t","neutral","left","left",0.9147
"rt5t","speed","left","left",0.9597
"rt5t","neutral","left","left",0.6285
"rt5t","neutral","left","left",0.4082
"rt5t","accuracy","right","left",0.5794
"rt5t","speed","right","right",0.3483
"rt5t","neutral","left","left",0.5375
"rt5t","speed","left","left",0.3766
"rt5t","accuracy","left","right",0.3095
"rt5t","accuracy","right","left",1.1032
"rt5t","speed","left","right",0.8068
"rt5t","speed","left","left",1.1296
"rt5t","speed","right","left",0.6983
"rt5t","speed","left","left",0.9929
"rt5t","neutral","right","right",0.4889
"rt5t","speed","left","right",1.1422
"rt5t","speed","left","right",0.4861
"rt5t","speed","right","left",0.2509
"rt5t","accuracy","right","left",0.8524
"rt5t","neutral","right","left",0.2812
"rt5t","accuracy","left","left",0.3972
"rt5t","speed","left","left",1.0891
"rt5t","speed","left","left",0.642
"rt5t","neutral","left","right",0.7499
"rt5t","neutral","left","left",0.4908
"rt5t","neutral","left","left",0.4208
"rt5t","neutral","left","left",0.9493
"rt5t","neutral","left","left",0.9107
"rt5t","neutral","left","left",0.4488
"rt5t","neutral","right","right",0.411
"rt5t","neutral","left","left",0.9519
"rt5t","speed","left","left",0.3823
"rt5t","speed","right","right",0.5244
"rt5t","neutral","right","left",0.3471
"rt5t","neutral","right","right",0.4673
"rt5t","speed","right","right",0.5526
"rt5t","accuracy","left","left",0.6696
"rt5t","accuracy","left","left",0.4618
"rt5t","speed","right","left",0.3892
"rt5t","neutral","left","left",0.6262
"rt5t","speed","left","right",0.4096
"rt5t","speed","right","left",0.4487
"rt5t","accuracy","right","left",0.3765
"rt5t","neutral","right","left",0.578
"rt5t","accuracy","right","left",0.3122
"rt5t","accuracy","right","right",0.5087
"rt5t","accuracy","left","left",0.3982
"rt5t","neutral","right","left",0.5319
"rt5t","accuracy","left","right",0.532
"rt5t","speed","left","left",0.5309
"rt5t","accuracy","left","left",0.6354
"rt5t","accuracy","left","left",0.3152
"rt5t","neutral","right","right",0.7929
"rt5t","neutral","left","left",0.4091
"rt5t","neutral","left","left",0.7251
"rt5t","speed","right","left",0.2802
"rt5t","neutral","right","left",0.3128
"rt5t","accuracy","right","right",1.399
"rt5t","speed","left","left",0.4881
"rt5t","neutral","right","left",1.0515
"rt5t","speed","right","right",0.335
"rt5t","accuracy","left","right",0.5308
"rt5t","accuracy","right","right",0.473
"rt5t","accuracy","left","left",0.4066
"rt5t","speed","left","left",0.336
"rt5t","neutral","left","left",0.7042
"rt5t","neutral","left","right",0.8125
"rt5t","speed","right","left",0.8352
"rt5t","speed","right","right",0.4334
"rt5t","accuracy","left","left",0.5557
"rt5t","neutral","left","left",0.8075
"rt5t","speed","left","left",0.3708
"rt5t","neutral","right","left",0.453
"rt5t","neutral","left","left",1.4657
"rt5t","accuracy","left","left",0.6626
"rt5t","neutral","left","right",0.5175
"rt5t","accuracy","right","right",0.4345
"rt5t","neutral","right","right",1.0832
"rt5t","neutral","right","right",0.3905
"rt5t","speed","left","left",0.7658
"rt5t","accuracy","right","left",0.7476
"rt5t","neutral","right","right",0.443
"rt5t","speed","left","left",0.4841
"rt5t","accuracy","left","left",0.7317
"rt5t","accuracy","left","right",0.8061
"rt5t","neutral","right","left",0.2949
"rt5t","speed","right","left",0.2787
"rt5t","accuracy","right","right",0.5784
"rt5t","speed","right","right",0.7998
"rt5t","speed","left","left",0.2692
"rt5t","speed","left","left",0.7733
"rt5t","speed","right","left",0.989
"rt5t","accuracy","right","left",0.9553
"rt5t","neutral","right","left",0.5118
"rt5t","accuracy","right","right",0.3804
"rt5t","accuracy","right","right",0.555
"rt5t","speed","right","left",0.3487
"rt5t","speed","left","left",0.315
"rt5t","accuracy","left","right",0.4474
"rt5t","accuracy","left","right",0.4778
"rt5t","speed","left","left",0.7753
"rt5t","neutral","right","right",0.4376
"rt5t","speed","left","left",0.6684
"rt5t","accuracy","right","right",0.6032
"rt5t","speed","left","right",0.371
"rt5t","neutral","left","right",0.3549
"rt5t","speed","left","left",0.5781
"rt5t","neutral","right","right",1.2391
"rt5t","speed","left","left",0.2749
"rt5t","neutral","left","left",0.4592
"rt5t","neutral","left","right",0.7226
"rt5t","speed","right","left",0.3652
"rt5t","accuracy","left","right",0.5325
"rt5t","accuracy","left","right",0.4843
"rt5t","speed","right","left",0.3278
"rt5t","neutral","left","left",0.3255
"rt5t","speed","left","left",0.3702
"rt5t","neutral","right","left",1.1014
"rt5t","accuracy","left","left",0.8514
"rt5t","speed","right","left",0.7827
"rt5t","accuracy","left","left",0.9344
"rt5t","neutral","left","left",0.711
"rt5t","speed","right","right",0.3034
"rt5t","neutral","right","right",0.5587
"rt5t","speed","left","left",0.6644
"rt5t","speed","right","left",0.5064
"rt5t","speed","right","right",0.5893
"rt5t","speed","right","left",0.6513
"rt5t","speed","right","left",0.5761
"rt5t","neutral","right","right",0.4683
"rt5t","speed","right","right",0.6814
"rt5t","neutral","right","right",0.4731
"rt5t","accuracy","left","right",0.4661
"rt5t","speed","right","right",0.3679
"rt5t","accuracy","right","right",0.3292
"rt5t","accuracy","right","right",0.5301
"rt5t","accuracy","right","right",0.7521
"rt5t","neutral","left","right",0.4246
"rt5t","accuracy","right","right",0.2765
"rt5t","accuracy","right","right",0.3486
"rt5t","speed","left","right",0.295
"rt5t","accuracy","left","left",0.8523
"rt5t","accuracy","right","left",0.7271
"rt5t","speed","right","right",0.4727
"rt5t","accuracy","right","right",0.318
"rt5t","neutral","left","right",0.5013
"rt5t","neutral","right","right",0.5735
"rt5t","accuracy","right","right",0.4836
"rt5t","speed","right","left",0.2854
"rt5t","accuracy","left","right",0.9677
"rt5t","neutral","left","left",0.4042
"rt5t","speed","left","left",0.5235
"rt5t","accuracy","left","right",0.5494
"rt5t","speed","right","left",0.3224
"rt5t","neutral","right","left",0.4669
"rt5t","speed","left","left",0.8074
"rt5t","neutral","right","left",0.4044
"rt5t","neutral","right","left",0.3742
"rt5t","accuracy","left","left",0.4893
"rt5t","neutral","right","left",0.46
"rt5t","speed","right","left",0.3156
"rt5t","neutral","right","left",0.7029
"rt5t","neutral","right","right",0.452
"rt5t","neutral","left","right",0.6093
"rt5t","neutral","right","right",0.615
"rt5t","accuracy","left","right",0.5592
"rt5t","accuracy","left","right",0.6495
"rt5t","speed","right","left",0.2682
"rt5t","accuracy","right","left",0.4891
"rt5t","accuracy","left","left",0.7497
"rt5t","neutral","right","left",0.8878
"rt5t","neutral","left","left",0.4315
"rt5t","accuracy","right","left",0.3747
"rt5t","accuracy","right","right",0.6397
"rt5t","neutral","left","left",0.4269
"rt5t","accuracy","right","left",0.3845
"rt5t","accuracy","left","left",0.4555
"rt5t","speed","left","left",0.3118
"rt5t","accuracy","left","left",0.6099
"rt5t","accuracy","right","left",0.329
"rt5t","speed","left","left",0.7877
"rt5t","speed","right","left",1.277
"rt5t","speed","left","left",0.4718
"rt5t","speed","right","right",0.7324
"rt5t","accuracy","left","left",0.5993
"rt5t","neutral","right","right",0.4767
"rt5t","accuracy","left","right",0.6773
"rt5t","accuracy","right","right",1.4218
"rt5t","speed","right","right",0.875
"rt5t","speed","right","left",0.6767
"rt5t","neutral","right","left",0.4355
"rt5t","neutral","right","left",0.3116
"rt5t","neutral","right","left",0.6042
"rt5t","accuracy","left","left",1.3643
"rt5t","accuracy","left","right",0.7687
"rt5t","speed","right","left",0.4951
"rt5t","neutral","left","left",0.5111
"rt5t","accuracy","left","left",0.6609
"rt5t","speed","left","right",0.6072
"rt5t","neutral","right","left",0.4478
"rt5t","neutral","right","left",0.8316
"rt5t","accuracy","right","right",0.5321
"rt5t","speed","right","left",0.402
"rt5t","speed","right","left",1.0888
"rt5t","accuracy","left","right",0.4374
"rt5t","neutral","right","right",0.4093
"rt5t","accuracy","right","right",0.6717
"rt5t","neutral","right","right",0.2842
"rt5t","accuracy","left","left",0.4909
"rt5t","speed","left","left",0.6562
"rt5t","neutral","left","left",0.4324
"rt5t","speed","left","left",0.6562
"rt5t","neutral","right","left",0.4947
"rt5t","neutral","left","left",0.6494
"rt5t","accuracy","left","left",0.2973
"rt5t","speed","right","left",0.4034
"rt5t","speed","left","left",0.4193
"rt5t","neutral","right","left",0.6676
"rt5t","accuracy","left","left",0.3643
"rt5t","speed","left","left",0.3457
"rt5t","accuracy","left","right",0.7946
"rt5t","speed","right","left",0.5215
"rt5t","speed","left","left",0.3729
"rt5t","accuracy","left","right",0.8417
"rt5t","neutral","right","right",0.4773
"rt5t","accuracy","left","right",0.6031
"rt5t","speed","right","right",0.476
"rt5t","accuracy","right","right",0.369
"rt5t","speed","right","right",0.2672
"rt5t","speed","right","left",0.3451
"rt5t","accuracy","left","left",0.9006
"rt5t","accuracy","left","left",0.6021
"rt5t","neutral","left","right",0.4887
"rt5t","speed","left","left",0.3098
"rt5t","neutral","left","left",0.5741
"rt5t","accuracy","right","left",0.451
"rt5t","speed","left","left",0.5647
"rt5t","accuracy","right","right",0.4479
"rt5t","neutral","left","right",0.5377
"rt5t","speed","right","left",0.861
"rt5t","speed","left","left",0.3189
"rt5t","speed","left","left",0.3499
"rt5t","neutral","left","left",0.6284
"rt5t","speed","right","left",0.4759
"rt5t","accuracy","left","left",0.9442
"rt5t","accuracy","left","left",0.4537
"rt5t","accuracy","right","right",0.5184
"rt5t","speed","right","left",1.4221
"rt5t","accuracy","right","right",0.5604
"rt5t","accuracy","left","left",1.0796
"rt5t","neutral","left","left",1.0742
"rt5t","speed","left","left",0.4374
"rt5t","neutral","right","right",0.5565
"rt5t","speed","right","left",0.9968
"rt5t","neutral","right","right",0.7274
"rt5t","accuracy","right","right",1.4571
"rt5t","accuracy","left","right",0.4421
"rt5t","accuracy","right","left",0.6818
"rt5t","neutral","left","left",0.7127
"rt5t","accuracy","right","right",0.6737
"rt5t","neutral","right","left",0.4932
"rt5t","accuracy","left","left",0.9486
"rt5t","accuracy","left","left",0.687
"rt5t","speed","right","left",0.4034
"rt5t","neutral","left","left",0.5971
"rt5t","speed","right","right",0.489
"rt5t","accuracy","left","left",0.4136
"rt5t","accuracy","right","right",0.6294
"rt5t","neutral","left","left",0.465
"rt5t","accuracy","left","left",0.5778
"rt5t","speed","right","left",0.4634
"rt5t","accuracy","left","left",0.5227
"rt5t","neutral","left","left",0.3799
"rt5t","neutral","left","left",0.7046
"rt5t","accuracy","right","left",0.4018
"rt5t","neutral","right","left",0.5962
"rt5t","accuracy","left","left",0.6086
"rt5t","accuracy","left","left",0.4521
"rt5t","neutral","left","left",0.5719
"rt5t","accuracy","left","left",0.5398
"rt5t","neutral","right","right",0.3031
"rt5t","neutral","right","left",0.5853
"rt5t","speed","left","right",0.3126
"rt5t","neutral","right","right",0.7592
"rt5t","speed","right","right",0.6157
"rt5t","neutral","left","left",0.4882
"rt5t","neutral","right","right",0.8338
"rt5t","accuracy","right","right",0.5032
"rt5t","accuracy","left","left",0.5878
"rt5t","neutral","right","left",0.4558
"rt5t","speed","right","right",0.2941
"rt5t","neutral","left","left",0.5335
"rt5t","accuracy","right","left",0.5277
"rt5t","speed","right","left",0.3487
"rt5t","neutral","right","left",0.5603
"rt5t","accuracy","right","left",0.5426
"rt5t","accuracy","left","left",0.884
"rt5t","speed","left","left",0.5597
"rt5t","accuracy","right","right",0.6412
"rt5t","accuracy","right","right",1.2143
"rt5t","neutral","left","left",0.3549
"rt5t","accuracy","right","right",1.132
"rt5t","speed","right","right",1.3832
"rt5t","speed","right","right",0.5362
"rt5t","speed","right","left",0.539
"rt5t","accuracy","left","left",0.3507
"rt5t","accuracy","right","left",0.4367
"rt5t","accuracy","left","right",0.7958
"rt5t","neutral","right","right",0.2699
"rt5t","neutral","right","right",0.4086
"rt5t","neutral","right","right",0.4072
"rt5t","speed","right","right",0.4487
"rt5t","neutral","right","right",0.3704
"rt5t","accuracy","right","right",0.4226
"rt5t","speed","left","left",0.6162
"rt5t","neutral","left","left",0.3029
"rt5t","accuracy","right","left",0.7537
"rt5t","speed","left","left",0.5065
"rt5t","accuracy","left","left",1.0046
"rt5t","speed","right","left",0.3858
"rt5t","speed","right","right",0.5509
"rt5t","speed","left","right",0.333
"rt5t","accuracy","left","left",0.457
"rt5t","speed","left","right",0.3865
"rt5t","accuracy","right","right",1.0669
"rt5t","accuracy","left","right",0.4677
"rt5t","accuracy","left","left",0.5433
"rt5t","accuracy","right","left",0.3952
"rt5t","speed","right","left",0.4701
"rt5t","neutral","right","left",0.4288
"rt5t","speed","right","left",0.58
"rt5t","accuracy","right","left",0.5376
"rt5t","accuracy","left","left",1.1498
"rt5t","accuracy","right","left",0.4768
"rt5t","speed","right","right",0.5521
"rt5t","speed","right","right",0.7299
"rt5t","speed","right","left",0.4099
"rt5t","accuracy","right","left",0.5375
"rt5t","speed","left","left",0.413
"rt5t","speed","left","left",0.3229
"rt5t","accuracy","right","right",0.5466
"rt5t","neutral","left","left",0.8719
"rt5t","neutral","left","right",0.3866
"rt5t","accuracy","left","right",0.484
"rt5t","neutral","right","left",0.3201
"rt5t","speed","left","left",0.488
"rt5t","accuracy","left","left",0.8618
"rt5t","neutral","right","right",0.3949
"rt5t","accuracy","right","left",1.0797
"rt5t","speed","left","left",0.439
"rt5t","neutral","left","right",0.5914
"rt5t","speed","right","left",0.3158
"rt5t","accuracy","right","left",0.4186
"rt5t","neutral","right","left",0.4214
"rt5t","accuracy","right","right",0.6223
"rt5t","neutral","left","left",0.752
"rt5t","accuracy","right","left",0.3748
"rt5t","neutral","left","left",0.3166
"rt5t","accuracy","right","right",0.3826
"rt5t","accuracy","right","right",0.2954
"rt5t","accuracy","right","left",1.4342
"rt5t","accuracy","right","right",0.3659
"rt5t","accuracy","right","right",0.3387
"rt5t","accuracy","right","right",0.4757
"rt5t","speed","right","right",0.4484
"rt5t","neutral","right","right",0.4401
"rt5t","neutral","left","right",0.4267
"rt5t","neutral","right","right",0.3795
"rt5t","accuracy","left","left",0.7286
"rt5t","speed","left","left",0.4455
"rt5t","accuracy","left","right",1.0284
"rt5t","neutral","right","left",0.5662
"rt5t","accuracy","left","left",0.4773
"rt5t","neutral","right","left",0.4729
"rt5t","accuracy","right","right",0.5717
"rt5t","accuracy","right","right",0.7891
"rt5t","accuracy","right","right",0.4296
"rt5t","neutral","right","left",1.1103
"rt5t","neutral","left","left",0.4265
"rt5t","accuracy","left","left",1.2173
"rt5t","accuracy","right","right",0.4756
"rt5t","accuracy","left","right",0.4172
"rt5t","speed","left","left",0.6942
"rt5t","speed","left","left",0.4749
"rt5t","neutral","left","left",0.429
"rt5t","speed","left","left",0.36
"rt5t","speed","right","right",0.3455
"rt5t","speed","left","left",0.2851
"rt5t","neutral","right","left",0.6354
"rt5t","accuracy","left","right",1.3579
"rt5t","neutral","left","left",1.2816
"rt5t","neutral","right","left",0.7296
"rt5t","neutral","left","right",1.4468
"rt5t","speed","right","right",0.8112
"rt5t","speed","left","left",0.5499
"rt5t","neutral","right","left",0.485
"rt5t","accuracy","left","right",0.4628
"rt5t","accuracy","right","right",0.4563
"rt5t","neutral","left","left",0.7833
"rt5t","neutral","left","right",1.3308
"rt5t","accuracy","right","left",0.6464
"rt5t","speed","right","left",0.4815
"rt5t","neutral","right","right",0.3446
"rt5t","accuracy","left","left",0.7122
"rt5t","accuracy","right","right",0.6793
"rt5t","speed","right","right",0.2617
"rt5t","neutral","right","right",1.4929
"rt5t","neutral","left","left",0.6262
"rt5t","accuracy","right","right",1.0813
"rt5t","neutral","right","left",0.6238
"rt5t","accuracy","left","left",0.5839
"rt5t","accuracy","right","right",0.6281
"rt5t","neutral","left","right",0.4597
"rt5t","neutral","right","left",0.5628
"rt5t","speed","left","left",0.2723
"rt5t","neutral","right","left",0.4284
"rt5t","neutral","right","right",0.9841
"rt5t","speed","left","right",0.7386
"rt5t","speed","right","right",0.2745
"rt5t","accuracy","right","left",0.5243
"rt5t","neutral","left","right",0.3711
"rt5t","neutral","right","right",1.0601
"rt5t","accuracy","right","right",0.4616
"rt5t","accuracy","right","right",0.624
"rt5t","speed","left","left",0.7651
"rt5t","accuracy","left","left",0.6224
"rt5t","accuracy","right","left",0.4913
"rt5t","accuracy","left","left",0.9489
"rt5t","speed","right","left",0.2994
"rt5t","speed","left","right",1.1526
"rt5t","accuracy","right","right",0.4361
"rt5t","speed","left","left",0.9273
"rt5t","speed","right","right",0.5099
"rt5t","accuracy","right","right",0.9163
"rt5t","neutral","left","left",0.4982
"rt5t","neutral","right","right",0.4787
"scat","accuracy","left","left",0.5119
"scat","speed","left","left",0.4643
"scat","neutral","right","right",0.3892
"scat","speed","left","left",0.3236
"scat","speed","right","left",0.3614
"scat","speed","right","right",0.3851
"scat","neutral","left","left",0.3523
"scat","neutral","left","left",0.4011
"scat","speed","right","right",0.4043
"scat","speed","left","left",0.3035
"scat","speed","right","right",0.3249
"scat","neutral","left","left",0.3227
"scat","accuracy","right","right",0.3877
"scat","speed","left","left",0.3609
"scat","neutral","right","right",0.2953
"scat","speed","right","left",0.3018
"scat","speed","left","left",0.3779
"scat","neutral","left","left",0.3181
"scat","neutral","left","right",0.3304
"scat","accuracy","left","left",0.2988
"scat","speed","right","right",0.3417
"scat","neutral","left","left",0.4049
"scat","speed","left","left",0.4445
"scat","speed","right","right",0.3124
"scat","speed","right","left",0.444
"scat","accuracy","left","left",0.3692
"scat","neutral","right","right",0.463
"scat","accuracy","left","left",0.4114
"scat","accuracy","left","right",0.3753
"scat","neutral","right","left",0.3546
"scat","neutral","left","left",0.3467
"scat","neutral","right","right",0.5531
"scat","neutral","right","left",0.4692
"scat","accuracy","left","left",0.4332
"scat","speed","right","right",0.3127
"scat","neutral","left","left",0.318
"scat","speed","left","left",0.3115
"scat","speed","right","right",0.4052
"scat","speed","left","left",0.2912
"scat","accuracy","left","left",0.3705
"scat","speed","left","left",0.3005
"scat","accuracy","left","left",0.6421
"scat","neutral","left","left",0.4357
"scat","speed","left","left",1.1433
"scat","speed","right","left",0.4831
"scat","speed","right","left",0.3497
"scat","speed","right","left",0.3238
"scat","speed","right","right",0.414
"scat","accuracy","left","left",0.5593
"scat","neutral","right","left",0.4604
"scat","accuracy","left","right",0.4998
"scat","speed","right","right",0.4407
"scat","speed","right","left",0.7538
"scat","neutral","right","right",0.3731
"scat","accuracy","left","left",0.3336
"scat","speed","left","right",0.3468
"scat","accuracy","right","right",0.5155
"scat","accuracy","right","left",0.3143
"scat","speed","left","left",0.4747
"scat","accuracy","right","right",0.3668
"scat","neutral","left","left",0.3876
"scat","accuracy","left","right",0.5771
"scat","accuracy","left","left",0.4156
"scat","speed","right","right",0.3418
"scat","accuracy","right","left",0.4901
"scat","speed","right","right",0.4456
"scat","speed","left","left",0.4106
"scat","speed","left","left",0.3693
"scat","speed","left","left",0.3432
"scat","speed","right","right",0.3054
"scat","speed","right","left",0.3005
"scat","speed","left","right",0.4048
"scat","speed","right","right",0.5669
"scat","neutral","right","right",0.4676
"scat","speed","left","left",0.3574
"scat","speed","left","right",0.351
"scat","neutral","right","left",0.3377
"scat","accuracy","left","left",0.4232
"scat","accuracy","right","right",0.431
"scat","speed","right","left",0.4465
"scat","speed","right","right",0.3585
"scat","accuracy","left","left",0.4586
"scat","speed","right","right",0.3383
"scat","neutral","right","left",0.4385
"scat","speed","left","right",0.2809
"scat","accuracy","left","right",0.4653
"scat","speed","right","right",0.3958
"scat","speed","right","left",0.3775
"scat","accuracy","left","left",0.3776
"scat","accuracy","left","left",0.6873
"scat","neutral","left","left",0.4852
"scat","speed","right","left",0.3459
"scat","accuracy","left","right",0.3681
"scat","neutral","left","left",0.3183
"scat","neutral","right","right",0.3729
"scat","accuracy","right","left",0.326
"scat","accuracy","right","right",0.5585
"scat","neutral","right","right",0.3808
"scat","accuracy","left","right",0.4768
"scat","neutral","left","left",0.3428
"scat","neutral","left","right",0.5472
"scat","speed","right","right",0.4194
"scat","speed","left","left",0.3471
"scat","speed","right","right",0.3812
"scat","neutral","left","left",0.3419
"scat","neutral","right","right",0.3302
"scat","accuracy","right","right",0.3917
"scat","neutral","left","left",0.5221
"scat","speed","right","right",0.3895
"scat","speed","right","left",0.4896
"scat","neutral","right","right",0.3011
"scat","neutral","left","left",0.4259
"scat","speed","right","right",0.338
"scat","speed","left","right",0.418
"scat","neutral","left","left",0.3944
"scat","speed","right","right",0.3832
"scat","neutral","right","right",0.487
"scat","speed","right","left",0.5196
"scat","speed","left","left",0.3857
"scat","speed","right","right",0.3737
"scat","speed","left","left",0.3663
"scat","speed","left","right",0.5627
"scat","accuracy","right","left",0.4339
"scat","accuracy","right","left",0.4907
"scat","neutral","right","right",0.4394
"scat","accuracy","right","right",0.3631
"scat","neutral","right","right",0.398
"scat","neutral","right","right",0.4572
"scat","neutral","left","right",0.4331
"scat","neutral","left","right",0.4204
"scat","neutral","right","right",0.4665
"scat","neutral","right","right",0.4359
"scat","accuracy","right","left",0.43
"scat","speed","right","right",0.4644
"scat","speed","right","right",0.4505
"scat","accuracy","left","left",0.3446
"scat","speed","right","left",0.4785
"scat","accuracy","right","right",0.378
"scat","neutral","left","left",0.3783
"scat","neutral","right","right",0.5145
"scat","neutral","right","right",0.451
"scat","accuracy","right","right",0.4869
"scat","accuracy","right","right",0.4596
"scat","accuracy","left","left",0.4461
"scat","neutral","right","right",0.445
"scat","accuracy","right","left",0.4767
"scat","neutral","right","right",0.4215
"scat","neutral","right","right",0.53
"scat","neutral","right","right",0.4627
"scat","speed","left","left",0.4341
"scat","neutral","right","right",0.4649
"scat","neutral","left","left",0.553
"scat","accuracy","left","left",0.4676
"scat","neutral","left","left",0.5425
"scat","accuracy","left","left",0.4222
"scat","speed","left","left",0.4864
"scat","neutral","left","left",0.4448
"scat","speed","left","left",0.4815
"scat","accuracy","right","right",0.7216
"scat","neutral","right","right",0.4469
"scat","speed","left","left",0.5289
"scat","speed","right","right",0.4415
"scat","speed","left","left",0.4447
"scat","neutral","left","left",0.3844
"scat","neutral","left","left",0.3882
"scat","speed","left","left",0.4024
"scat","neutral","left","right",0.485
"scat","accuracy","right","right",0.4223
"scat","speed","right","right",0.3869
"scat","accuracy","right","right",0.4127
"scat","accuracy","left","left",0.4452
"scat","neutral","left","right",0.5329
"scat","neutral","right","right",0.4357
"scat","accuracy","left","left",0.8109
"scat","neutral","left","left",0.5204
"scat","accuracy","left","left",0.4507
"scat","speed","left","left",0.4008
"scat","neutral","left","right",0.4143
"scat","accuracy","right","left",0.3495
"scat","speed","left","left",0.3697
"scat","neutral","left","left",0.544
"scat","speed","right","right",0.4207
"scat","speed","right","left",0.3803
"scat","accuracy","right","right",0.4531
"scat","neutral","left","left",0.4286
"scat","accuracy","left","left",0.5112
"scat","speed","right","right",0.3877
"scat","accuracy","left","left",0.3538
"scat","accuracy","left","right",0.3844
"scat","accuracy","left","left",0.3817
"scat","speed","left","left",0.4426
"scat","neutral","right","right",0.4607
"scat","accuracy","right","right",0.4485
"scat","neutral","right","left",0.4475
"scat","accuracy","left","left",0.4121
"scat","neutral","left","left",0.4891
"scat","accuracy","left","left",0.3888
"scat","accuracy","right","right",0.4397
"scat","accuracy","right","left",0.4653
"scat","neutral","left","left",0.3944
"scat","speed","right","right",0.4739
"scat","speed","left","left",0.5451
"scat","neutral","left","right",0.401
"scat","neutral","right","right",0.4605
"scat","accuracy","right","left",0.4692
"scat","speed","right","right",0.489
"scat","speed","left","left",0.3924
"scat","accuracy","right","right",0.358
"scat","accuracy","right","right",0.4431
"scat","speed","right","right",0.4435
"scat","speed","left","left",0.3784
"scat","neutral","right","left",0.4512
"scat","accuracy","left","left",0.5275
"scat","accuracy","left","left",0.6105
"scat","accuracy","left","left",0.3836
"scat","speed","right","right",0.409
"scat","speed","left","left",0.3393
"scat","speed","right","right",0.3904
"scat","speed","left","left",0.3916
"scat","neutral","left","left",0.4593
"scat","neutral","right","left",0.4834
"scat","neutral","left","left",0.3474
"scat","neutral","right","left",0.4829
"scat","speed","left","right",0.3938
"scat","neutral","right","left",0.5944
"scat","accuracy","right","right",0.4517
"scat","accuracy","right","left",0.3303
"scat","speed","left","left",0.3783
"scat","accuracy","right","right",0.5243
"scat","speed","left","left",0.3269
"scat","neutral","left","left",0.4321
"scat","speed","left","left",0.4024
"scat","neutral","right","right",0.4992
"scat","speed","left","left",0.4161
"scat","neutral","right","right",0.3787
"scat","speed","right","right",0.4282
"scat","accuracy","left","left",0.5426
"scat","speed","left","left",0.4031
"scat","accuracy","right","right",0.4859
"scat","accuracy","left","left",0.6696
"scat","speed","right","right",0.3088
"scat","speed","left","left",0.3835
"scat","accuracy","left","right",0.5707
"scat","speed","right","left",0.5096
"scat","neutral","left","left",0.5969
"scat","accuracy","right","right",0.5422
"scat","neutral","left","left",0.4358
"scat","speed","right","right",0.4125
"scat","speed","left","left",0.3002
"scat","speed","right","right",0.4238
"scat","accuracy","right","left",0.3648
"scat","accuracy","left","left",0.4287
"scat","neutral","right","right",0.589
"scat","accuracy","right","right",1.2827
"scat","neutral","left","left",0.3777
"scat","neutral","right","left",0.871
"scat","neutral","right","right",0.568
"scat","accuracy","left","left",0.4089
"scat","neutral","right","left",0.4294
"scat","speed","right","right",0.4037
"scat","speed","left","left",0.381
"scat","neutral","left","left",0.4018
"scat","speed","left","left",0.5259
"scat","speed","right","right",0.377
"scat","speed","left","left",0.3664
"scat","accuracy","right","right",0.5097
"scat","speed","right","right",0.471
"scat","neutral","left","left",0.4099
"scat","neutral","left","left",0.4823
"scat","neutral","right","right",0.4435
"scat","speed","right","left",0.5184
"scat","speed","right","right",0.4173
"scat","speed","left","left",0.4061
"scat","accuracy","right","right",0.7822
"scat","neutral","right","left",0.4252
"scat","speed","right","right",0.3061
"scat","neutral","left","left",0.4251
"scat","accuracy","right","right",0.425
"scat","speed","right","left",0.4427
"scat","accuracy","right","right",0.4906
"scat","neutral","left","left",0.4693
"scat","accuracy","right","right",0.469
"scat","neutral","left","left",0.4931
"scat","neutral","left","left",0.408
"scat","speed","left","left",0.5587
"scat","accuracy","left","left",0.3832
"scat","neutral","left","left",0.3716
"scat","neutral","right","right",0.3819
"scat","accuracy","left","left",0.3782
"scat","neutral","right","right",0.3998
"scat","accuracy","right","left",0.773
"scat","neutral","left","left",0.4857
"scat","accuracy","left","left",0.4679
"scat","speed","left","right",0.7586
"scat","speed","right","left",0.7807
"scat","accuracy","right","right",0.4454
"scat","neutral","right","left",0.5534
"scat","neutral","left","right",0.3608
"scat","accuracy","right","left",0.5041
"scat","neutral","right","right",0.4596
"scat","neutral","left","left",0.4505
"scat","speed","right","right",0.4509
"scat","accuracy","right","right",0.4953
"scat","speed","left","left",0.399
"scat","neutral","left","left",0.5139
"scat","neutral","left","right",0.3945
"scat","neutral","right","left",0.5445
"scat","speed","right","right",0.5511
"scat","accuracy","right","left",0.5842
"scat","speed","left","left",0.6745
"scat","accuracy","left","left",0.6522
"scat","speed","right","left",0.5079
"scat","neutral","left","right",0.6453
"scat","accuracy","left","left",0.621
"scat","speed","left","right",0.6077
"scat","speed","right","left",0.5496
"scat","neutral","right","left",0.525
"scat","accuracy","right","right",0.4437
"scat","accuracy","right","right",0.5868
"scat","accuracy","left","left",0.4359
"scat","neutral","right","left",0.3782
"scat","accuracy","left","left",0.5048
"scat","accuracy","right","right",0.5334
"scat","speed","right","right",0.5098
"scat","neutral","right","right",0.3896
"scat","speed","left","left",0.3504
"scat","speed","right","right",0.349
"scat","speed","left","left",0.3568
"scat","speed","right","right",0.336
"scat","accuracy","left","left",0.349
"scat","neutral","right","right",0.396
"scat","accuracy","left","left",0.3962
"scat","neutral","right","right",0.334
"scat","speed","right","right",0.3859
"scat","speed","left","left",0.3145
"scat","accuracy","left","right",0.4024
"scat","speed","left","left",0.4737
"scat","neutral","left","left",0.3672
"scat","neutral","left","left",0.4505
"scat","accuracy","right","right",0.3975
"scat","accuracy","right","left",0.3862
"scat","neutral","left","left",0.3801
"scat","speed","left","left",0.4364
"scat","speed","left","left",0.3874
"scat","speed","left","left",0.3615
"scat","accuracy","left","left",0.4177
"scat","accuracy","right","left",0.5589
"scat","neutral","left","left",0.4009
"scat","speed","right","right",0.4441
"scat","accuracy","right","left",0.4514
"scat","speed","left","left",0.3463
"scat","neutral","right","right",0.4743
"scat","accuracy","right","right",0.6596
"scat","neutral","right","right",0.5156
"scat","neutral","right","right",0.4537
"scat","speed","right","right",0.4666
"scat","accuracy","left","left",0.4298
"scat","neutral","right","right",0.4411
"scat","speed","right","right",0.4481
"scat","neutral","right","right",0.431
"scat","accuracy","left","left",0.3899
"scat","neutral","left","left",0.5002
"scat","accuracy","left","left",0.3862
"scat","speed","right","right",0.3908
"scat","neutral","right","right",0.6996
"scat","accuracy","right","left",0.3657
"scat","neutral","right","right",0.4436
"scat","accuracy","right","left",0.4631
"scat","accuracy","right","right",0.4731
"scat","speed","right","left",0.4709
"scat","speed","right","right",0.3811
"scat","accuracy","left","left",0.329
"scat","neutral","left","left",0.4154
"scat","neutral","right","right",0.5159
"scat","speed","left","left",0.3886
"scat","accuracy","left","left",0.4433
"scat","speed","right","right",0.4437
"scat","neutral","right","left",0.4761
"scat","accuracy","right","right",0.4233
"scat","accuracy","right","right",0.4494
"scat","neutral","left","left",0.3775
"scat","neutral","right","right",0.4952
"scat","neutral","left","left",0.5487
"scat","speed","right","right",0.403
"scat","accuracy","right","left",0.4828
"scat","speed","right","right",0.42
"scat","speed","right","right",0.4531
"scat","speed","left","left",0.3973
"scat","accuracy","right","right",0.4126
"scat","speed","right","right",0.4261
"scat","accuracy","left","left",0.4115
"scat","speed","left","right",0.5438
"scat","speed","right","right",0.4492
"scat","accuracy","left","left",0.3989
"scat","speed","left","right",0.5828
"scat","accuracy","right","left",0.4559
"scat","speed","left","left",0.4357
"scat","accuracy","right","right",0.4687
"scat","neutral","right","right",0.4398
"scat","speed","left","left",0.4188
"scat","neutral","right","right",0.4555
"scat","speed","left","left",0.3548
"scat","accuracy","right","right",0.4274
"scat","accuracy","left","left",0.3776
"scat","accuracy","right","right",0.4031
"scat","neutral","left","right",0.5076
"scat","speed","left","left",0.4144
"scat","neutral","left","left",0.4007
"scat","neutral","right","right",0.5544
"scat","accuracy","right","right",0.5
"scat","accuracy","right","right",0.4863
"scat","neutral","right","right",0.4965
"scat","neutral","right","left",0.4051
"scat","accuracy","left","left",0.5344
"scat","neutral","right","right",0.5289
"scat","speed","right","left",0.4518
"scat","accuracy","right","right",0.4795
"scat","speed","left","right",0.5228
"scat","speed","left","left",0.3284
"scat","accuracy","left","left",0.3578
"scat","speed","left","left",0.415
"scat","neutral","right","left",0.5893
"scat","speed","right","left",0.4183
"scat","neutral","right","right",0.3786
"scat","neutral","right","left",0.4689
"scat","accuracy","left","left",0.5813
"scat","speed","right","left",0.4312
"scat","neutral","right","left",0.53
"scat","accuracy","right","right",0.5473
"scat","neutral","right","right",0.5203
"scat","speed","left","left",0.4197
"scat","speed","right","right",0.388
"scat","accuracy","right","right",0.4151
"scat","neutral","right","left",0.4881
"scat","neutral","right","right",0.5707
"scat","accuracy","right","right",0.4165
"scat","speed","right","right",0.3794
"scat","speed","left","left",0.4536
"scat","speed","left","left",0.3255
"scat","speed","right","left",0.3171
"scat","neutral","left","left",0.4222
"scat","accuracy","left","left",0.3717
"scat","speed","right","right",0.451
"scat","accuracy","right","right",0.4214
"scat","speed","left","left",0.3419
"scat","accuracy","left","right",0.586
"scat","speed","left","left",0.4246
"scat","accuracy","left","left",0.3819
"scat","speed","left","left",0.3183
"scat","accuracy","right","right",0.4437
"scat","speed","left","left",0.3656
"scat","neutral","right","right",0.4082
"scat","accuracy","right","right",0.4425
"scat","accuracy","left","left",0.3881
"scat","neutral","left","left",0.4207
"scat","accuracy","right","left",0.6376
"scat","accuracy","right","right",0.4309
"scat","accuracy","left","left",0.4526
"scat","neutral","left","right",0.4839
"scat","accuracy","left","left",0.4514
"scat","neutral","right","right",0.4714
"scat","speed","right","right",0.7597
"scat","accuracy","right","right",0.6188
"scat","neutral","right","right",0.4676
"scat","speed","right","left",0.5351
"scat","accuracy","right","right",0.6927
"scat","neutral","left","left",0.4425
"scat","speed","right","right",0.4782
"scat","neutral","right","right",0.5878
"scat","speed","right","left",0.5251
"scat","neutral","right","right",0.4859
"scat","accuracy","left","left",0.4098
"scat","speed","right","right",0.4153
"scat","accuracy","right","left",0.482
"scat","speed","right","right",0.3381
"scat","speed","left","left",0.3975
"scat","neutral","right","left",0.4005
"scat","accuracy","right","right",0.4313
"scat","speed","right","right",0.4162
"scat","neutral","left","left",0.4304
"scat","accuracy","left","right",0.4285
"scat","speed","left","right",0.478
"scat","neutral","left","left",0.44
"scat","speed","left","right",0.4221
"scat","accuracy","right","left",0.3556
"scat","accuracy","right","right",0.4213
"scat","speed","right","right",0.4747
"scat","speed","right","right",0.4721
"scat","neutral","right","left",0.3927
"scat","neutral","left","left",0.4864
"scat","speed","left","right",0.419
"scat","accuracy","right","right",0.4183
"scat","neutral","right","left",0.5646
"scat","neutral","left","left",0.4632
"scat","accuracy","right","right",0.4713
"scat","neutral","left","left",0.5441
"scat","accuracy","right","right",0.4283
"scat","accuracy","left","left",0.5257
"scat","neutral","left","left",0.5789
"scat","neutral","right","right",0.4255
"scat","neutral","right","left",0.4792
"scat","neutral","left","left",0.492
"scat","speed","right","right",0.5138
"scat","speed","left","left",0.4253
"scat","neutral","left","left",0.4386
"scat","accuracy","left","left",0.4588
"scat","accuracy","left","left",0.5392
"scat","accuracy","right","right",0.696
"scat","neutral","left","left",0.4498
"scat","neutral","left","left",0.4522
"scat","speed","right","left",0.5033
"scat","neutral","left","left",0.47
"scat","neutral","left","left",0.5335
"scat","neutral","right","right",0.4789
"scat","speed","right","right",0.4934
"scat","accuracy","right","right",0.6259
"scat","accuracy","left","left",0.5628
"scat","accuracy","right","right",0.5236
"scat","speed","right","right",0.4555
"scat","speed","left","right",0.4828
"scat","speed","right","left",0.439
"scat","neutral","right","right",0.3475
"scat","neutral","right","right",0.4833
"scat","neutral","left","right",0.4524
"scat","speed","right","right",0.4805
"scat","speed","right","left",0.5367
"scat","neutral","left","left",0.4714
"scat","neutral","left","left",0.5048
"scat","accuracy","right","right",0.5711
"scat","accuracy","left","left",0.4762
"scat","speed","right","right",0.5549
"scat","neutral","left","left",0.5337
"scat","neutral","right","right",0.6735
"scat","neutral","right","left",0.5071
"scat","speed","left","left",0.4791
"scat","accuracy","right","right",0.4317
"scat","neutral","left","left",0.5896
"scat","speed","right","right",0.4909
"scat","speed","right","right",0.4344
"scat","accuracy","right","right",0.4471
"scat","neutral","right","right",0.5657
"scat","speed","left","left",0.4706
"scat","speed","right","left",0.4364
"scat","speed","right","right",0.3538
"scat","accuracy","right","right",0.4557
"scat","neutral","left","left",0.4759
"scat","accuracy","left","left",0.3867
"scat","neutral","right","right",0.3358
"scat","speed","left","left",0.4301
"scat","speed","left","left",0.4393
"scat","speed","left","left",0.4088
"scat","neutral","right","right",0.505
"scat","speed","right","right",0.4416
"scat","speed","left","left",0.5943
"scat","neutral","right","left",0.5724
"scat","neutral","right","right",0.3676
"scat","neutral","left","left",0.4248
"scat","neutral","right","left",0.5029
"scat","accuracy","right","right",0.8903
"scat","neutral","right","right",0.4724
"scat","neutral","left","left",0.4172
"scat","neutral","right","right",0.425
"scat","speed","left","left",0.5061
"scat","neutral","right","right",0.4194
"scat","neutral","left","left",0.3917
"scat","accuracy","left","right",0.6091
"scat","accuracy","right","right",0.4118
"scat","neutral","right","right",0.5331
"scat","accuracy","right","left",0.5953
"scat","neutral","right","right",0.4732
"scat","neutral","right","right",0.4246
"scat","speed","right","right",0.4683
"scat","speed","right","left",0.4825
"scat","accuracy","right","right",0.453
"scat","neutral","left","left",0.419
"scat","accuracy","right","right",0.4249
"scat","speed","left","right",0.4807
"scat","neutral","right","left",0.4946
"scat","accuracy","left","left",0.4055
"scat","neutral","left","left",0.4579
"scat","speed","left","left",0.3995
"scat","neutral","right","right",0.4057
"scat","accuracy","right","left",0.4277
"scat","accuracy","left","left",0.383
"scat","accuracy","left","left",0.425
"scat","accuracy","right","right",0.4526
"scat","neutral","right","right",0.5582
"scat","neutral","right","left",0.7742
"scat","speed","left","left",0.6011
"scat","accuracy","right","right",0.8568
"scat","accuracy","right","left",0.499
"scat","accuracy","right","right",0.4502
"scat","accuracy","left","left",0.4461
"scat","accuracy","left","left",0.5257
"scat","speed","left","left",0.5275
"scat","neutral","right","right",0.5799
"scat","speed","right","left",0.4954
"scat","accuracy","right","right",0.4263
"scat","neutral","left","left",0.3983
"scat","accuracy","right","right",0.5476
"scat","speed","left","left",0.4178
"scat","accuracy","left","left",0.3993
"scat","accuracy","right","right",0.4205
"scat","speed","left","left",0.425
"scat","speed","right","right",0.2834
"scat","speed","right","left",0.3242
"scat","neutral","left","left",0.5279
"scat","accuracy","right","right",0.4486
"scat","speed","right","left",0.4599
"scat","neutral","right","right",0.3597
"scat","speed","left","left",0.532
"scat","accuracy","left","right",0.363
"scat","accuracy","left","left",0.5021
"scat","speed","left","left",0.6123
"scat","neutral","left","left",0.3341
"scat","accuracy","right","right",0.4127
"scat","accuracy","left","left",0.3509
"scat","neutral","left","left",0.3751
"scat","accuracy","right","right",0.4083
"scat","neutral","right","left",0.3818
"scat","speed","left","left",0.4283
"scat","accuracy","right","right",0.4176
"scat","neutral","left","left",0.4494
"scat","accuracy","left","left",0.424
"scat","speed","right","left",0.5471
"scat","accuracy","right","right",0.4638
"scat","speed","right","left",0.5282
"scat","neutral","right","left",0.4627
"scat","accuracy","left","left",0.4698
"scat","accuracy","right","right",0.4534
"scat","neutral","right","right",0.5029
"scat","neutral","left","left",0.5268
"scat","speed","right","right",0.6205
"scat","speed","right","right",0.4121
"scat","speed","left","right",0.371
"scat","accuracy","left","left",0.463
"scat","accuracy","left","left",0.4947
"scat","accuracy","right","right",0.4273
"scat","speed","right","right",0.4525
"scat","neutral","left","left",0.3689
"scat","accuracy","right","left",0.7361
"scat","neutral","right","right",0.3875
"scat","speed","right","right",0.5029
"scat","accuracy","left","left",0.3965
"scat","accuracy","left","left",0.3814
"scat","accuracy","left","left",0.4764
"scat","accuracy","right","right",0.3503
"scat","neutral","left","left",0.3041
"scat","neutral","left","left",0.3278
"scat","speed","left","left",0.3936
"scat","speed","right","left",0.3452
"scat","speed","right","right",0.3613
"scat","speed","right","right",0.3657
"scat","speed","right","left",0.3359
"scat","accuracy","right","right",0.4188
"scat","neutral","left","right",0.4221
"scat","accuracy","right","right",0.4808
"scat","neutral","left","left",0.3763
"scat","speed","left","right",0.3813
"scat","speed","left","left",0.3875
"scat","speed","left","left",0.5358
"scat","speed","right","right",0.4168
"scat","speed","right","left",0.5077
"scat","speed","right","right",0.4029
"scat","neutral","left","left",0.385
"scat","neutral","right","left",0.6051
"scat","neutral","right","right",0.4921
"scat","accuracy","right","right",0.4645
"scat","accuracy","left","left",0.6039
"scat","neutral","left","left",0.4141
"scat","speed","right","left",0.5842
"scat","speed","left","left",0.4352
"scat","speed","left","left",0.4619
"scat","speed","right","right",0.4676
"scat","speed","right","right",0.4483
"scat","accuracy","left","left",0.3746
"scat","neutral","right","right",0.5394
"scat","speed","right","right",0.5113
"scat","neutral","right","right",0.5311
"scat","speed","right","right",0.4335
"scat","accuracy","left","left",0.4397
"scat","accuracy","right","right",0.4212
"scat","speed","left","left",0.5595
"scat","speed","right","right",0.4869
"scat","accuracy","left","left",0.3874
"scat","speed","left","left",0.4299
"scat","neutral","left","right",0.3852
"scat","speed","left","right",0.4717
"scat","accuracy","left","left",0.3673
"scat","accuracy","right","right",0.4254
"scat","accuracy","right","right",0.4115
"scat","speed","right","right",0.3993
"scat","accuracy","right","right",0.4239
"scat","speed","left","left",0.5011
"scat","neutral","right","right",0.4606
"scat","accuracy","right","right",0.3795
"scat","speed","right","right",0.3485
"scat","speed","left","left",0.3769
"scat","accuracy","right","right",0.4274
"scat","neutral","left","left",0.3562
"scat","speed","right","right",0.6088
"scat","neutral","right","right",0.4429
"scat","neutral","left","left",0.3453
"scat","speed","left","left",0.4075
"scat","accuracy","left","left",0.3838
"scat","neutral","right","right",0.4079
"scat","neutral","left","left",0.368
"scat","speed","right","right",0.418
"scat","accuracy","right","right",0.501
"scat","speed","right","right",0.4281
"scat","accuracy","left","left",0.4367
"scat","accuracy","left","left",0.384
"scat","speed","right","right",0.6249
"scat","speed","right","right",0.4348
"scat","speed","left","left",0.4093
"scat","neutral","left","left",0.4806
"scat","accuracy","left","left",0.4407
"scat","accuracy","left","left",0.4075
"scat","neutral","left","left",0.4291
"scat","neutral","right","right",0.5908
"scat","accuracy","left","left",0.6722
"scat","accuracy","right","right",0.4574
"scat","speed","left","left",0.3873
"scat","neutral","left","left",0.4124
"scat","speed","right","right",0.3776
"scat","neutral","left","left",0.4483
"scat","neutral","left","left",0.549
"scat","neutral","left","left",0.4469
"scat","accuracy","right","right",0.4086
"scat","neutral","left","right",0.5287
"scat","accuracy","right","right",0.4365
"scat","neutral","left","left",0.4083
"scat","accuracy","right","right",0.4901
"scat","accuracy","right","right",0.4766
"scat","speed","right","right",0.6157
"scat","speed","right","right",0.4345
"scat","accuracy","left","left",0.3963
"scat","neutral","left","left",0.4345
"scat","speed","left","left",0.3985
"scat","speed","left","left",0.5063
"scat","accuracy","right","left",0.4635
"scat","accuracy","right","right",0.4761
"scat","speed","left","left",0.3351
"scat","accuracy","left","left",0.3722
"scat","neutral","right","right",0.3954
"scat","neutral","left","left",0.3933
"scat","neutral","left","right",0.3667
"scat","accuracy","left","left",0.3964
"scat","speed","left","left",0.3404
"scat","accuracy","left","right",0.3878
"scat","speed","left","left",0.3372
"scat","speed","left","left",0.3611
"scat","neutral","right","right",0.5268
"scat","accuracy","right","left",0.3217
"scat","accuracy","right","right",0.4613
"scat","speed","right","right",0.4585
"scat","accuracy","right","left",0.3558
"scat","neutral","left","left",0.4177
"scat","neutral","right","right",0.3752
"scat","speed","left","left",0.3509
"scat","speed","left","left",0.4184
"scat","speed","right","right",0.381
"scat","neutral","right","left",0.579
"scat","accuracy","left","right",0.4252
"scat","neutral","right","left",0.5225
"scat","accuracy","right","right",0.4152
"scat","speed","left","left",0.363
"scat","speed","right","right",0.4031
"scat","neutral","left","left",0.3538
"scat","speed","right","right",0.3881
"scat","accuracy","left","left",0.3528
"scat","accuracy","right","right",0.6043
"scat","accuracy","right","right",0.4038
"scat","neutral","left","left",0.4023
"scat","neutral","left","right",0.695
"scat","neutral","right","right",0.5904
"scat","neutral","left","left",0.4155
"scat","speed","right","right",0.4177
"scat","speed","left","left",0.6199
"scat","neutral","right","right",0.4516
"scat","neutral","right","right",0.5355
"scat","accuracy","right","right",0.4578
"scat","accuracy","right","right",0.5141
"scat","accuracy","right","right",0.4271
"scat","speed","right","right",0.4349
"scat","neutral","right","right",0.4618
"scat","speed","left","left",0.3663
"scat","speed","right","right",0.4481
"scat","neutral","left","left",0.4045
"scat","neutral","left","left",0.4233
"scat","speed","right","right",0.4993
"scat","accuracy","right","right",0.4766
"scat","accuracy","right","left",0.6173
"scat","speed","left","left",0.3509
"scat","speed","left","left",0.485
"scat","neutral","left","left",0.3901
"scat","accuracy","left","left",0.4229
"scat","accuracy","right","right",0.4809
"scat","neutral","right","right",0.4925
"scat","accuracy","right","right",0.5077
"scat","speed","left","left",0.4561
"scat","accuracy","right","right",0.475
"scat","accuracy","left","left",0.6852
"scat","neutral","left","left",0.4247
"scat","neutral","left","left",0.4945
"scat","speed","left","right",0.9958
"scat","accuracy","right","left",0.41
"scat","accuracy","right","right",0.4238
"scat","speed","left","left",0.3349
"scat","speed","left","left",0.5102
"scat","accuracy","left","left",0.3707
"scat","speed","left","left",0.3495
"scat","accuracy","right","right",0.3704
"scat","accuracy","right","left",0.5143
"scat","neutral","right","right",0.4197
"scat","speed","right","right",0.4942
"scat","neutral","right","right",0.4034
"scat","speed","right","right",0.4363
"scat","speed","right","left",0.4491
"scat","accuracy","right","right",0.4055
"scat","speed","left","left",0.3645
"scat","accuracy","right","right",0.361
"scat","accuracy","left","left",0.386
"scat","accuracy","right","right",0.4778
"scat","accuracy","right","right",0.4692
"scat","accuracy","left","left",0.6039
"scat","accuracy","right","left",0.4994
"scat","neutral","left","left",0.4222
"scat","speed","right","left",0.4658
"scat","neutral","left","left",0.4191
"scat","accuracy","right","right",0.7623
"scat","speed","right","left",0.3529
"scat","neutral","left","left",0.4683
"scat","speed","right","left",0.489
"scat","speed","left","left",0.3901
"scat","accuracy","left","left",0.3977
"scat","speed","right","right",0.4471
"scat","speed","left","left",0.3572
"scat","neutral","left","left",0.4988
"scat","speed","left","left",0.5008
"scat","accuracy","right","right",0.6149
"scat","accuracy","left","left",0.404
"scat","accuracy","left","right",0.4142
"scat","neutral","right","left",0.5275
"scat","speed","right","right",0.4308
"scat","accuracy","left","left",0.4879
"scat","speed","left","left",0.4863
"scat","speed","right","right",0.3993
"scat","neutral","left","left",0.3616
"ta5t","accuracy","left","left",0.5127
"ta5t","accuracy","left","left",0.4773
"ta5t","accuracy","left","left",0.4723
"ta5t","speed","left","left",0.4174
"ta5t","speed","left","left",0.3024
"ta5t","accuracy","right","right",0.4309
"ta5t","accuracy","left","left",0.3483
"ta5t","speed","right","left",0.3004
"ta5t","speed","right","right",0.4343
"ta5t","neutral","left","left",0.3825
"ta5t","accuracy","left","left",0.3676
"ta5t","speed","right","right",0.3935
"ta5t","speed","right","right",0.3634
"ta5t","neutral","right","right",0.3796
"ta5t","speed","left","left",0.288
"ta5t","accuracy","left","left",0.3284
"ta5t","neutral","left","left",0.4005
"ta5t","speed","left","left",0.2787
"ta5t","speed","left","left",0.3252
"ta5t","speed","left","left",0.3139
"ta5t","speed","right","right",0.2683
"ta5t","accuracy","right","right",0.5892
"ta5t","neutral","right","right",0.4524
"ta5t","speed","right","right",0.4508
"ta5t","accuracy","right","right",0.4244
"ta5t","neutral","left","left",0.3836
"ta5t","accuracy","right","right",0.3401
"ta5t","accuracy","left","left",0.4282
"ta5t","speed","right","right",0.3673
"ta5t","speed","left","left",0.3357
"ta5t","neutral","right","right",0.3531
"ta5t","neutral","left","left",0.3198
"ta5t","speed","left","left",0.3132
"ta5t","neutral","left","left",0.3621
"ta5t","accuracy","left","left",0.3366
"ta5t","accuracy","left","left",0.3437
"ta5t","accuracy","left","left",0.3353
"ta5t","neutral","right","right",0.3913
"ta5t","neutral","left","left",0.3549
"ta5t","speed","left","left",0.3345
"ta5t","neutral","left","left",0.3346
"ta5t","speed","left","left",0.5816
"ta5t","speed","right","left",0.3244
"ta5t","accuracy","left","left",0.3886
"ta5t","speed","left","left",0.5195
"ta5t","neutral","right","right",0.4772
"ta5t","accuracy","right","left",0.4498
"ta5t","speed","left","left",0.4962
"ta5t","neutral","right","right",0.4132
"ta5t","speed","left","left",0.3703
"ta5t","neutral","right","right",0.3912
"ta5t","neutral","left","left",0.4005
"ta5t","speed","right","right",0.3854
"ta5t","neutral","right","right",0.4183
"ta5t","neutral","left","left",0.4043
"ta5t","neutral","left","left",0.3957
"ta5t","neutral","left","left",0.4236
"ta5t","accuracy","left","left",0.5324
"ta5t","neutral","right","right",0.3644
"ta5t","speed","right","right",0.4005
"ta5t","speed","left","left",0.5385
"ta5t","accuracy","right","right",0.4293
"ta5t","neutral","left","left",0.4776
"ta5t","neutral","left","left",0.4171
"ta5t","speed","right","right",0.3689
"ta5t","neutral","right","right",0.5295
"ta5t","accuracy","right","right",0.4097
"ta5t","accuracy","right","left",0.6001
"ta5t","neutral","right","right",0.5478
"ta5t","accuracy","right","right",0.6718
"ta5t","accuracy","right","right",0.4656
"ta5t","accuracy","right","right",0.5709
"ta5t","neutral","left","left",0.5764
"ta5t","speed","left","left",0.5528
"ta5t","accuracy","right","right",0.4169
"ta5t","speed","left","left",0.4027
"ta5t","speed","right","right",0.3108
"ta5t","neutral","right","right",0.5855
"ta5t","speed","left","left",0.3277
"ta5t","accuracy","right","right",0.5436
"ta5t","speed","right","right",0.3795
"ta5t","neutral","right","right",0.4093
"ta5t","accuracy","left","left",0.4593
"ta5t","speed","left","left",0.3953
"ta5t","accuracy","right","left",0.3927
"ta5t","speed","right","right",0.6202
"ta5t","speed","right","right",0.512
"ta5t","neutral","left","left",0.563
"ta5t","accuracy","right","right",1.0503
"ta5t","accuracy","right","right",0.8765
"ta5t","speed","left","left",0.3914
"ta5t","accuracy","left","left",0.4784
"ta5t","accuracy","left","left",0.6267
"ta5t","speed","right","right",0.4584
"ta5t","neutral","left","left",0.5683
"ta5t","neutral","left","left",0.6542
"ta5t","speed","left","left",0.4245
"ta5t","accuracy","right","right",0.458
"ta5t","speed","right","right",0.5263
"ta5t","accuracy","left","left",0.4409
"ta5t","accuracy","left","left",0.4353
"ta5t","neutral","left","left",0.5854
"ta5t","accuracy","left","left",0.568
"ta5t","neutral","left","left",0.5049
"ta5t","speed","left","left",0.4107
"ta5t","accuracy","right","right",0.4006
"ta5t","neutral","right","right",0.6217
"ta5t","accuracy","left","left",0.4382
"ta5t","neutral","left","left",0.5369
"ta5t","speed","right","right",0.3911
"ta5t","neutral","left","left",0.5203
"ta5t","speed","left","left",0.4212
"ta5t","speed","right","left",0.3408
"ta5t","neutral","left","left",0.4352
"ta5t","accuracy","right","right",0.4551
"ta5t","neutral","right","right",0.3915
"ta5t","accuracy","left","left",0.5843
"ta5t","neutral","right","right",0.8102
"ta5t","speed","left","left",0.4406
"ta5t","speed","left","left",0.3802
"ta5t","neutral","right","right",0.595
"ta5t","neutral","right","right",0.5865
"ta5t","accuracy","right","right",0.485
"ta5t","speed","left","left",0.3708
"ta5t","speed","left","left",0.4105
"ta5t","speed","left","left",0.3382
"ta5t","accuracy","left","left",0.4536
"ta5t","neutral","left","left",0.4078
"ta5t","speed","left","left",0.3964
"ta5t","neutral","left","left",0.4011
"ta5t","neutral","right","right",0.5544
"ta5t","neutral","right","right",0.5264
"ta5t","speed","left","left",0.4407
"ta5t","speed","right","right",0.4083
"ta5t","speed","right","right",0.3208
"ta5t","accuracy","right","right",0.6123
"ta5t","speed","left","left",0.5108
"ta5t","speed","right","right",0.375
"ta5t","accuracy","left","left",0.4025
"ta5t","accuracy","left","left",0.5837
"ta5t","accuracy","right","right",0.5398
"ta5t","neutral","right","right",0.4337
"ta5t","accuracy","right","right",0.4191
"ta5t","accuracy","right","right",0.541
"ta5t","neutral","right","right",0.4422
"ta5t","neutral","left","left",0.4254
"ta5t","speed","right","right",0.3865
"ta5t","accuracy","right","right",0.7914
"ta5t","accuracy","left","left",0.4123
"ta5t","neutral","left","left",0.5003
"ta5t","speed","right","right",0.4153
"ta5t","speed","right","right",0.2931
"ta5t","accuracy","right","right",0.3875
"ta5t","neutral","left","left",0.4176
"ta5t","neutral","left","left",0.3776
"ta5t","speed","right","right",0.3158
"ta5t","accuracy","right","right",0.5613
"ta5t","neutral","left","left",0.5279
"ta5t","accuracy","right","right",0.4577
"ta5t","accuracy","left","left",0.4371
"ta5t","accuracy","right","right",0.4729
"ta5t","speed","left","right",0.3411
"ta5t","accuracy","right","right",0.6109
"ta5t","accuracy","left","left",0.4796
"ta5t","neutral","left","left",0.3999
"ta5t","neutral","left","left",0.4317
"ta5t","speed","right","left",0.2913
"ta5t","speed","right","right",0.3513
"ta5t","neutral","right","right",0.5296
"ta5t","speed","right","right",0.4615
"ta5t","neutral","right","right",0.4727
"ta5t","neutral","left","left",0.4527
"ta5t","speed","right","right",0.4016
"ta5t","neutral","right","left",0.5184
"ta5t","speed","left","left",0.4259
"ta5t","neutral","left","left",0.4299
"ta5t","neutral","left","left",0.3711
"ta5t","neutral","right","right",0.4819
"ta5t","neutral","left","left",0.4214
"ta5t","neutral","right","right",0.3969
"ta5t","neutral","right","right",0.7189
"ta5t","accuracy","right","right",0.5539
"ta5t","accuracy","right","right",0.703
"ta5t","speed","left","left",0.3935
"ta5t","speed","left","right",0.325
"ta5t","neutral","right","right",0.5328
"ta5t","neutral","right","right",0.5078
"ta5t","neutral","right","right",0.4997
"ta5t","neutral","left","left",0.3875
"ta5t","accuracy","left","left",0.4177
"ta5t","speed","left","left",0.5897
"ta5t","accuracy","left","left",0.4432
"ta5t","accuracy","right","right",0.5454
"ta5t","speed","left","left",0.363
"ta5t","accuracy","right","right",0.4066
"ta5t","speed","left","right",0.309
"ta5t","accuracy","right","right",0.4289
"ta5t","accuracy","right","right",0.6789
"ta5t","speed","right","right",0.3354
"ta5t","speed","left","left",0.378
"ta5t","speed","left","left",0.3851
"ta5t","neutral","left","left",0.4154
"ta5t","speed","left","left",0.2866
"ta5t","neutral","left","left",0.4112
"ta5t","neutral","left","right",0.4084
"ta5t","neutral","right","right",0.8079
"ta5t","neutral","left","left",0.4167
"ta5t","accuracy","left","left",0.4624
"ta5t","accuracy","left","left",0.4784
"ta5t","neutral","right","right",0.4401
"ta5t","accuracy","left","left",0.4521
"ta5t","accuracy","left","left",0.5496
"ta5t","neutral","left","left",0.4209
"ta5t","speed","right","right",0.3826
"ta5t","speed","left","left",0.3544
"ta5t","neutral","right","right",0.4225
"ta5t","accuracy","left","left",0.4872
"ta5t","accuracy","right","right",0.5251
"ta5t","accuracy","right","right",0.6565
"ta5t","accuracy","left","left",0.5049
"ta5t","speed","right","right",0.3555
"ta5t","neutral","right","right",0.5057
"ta5t","neutral","right","right",0.6793
"ta5t","accuracy","right","right",0.5469
"ta5t","speed","left","left",0.357
"ta5t","speed","left","left",0.5089
"ta5t","accuracy","left","left",0.4676
"ta5t","neutral","right","right",0.5529
"ta5t","speed","right","right",0.3491
"ta5t","speed","right","right",0.3307
"ta5t","speed","right","right",0.5545
"ta5t","accuracy","right","right",0.5312
"ta5t","speed","left","left",0.4661
"ta5t","speed","left","left",0.4252
"ta5t","neutral","left","left",0.5074
"ta5t","speed","right","right",0.3766
"ta5t","speed","right","right",0.3448
"ta5t","accuracy","right","right",0.5167
"ta5t","speed","left","left",0.4519
"ta5t","speed","right","left",0.4874
"ta5t","speed","left","left",0.456
"ta5t","accuracy","left","left",0.5413
"ta5t","accuracy","right","right",0.5932
"ta5t","speed","left","right",0.3452
"ta5t","neutral","left","left",0.5557
"ta5t","accuracy","left","left",0.8823
"ta5t","speed","left","left",0.3448
"ta5t","neutral","left","left",0.7541
"ta5t","speed","right","right",0.4056
"ta5t","accuracy","right","right",0.4777
"ta5t","accuracy","left","left",0.4267
"ta5t","neutral","left","left",0.4108
"ta5t","speed","left","left",0.303
"ta5t","speed","right","left",0.3694
"ta5t","accuracy","right","right",0.7914
"ta5t","accuracy","left","left",0.4998
"ta5t","speed","left","left",0.4203
"ta5t","speed","left","left",0.3532
"ta5t","neutral","right","right",0.4715
"ta5t","accuracy","left","left",0.4421
"ta5t","neutral","left","left",0.5752
"ta5t","accuracy","right","right",0.4746
"ta5t","accuracy","right","right",0.4631
"ta5t","neutral","left","left",1.2108
"ta5t","speed","right","right",0.4197
"ta5t","neutral","left","left",0.3946
"ta5t","accuracy","right","right",0.6315
"ta5t","accuracy","left","left",0.4883
"ta5t","speed","right","right",0.36
"ta5t","accuracy","left","left",0.5417
"ta5t","speed","right","right",0.4043
"ta5t","accuracy","right","right",0.5846
"ta5t","accuracy","left","left",0.5317
"ta5t","accuracy","right","right",0.5309
"ta5t","speed","right","right",0.3951
"ta5t","accuracy","right","right",0.74
"ta5t","speed","right","left",0.3344
"ta5t","speed","left","left",0.3706
"ta5t","accuracy","right","right",0.8278
"ta5t","neutral","right","right",0.6151
"ta5t","neutral","left","left",0.4424
"ta5t","accuracy","left","left",0.5066
"ta5t","speed","right","right",0.3547
"ta5t","speed","left","left",0.3009
"ta5t","accuracy","left","left",0.4991
"ta5t","neutral","right","right",0.6427
"ta5t","speed","left","left",0.3362
"ta5t","neutral","right","right",0.6109
"ta5t","speed","right","right",0.3686
"ta5t","neutral","right","right",0.4174
"ta5t","neutral","right","right",0.4249
"ta5t","accuracy","right","right",0.7011
"ta5t","accuracy","right","right",0.5119
"ta5t","accuracy","left","left",0.5488
"ta5t","neutral","right","right",0.6084
"ta5t","speed","left","left",0.4682
"ta5t","accuracy","left","left",0.5712
"ta5t","neutral","left","left",0.4942
"ta5t","accuracy","left","left",0.4256
"ta5t","speed","right","right",0.4046
"ta5t","neutral","right","right",0.4221
"ta5t","accuracy","left","left",0.3754
"ta5t","neutral","left","left",0.5136
"ta5t","speed","left","left",0.3668
"ta5t","neutral","right","right",0.4587
"ta5t","speed","right","right",0.498
"ta5t","speed","left","left",0.3818
"ta5t","speed","left","left",0.3618
"ta5t","speed","left","left",0.3951
"ta5t","accuracy","right","right",0.7113
"ta5t","speed","right","right",0.3753
"ta5t","accuracy","left","left",0.5363
"ta5t","speed","left","left",0.4035
"ta5t","speed","right","right",0.4168
"ta5t","neutral","right","right",0.4813
"ta5t","accuracy","left","left",0.5413
"ta5t","accuracy","right","right",0.567
"ta5t","speed","right","right",0.3354
"ta5t","accuracy","right","right",0.559
"ta5t","speed","left","right",0.4089
"ta5t","accuracy","right","right",0.8796
"ta5t","accuracy","right","right",0.5646
"ta5t","accuracy","left","left",0.5459
"ta5t","neutral","left","left",0.5445
"ta5t","accuracy","right","right",0.6227
"ta5t","speed","right","right",0.2803
"ta5t","speed","left","left",0.3742
"ta5t","speed","left","left",0.3864
"ta5t","speed","right","right",0.3373
"ta5t","accuracy","right","right",0.693
"ta5t","speed","right","right",0.3283
"ta5t","neutral","right","right",0.5303
"ta5t","speed","left","right",0.3016
"ta5t","accuracy","right","right",0.646
"ta5t","speed","right","right",0.4153
"ta5t","neutral","left","left",0.4582
"ta5t","neutral","right","right",0.4447
"ta5t","speed","right","right",0.3391
"ta5t","speed","left","right",0.4136
"ta5t","accuracy","left","left",0.554
"ta5t","accuracy","right","right",0.5393
"ta5t","speed","right","right",0.3668
"ta5t","speed","left","left",0.413
"ta5t","neutral","left","left",0.4695
"ta5t","speed","right","right",0.3348
"ta5t","speed","left","left",0.3923
"ta5t","accuracy","left","left",0.5174
"ta5t","speed","right","right",0.3797
"ta5t","speed","right","left",0.4099
"ta5t","speed","left","left",0.3657
"ta5t","accuracy","left","left",0.4698
"ta5t","speed","right","left",0.3419
"ta5t","neutral","left","left",0.5922
"ta5t","accuracy","right","right",0.5346
"ta5t","neutral","right","right",0.4288
"ta5t","accuracy","left","left",0.4326
"ta5t","neutral","right","right",0.5402
"ta5t","neutral","left","left",0.4638
"ta5t","speed","right","right",0.3613
"ta5t","accuracy","right","right",0.6074
"ta5t","neutral","left","left",0.5718
"ta5t","accuracy","left","left",0.5746
"ta5t","speed","right","right",0.3319
"ta5t","speed","right","right",0.3779
"ta5t","accuracy","right","right",0.642
"ta5t","accuracy","right","left",1.2137
"ta5t","neutral","left","right",0.6838
"ta5t","speed","left","left",0.5909
"ta5t","neutral","left","left",0.3426
"ta5t","accuracy","left","left",1.0669
"ta5t","speed","left","left",0.4594
"ta5t","neutral","left","left",0.4107
"ta5t","neutral","right","right",0.4666
"ta5t","neutral","right","right",0.5752
"ta5t","accuracy","right","right",0.7723
"ta5t","accuracy","left","left",0.4854
"ta5t","speed","left","right",0.8533
"ta5t","neutral","right","right",0.3908
"ta5t","speed","left","left",0.357
"ta5t","accuracy","left","left",0.4275
"ta5t","neutral","right","left",0.4802
"ta5t","accuracy","right","right",0.6511
"ta5t","speed","left","left",0.5296
"ta5t","neutral","left","left",0.4323
"ta5t","speed","right","right",0.3797
"ta5t","accuracy","left","left",1.1712
"ta5t","speed","right","right",0.4194
"ta5t","neutral","right","right",0.7247
"ta5t","accuracy","right","right",0.8818
"ta5t","speed","left","left",0.3776
"ta5t","speed","left","right",0.4744
"ta5t","accuracy","right","right",0.5754
"ta5t","accuracy","right","right",1.0111
"ta5t","speed","right","right",0.5676
"ta5t","neutral","left","left",0.519
"ta5t","neutral","right","right",0.8278
"ta5t","neutral","right","left",0.995
"ta5t","accuracy","right","right",1.0474
"ta5t","speed","right","right",0.3664
"ta5t","accuracy","left","left",0.7635
"ta5t","speed","right","right",0.4523
"ta5t","speed","left","left",0.4224
"ta5t","speed","right","right",0.675
"ta5t","accuracy","left","left",0.9843
"ta5t","neutral","right","left",0.4589
"ta5t","speed","left","left",0.9939
"ta5t","speed","left","left",0.741
"ta5t","accuracy","left","left",0.6008
"ta5t","neutral","left","left",0.4178
"ta5t","neutral","left","left",0.6962
"ta5t","speed","right","right",0.4603
"ta5t","neutral","left","left",0.4703
"ta5t","neutral","right","right",0.4025
"ta5t","speed","right","right",0.2554
"ta5t","speed","left","left",0.3306
"ta5t","neutral","left","left",0.6667
"ta5t","speed","left","left",0.3155
"ta5t","neutral","left","left",0.4978
"ta5t","neutral","right","right",0.3909
"ta5t","speed","left","right",0.4822
"ta5t","accuracy","right","right",0.607
"ta5t","accuracy","left","left",0.4745
"ta5t","speed","left","left",0.3023
"ta5t","neutral","left","left",0.408
"ta5t","accuracy","left","left",0.528
"ta5t","neutral","right","right",0.623
"ta5t","speed","left","right",0.3092
"ta5t","accuracy","right","right",0.4122
"ta5t","accuracy","right","right",0.7164
"ta5t","accuracy","left","left",0.6005
"ta5t","speed","left","left",0.3146
"ta5t","speed","right","right",0.3596
"ta5t","speed","left","right",0.4361
"ta5t","accuracy","right","right",0.544
"ta5t","speed","right","right",0.3661
"ta5t","neutral","left","left",0.5104
"ta5t","accuracy","right","right",0.5345
"ta5t","speed","right","left",0.3967
"ta5t","accuracy","left","left",0.537
"ta5t","accuracy","right","right",0.779
"ta5t","speed","left","left",0.3697
"ta5t","accuracy","left","left",0.4564
"ta5t","speed","left","left",0.3227
"ta5t","accuracy","right","right",0.5809
"ta5t","accuracy","right","right",0.619
"ta5t","speed","left","left",0.3184
"ta5t","accuracy","right","right",0.5359
"ta5t","accuracy","right","right",0.6123
"ta5t","neutral","right","right",0.3687
"ta5t","accuracy","left","left",0.6946
"ta5t","speed","right","left",0.311
"ta5t","accuracy","left","left",0.6226
"ta5t","accuracy","left","left",0.5567
"ta5t","speed","right","right",0.3986
"ta5t","accuracy","left","left",0.6316
"ta5t","speed","left","left",0.3187
"ta5t","speed","left","left",0.4339
"ta5t","speed","right","right",0.283
"ta5t","neutral","right","right",0.6439
"ta5t","accuracy","left","left",0.4629
"ta5t","neutral","left","left",0.4957
"ta5t","accuracy","left","left",0.433
"ta5t","speed","left","left",0.305
"ta5t","speed","right","right",0.4173
"ta5t","accuracy","left","left",0.7185
"ta5t","accuracy","right","right",0.6255
"ta5t","neutral","left","left",0.5463
"ta5t","accuracy","right","right",0.4063
"ta5t","speed","right","left",0.3077
"ta5t","speed","left","left",0.4767
"ta5t","neutral","right","right",0.5477
"ta5t","accuracy","right","right",0.5491
"ta5t","speed","right","right",0.5402
"ta5t","speed","left","right",0.317
"ta5t","accuracy","left","left",0.4814
"ta5t","speed","right","left",0.4909
"ta5t","neutral","left","left",0.6577
"ta5t","speed","right","right",0.3427
"ta5t","speed","right","left",0.3894
"ta5t","accuracy","left","left",0.4456
"ta5t","accuracy","left","left",0.5911
"ta5t","speed","left","left",0.2692
"ta5t","speed","right","right",0.4257
"ta5t","speed","right","right",0.3132
"ta5t","accuracy","right","right",0.5789
"ta5t","speed","left","left",0.4369
"ta5t","accuracy","left","left",0.6038
"ta5t","speed","right","right",0.3076
"ta5t","neutral","left","left",0.4797
"ta5t","accuracy","left","left",0.4326
"ta5t","neutral","left","left",0.5608
"ta5t","neutral","left","left",0.3994
"ta5t","accuracy","left","left",0.5719
"ta5t","accuracy","left","left",0.524
"ta5t","speed","left","left",0.2927
"ta5t","speed","right","right",0.505
"ta5t","accuracy","right","right",0.3905
"ta5t","speed","right","right",0.3459
"ta5t","accuracy","left","left",0.4501
"ta5t","speed","right","right",0.3186
"ta5t","accuracy","left","left",0.3544
"ta5t","speed","left","right",0.83
"ta5t","neutral","left","left",0.3586
"ta5t","accuracy","left","left",0.5877
"ta5t","neutral","right","right",0.5168
"ta5t","neutral","left","left",0.5433
"ta5t","accuracy","left","left",0.5947
"ta5t","speed","left","left",0.3403
"ta5t","speed","left","left",0.3625
"ta5t","accuracy","right","right",0.6408
"ta5t","neutral","right","right",0.5022
"ta5t","speed","left","right",0.3033
"ta5t","accuracy","left","left",0.5286
"ta5t","accuracy","left","left",0.5585
"ta5t","neutral","left","left",0.5723
"ta5t","speed","right","left",0.3359
"ta5t","neutral","left","left",0.3981
"ta5t","speed","right","right",0.3939
"ta5t","neutral","right","right",0.5786
"ta5t","accuracy","left","left",0.5217
"ta5t","accuracy","left","left",0.6756
"ta5t","neutral","right","right",0.4163
"ta5t","neutral","right","right",0.5609
"ta5t","accuracy","left","left",0.6279
"ta5t","accuracy","left","left",0.5493
"ta5t","speed","left","left",0.3237
"ta5t","accuracy","left","left",0.5238
"ta5t","neutral","left","left",0.7106
"ta5t","speed","right","right",0.3941
"ta5t","accuracy","right","right",0.5579
"ta5t","accuracy","left","left",0.5148
"ta5t","neutral","right","right",0.3881
"ta5t","accuracy","left","left",0.5145
"ta5t","neutral","left","left",0.615
"ta5t","neutral","right","right",0.5712
"ta5t","speed","left","left",0.3057
"ta5t","neutral","right","right",0.4253
"ta5t","accuracy","right","right",1.234
"ta5t","accuracy","left","right",0.8408
"ta5t","neutral","left","left",0.6431
"ta5t","speed","right","right",0.4129
"ta5t","neutral","left","left",0.5771
"ta5t","accuracy","right","right",0.4832
"ta5t","speed","left","right",0.3135
"ta5t","accuracy","right","right",0.5944
"ta5t","accuracy","right","right",0.5975
"ta5t","speed","left","left",0.2838
"ta5t","speed","left","left",0.3781
"ta5t","speed","left","left",0.3674
"ta5t","neutral","left","left",0.7202
"ta5t","neutral","left","left",0.374
"ta5t","accuracy","left","left",0.5066
"ta5t","speed","left","right",0.4315
"ta5t","speed","right","right",0.3086
"ta5t","speed","left","right",0.3998
"ta5t","speed","right","right",0.549
"ta5t","accuracy","right","right",0.5217
"ta5t","accuracy","right","right",0.8994
"ta5t","speed","left","left",0.3802
"ta5t","accuracy","left","left",0.695
"ta5t","neutral","right","right",0.4353
"ta5t","neutral","right","right",0.5771
"ta5t","neutral","left","left",0.5598
"ta5t","neutral","right","right",0.4993
"ta5t","neutral","right","right",0.6082
"ta5t","speed","right","right",0.3291
"ta5t","neutral","right","right",0.58
"ta5t","speed","left","left",0.6213
"ta5t","accuracy","left","left",0.404
"ta5t","accuracy","left","left",0.3999
"ta5t","speed","right","left",0.2734
"ta5t","neutral","left","right",0.482
"ta5t","speed","left","right",0.6183
"ta5t","accuracy","right","right",0.5361
"ta5t","accuracy","left","left",0.5076
"ta5t","accuracy","left","left",0.557
"ta5t","neutral","left","left",0.4284
"ta5t","accuracy","right","right",0.5596
"ta5t","neutral","right","right",0.5996
"ta5t","neutral","left","left",0.5346
"ta5t","neutral","left","left",0.4991
"ta5t","speed","left","left",0.3009
"ta5t","neutral","right","right",0.4167
"ta5t","accuracy","right","right",0.4497
"ta5t","neutral","left","left",0.4326
"ta5t","neutral","right","right",0.4879
"ta5t","neutral","right","right",0.3966
"ta5t","neutral","right","right",0.4785
"ta5t","accuracy","left","left",0.5346
"ta5t","neutral","right","right",0.4895
"ta5t","accuracy","left","left",0.5597
"ta5t","neutral","left","left",0.4823
"ta5t","neutral","right","right",0.4488
"ta5t","speed","left","right",0.2572
"ta5t","accuracy","left","left",0.6077
"ta5t","speed","left","left",0.3399
"ta5t","neutral","right","right",0.5728
"ta5t","speed","right","right",0.4336
"ta5t","accuracy","left","left",0.473
"ta5t","accuracy","left","left",0.5007
"ta5t","accuracy","left","left",0.5247
"ta5t","accuracy","left","left",0.783
"ta5t","speed","left","left",0.3435
"ta5t","speed","right","right",0.3542
"ta5t","speed","right","right",0.4779
"ta5t","accuracy","right","right",1.1419
"ta5t","accuracy","left","left",0.5697
"ta5t","speed","right","right",0.4458
"ta5t","speed","right","right",0.388
"ta5t","accuracy","left","left",0.9416
"ta5t","neutral","left","left",0.7334
"ta5t","accuracy","left","left",0.6565
"ta5t","speed","left","left",0.4136
"ta5t","neutral","right","right",0.4391
"ta5t","neutral","left","left",0.7584
"ta5t","neutral","left","left",0.4349
"ta5t","speed","left","left",0.3277
"ta5t","accuracy","right","right",0.6501
"ta5t","neutral","left","right",0.5624
"ta5t","speed","right","right",0.468
"ta5t","speed","left","right",0.35
"ta5t","speed","left","left",0.344
"ta5t","neutral","left","left",0.4943
"ta5t","accuracy","right","right",0.4576
"ta5t","neutral","left","left",0.5658
"ta5t","accuracy","left","right",1.0539
"ta5t","neutral","right","right",0.6138
"ta5t","neutral","left","left",0.6748
"ta5t","accuracy","left","left",0.8636
"ta5t","speed","left","left",0.3403
"ta5t","neutral","left","left",0.4014
"ta5t","speed","right","right",0.2806
"ta5t","neutral","left","left",0.4973
"ta5t","accuracy","right","right",0.5035
"ta5t","accuracy","right","right",1.0782
"ta5t","accuracy","left","left",0.5815
"ta5t","accuracy","right","right",0.414
"ta5t","speed","left","left",0.3647
"ta5t","speed","left","right",0.4496
"ta5t","speed","right","left",0.269
"ta5t","speed","right","left",0.3802
"ta5t","accuracy","right","right",1.0432
"ta5t","accuracy","right","right",0.9631
"ta5t","speed","left","left",0.8376
"ta5t","accuracy","right","right",0.6605
"ta5t","neutral","left","left",0.595
"ta5t","neutral","left","left",0.3856
"ta5t","accuracy","left","right",0.4415
"ta5t","speed","left","right",0.4449
"ta5t","accuracy","left","left",0.5311
"ta5t","neutral","right","right",0.6739
"ta5t","accuracy","right","right",0.7618
"ta5t","neutral","left","left",0.9002
"ta5t","accuracy","right","right",0.5283
"ta5t","accuracy","right","right",0.7089
"ta5t","accuracy","left","left",0.5113
"ta5t","speed","right","right",0.3542
"ta5t","neutral","right","right",0.4449
"ta5t","neutral","right","right",0.4684
"ta5t","neutral","left","left",0.4099
"ta5t","accuracy","left","left",0.4262
"ta5t","speed","right","right",0.3552
"ta5t","neutral","left","left",0.4372
"ta5t","neutral","right","right",0.4739
"ta5t","speed","left","left",0.3989
"ta5t","neutral","left","left",0.4607
"ta5t","accuracy","right","right",0.5975
"ta5t","speed","left","left",0.2881
"ta5t","accuracy","right","right",0.5018
"ta5t","neutral","right","right",0.6963
"ta5t","speed","left","left",0.3377
"ta5t","neutral","right","right",0.467
"ta5t","neutral","left","left",0.6239
"ta5t","speed","left","left",0.3865
"ta5t","neutral","left","left",0.3888
"ta5t","speed","right","right",0.3066
"ta5t","neutral","left","left",0.453
"ta5t","neutral","left","left",0.3773
"ta5t","speed","left","left",0.3596
"ta5t","speed","right","right",0.4363
"ta5t","neutral","right","right",0.5813
"ta5t","neutral","left","left",0.4528
"ta5t","accuracy","right","right",0.643
"ta5t","speed","left","left",0.411
"ta5t","neutral","right","right",0.5118
"ta5t","speed","left","left",0.389
"ta5t","speed","right","left",0.3481
"ta5t","accuracy","right","right",1.2977
"ta5t","neutral","right","right",0.7225
"ta5t","accuracy","right","right",0.666
"ta5t","speed","left","left",0.4705
"ta5t","speed","right","right",0.4154
"ta5t","neutral","right","right",0.4641
"ta5t","neutral","right","right",0.6886
"ta5t","neutral","left","left",0.5238
"ta5t","accuracy","left","left",0.5754
"ta5t","speed","left","left",0.396
"ta5t","neutral","left","left",0.5676
"ta5t","neutral","left","left",0.5348
"ta5t","accuracy","left","left",0.9342
"ta5t","speed","right","right",0.3796
"ta5t","speed","right","left",0.5168
"ta5t","accuracy","left","left",0.7669
"ta5t","speed","left","left",0.608
"ta5t","accuracy","right","right",0.4623
"ta5t","speed","left","left",0.4706
"ta5t","speed","right","right",0.3804
"ta5t","speed","right","right",0.3832
"ta5t","neutral","right","right",0.4972
"ta5t","neutral","right","right",0.4922
"ta5t","speed","right","right",0.3882
"ta5t","speed","left","left",0.3962
"ta5t","accuracy","left","left",0.692
"ta5t","neutral","right","right",0.5662
"ta5t","speed","right","right",0.5257
"ta5t","neutral","left","left",0.4993
"ta5t","speed","right","right",0.3413
"ta5t","speed","right","right",0.3851
"ta5t","speed","right","right",0.4317
"ta5t","neutral","left","left",0.6148
"ta5t","speed","left","left",0.3065
"ta5t","neutral","right","right",0.6676
"ta5t","neutral","right","right",0.5738
"ta5t","speed","left","left",0.3887
"ta5t","speed","left","left",0.3853
"ta5t","accuracy","right","right",0.6858
"ta5t","neutral","left","left",0.6464
"ta5t","speed","left","left",0.3016
"ta5t","accuracy","right","right",0.6385
"ta5t","speed","right","left",0.4085
"ta5t","accuracy","right","right",0.5784
"ta5t","accuracy","left","left",0.598
"ta5t","accuracy","left","left",0.7348
"ta5t","speed","left","left",0.2954
"ta5t","accuracy","right","right",0.5101
"ta5t","accuracy","left","left",0.604
"ta5t","speed","left","left",0.3621
"ta5t","neutral","right","right",0.7013
"ta5t","accuracy","left","left",0.4685
"ta5t","neutral","right","right",0.4549
"ta5t","neutral","left","left",0.3577
"ta5t","accuracy","right","left",0.5477
"ta5t","speed","right","left",0.3501
"ta5t","speed","left","left",0.4698
"ta5t","speed","right","right",0.3397
"ta5t","accuracy","right","right",0.3721
"ta5t","accuracy","left","left",0.5238
"ta5t","speed","left","left",0.2757
"ta5t","accuracy","right","right",0.8458
"ta5t","neutral","left","left",0.5898
"ta5t","neutral","left","left",0.6915
"ta5t","neutral","left","left",0.7133
"ta5t","speed","left","left",0.3292
"ta5t","neutral","right","right",0.3827
"ta5t","speed","right","right",0.2964
"ta5t","accuracy","right","left",0.6158
"ta5t","neutral","right","left",0.5799
"ta5t","accuracy","right","right",0.639
"ta5t","speed","left","left",1.2563
"ta5t","accuracy","left","left",0.902
"ta5t","accuracy","right","right",0.8799
"ta5t","accuracy","left","left",0.7482
"ta5t","accuracy","right","right",0.7737
"ta5t","neutral","right","right",1.1706
"ta5t","accuracy","right","right",0.9087
"ta5t","speed","left","left",0.4117
"ta5t","neutral","right","right",0.5263
"ta5t","speed","right","right",0.5976
"ta5t","neutral","left","left",0.6017
"ta5t","neutral","left","left",0.5973
"ta5t","speed","right","right",0.3741
"ta5t","speed","left","left",0.3246
"ta5t","accuracy","left","left",0.61
"ta5t","speed","right","right",0.3171
"ta5t","accuracy","right","right",0.8945
"ta5t","neutral","left","left",0.6003
"ta5t","speed","left","left",0.3486
"ta5t","accuracy","right","right",0.6358
"ta5t","accuracy","left","left",0.6189
"ta5t","accuracy","left","left",0.8965
"ta5t","speed","right","left",0.3603
"ta5t","neutral","left","left",0.9095
"ta5t","neutral","right","right",0.6052
"ta5t","accuracy","left","left",0.6835
"ta5t","speed","left","left",0.3972
"ta5t","accuracy","right","right",0.5456
"ta5t","neutral","right","left",0.6511
"ta5t","neutral","left","left",0.5776
"ta5t","speed","right","right",0.4912
"ta5t","neutral","right","right",0.4783
"ta5t","speed","left","left",0.3368
"ta5t","accuracy","right","right",1.0044
"ta5t","accuracy","right","right",0.8073
"ta5t","neutral","left","left",0.5237
"ta5t","speed","left","left",0.2867
"ta5t","speed","right","right",0.3718
"ta5t","speed","left","left",0.4792
"ta5t","neutral","left","left",0.5468
"ta5t","accuracy","right","right",1.1488
"ta5t","neutral","right","right",0.4764
"ta5t","neutral","left","left",0.6224
"ta5t","accuracy","right","right",0.6089
"ta5t","speed","left","left",0.3347
"ta5t","neutral","left","left",0.4572
"ta5t","speed","left","left",0.4458
"ta5t","neutral","left","left",0.4501
"ta5t","accuracy","left","left",0.5744
"ta5t","neutral","left","left",0.5621
"ta5t","neutral","left","left",0.5656
"ta5t","speed","left","left",0.4672
"ta5t","speed","right","left",0.3634
"ta5t","speed","left","left",0.3618
"ta5t","accuracy","right","right",0.6358
"ta5t","speed","left","left",0.346
"ta5t","neutral","left","left",0.5319
"ta5t","speed","right","right",0.4158
"ta5t","speed","left","left",0.4111
"ta5t","speed","left","right",0.3774
"ta5t","neutral","right","right",0.7206
"ta5t","speed","left","left",0.3833
"ta5t","speed","left","left",0.3569
"ta5t","neutral","left","left",0.5151
"ta5t","speed","right","right",0.4098
"ta5t","accuracy","left","left",0.6497
"ta5t","neutral","right","right",0.5513
"ta5t","accuracy","right","right",0.4935
"ta5t","speed","right","right",0.3243
"ta5t","speed","right","right",0.5745
"ta5t","accuracy","right","right",0.599
"ta5t","accuracy","left","left",0.4535
"ta5t","speed","left","left",0.3863
"ta5t","speed","right","right",0.2958
"ta5t","neutral","left","left",0.4477
"ta5t","neutral","right","right",0.3679
"ta5t","speed","right","right",0.3774
"ta5t","speed","left","left",0.3533
"ta5t","speed","left","left",0.35
"ta5t","speed","left","right",0.3691
"ta5t","neutral","right","right",0.5327
"ta5t","speed","right","right",0.4221
"ta5t","neutral","left","left",0.5952
"ta5t","neutral","right","right",0.4268
"ta5t","accuracy","right","right",0.4048
"ta5t","speed","left","left",0.2944
"ta5t","speed","right","right",0.3012
"vf1t","accuracy","left","left",0.5157
"vf1t","speed","right","right",0.3894
"vf1t","speed","right","right",0.3256
"vf1t","speed","right","right",0.3494
"vf1t","neutral","left","left",0.422
"vf1t","speed","left","right",0.316
"vf1t","speed","left","left",0.3904
"vf1t","neutral","left","left",0.4082
"vf1t","speed","left","left",0.3479
"vf1t","accuracy","right","right",0.67
"vf1t","neutral","left","left",0.4177
"vf1t","speed","right","left",0.3607
"vf1t","neutral","left","left",0.4431
"vf1t","neutral","left","left",0.4393
"vf1t","neutral","right","right",0.7254
"vf1t","speed","left","left",0.3577
"vf1t","speed","left","left",0.3749
"vf1t","speed","right","right",0.3799
"vf1t","neutral","right","right",0.4309
"vf1t","neutral","right","right",0.5161
"vf1t","accuracy","left","left",0.6255
"vf1t","accuracy","left","left",0.5454
"vf1t","neutral","right","right",0.7537
"vf1t","speed","right","right",0.4829
"vf1t","speed","right","right",0.3484
"vf1t","neutral","right","right",0.4073
"vf1t","neutral","right","right",0.408
"vf1t","accuracy","left","left",0.686
"vf1t","accuracy","left","left",0.4264
"vf1t","neutral","left","left",0.461
"vf1t","neutral","left","left",0.4946
"vf1t","neutral","left","left",0.4895
"vf1t","neutral","left","left",0.4808
"vf1t","neutral","right","right",0.5079
"vf1t","accuracy","left","left",0.5109
"vf1t","accuracy","left","left",0.4065
"vf1t","speed","left","left",0.3381
"vf1t","speed","right","right",0.3749
"vf1t","accuracy","right","right",1.0308
"vf1t","speed","right","right",0.4125
"vf1t","speed","right","right",0.2859
"vf1t","speed","right","right",0.2988
"vf1t","accuracy","right","right",0.757
"vf1t","neutral","right","right",0.4566
"vf1t","accuracy","right","right",0.3527
"vf1t","accuracy","right","right",0.353
"vf1t","neutral","left","left",0.6017
"vf1t","accuracy","right","right",0.3864
"vf1t","neutral","left","left",0.5084
"vf1t","accuracy","left","left",0.4773
"vf1t","speed","left","left",0.3285
"vf1t","speed","left","left",0.4085
"vf1t","neutral","left","left",0.361
"vf1t","neutral","left","left",0.4179
"vf1t","neutral","left","left",0.3883
"vf1t","neutral","left","left",0.3538
"vf1t","speed","right","right",0.3605
"vf1t","speed","left","left",0.3828
"vf1t","accuracy","right","right",0.5747
"vf1t","neutral","right","right",0.3632
"vf1t","neutral","left","left",0.3944
"vf1t","neutral","left","left",0.3805
"vf1t","accuracy","right","right",0.5013
"vf1t","speed","left","left",0.3306
"vf1t","speed","left","right",0.3584
"vf1t","speed","right","right",0.346
"vf1t","accuracy","left","left",0.4055
"vf1t","speed","left","left",0.3766
"vf1t","accuracy","left","left",0.4579
"vf1t","neutral","right","right",0.4235
"vf1t","accuracy","right","right",0.9227
"vf1t","neutral","right","right",0.5681
"vf1t","accuracy","right","right",0.469
"vf1t","speed","right","right",0.3476
"vf1t","neutral","right","right",0.3997
"vf1t","speed","left","left",0.4036
"vf1t","speed","right","right",0.3732
"vf1t","neutral","left","left",0.706
"vf1t","accuracy","left","left",0.6113
"vf1t","neutral","left","right",0.7357
"vf1t","neutral","left","left",0.4418
"vf1t","speed","left","left",0.3482
"vf1t","neutral","right","right",0.4657
"vf1t","neutral","left","left",0.4198
"vf1t","neutral","left","left",0.3872
"vf1t","speed","left","left",0.5647
"vf1t","neutral","left","left",0.4324
"vf1t","accuracy","left","left",0.44
"vf1t","accuracy","right","right",0.4776
"vf1t","accuracy","right","right",0.4945
"vf1t","accuracy","right","right",0.4216
"vf1t","accuracy","right","right",0.4264
"vf1t","accuracy","right","right",0.4194
"vf1t","speed","right","right",0.4402
"vf1t","neutral","right","right",0.3215
"vf1t","accuracy","right","right",0.3974
"vf1t","speed","right","right",0.3388
"vf1t","speed","left","left",0.2988
"vf1t","neutral","left","left",0.4472
"vf1t","neutral","right","right",0.4173
"vf1t","accuracy","left","left",0.9513
"vf1t","speed","right","right",0.3044
"vf1t","speed","right","right",0.3323
"vf1t","accuracy","left","left",0.6232
"vf1t","neutral","left","left",0.3781
"vf1t","speed","right","right",0.4971
"vf1t","speed","right","right",0.3091
"vf1t","speed","right","left",0.2931
"vf1t","neutral","right","right",0.6213
"vf1t","speed","left","right",0.3507
"vf1t","accuracy","left","left",0.5779
"vf1t","accuracy","left","left",0.6093
"vf1t","neutral","left","left",0.3763
"vf1t","accuracy","left","left",0.3505
"vf1t","neutral","left","left",0.3551
"vf1t","neutral","right","left",0.357
"vf1t","neutral","left","left",0.4904
"vf1t","neutral","left","right",1.0289
"vf1t","neutral","left","left",0.5606
"vf1t","speed","right","right",0.3629
"vf1t","speed","right","right",0.2761
"vf1t","neutral","left","left",0.4974
"vf1t","accuracy","left","left",0.5319
"vf1t","speed","right","left",0.2978
"vf1t","speed","left","left",0.329
"vf1t","speed","right","left",0.297
"vf1t","speed","left","left",0.385
"vf1t","accuracy","left","left",0.6402
"vf1t","neutral","left","left",0.385
"vf1t","accuracy","left","left",0.4391
"vf1t","speed","left","left",0.394
"vf1t","speed","right","right",0.8021
"vf1t","speed","left","left",0.5587
"vf1t","speed","left","left",0.3379
"vf1t","speed","left","left",0.4589
"vf1t","speed","left","left",0.3638
"vf1t","accuracy","left","left",0.6731
"vf1t","neutral","right","right",0.6199
"vf1t","neutral","left","left",0.4459
"vf1t","speed","right","left",0.2665
"vf1t","speed","right","right",0.3272
"vf1t","neutral","left","left",0.5138
"vf1t","neutral","left","left",0.4177
"vf1t","accuracy","right","right",0.6651
"vf1t","speed","left","left",0.3823
"vf1t","accuracy","right","right",0.6446
"vf1t","accuracy","right","right",0.4565
"vf1t","speed","left","left",0.2614
"vf1t","speed","right","right",0.4075
"vf1t","speed","left","left",0.2562
"vf1t","neutral","left","left",0.3846
"vf1t","neutral","right","left",0.3425
"vf1t","accuracy","right","right",0.7006
"vf1t","accuracy","right","right",0.4946
"vf1t","speed","right","left",0.3139
"vf1t","neutral","left","left",0.5148
"vf1t","neutral","left","right",0.588
"vf1t","neutral","left","left",0.3257
"vf1t","accuracy","left","left",1.3352
"vf1t","accuracy","right","right",0.8162
"vf1t","accuracy","right","right",0.5129
"vf1t","speed","left","left",0.271
"vf1t","accuracy","right","right",0.5121
"vf1t","speed","left","left",0.2958
"vf1t","neutral","left","left",0.4522
"vf1t","accuracy","left","left",0.9061
"vf1t","speed","right","right",0.5878
"vf1t","neutral","right","right",0.4902
"vf1t","speed","right","left",0.2791
"vf1t","neutral","left","left",0.4525
"vf1t","neutral","left","left",0.3832
"vf1t","neutral","left","left",0.4824
"vf1t","neutral","right","right",0.5453
"vf1t","neutral","right","right",0.4784
"vf1t","speed","left","right",0.3297
"vf1t","accuracy","left","left",0.5274
"vf1t","neutral","left","left",0.4947
"vf1t","accuracy","right","right",0.511
"vf1t","accuracy","left","left",0.5705
"vf1t","speed","right","left",0.3509
"vf1t","neutral","right","right",0.4816
"vf1t","speed","left","left",0.3227
"vf1t","neutral","left","left",0.4501
"vf1t","neutral","right","right",0.3988
"vf1t","accuracy","left","left",0.603
"vf1t","neutral","left","left",0.4586
"vf1t","accuracy","left","left",0.9665
"vf1t","speed","left","left",0.3122
"vf1t","speed","left","left",0.3343
"vf1t","accuracy","left","left",0.8459
"vf1t","accuracy","left","left",0.6078
"vf1t","speed","right","right",0.599
"vf1t","accuracy","right","left",0.4047
"vf1t","accuracy","left","left",0.6742
"vf1t","speed","right","right",0.2953
"vf1t","accuracy","right","right",0.5636
"vf1t","neutral","right","right",0.4926
"vf1t","speed","left","right",0.2947
"vf1t","speed","left","left",0.3422
"vf1t","speed","left","left",0.5991
"vf1t","speed","left","left",0.4153
"vf1t","speed","left","right",0.2852
"vf1t","accuracy","left","left",0.5681
"vf1t","speed","right","right",0.284
"vf1t","accuracy","left","left",0.5172
"vf1t","accuracy","left","left",0.5466
"vf1t","accuracy","right","right",0.6251
"vf1t","accuracy","left","left",0.4994
"vf1t","accuracy","right","right",0.642
"vf1t","speed","right","right",0.3996
"vf1t","speed","right","right",0.3502
"vf1t","neutral","right","right",0.5143
"vf1t","neutral","left","left",0.4031
"vf1t","speed","left","left",0.3178
"vf1t","accuracy","right","right",0.7651
"vf1t","speed","right","left",0.2518
"vf1t","neutral","left","left",0.6097
"vf1t","neutral","right","right",0.5283
"vf1t","neutral","left","left",0.5579
"vf1t","neutral","left","left",0.4358
"vf1t","speed","left","left",0.39
"vf1t","neutral","right","right",0.565
"vf1t","neutral","right","right",0.3848
"vf1t","neutral","left","left",0.4046
"vf1t","speed","right","left",0.3198
"vf1t","speed","right","right",0.2871
"vf1t","accuracy","right","right",0.5841
"vf1t","accuracy","left","left",0.5159
"vf1t","speed","right","left",0.2949
"vf1t","accuracy","right","right",0.9035
"vf1t","speed","right","right",0.2816
"vf1t","neutral","left","left",0.4116
"vf1t","accuracy","right","right",0.5347
"vf1t","accuracy","left","left",0.5105
"vf1t","neutral","right","right",0.7704
"vf1t","speed","left","right",0.2743
"vf1t","neutral","right","right",0.4001
"vf1t","speed","right","left",0.3111
"vf1t","accuracy","left","left",0.7289
"vf1t","accuracy","left","left",1.3595
"vf1t","accuracy","left","left",0.3845
"vf1t","neutral","left","left",0.6819
"vf1t","accuracy","right","right",0.5358
"vf1t","accuracy","left","left",0.3706
"vf1t","neutral","left","right",0.3673
"vf1t","speed","right","left",0.3811
"vf1t","accuracy","right","left",0.6182
"vf1t","neutral","left","left",0.5266
"vf1t","neutral","right","right",0.6146
"vf1t","accuracy","left","left",0.5529
"vf1t","neutral","right","left",0.7358
"vf1t","speed","left","left",0.3959
"vf1t","neutral","right","right",0.5028
"vf1t","speed","right","right",0.3557
"vf1t","neutral","left","left",0.4067
"vf1t","speed","left","left",0.3823
"vf1t","speed","left","left",0.441
"vf1t","speed","right","right",0.3858
"vf1t","accuracy","left","left",0.4998
"vf1t","neutral","right","right",0.3881
"vf1t","accuracy","left","left",0.601
"vf1t","accuracy","left","left",0.3555
"vf1t","speed","left","left",0.3205
"vf1t","accuracy","right","right",0.6486
"vf1t","accuracy","right","right",0.813
"vf1t","accuracy","left","left",0.7794
"vf1t","speed","right","left",0.3564
"vf1t","accuracy","right","right",0.5377
"vf1t","accuracy","right","right",0.5028
"vf1t","neutral","left","left",0.3859
"vf1t","speed","right","right",0.3604
"vf1t","speed","right","right",0.3278
"vf1t","speed","right","right",0.4103
"vf1t","speed","right","right",0.3076
"vf1t","neutral","right","right",0.4642
"vf1t","accuracy","left","left",0.4524
"vf1t","neutral","left","left",0.5818
"vf1t","accuracy","right","right",0.9827
"vf1t","accuracy","left","left",0.4645
"vf1t","speed","left","left",0.3108
"vf1t","accuracy","right","right",0.8407
"vf1t","speed","left","left",0.3097
"vf1t","accuracy","left","left",0.5012
"vf1t","speed","right","right",0.515
"vf1t","speed","left","left",0.3202
"vf1t","accuracy","right","right",0.576
"vf1t","neutral","left","right",0.3577
"vf1t","speed","right","right",0.3073
"vf1t","speed","right","right",0.3693
"vf1t","speed","left","left",0.3265
"vf1t","neutral","left","left",0.7127
"vf1t","neutral","left","left",0.4522
"vf1t","speed","right","right",0.4111
"vf1t","speed","left","right",0.3218
"vf1t","neutral","left","left",0.4338
"vf1t","accuracy","left","left",0.5025
"vf1t","speed","right","left",0.3051
"vf1t","accuracy","right","right",0.5209
"vf1t","neutral","right","right",0.5179
"vf1t","speed","left","left",0.395
"vf1t","accuracy","left","left",0.5489
"vf1t","accuracy","right","right",0.5126
"vf1t","accuracy","right","right",0.5559
"vf1t","accuracy","right","right",0.7394
"vf1t","speed","left","left",0.3703
"vf1t","speed","left","left",0.5217
"vf1t","neutral","right","right",0.4025
"vf1t","neutral","left","left",0.4566
"vf1t","neutral","right","right",0.4623
"vf1t","speed","left","right",0.3417
"vf1t","neutral","left","left",0.4824
"vf1t","speed","left","left",0.3796
"vf1t","accuracy","left","left",1.0895
"vf1t","neutral","left","left",0.6707
"vf1t","speed","left","right",0.3126
"vf1t","accuracy","right","right",0.9356
"vf1t","accuracy","right","right",0.448
"vf1t","accuracy","left","left",0.5947
"vf1t","neutral","right","right",0.569
"vf1t","speed","left","left",0.3416
"vf1t","neutral","right","right",0.468
"vf1t","neutral","left","left",0.9384
"vf1t","speed","left","left",0.2798
"vf1t","accuracy","left","left",0.4177
"vf1t","accuracy","right","right",0.5893
"vf1t","neutral","right","left",0.7074
"vf1t","accuracy","left","left",0.5297
"vf1t","accuracy","left","left",0.4599
"vf1t","neutral","right","right",0.7921
"vf1t","neutral","left","left",0.4809
"vf1t","speed","left","right",0.2559
"vf1t","accuracy","left","left",0.7875
"vf1t","speed","right","left",0.2596
"vf1t","neutral","right","right",0.49
"vf1t","accuracy","right","right",0.6259
"vf1t","accuracy","right","right",0.7749
"vf1t","neutral","right","right",0.4522
"vf1t","speed","left","right",0.3584
"vf1t","accuracy","right","right",0.4473
"vf1t","speed","right","left",0.3411
"vf1t","speed","right","left",0.4434
"vf1t","accuracy","right","right",1.0903
"vf1t","accuracy","left","left",0.5457
"vf1t","accuracy","right","right",0.5527
"vf1t","speed","right","right",0.3255
"vf1t","neutral","left","left",0.4936
"vf1t","speed","left","right",0.3755
"vf1t","accuracy","right","right",0.5186
"vf1t","neutral","right","right",0.6438
"vf1t","accuracy","left","left",0.5515
"vf1t","speed","left","left",0.3541
"vf1t","neutral","right","right",0.5387
"vf1t","neutral","right","right",0.8237
"vf1t","neutral","right","right",0.5605
"vf1t","neutral","right","left",1.0579
"vf1t","speed","left","left",0.6154
"vf1t","accuracy","left","left",0.6457
"vf1t","neutral","left","left",0.4847
"vf1t","neutral","left","left",0.4286
"vf1t","accuracy","right","right",0.5098
"vf1t","speed","right","right",0.4036
"vf1t","speed","right","right",0.3651
"vf1t","accuracy","left","left",0.4969
"vf1t","accuracy","right","right",0.4211
"vf1t","neutral","left","left",0.4152
"vf1t","neutral","right","right",0.476
"vf1t","accuracy","right","right",0.5119
"vf1t","speed","right","right",0.3349
"vf1t","neutral","left","left",0.4903
"vf1t","accuracy","left","left",0.8601
"vf1t","speed","right","right",0.3631
"vf1t","speed","left","right",0.297
"vf1t","speed","right","right",0.4289
"vf1t","speed","left","left",0.3347
"vf1t","accuracy","right","right",0.8738
"vf1t","speed","right","right",0.3175
"vf1t","speed","right","right",0.405
"vf1t","speed","left","right",0.4375
"vf1t","neutral","left","left",0.4147
"vf1t","accuracy","right","right",0.4618
"vf1t","speed","right","right",0.3266
"vf1t","accuracy","right","right",0.4227
"vf1t","neutral","right","right",0.6773
"vf1t","neutral","right","left",0.7191
"vf1t","speed","right","right",0.3608
"vf1t","speed","left","left",0.4435
"vf1t","neutral","right","right",0.455
"vf1t","accuracy","left","right",0.451
"vf1t","neutral","right","right",0.7547
"vf1t","accuracy","left","left",0.4839
"vf1t","neutral","right","right",0.5218
"vf1t","accuracy","right","left",1.1192
"vf1t","speed","right","right",0.3269
"vf1t","neutral","left","left",0.3896
"vf1t","accuracy","right","right",0.4886
"vf1t","neutral","right","left",0.4622
"vf1t","neutral","left","left",0.5813
"vf1t","speed","right","right",0.2668
"vf1t","neutral","right","right",0.4857
"vf1t","accuracy","right","right",0.8302
"vf1t","neutral","left","left",0.4776
"vf1t","accuracy","right","right",0.7589
"vf1t","accuracy","left","right",0.7452
"vf1t","neutral","left","left",0.4747
"vf1t","neutral","right","right",0.4752
"vf1t","neutral","left","left",0.427
"vf1t","accuracy","right","right",0.6164
"vf1t","neutral","left","left",0.4122
"vf1t","accuracy","left","left",0.473
"vf1t","neutral","right","right",0.3658
"vf1t","neutral","right","right",0.4598
"vf1t","speed","right","right",0.3564
"vf1t","neutral","left","left",0.3974
"vf1t","accuracy","left","left",0.5365
"vf1t","accuracy","right","right",0.5024
"vf1t","accuracy","left","left",0.5134
"vf1t","neutral","right","right",0.4059
"vf1t","accuracy","right","right",0.4862
"vf1t","speed","left","left",0.2839
"vf1t","neutral","right","right",0.7372
"vf1t","accuracy","right","right",0.6571
"vf1t","speed","left","right",0.3502
"vf1t","accuracy","right","right",0.7152
"vf1t","neutral","right","right",0.4241
"vf1t","accuracy","right","right",0.4703
"vf1t","accuracy","left","left",0.4591
"vf1t","neutral","left","left",0.4438
"vf1t","neutral","left","left",0.8626
"vf1t","speed","right","right",0.388
"vf1t","speed","right","right",0.3957
"vf1t","accuracy","right","right",0.5223
"vf1t","neutral","left","left",0.4424
"vf1t","accuracy","left","left",0.4996
"vf1t","accuracy","right","right",0.6102
"vf1t","neutral","left","left",0.4804
"vf1t","accuracy","left","right",0.5965
"vf1t","speed","left","right",0.3421
"vf1t","neutral","left","left",0.4506
"vf1t","accuracy","left","left",0.493
"vf1t","accuracy","left","left",0.5148
"vf1t","speed","left","right",0.3347
"vf1t","speed","left","left",0.3495
"vf1t","neutral","right","right",0.4932
"vf1t","speed","right","right",0.4263
"vf1t","speed","left","left",0.3875
"vf1t","speed","right","right",0.364
"vf1t","neutral","right","right",0.5096
"vf1t","neutral","left","left",0.5027
"vf1t","accuracy","right","right",0.6823
"vf1t","neutral","right","right",0.4976
"vf1t","neutral","left","left",0.4886
"vf1t","speed","left","left",0.3472
"vf1t","accuracy","left","left",0.468
"vf1t","accuracy","left","left",0.5075
"vf1t","speed","right","right",0.3696
"vf1t","speed","right","right",0.4085
"vf1t","accuracy","left","left",0.4
"vf1t","speed","right","right",0.3144
"vf1t","accuracy","right","right",0.4463
"vf1t","neutral","right","right",0.3807
"vf1t","neutral","right","right",0.4519
"vf1t","speed","left","right",0.3474
"vf1t","accuracy","right","left",0.5537
"vf1t","speed","right","left",0.3206
"vf1t","neutral","right","right",0.5834
"vf1t","accuracy","right","right",0.4047
"vf1t","neutral","right","right",0.3541
"vf1t","speed","right","right",0.3618
"vf1t","neutral","left","left",0.5087
"vf1t","speed","left","left",0.4608
"vf1t","accuracy","left","left",0.9894
"vf1t","accuracy","left","left",0.513
"vf1t","accuracy","left","left",1.148
"vf1t","accuracy","right","left",1.0903
"vf1t","neutral","left","left",0.507
"vf1t","neutral","right","right",0.6468
"vf1t","neutral","left","right",0.5397
"vf1t","accuracy","left","left",0.4321
"vf1t","accuracy","left","left",0.4215
"vf1t","accuracy","left","left",0.3923
"vf1t","speed","left","right",0.3376
"vf1t","accuracy","left","left",0.4243
"vf1t","neutral","left","left",0.3632
"vf1t","speed","left","left",0.316
"vf1t","neutral","left","left",0.3743
"vf1t","speed","left","left",0.3391
"vf1t","accuracy","left","left",0.4546
"vf1t","accuracy","right","right",0.3923
"vf1t","neutral","right","right",0.3954
"vf1t","accuracy","left","left",0.7599
"vf1t","neutral","left","left",0.3789
"vf1t","accuracy","left","right",0.5688
"vf1t","neutral","left","right",1.1403
"vf1t","speed","left","left",0.3387
"vf1t","accuracy","left","left",0.3677
"vf1t","neutral","left","left",0.4263
"vf1t","accuracy","right","right",0.5722
"vf1t","neutral","left","left",0.3988
"vf1t","speed","right","right",0.2524
"vf1t","speed","left","right",0.3471
"vf1t","speed","right","left",0.3317
"vf1t","neutral","left","left",0.4154
"vf1t","neutral","left","left",0.382
"vf1t","neutral","right","right",0.4302
"vf1t","neutral","left","left",0.5403
"vf1t","accuracy","right","right",0.6499
"vf1t","speed","left","right",0.2999
"vf1t","speed","left","left",0.3588
"vf1t","accuracy","right","right",0.5892
"vf1t","accuracy","left","right",0.6474
"vf1t","neutral","left","left",0.3291
"vf1t","accuracy","right","right",0.405
"vf1t","accuracy","right","right",0.4892
"vf1t","neutral","left","left",0.4522
"vf1t","neutral","left","left",0.5772
"vf1t","accuracy","left","left",0.4387
"vf1t","accuracy","left","left",0.5501
"vf1t","neutral","left","left",0.694
"vf1t","neutral","left","left",0.5516
"vf1t","accuracy","right","left",0.7489
"vf1t","speed","left","right",0.295
"vf1t","accuracy","left","left",0.7832
"vf1t","speed","right","left",0.4309
"vf1t","speed","left","left",0.4532
"vf1t","neutral","right","left",0.9107
"vf1t","neutral","left","left",0.4271
"vf1t","accuracy","left","left",0.5293
"vf1t","neutral","right","right",0.592
"vf1t","accuracy","right","right",0.621
"vf1t","accuracy","right","left",0.6771
"vf1t","accuracy","left","left",0.4342
"vf1t","neutral","right","right",0.3935
"vf1t","accuracy","left","left",0.4212
"vf1t","neutral","right","right",0.4004
"vf1t","speed","right","right",0.2865
"vf1t","accuracy","left","left",0.4042
"vf1t","speed","left","left",0.3094
"vf1t","neutral","left","left",0.4179
"vf1t","neutral","right","right",0.339
"vf1t","neutral","right","right",0.4209
"vf1t","accuracy","right","right",0.7723
"vf1t","neutral","right","right",0.3947
"vf1t","speed","right","left",0.3528
"vf1t","speed","right","right",0.5161
"vf1t","accuracy","left","left",0.6679
"vf1t","accuracy","left","left",0.4064
"vf1t","neutral","right","right",0.6747
"vf1t","neutral","left","left",0.3591
"vf1t","accuracy","left","left",0.3859
"vf1t","speed","left","left",0.3616
"vf1t","accuracy","right","right",0.385
"vf1t","speed","left","left",0.3313
"vf1t","speed","right","left",0.4416
"vf1t","neutral","right","right",0.6417
"vf1t","accuracy","right","right",0.5725
"vf1t","accuracy","right","right",0.4503
"vf1t","speed","left","left",0.3449
"vf1t","speed","right","right",0.3247
"vf1t","speed","right","right",0.3676
"vf1t","speed","left","left",0.2981
"vf1t","accuracy","left","left",0.4302
"vf1t","neutral","right","right",0.4913
"vf1t","accuracy","right","right",0.5752
"vf1t","speed","right","left",0.3217
"vf1t","speed","right","right",0.3623
"vf1t","accuracy","right","right",0.4126
"vf1t","neutral","left","left",0.4006
"vf1t","neutral","right","right",0.4876
"vf1t","neutral","right","right",0.6683
"vf1t","speed","left","right",0.3908
"vf1t","speed","left","left",0.4071
"vf1t","accuracy","right","right",0.8206
"vf1t","accuracy","right","right",0.5814
"vf1t","speed","right","left",0.3178
"vf1t","accuracy","right","left",0.8698
"vf1t","neutral","right","right",0.6116
"vf1t","accuracy","left","left",0.7782
"vf1t","neutral","right","left",1.0351
"vf1t","neutral","left","left",0.6235
"vf1t","neutral","left","left",0.6825
"vf1t","neutral","left","right",0.7195
"vf1t","neutral","right","right",0.4889
"vf1t","speed","right","left",0.3306
"vf1t","accuracy","left","left",0.4842
"vf1t","accuracy","right","left",0.623
"vf1t","speed","right","right",0.3245
"vf1t","speed","right","right",0.3203
"vf1t","speed","left","left",0.3681
"vf1t","speed","right","right",0.3056
"vf1t","neutral","left","left",0.5248
"vf1t","speed","right","right",0.3275
"vf1t","speed","left","right",0.3506
"vf1t","accuracy","right","right",0.674
"vf1t","accuracy","left","right",0.6709
"vf1t","neutral","left","left",0.44
"vf1t","speed","left","left",0.3498
"vf1t","neutral","right","right",0.4364
"vf1t","accuracy","right","left",0.4292
"vf1t","neutral","left","left",0.4986
"vf1t","speed","right","right",0.3854
"vf1t","accuracy","left","left",0.5435
"vf1t","neutral","right","right",0.443
"vf1t","accuracy","left","left",0.4249
"vf1t","speed","right","left",0.5147
"vf1t","neutral","left","left",0.4931
"vf1t","neutral","right","right",0.4363
"vf1t","neutral","left","left",0.4332
"vf1t","speed","left","right",0.3261
"vf1t","neutral","right","right",0.3752
"vf1t","accuracy","right","right",0.7598
"vf1t","neutral","left","right",0.4077
"vf1t","accuracy","right","right",0.5901
"vf1t","accuracy","left","right",0.7613
"vf1t","accuracy","left","left",0.4306
"vf1t","speed","right","right",0.3125
"vf1t","accuracy","left","left",0.4439
"vf1t","speed","right","right",0.356
"vf1t","speed","right","right",0.2894
"vf1t","accuracy","right","right",0.6459
"vf1t","accuracy","left","left",0.5406
"vf1t","speed","right","right",0.3252
"vf1t","accuracy","right","right",0.7206
"vf1t","accuracy","left","left",0.4009
"vf1t","neutral","left","left",0.399
"vf1t","accuracy","left","left",0.5807
"vf1t","speed","left","left",0.3751
"vf1t","accuracy","left","left",0.9558
"vf1t","accuracy","right","right",0.7514
"vf1t","speed","left","right",0.4815
"vf1t","speed","right","left",0.2509
"vf1t","neutral","left","right",0.5891
"vf1t","speed","left","left",0.3358
"vf1t","speed","right","left",0.4388
"vf1t","accuracy","left","right",0.4908
"vf1t","speed","left","left",0.3834
"vf1t","accuracy","right","right",0.6721
"vf1t","speed","right","left",0.2932
"vf1t","accuracy","right","right",0.4156
"vf1t","speed","right","right",0.3519
"vf1t","neutral","left","left",0.3861
"vf1t","accuracy","left","right",0.4823
"vf1t","speed","right","right",0.3727
"vf1t","accuracy","right","right",0.4656
"vf1t","speed","left","right",0.3878
"vf1t","speed","left","right",0.4359
"vf1t","speed","left","left",0.3621
"vf1t","neutral","left","right",0.8698
"vf1t","accuracy","left","left",0.5115
"vf1t","speed","left","left",0.323
"vf1t","accuracy","left","right",0.5605
"vf1t","accuracy","right","right",0.6835
"vf1t","neutral","right","right",0.6927
"vf1t","neutral","right","right",0.4413
"vf1t","speed","right","right",0.3352
"vf1t","speed","left","left",0.4252
"vf1t","accuracy","right","right",0.5379
"vf1t","neutral","left","left",0.7546
"vf1t","neutral","right","left",0.7333
"vf1t","accuracy","right","right",0.7453
"vf1t","neutral","left","left",0.5688
"vf1t","speed","left","right",0.3275
"vf1t","neutral","right","right",0.4908
"vf1t","accuracy","right","left",0.9099
"vf1t","speed","right","right",0.3532
"vf1t","neutral","left","left",0.5105
"vf1t","speed","left","left",0.3784
"vf1t","neutral","right","right",0.506
"vf1t","speed","left","right",0.3368
"vf1t","neutral","right","left",0.7798
"vf1t","speed","right","right",0.35
"vf1t","neutral","right","right",0.5878
"vf1t","accuracy","left","left",0.5678
"vf1t","accuracy","right","right",0.5277
"vf1t","neutral","left","left",0.5021
"vf1t","speed","left","left",0.4073
"vf1t","speed","right","right",0.4006
"vf1t","accuracy","right","right",0.973
"vf1t","accuracy","left","left",0.4363
"vf1t","speed","left","right",0.353
"vf1t","speed","left","right",0.2841
"vf1t","neutral","left","left",0.3694
"vf1t","accuracy","left","left",0.5132
"vf1t","neutral","left","left",0.4589
"vf1t","accuracy","right","right",0.6329
"vf1t","accuracy","right","right",0.4534
"vf1t","neutral","left","left",0.4568
"vf1t","accuracy","right","right",0.4312
"vf1t","speed","right","left",0.3051
"vf1t","neutral","right","right",0.363
"vf1t","speed","right","right",0.355
"vf1t","speed","left","left",0.4106
"vf1t","speed","right","right",0.3576
"vf1t","neutral","left","left",0.5034
"vf1t","neutral","left","left",0.4598
"vf1t","speed","right","right",0.3375
"vf1t","neutral","right","right",0.4239
"vf1t","neutral","right","left",0.5347
"vf1t","accuracy","left","left",0.5706
"vf1t","speed","left","right",0.2824
"vf1t","accuracy","right","right",0.4139
"vf1t","accuracy","left","left",0.4343
"vf1t","accuracy","left","left",0.4958
"vf1t","speed","right","left",0.2828
"vf1t","neutral","left","left",0.4425
"vf1t","speed","right","right",0.3267
"vf1t","neutral","left","left",0.4301
"vf1t","speed","left","left",0.3889
"vf1t","speed","right","right",0.3252
"vf1t","accuracy","right","right",0.5624
"vf1t","accuracy","left","right",0.5727
"vf1t","accuracy","right","right",0.4702
"vf1t","speed","left","left",0.3402
"vf1t","neutral","left","left",0.4607
"vf1t","neutral","left","left",0.576
"vf1t","speed","left","right",0.3326
"vf1t","speed","right","right",0.3915
"vf1t","neutral","right","right",0.3927
"vf1t","speed","left","right",0.4549
"vf1t","speed","left","left",0.3397
"vf1t","accuracy","left","left",0.5069
"vf1t","accuracy","right","right",0.4105
"vf1t","accuracy","right","right",0.4121
"vf1t","speed","left","left",0.331
"vf1t","accuracy","left","left",0.4313
"vf1t","neutral","right","right",0.4815
"vf1t","neutral","right","right",0.516
"vf1t","speed","right","right",0.3645
"vf1t","neutral","left","left",0.3849
"vf1t","speed","left","left",0.3767
"vf1t","neutral","left","left",0.3637
"vf1t","accuracy","right","right",0.3583
"vf1t","neutral","right","right",0.3714
"vf1t","neutral","left","left",0.3551
"vf1t","accuracy","right","right",0.4203
"vf1t","neutral","right","right",0.4131
"vf1t","speed","right","right",0.3199
"vf1t","speed","right","right",0.3282
"vf1t","accuracy","right","right",0.5219
"vf1t","accuracy","left","left",0.4765
"vf1t","speed","left","right",0.3825
"vf1t","accuracy","right","right",0.4924
"vf1t","accuracy","right","right",0.3757
"vf1t","neutral","left","left",0.5179
"vf1t","accuracy","right","right",0.4662
"vf1t","accuracy","left","left",0.4841
"vf1t","speed","left","right",0.3621
"vf1t","speed","left","left",0.3659
"vf1t","speed","left","right",0.2899
"vf1t","accuracy","right","right",0.5202
"vf1t","neutral","right","right",0.4624
"vf1t","accuracy","left","left",0.5464
"vf1t","speed","right","right",0.3365
"vf1t","speed","right","right",0.4486
"vf1t","speed","left","right",0.357
"vf1t","accuracy","left","left",0.7275
"vf1t","neutral","right","right",0.8338
"vf1t","speed","left","right",0.3613
"vf1t","accuracy","right","right",0.4945
"vf1t","neutral","left","left",0.4526
"vf1t","accuracy","right","right",0.4138
"vf1t","accuracy","left","left",0.4586
"vf1t","speed","left","left",0.4427
"vf1t","neutral","right","right",0.7882
"vf1t","speed","left","left",0.4763
"vf1t","accuracy","right","left",0.6288
"vf1t","neutral","right","right",0.4467
"vf1t","accuracy","right","right",0.4394
"vf1t","speed","left","left",0.4049
"vf1t","accuracy","right","right",0.4528
"vf1t","neutral","right","right",0.5534
"vf1t","speed","right","left",0.3256
"vf1t","neutral","right","right",0.4437
"vf1t","speed","left","left",0.3361
"vf1t","neutral","left","left",0.3346
"vf1t","speed","left","left",0.2725
"vf1t","accuracy","left","left",0.3495
"vf1t","speed","right","left",0.2943
"vf1t","speed","right","right",0.2557
"vf1t","speed","right","right",0.3099
"vf1t","accuracy","right","left",0.6735
"vf1t","speed","right","right",0.4092
"vf1t","neutral","left","left",0.4451
"vf1t","neutral","right","right",0.8485
"vf1t","neutral","left","left",0.4627
"vf1t","neutral","right","left",0.4482
"vf1t","speed","right","right",0.3246
"vf1t","speed","left","left",0.3589
"vf1t","neutral","left","left",0.7164
"vf1t","accuracy","left","left",0.547
"vf1t","speed","right","right",0.2934
"vf1t","accuracy","right","left",0.47
"vf1t","neutral","left","left",0.4657
"vf1t","speed","right","right",0.3184
"vf1t","neutral","right","right",0.5959
"vf1t","neutral","left","left",0.4751
"vf1t","accuracy","right","right",0.455
"vf1t","accuracy","left","left",0.4442
"vf1t","neutral","left","left",0.4207
"vf1t","accuracy","right","right",0.357
"vf1t","speed","left","left",0.5451
"vf1t","accuracy","left","left",0.377
"vf1t","speed","left","left",0.5062
"vf1t","neutral","right","right",0.375
"vf1t","accuracy","right","right",0.6239
"vf1t","neutral","right","right",0.4498
"vf1t","neutral","right","right",0.3792
"vf1t","speed","right","right",0.3274
"vf1t","accuracy","right","right",0.3935
"vf1t","accuracy","right","right",0.3491
"vf1t","neutral","right","right",0.3665
"vf1t","speed","left","left",0.306
"vf1t","accuracy","right","right",0.5766
"vf1t","speed","left","right",0.3017
"vf1t","accuracy","left","left",0.5115
"vf1t","accuracy","left","left",0.4359
"vf1t","accuracy","left","left",0.4625
"vf1t","neutral","left","left",0.4927
"vf1t","accuracy","right","right",0.5503
"vf1t","neutral","right","left",0.5439
"vf1t","accuracy","left","left",0.6365
"vf1t","speed","right","right",0.298
"vf1t","accuracy","left","left",0.5499
"vf1t","neutral","right","right",0.4627
"vf1t","neutral","left","right",0.721
"vf1t","neutral","right","right",0.5413
"vf1t","accuracy","right","right",0.7109
"vf1t","speed","left","right",0.252
"vf1t","neutral","right","right",0.6123
"vf1t","neutral","left","left",0.3699
"vf1t","speed","right","right",0.4643
"vf1t","accuracy","right","left",1.4752
"vf1t","neutral","right","right",0.5656
"vf1t","accuracy","right","right",1.0546
"vf1t","speed","left","left",0.3427
"vf1t","neutral","left","right",0.3716
"vf1t","speed","right","right",0.3508
"vf1t","accuracy","left","right",0.3914
"vf1t","accuracy","left","left",0.4481
"zk1t","speed","left","left",0.3344
"zk1t","neutral","right","right",0.4969
"zk1t","accuracy","right","right",0.4797
"zk1t","accuracy","left","left",0.444
"zk1t","neutral","right","left",0.3211
"zk1t","speed","left","left",0.4601
"zk1t","accuracy","left","left",0.4414
"zk1t","neutral","left","left",0.383
"zk1t","neutral","left","left",0.4704
"zk1t","neutral","left","left",0.4169
"zk1t","neutral","left","left",0.3978
"zk1t","accuracy","right","right",0.5344
"zk1t","speed","left","left",0.5782
"zk1t","accuracy","right","right",0.5769
"zk1t","accuracy","right","right",0.5267
"zk1t","speed","left","left",0.4221
"zk1t","speed","left","left",0.3085
"zk1t","accuracy","right","right",0.545
"zk1t","accuracy","left","left",0.4402
"zk1t","accuracy","right","right",0.5151
"zk1t","speed","left","left",0.4973
"zk1t","accuracy","left","left",0.5903
"zk1t","accuracy","right","right",0.4779
"zk1t","accuracy","left","left",0.6344
"zk1t","neutral","left","left",0.3567
"zk1t","speed","right","right",0.4629
"zk1t","speed","left","left",0.3275
"zk1t","accuracy","left","left",0.4293
"zk1t","accuracy","left","left",0.43
"zk1t","accuracy","right","right",0.4757
"zk1t","speed","right","right",0.41
"zk1t","accuracy","right","right",0.4719
"zk1t","speed","left","left",0.2652
"zk1t","accuracy","right","right",0.5057
"zk1t","speed","left","left",0.3509
"zk1t","speed","left","left",0.3542
"zk1t","neutral","right","right",0.5533
"zk1t","speed","left","left",0.4599
"zk1t","neutral","right","right",0.3938
"zk1t","neutral","left","left",0.467
"zk1t","accuracy","right","right",0.419
"zk1t","neutral","left","left",0.4217
"zk1t","accuracy","right","right",0.3712
"zk1t","neutral","right","right",0.4866
"zk1t","accuracy","left","left",0.4813
"zk1t","accuracy","left","left",0.5242
"zk1t","accuracy","right","right",0.434
"zk1t","accuracy","left","left",0.5043
"zk1t","neutral","right","right",0.4864
"zk1t","accuracy","left","left",0.4477
"zk1t","accuracy","right","right",0.6494
"zk1t","speed","right","right",0.3972
"zk1t","neutral","right","right",0.5381
"zk1t","neutral","right","right",0.4424
"zk1t","neutral","right","right",0.5646
"zk1t","speed","right","right",0.5392
"zk1t","accuracy","left","left",0.4831
"zk1t","accuracy","left","left",0.4126
"zk1t","accuracy","left","left",0.6242
"zk1t","accuracy","left","left",0.469
"zk1t","neutral","right","right",0.7054
"zk1t","accuracy","left","left",0.4324
"zk1t","accuracy","left","left",0.5662
"zk1t","speed","left","left",0.3714
"zk1t","neutral","right","left",0.4249
"zk1t","accuracy","right","right",0.7813
"zk1t","accuracy","left","left",0.3983
"zk1t","accuracy","left","left",0.4198
"zk1t","accuracy","right","right",0.5795
"zk1t","speed","right","right",0.4974
"zk1t","accuracy","left","left",0.5878
"zk1t","neutral","right","left",0.7055
"zk1t","speed","right","right",0.5659
"zk1t","speed","left","left",0.5345
"zk1t","speed","right","right",0.5194
"zk1t","accuracy","right","right",0.7412
"zk1t","accuracy","left","left",0.4485
"zk1t","accuracy","right","right",0.4507
"zk1t","accuracy","right","right",0.6792
"zk1t","accuracy","right","left",0.5453
"zk1t","accuracy","right","right",0.5279
"zk1t","neutral","left","left",0.4582
"zk1t","accuracy","left","left",0.4869
"zk1t","neutral","left","left",0.5101
"zk1t","speed","left","left",0.4702
"zk1t","neutral","left","left",0.5003
"zk1t","neutral","left","left",0.446
"zk1t","neutral","left","left",0.456
"zk1t","accuracy","right","right",0.5248
"zk1t","neutral","left","left",0.4085
"zk1t","accuracy","left","left",0.5055
"zk1t","neutral","left","left",0.635
"zk1t","accuracy","left","left",0.4759
"zk1t","neutral","left","left",0.5797
"zk1t","speed","left","left",0.4502
"zk1t","speed","right","left",0.4035
"zk1t","neutral","right","right",0.8353
"zk1t","speed","left","left",0.4819
"zk1t","neutral","left","left",0.426
"zk1t","accuracy","left","left",0.5846
"zk1t","accuracy","left","left",0.6551
"zk1t","speed","right","right",0.4914
"zk1t","neutral","right","right",0.5059
"zk1t","neutral","left","left",0.4155
"zk1t","accuracy","left","left",0.5802
"zk1t","speed","left","right",0.4443
"zk1t","neutral","right","right",0.5098
"zk1t","neutral","left","left",0.4311
"zk1t","accuracy","right","right",0.464
"zk1t","speed","left","left",0.4606
"zk1t","neutral","right","right",0.4543
"zk1t","speed","right","right",0.4304
"zk1t","accuracy","left","left",0.4681
"zk1t","accuracy","left","left",0.454
"zk1t","speed","left","left",0.4267
"zk1t","accuracy","left","left",0.869
"zk1t","neutral","right","right",0.5016
"zk1t","accuracy","left","left",0.4447
"zk1t","neutral","left","left",0.4805
"zk1t","neutral","right","right",0.4564
"zk1t","speed","right","right",0.4
"zk1t","neutral","right","left",0.4317
"zk1t","neutral","right","left",0.5618
"zk1t","neutral","left","left",0.4902
"zk1t","speed","left","left",0.4155
"zk1t","neutral","right","right",0.4902
"zk1t","speed","right","right",0.3538
"zk1t","neutral","left","left",0.4454
"zk1t","neutral","left","left",0.4853
"zk1t","neutral","left","left",0.4247
"zk1t","speed","right","right",0.3399
"zk1t","neutral","right","right",0.5968
"zk1t","neutral","left","left",0.4548
"zk1t","accuracy","right","right",0.3742
"zk1t","neutral","right","right",0.5026
"zk1t","neutral","right","right",0.4378
"zk1t","speed","left","left",0.2663
"zk1t","accuracy","right","right",0.4242
"zk1t","speed","right","right",0.3602
"zk1t","accuracy","right","right",0.5311
"zk1t","accuracy","right","left",0.3468
"zk1t","neutral","right","right",0.5247
"zk1t","speed","left","left",0.28
"zk1t","accuracy","left","left",0.5486
"zk1t","accuracy","right","right",0.4528
"zk1t","accuracy","right","right",0.5323
"zk1t","neutral","right","right",0.54
"zk1t","neutral","right","right",0.5946
"zk1t","accuracy","left","left",0.4959
"zk1t","neutral","left","right",0.8431
"zk1t","accuracy","right","right",0.6087
"zk1t","speed","right","left",0.3193
"zk1t","speed","left","left",0.5628
"zk1t","neutral","right","right",0.438
"zk1t","neutral","left","left",0.6049
"zk1t","accuracy","left","left",0.6202
"zk1t","speed","left","right",0.3459
"zk1t","neutral","left","left",0.5439
"zk1t","speed","left","left",0.4844
"zk1t","accuracy","left","left",0.6918
"zk1t","accuracy","left","left",0.492
"zk1t","accuracy","right","right",0.5072
"zk1t","neutral","right","right",0.5407
"zk1t","neutral","left","left",0.5007
"zk1t","accuracy","left","left",0.443
"zk1t","neutral","right","left",0.4515
"zk1t","speed","right","right",0.3861
"zk1t","neutral","left","left",0.589
"zk1t","neutral","left","left",0.4325
"zk1t","accuracy","left","left",0.4244
"zk1t","accuracy","right","right",0.569
"zk1t","speed","right","right",0.2779
"zk1t","accuracy","right","right",0.7295
"zk1t","neutral","left","left",0.3973
"zk1t","speed","left","left",0.2612
"zk1t","speed","right","left",0.466
"zk1t","speed","left","left",0.5811
"zk1t","neutral","right","right",0.5188
"zk1t","accuracy","right","left",0.6332
"zk1t","accuracy","right","right",0.5766
"zk1t","neutral","right","right",0.5114
"zk1t","neutral","right","left",0.3546
"zk1t","accuracy","right","right",0.5682
"zk1t","neutral","right","right",0.4622
"zk1t","neutral","left","left",0.515
"zk1t","speed","right","left",0.2598
"zk1t","neutral","left","left",0.9715
"zk1t","speed","left","left",0.5254
"zk1t","accuracy","left","left",0.6757
"zk1t","accuracy","left","left",0.5831
"zk1t","accuracy","left","right",0.684
"zk1t","speed","left","left",0.5497
"zk1t","speed","right","left",0.495
"zk1t","accuracy","left","left",0.5515
"zk1t","speed","left","left",0.4423
"zk1t","speed","right","right",0.3355
"zk1t","speed","left","left",0.5517
"zk1t","neutral","left","left",0.5012
"zk1t","accuracy","right","left",0.7032
"zk1t","speed","right","left",0.3436
"zk1t","accuracy","left","left",0.7343
"zk1t","accuracy","left","left",0.4544
"zk1t","neutral","left","left",0.4587
"zk1t","speed","right","right",0.3328
"zk1t","speed","left","left",0.2625
"zk1t","accuracy","right","right",0.6327
"zk1t","neutral","right","right",0.5065
"zk1t","accuracy","right","left",0.3521
"zk1t","accuracy","right","right",1.0986
"zk1t","speed","left","left",0.2638
"zk1t","accuracy","left","left",0.4475
"zk1t","neutral","left","left",0.4647
"zk1t","speed","right","right",0.4295
"zk1t","accuracy","right","right",0.4752
"zk1t","speed","right","left",0.2852
"zk1t","neutral","left","left",0.4022
"zk1t","neutral","right","right",0.6279
"zk1t","accuracy","left","left",0.5347
"zk1t","neutral","right","right",0.4871
"zk1t","neutral","right","right",0.5915
"zk1t","neutral","right","right",0.4692
"zk1t","speed","right","right",0.437
"zk1t","accuracy","left","left",0.4263
"zk1t","neutral","right","right",0.4408
"zk1t","speed","right","right",0.2621
"zk1t","accuracy","right","right",0.5947
"zk1t","accuracy","left","left",0.5642
"zk1t","neutral","right","right",0.4544
"zk1t","neutral","left","right",0.6395
"zk1t","speed","right","right",0.2594
"zk1t","neutral","left","left",0.6694
"zk1t","neutral","right","right",0.4809
"zk1t","speed","left","left",0.4175
"zk1t","accuracy","right","right",0.4963
"zk1t","neutral","left","left",0.4818
"zk1t","speed","right","left",0.2534
"zk1t","speed","right","right",0.4744
"zk1t","accuracy","right","right",0.4996
"zk1t","speed","left","left",0.3029
"zk1t","neutral","left","right",0.3303
"zk1t","neutral","left","left",0.3126
"zk1t","neutral","left","right",0.4044
"zk1t","speed","right","right",0.2856
"zk1t","accuracy","right","right",0.7092
"zk1t","speed","right","left",0.2812
"zk1t","neutral","left","left",0.4004
"zk1t","accuracy","right","right",0.7355
"zk1t","accuracy","left","left",0.6794
"zk1t","accuracy","right","left",0.7842
"zk1t","neutral","left","left",0.5061
"zk1t","accuracy","left","left",0.4787
"zk1t","accuracy","right","right",0.4471
"zk1t","speed","left","left",0.4574
"zk1t","neutral","left","left",0.4782
"zk1t","speed","left","right",0.3308
"zk1t","speed","left","left",0.3592
"zk1t","speed","right","left",0.3457
"zk1t","neutral","left","left",0.3867
"zk1t","neutral","left","left",0.5002
"zk1t","accuracy","right","right",0.645
"zk1t","accuracy","left","left",0.469
"zk1t","accuracy","left","left",0.4585
"zk1t","accuracy","left","left",0.4834
"zk1t","neutral","right","right",0.4609
"zk1t","neutral","left","left",0.5797
"zk1t","accuracy","left","left",0.4022
"zk1t","speed","left","left",0.3897
"zk1t","neutral","right","right",0.4861
"zk1t","accuracy","right","right",0.776
"zk1t","neutral","left","left",0.4372
"zk1t","accuracy","right","right",0.8875
"zk1t","accuracy","right","right",0.463
"zk1t","speed","left","right",0.3316
"zk1t","accuracy","left","left",0.4888
"zk1t","neutral","right","right",0.4787
"zk1t","speed","left","left",0.319
"zk1t","speed","right","right",0.2612
"zk1t","neutral","left","left",0.3637
"zk1t","speed","right","right",0.3006
"zk1t","accuracy","right","right",0.5581
"zk1t","accuracy","left","left",0.4451
"zk1t","neutral","right","left",0.3139
"zk1t","accuracy","right","right",0.5475
"zk1t","speed","left","left",0.3864
"zk1t","accuracy","right","right",0.5891
"zk1t","accuracy","right","right",0.5103
"zk1t","speed","left","left",0.3391
"zk1t","speed","left","left",0.2854
"zk1t","neutral","right","right",0.4886
"zk1t","accuracy","right","right",0.4251
"zk1t","neutral","right","right",0.43
"zk1t","neutral","right","left",0.4053
"zk1t","neutral","left","left",0.5112
"zk1t","neutral","left","left",0.4254
"zk1t","neutral","right","right",0.5988
"zk1t","accuracy","right","right",0.7655
"zk1t","accuracy","right","right",0.5561
"zk1t","speed","left","left",0.3892
"zk1t","neutral","right","right",0.4769
"zk1t","neutral","left","left",0.3714
"zk1t","accuracy","left","left",0.4881
"zk1t","neutral","left","left",0.4887
"zk1t","accuracy","left","left",0.5328
"zk1t","neutral","left","left",0.4838
"zk1t","accuracy","left","left",0.4331
"zk1t","speed","left","left",0.3875
"zk1t","neutral","left","left",0.6189
"zk1t","accuracy","right","right",0.4218
"zk1t","neutral","left","left",0.568
"zk1t","neutral","left","left",0.5054
"zk1t","speed","right","left",0.3188
"zk1t","neutral","right","right",0.5599
"zk1t","speed","right","right",0.4198
"zk1t","accuracy","right","right",0.5152
"zk1t","speed","left","left",0.2877
"zk1t","neutral","right","right",0.6716
"zk1t","neutral","left","left",0.5103
"zk1t","accuracy","left","left",0.5463
"zk1t","accuracy","left","left",0.4239
"zk1t","neutral","left","left",0.5916
"zk1t","speed","right","right",0.3255
"zk1t","neutral","right","right",0.5348
"zk1t","speed","right","right",0.5264
"zk1t","accuracy","left","left",0.6224
"zk1t","speed","left","left",0.4231
"zk1t","accuracy","right","right",0.4025
"zk1t","accuracy","right","right",0.4822
"zk1t","speed","left","right",0.3182
"zk1t","neutral","left","left",0.557
"zk1t","neutral","right","right",0.4697
"zk1t","speed","right","right",0.3813
"zk1t","neutral","left","left",0.4872
"zk1t","neutral","right","left",0.4577
"zk1t","neutral","left","left",0.4534
"zk1t","speed","left","right",0.4053
"zk1t","neutral","right","right",0.6394
"zk1t","neutral","left","left",0.5947
"zk1t","accuracy","left","left",0.563
"zk1t","accuracy","right","right",0.5103
"zk1t","accuracy","left","left",0.5413
"zk1t","neutral","right","right",0.8102
"zk1t","neutral","right","right",0.4224
"zk1t","speed","left","left",0.3172
"zk1t","speed","left","left",0.3387
"zk1t","accuracy","left","left",0.6467
"zk1t","neutral","right","right",0.5736
"zk1t","neutral","left","left",0.3734
"zk1t","accuracy","right","right",0.5806
"zk1t","accuracy","right","right",0.5728
"zk1t","accuracy","left","left",0.3966
"zk1t","speed","right","right",0.3662
"zk1t","neutral","right","right",0.5606
"zk1t","neutral","left","left",0.5849
"zk1t","speed","right","left",0.3495
"zk1t","speed","left","left",0.264
"zk1t","neutral","right","right",0.6743
"zk1t","speed","right","right",0.481
"zk1t","accuracy","right","left",0.5553
"zk1t","neutral","left","left",0.5149
"zk1t","neutral","right","right",0.4816
"zk1t","accuracy","left","left",0.5077
"zk1t","neutral","left","left",0.4221
"zk1t","speed","left","right",0.2548
"zk1t","accuracy","left","left",0.6083
"zk1t","accuracy","right","right",0.3338
"zk1t","neutral","right","right",0.5848
"zk1t","speed","left","right",0.4666
"zk1t","speed","right","left",0.2833
"zk1t","speed","left","right",0.2893
"zk1t","neutral","left","left",0.5946
"zk1t","accuracy","right","right",0.4901
"zk1t","neutral","right","right",0.6515
"zk1t","neutral","right","right",0.5184
"zk1t","accuracy","right","left",0.3708
"zk1t","neutral","left","left",0.4448
"zk1t","speed","right","right",0.4183
"zk1t","speed","left","right",0.2584
"zk1t","accuracy","right","right",0.4412
"zk1t","neutral","left","left",0.5601
"zk1t","neutral","right","right",0.5937
"zk1t","accuracy","right","left",0.4254
"zk1t","neutral","right","right",0.6081
"zk1t","accuracy","right","right",0.5117
"zk1t","speed","right","right",0.486
"zk1t","accuracy","right","right",0.5337
"zk1t","speed","right","left",0.2937
"zk1t","neutral","right","right",0.4527
"zk1t","neutral","left","left",0.3914
"zk1t","neutral","left","right",0.3397
"zk1t","speed","left","right",0.2782
"zk1t","accuracy","left","left",0.4134
"zk1t","accuracy","left","left",0.4616
"zk1t","accuracy","left","left",0.5231
"zk1t","accuracy","right","right",0.4657
"zk1t","accuracy","left","left",0.7674
"zk1t","accuracy","right","left",0.563
"zk1t","accuracy","left","left",0.4795
"zk1t","accuracy","left","right",0.4312
"zk1t","accuracy","left","left",0.5836
"zk1t","speed","right","right",0.3467
"zk1t","accuracy","left","left",0.4899
"zk1t","accuracy","left","left",0.5096
"zk1t","speed","right","right",0.5537
"zk1t","accuracy","left","left",0.5079
"zk1t","speed","left","left",0.3494
"zk1t","neutral","left","left",0.4888
"zk1t","speed","right","right",0.3708
"zk1t","neutral","left","left",0.4624
"zk1t","neutral","left","left",0.4661
"zk1t","neutral","left","left",0.5305
"zk1t","neutral","left","left",0.6015
"zk1t","accuracy","right","right",0.4512
"zk1t","speed","right","left",0.2894
"zk1t","accuracy","left","left",0.4957
"zk1t","speed","left","left",0.3636
"zk1t","speed","left","right",0.3486
"zk1t","neutral","right","right",0.4988
"zk1t","accuracy","left","left",0.5528
"zk1t","accuracy","left","left",0.4897
"zk1t","accuracy","left","left",0.5202
"zk1t","neutral","left","left",0.6182
"zk1t","neutral","right","right",0.6528
"zk1t","speed","right","right",0.3901
"zk1t","neutral","left","left",0.4816
"zk1t","neutral","right","right",0.6375
"zk1t","neutral","right","right",0.5416
"zk1t","neutral","right","right",0.4145
"zk1t","speed","right","right",0.4337
"zk1t","neutral","right","right",0.4595
"zk1t","speed","right","left",0.2761
"zk1t","accuracy","right","right",0.5072
"zk1t","neutral","right","right",0.5197
"zk1t","accuracy","left","left",0.3361
"zk1t","neutral","left","left",0.5996
"zk1t","speed","right","left",0.2859
"zk1t","speed","right","right",0.3311
"zk1t","accuracy","left","left",0.3784
"zk1t","speed","right","right",0.433
"zk1t","speed","right","right",0.4354
"zk1t","accuracy","right","right",0.4469
"zk1t","speed","right","left",0.3472
"zk1t","speed","left","left",0.3134
"zk1t","accuracy","right","right",0.4827
"zk1t","accuracy","right","right",0.5768
"zk1t","neutral","left","right",0.4814
"zk1t","neutral","right","right",0.5569
"zk1t","accuracy","left","left",0.5091
"zk1t","speed","left","left",0.3134
"zk1t","accuracy","right","right",0.4708
"zk1t","neutral","right","left",0.43
"zk1t","speed","left","left",0.2505
"zk1t","accuracy","right","right",0.6383
"zk1t","speed","left","left",0.4698
"zk1t","accuracy","right","right",0.9634
"zk1t","neutral","left","left",0.6466
"zk1t","speed","right","left",0.3052
"zk1t","accuracy","right","right",0.4885
"zk1t","speed","left","right",0.3193
"zk1t","accuracy","left","right",0.5623
"zk1t","accuracy","right","right",1.1147
"zk1t","speed","left","right",0.5228
"zk1t","neutral","right","right",0.4915
"zk1t","neutral","right","left",0.3418
"zk1t","speed","left","left",0.2797
"zk1t","speed","left","left",0.3435
"zk1t","speed","right","right",0.5465
"zk1t","neutral","left","left",0.5286
"zk1t","neutral","right","right",0.4149
"zk1t","accuracy","right","left",0.4858
"zk1t","speed","left","right",0.4203
"zk1t","accuracy","left","left",0.6143
"zk1t","neutral","left","left",0.4187
"zk1t","neutral","right","right",0.5411
"zk1t","accuracy","right","right",0.5187
"zk1t","accuracy","right","left",0.6697
"zk1t","accuracy","left","left",0.6407
"zk1t","speed","left","left",0.3799
"zk1t","speed","right","right",0.4243
"zk1t","accuracy","left","left",0.576
"zk1t","neutral","left","left",0.5167
"zk1t","neutral","right","right",0.4924
"zk1t","neutral","left","left",0.461
"zk1t","accuracy","left","right",0.5805
"zk1t","speed","left","left",0.4563
"zk1t","speed","right","left",0.349
"zk1t","neutral","left","left",0.4466
"zk1t","accuracy","left","right",0.5353
"zk1t","speed","right","right",0.4947
"zk1t","accuracy","right","right",0.5401
"zk1t","speed","left","left",0.2846
"zk1t","speed","right","left",0.3207
"zk1t","speed","left","left",0.4155
"zk1t","neutral","right","right",0.4856
"zk1t","speed","left","right",0.5508
"zk1t","accuracy","right","right",0.7449
"zk1t","accuracy","left","left",1.3754
"zk1t","neutral","right","right",0.5317
"zk1t","accuracy","left","left",0.6213
"zk1t","accuracy","left","left",0.4842
"zk1t","neutral","left","right",0.838
"zk1t","accuracy","left","left",1.2535
"zk1t","speed","left","right",0.3846
"zk1t","neutral","left","left",0.8099
"zk1t","accuracy","right","right",0.6333
"zk1t","accuracy","left","left",1.0168
"zk1t","neutral","left","left",0.4266
"zk1t","speed","right","right",0.3741
"zk1t","speed","left","left",0.468
"zk1t","neutral","right","right",0.5924
"zk1t","speed","left","left",0.4287
"zk1t","neutral","left","left",0.7668
"zk1t","speed","left","left",0.373
"zk1t","accuracy","right","right",0.7625
"zk1t","neutral","left","right",0.813
"zk1t","neutral","left","left",0.5768
"zk1t","speed","left","left",0.2921
"zk1t","accuracy","left","right",0.4147
"zk1t","neutral","right","right",0.6354
"zk1t","neutral","left","right",0.7733
"zk1t","speed","left","right",0.3479
"zk1t","accuracy","left","left",0.8403
"zk1t","accuracy","left","left",0.6573
"zk1t","accuracy","left","left",0.3136
"zk1t","speed","left","right",0.2849
"zk1t","neutral","right","right",0.8797
"zk1t","accuracy","right","right",0.4532
"zk1t","speed","left","right",0.2951
"zk1t","speed","right","left",0.4516
"zk1t","speed","right","left",0.3076
"zk1t","accuracy","left","right",0.4439
"zk1t","speed","right","right",0.2991
"zk1t","neutral","right","left",0.4293
"zk1t","neutral","right","right",0.4644
"zk1t","neutral","right","right",0.7929
"zk1t","accuracy","right","right",0.759
"zk1t","speed","right","left",0.2918
"zk1t","accuracy","left","left",0.4301
"zk1t","accuracy","left","left",0.9294
"zk1t","speed","left","right",0.3672
"zk1t","accuracy","right","right",0.5401
"zk1t","neutral","left","left",0.402
"zk1t","speed","left","left",0.4313
"zk1t","accuracy","left","left",0.4327
"zk1t","neutral","right","left",0.5243
"zk1t","neutral","right","right",0.704
"zk1t","accuracy","right","right",0.7767
"zk1t","accuracy","left","left",0.7804
"zk1t","neutral","right","right",0.4688
"zk1t","neutral","right","right",0.7701
"zk1t","accuracy","right","right",0.6864
"zk1t","accuracy","left","right",0.8607
"zk1t","neutral","right","left",0.5866
"zk1t","speed","left","left",0.3792
"zk1t","neutral","right","right",0.4835
"zk1t","speed","left","right",0.3108
"zk1t","accuracy","right","right",0.6056
"zk1t","neutral","left","left",0.4018
"zk1t","accuracy","left","left",0.4924
"zk1t","speed","left","left",0.4923
"zk1t","accuracy","right","right",0.7514
"zk1t","speed","left","left",0.3307
"zk1t","accuracy","left","right",1.3213
"zk1t","accuracy","right","left",0.7673
"zk1t","neutral","right","right",0.6248
"zk1t","speed","right","left",0.3101
"zk1t","accuracy","left","left",0.5889
"zk1t","neutral","right","right",0.565
"zk1t","neutral","right","right",0.4776
"zk1t","speed","right","right",0.6093
"zk1t","neutral","right","left",0.4877
"zk1t","speed","right","right",0.5178
"zk1t","accuracy","right","right",0.463
"zk1t","accuracy","left","left",0.579
"zk1t","speed","left","left",0.394
"zk1t","speed","left","left",0.3326
"zk1t","neutral","right","right",0.4764
"zk1t","neutral","left","left",0.4667
"zk1t","neutral","right","right",0.4177
"zk1t","accuracy","left","left",0.4599
"zk1t","accuracy","right","right",0.7838
"zk1t","neutral","right","right",0.5676
"zk1t","accuracy","right","right",0.5433
"zk1t","accuracy","right","right",0.4904
"zk1t","neutral","right","right",0.6261
"zk1t","accuracy","left","left",0.4055
"zk1t","neutral","right","right",0.5821
"zk1t","accuracy","right","left",0.4354
"zk1t","speed","right","left",0.5075
"zk1t","speed","left","left",0.2963
"zk1t","neutral","left","left",0.5249
"zk1t","neutral","right","right",0.3729
"zk1t","speed","right","left",0.274
"zk1t","neutral","right","left",0.6553
"zk1t","accuracy","left","left",0.6296
"zk1t","accuracy","right","right",0.4891
"zk1t","speed","left","left",0.3421
"zk1t","neutral","right","right",0.4739
"zk1t","neutral","right","left",0.4313
"zk1t","neutral","left","left",0.4507
"zk1t","speed","right","right",0.2922
"zk1t","accuracy","right","left",0.65
"zk1t","speed","left","left",0.4465
"zk1t","speed","left","left",0.3043
"zk1t","speed","right","right",0.3467
"zk1t","speed","left","left",0.291
"zk1t","neutral","left","left",0.4804
"zk1t","accuracy","left","left",0.5641
"zk1t","accuracy","left","left",0.646
"zk1t","neutral","right","right",0.5117
"zk1t","accuracy","right","right",0.7921
"zk1t","neutral","left","right",0.536
"zk1t","accuracy","left","left",0.5381
"zk1t","accuracy","right","right",0.4827
"zk1t","neutral","left","left",0.6064
"zk1t","speed","left","right",0.2945
"zk1t","accuracy","right","right",0.6213
"zk1t","accuracy","right","left",0.624
"zk1t","neutral","right","right",0.8561
"zk1t","accuracy","right","left",0.9169
"zk1t","neutral","right","right",0.9156
"zk1t","neutral","right","right",0.5437
"zk1t","speed","right","left",0.3447
"zk1t","neutral","left","left",0.4348
"zk1t","speed","right","right",0.3982
"zk1t","accuracy","right","right",0.8227
"zk1t","neutral","left","right",0.6725
"zk1t","accuracy","left","right",0.6972
"zk1t","accuracy","right","right",0.5433
"zk1t","accuracy","left","left",0.4898
"zk1t","speed","right","right",0.3678
"zk1t","accuracy","left","left",0.4648
"zk1t","speed","left","left",0.4043
"zk1t","speed","left","right",0.4134
"zk1t","accuracy","left","left",0.8428
"zk1t","speed","right","right",0.4163
"zk1t","accuracy","left","left",0.5393
"zk1t","speed","left","right",0.2987
"zk1t","accuracy","right","left",0.6076
"zk1t","neutral","left","right",0.2575
"zk1t","accuracy","left","left",0.5247
"zk1t","speed","right","right",0.3632
"zk1t","accuracy","left","left",0.4723
"zk1t","neutral","left","left",0.5078
"zk1t","accuracy","right","left",1.084
"zk1t","accuracy","right","right",0.8389
"zk1t","neutral","right","right",1.0145
"zk1t","speed","right","left",0.2809
"zk1t","speed","right","left",0.6638
"zk1t","accuracy","left","left",0.7671
"zk1t","neutral","left","left",0.4324
"zk1t","speed","left","left",0.6362
"zk1t","accuracy","left","left",0.4295
"zk1t","speed","left","left",0.3551
"zk1t","neutral","right","right",0.4297
"zk1t","speed","left","left",0.411
"zk1t","neutral","left","left",0.423
"zk1t","accuracy","right","left",0.382
"zk1t","neutral","right","right",0.5599
"zk1t","accuracy","left","left",0.4733
"zk1t","accuracy","right","right",0.7018
"zk1t","neutral","left","right",0.7151
"zk1t","accuracy","left","left",0.4967
"zk1t","speed","right","right",0.2583
"zk1t","speed","left","left",0.2623
"zk1t","accuracy","left","left",0.6695
"zk1t","speed","right","right",0.3343
"zk1t","neutral","left","left",0.4089
"zk1t","neutral","left","right",0.6407
"zk1t","accuracy","right","right",0.9971
"zk1t","accuracy","right","right",0.4157
"zk1t","speed","right","left",0.4054
"zk1t","accuracy","right","right",0.484
"zk1t","speed","right","right",0.3158
"zk1t","neutral","left","left",0.3794
"zk1t","neutral","left","right",0.736
"zk1t","speed","left","right",0.298
"zk1t","accuracy","left","left",0.7005
"zk1t","speed","right","right",0.3781
"zk1t","neutral","left","left",0.388
"zk1t","speed","left","left",0.3557
"zk1t","speed","left","left",0.4003
"zk1t","neutral","left","left",0.6707
"zk1t","speed","right","right",0.2778
"zk1t","speed","left","left",0.4369
"zk1t","accuracy","right","right",1.0805
"zk1t","accuracy","left","left",0.529
"zk1t","neutral","right","right",0.6667
"zk1t","accuracy","right","right",0.7488
"zk1t","accuracy","right","left",1.3796
"zk1t","accuracy","left","left",0.7915
"zk1t","neutral","left","right",0.7015
"zk1t","accuracy","right","right",0.4878
"zk1t","speed","right","right",0.2694
"zk1t","neutral","right","left",0.3036
"zk1t","accuracy","left","left",0.3662
"zk1t","accuracy","right","right",0.4479
"zk1t","neutral","left","left",0.4009
"zk1t","neutral","left","left",0.4264
"zk1t","accuracy","right","right",0.3347
"zk1t","accuracy","left","left",0.5792
"zk1t","speed","right","right",0.2936
"zk1t","speed","left","left",0.3184
"zk1t","neutral","right","left",0.5508
"zk1t","accuracy","left","right",1.198
"zk1t","speed","left","left",0.4002
"zk1t","neutral","right","right",0.5007
"zk1t","speed","left","left",0.3401
"zk1t","neutral","right","right",0.6019
"zk1t","accuracy","left","left",0.475
"zk1t","neutral","right","right",0.557
"zk1t","speed","left","right",0.3474
"zk1t","accuracy","right","right",0.4571
"zk1t","neutral","left","left",0.7477
"zk1t","neutral","right","left",0.3452
"zk1t","neutral","right","right",0.4757
"zk1t","accuracy","right","right",0.4512
"zk1t","accuracy","left","left",0.7254
"zk1t","accuracy","right","right",0.5404
"zk1t","speed","left","left",0.3955
"zk1t","neutral","left","left",0.5115
"zk1t","neutral","left","right",0.5094
"zk1t","neutral","right","right",0.3507
"zk1t","neutral","right","left",0.5097
"zk1t","neutral","right","right",0.7012
"zk1t","speed","left","right",0.2534
"zk1t","speed","left","left",0.5066
"zk1t","neutral","right","right",0.4395
"zk1t","neutral","left","left",0.5022
"zk1t","neutral","left","left",0.5697
"zk1t","speed","right","right",0.5379
"zk1t","speed","left","left",0.255
"zk1t","neutral","right","left",0.4749
"zk1t","accuracy","right","right",0.6939
"zk1t","accuracy","right","right",0.7417
"zk1t","speed","right","left",0.3897
"zk1t","speed","left","right",0.3017
"zk1t","neutral","left","left",0.9474
"zk1t","neutral","right","right",0.4434
"zk1t","accuracy","left","right",0.6099
"zk1t","speed","right","right",0.6876
"zk1t","accuracy","left","left",0.5277
"zk1t","speed","right","right",0.3063
"zk1t","accuracy","right","right",0.5529
"zk1t","neutral","left","left",0.3869
"zk1t","neutral","right","right",0.5244
"zk1t","neutral","right","right",0.465
"zk1t","accuracy","left","left",0.5558
"zk1t","speed","left","left",0.2607
"zk1t","accuracy","left","left",0.4939
"zk1t","accuracy","right","right",0.9913
"zk1t","speed","left","left",0.2892
"zk1t","neutral","left","left",0.5902
"zk1t","neutral","left","left",0.6818
"zk1t","accuracy","right","right",0.3772
"zk1t","speed","left","right",0.2867
"zk1t","neutral","left","right",0.519
"zk1t","speed","left","right",0.2837
"zk1t","speed","right","right",0.4725
"zk1t","speed","left","left",0.3199
"zk1t","accuracy","left","right",0.5711
"zk1t","speed","left","right",0.4035
"zk1t","speed","right","left",0.5273
"zk1t","speed","left","left",0.4817
"zk1t","neutral","right","right",0.5815
"zk1t","neutral","left","left",0.4219
"zk1t","speed","right","left",0.3274
"zk1t","accuracy","left","left",0.6985
"zk1t","accuracy","left","left",0.5756
"zk1t","neutral","right","right",0.4013
"zk1t","accuracy","right","right",0.6127
"zk1t","speed","right","left",0.3358
"zk1t","neutral","left","left",0.7612
"zk1t","accuracy","left","right",0.3738
"zk1t","accuracy","right","left",0.6082
"zk1t","speed","right","right",0.4813
"zk1t","accuracy","right","right",0.521
"zk1t","accuracy","right","right",0.5582
"zk1t","neutral","left","right",0.5053
"zk1t","neutral","right","right",0.5255
"zk1t","speed","right","left",0.2584
"zk1t","neutral","right","right",0.5772
"zk1t","speed","right","left",0.3119
"zk1t","accuracy","left","left",0.6483
"zk1t","neutral","left","left",0.56
"zk1t","accuracy","right","right",0.5875
"zk1t","neutral","right","right",0.4931
"zk1t","speed","right","left",0.4307
"zk1t","neutral","left","left",0.6249
"zk1t","neutral","left","left",0.5836
"zk1t","accuracy","right","right",0.602
"zk1t","neutral","left","left",0.5825
"zk1t","speed","right","right",0.4613
"zk1t","accuracy","left","left",0.4478
"zk1t","accuracy","right","right",0.5853
"zk1t","accuracy","left","left",0.4182
"zk1t","neutral","right","left",0.5129
"zk1t","speed","left","left",0.6254
"zk1t","accuracy","right","left",1.0004
"zk1t","neutral","right","right",0.3839
"zk1t","speed","right","right",0.3514
"zk1t","speed","right","left",0.3143
"zk1t","speed","right","right",0.3244
"zk1t","neutral","left","left",0.58
"zk1t","neutral","left","left",0.9199
"zk1t","accuracy","left","right",0.6314
"zk1t","speed","right","right",0.2944
