pid,n_levels_requested,n_levels_actual,n_params,n_trials,log_lik_total,AIC,BIC,fit_time_utc,t0_hi,lp__,c[1],c[2],B,t0,d_base[1],d_base[2],d_base[3],d_base[4],d_base[5],d_base[6],d_base[7],d_base[8],d_base[9],d_base[10],r,c_full[1],c_full[2],c_full[3],c_full[4],c_full[5],c_full[6],c_full[7],c_full[8],c_full[9],c_full[10],c_full[11],c_full[12],c_full[13],c_full[14],c_full[15],c_full[16],c_full[17],c_full[18],c_full[19],c_full[20],B_full[1],B_full[2],B_full[3],B_full[4],B_full[5],B_full[6],B_full[7],B_full[8],B_full[9],B_full[10],B_full[11],B_full[12],B_full[13],B_full[14],B_full[15],B_full[16],B_full[17],B_full[18],B_full[19],B_full[20],d_full[1],d_full[2],d_full[3],d_full[4],d_full[5],d_full[6],d_full[7],d_full[8],d_full[9],d_full[10],d_full[11],d_full[12],d_full[13],d_full[14],d_full[15],d_full[16],d_full[17],d_full[18],d_full[19],d_full[20],pk[1],pk[2],pk[3],pk[4],pk[5],pk[6],pk[7],pk[8],pk[9],pk[10],pk[11],pk[12],pk[13],pk[14],pk[15],pk[16],pk[17],pk[18],pk[19],pk[20],pf[1],pf[2],pf[3],pf[4],pf[5],pf[6],pf[7],pf[8],pf[9],pf[10],pf[11],pf[12],pf[13],pf[14],pf[15],pf[16],pf[17],pf[18],pf[19],pf[20],vk[1],vk[2],vk[3],vk[4],vk[5],vk[6],vk[7],vk[8],vk[9],vk[10],vk[11],vk[12],vk[13],vk[14],vk[15],vk[16],vk[17],vk[18],vk[19],vk[20],vf[1],vf[2],vf[3],vf[4],vf[5],vf[6],vf[7],vf[8],vf[9],vf[10],vf[11],vf[12],vf[13],vf[14],vf[15],vf[16],vf[17],vf[18],vf[19],vf[20],sigma_k[1],sigma_k[2],sigma_k[3],sigma_k[4],sigma_k[5],sigma_k[6],sigma_k[7],sigma_k[8],sigma_k[9],sigma_k[10],sigma_k[11],sigma_k[12],sigma_k[13],sigma_k[14],sigma_k[15],sigma_k[16],sigma_k[17],sigma_k[18],sigma_k[19],sigma_k[20],sigma_f[1],sigma_f[2],sigma_f[3],sigma_f[4],sigma_f[5],sigma_f[6],sigma_f[7],sigma_f[8],sigma_f[9],sigma_f[10],sigma_f[11],sigma_f[12],sigma_f[13],sigma_f[14],sigma_f[15],sigma_f[16],sigma_f[17],sigma_f[18],sigma_f[19],sigma_f[20],d_base[11],c_full[21],c_full[22],B_full[21],B_full[22],d_full[21],d_full[22],pk[21],pk[22],pf[21],pf[22],vk[21],vk[22],vf[21],vf[22],sigma_k[21],sigma_k[22],sigma_f[21],sigma_f[22],d_base[12],d_base[13],c_full[23],c_full[24],c_full[25],c_full[26],B_full[23],B_full[24],B_full[25],B_full[26],d_full[23],d_full[24],d_full[25],d_full[26],pk[23],pk[24],pk[25],pk[26],pf[23],pf[24],pf[25],pf[26],vk[23],vk[24],vk[25],vk[26],vf[23],vf[24],vf[25],vf[26],sigma_k[23],sigma_k[24],sigma_k[25],sigma_k[26],sigma_f[23],sigma_f[24],sigma_f[25],sigma_f[26],d_base[14],d_base[15],c_full[27],c_full[28],c_full[29],c_full[30],B_full[27],B_full[28],B_full[29],B_full[30],d_full[27],d_full[28],d_full[29],d_full[30],pk[27],pk[28],pk[29],pk[30],pf[27],pf[28],pf[29],pf[30],vk[27],vk[28],vk[29],vk[30],vf[27],vf[28],vf[29],vf[30],sigma_k[27],sigma_k[28],sigma_k[29],sigma_k[30],sigma_f[27],sigma_f[28],sigma_f[29],sigma_f[30],d_base[16],d_base[17],c_full[31],c_full[32],c_full[33],c_full[34],B_full[31],B_full[32],B_full[33],B_full[34],d_full[31],d_full[32],d_full[33],d_full[34],pk[31],pk[32],pk[33],pk[34],pf[31],pf[32],pf[33],pf[34],vk[31],vk[32],vk[33],vk[34],vf[31],vf[32],vf[33],vf[34],sigma_k[31],sigma_k[32],sigma_k[33],sigma_k[34],sigma_f[31],sigma_f[32],sigma_f[33],sigma_f[34],d_base[18],d_base[19],c_full[35],c_full[36],c_full[37],c_full[38],B_full[35],B_full[36],B_full[37],B_full[38],d_full[35],d_full[36],d_full[37],d_full[38],pk[35],pk[36],pk[37],pk[38],pf[35],pf[36],pf[37],pf[38],vk[35],vk[36],vk[37],vk[38],vf[35],vf[36],vf[37],vf[38],sigma_k[35],sigma_k[36],sigma_k[37],sigma_k[38],sigma_f[35],sigma_f[36],sigma_f[37],sigma_f[38],d_base[20],d_base[21],c_full[39],c_full[40],c_full[41],c_full[42],B_full[39],B_full[40],B_full[41],B_full[42],d_full[39],d_full[40],d_full[41],d_full[42],pk[39],pk[40],pk[41],pk[42],pf[39],pf[40],pf[41],pf[42],vk[39],vk[40],vk[41],vk[42],vf[39],vf[40],vf[41],vf[42],sigma_k[39],sigma_k[40],sigma_k[41],sigma_k[42],sigma_f[39],sigma_f[40],sigma_f[41],sigma_f[42],d_base[22],c_full[43],c_full[44],B_full[43],B_full[44],d_full[43],d_full[44],pk[43],pk[44],pf[43],pf[44],vk[43],vk[44],vf[43],vf[44],sigma_k[43],sigma_k[44],sigma_f[43],sigma_f[44],d_base[23],c_full[45],c_full[46],B_full[45],B_full[46],d_full[45],d_full[46],pk[45],pk[46],pf[45],pf[46],vk[45],vk[46],vf[45],vf[46],sigma_k[45],sigma_k[46],sigma_f[45],sigma_f[46]
jf,5,5,10,7179,3296.9293458416187,-6573.858691683237,-6505.069537917472,2026-07-23T11:42:39+00:00,0.21,3275.4522,-0.50189515,0.85959748,3.2691163,0.085312727,1.1698142,0.63827013,0.29629747,0.77544591,0.99187169,,,,,,15.964997,-0.50189515,-0.50189515,-0.50189515,-0.50189515,-0.50189515,0.85959748,0.85959748,0.85959748,0.85959748,0.85959748,,,,,,,,,,,3.2691163,3.2691163,3.2691163,3.2691163,3.2691163,3.2691163,3.2691163,3.2691163,3.2691163,3.2691163,,,,,,,,,,,1.1698142,0.63827013,0.29629747,0.77544591,0.99187169,1.1698142,0.63827013,0.29629747,0.77544591,0.99187169,,,,,,,,,,,0.8614379,0.79418547,0.74216806,0.81316451,0.84081934,0.39177707,0.29443909,0.2384031,0.31850818,0.35805535,,,,,,,,,,,0.46692101,0.57250687,0.63823553,0.54544935,0.5023774,0.074298543,0.11925235,0.15678816,0.10614001,0.087623849,,,,,,,,,,,13.752854,12.679169,11.848711,12.982169,13.423678,6.2547199,4.7007192,3.8061049,5.0849822,5.7163527,,,,,,,,,,,7.4543927,9.1400706,10.189429,8.7080974,8.0204539,1.186176,1.9038634,2.5031225,1.694525,1.3989145,,,,,,,,,,,1.3804435,1.6154124,1.747849,1.5574113,1.4617763,1.9504523,1.8211655,1.7025621,1.8615514,1.9156153,,,,,,,,,,,1.9934342,1.9766936,1.9199409,1.9895405,1.9977885,1.0478764,1.2949221,1.4528119,1.2307185,1.1297505,,,,,,,,,,,,,,,,,,,,,,,,,,,,,,,,,,,,,,,,,,,,,,,,,,,,,,,,,,,,,,,,,,,,,,,,,,,,,,,,,,,,,,,,,,,,,,,,,,,,,,,,,,,,,,,,,,,,,,,,,,,,,,,,,,,,,,,,,,,,,,,,,,,,,,,,,,,,,,,,,,,,,,,,,,,,,,,,,,,,,,,,,,,,,,,,,,,,,,,,,,,,,,,,,,,,,,,,,,,,,,,,,,,,,,,,,,,,,,,,,,,,,,,,,,,,,,,,,
kr,5,5,10,7043,3191.755549758399,-6363.511099516798,-6294.913204569344,2026-07-23T11:42:56+00:00,0.208,3174.0186,-0.29576602,1.185048,2.0498138,0.1392838,1.4566659,0.53846683,0.31356636,1.0470036,1.6169289,,,,,,14.437089,-0.29576602,-0.29576602,-0.29576602,-0.29576602,-0.29576602,1.185048,1.185048,1.185048,1.185048,1.185048,,,,,,,,,,,2.0498138,2.0498138,2.0498138,2.0498138,2.0498138,2.0498138,2.0498138,2.0498138,2.0498138,2.0498138,,,,,,,,,,,1.4566659,0.53846683,0.31356636,1.0470036,1.6169289,1.4566659,0.53846683,0.31356636,1.0470036,1.6169289,,,,,,,,,,,0.84710574,0.71396292,0.67456331,0.79368318,0.86525342,0.32393794,0.17988208,0.15191264,0.25413104,0.35324157,,,,,,,,,,,0.33266471,0.51058374,0.55526814,0.40992583,0.30408114,0.02784965,0.072934151,0.089825371,0.043767189,0.02310268,,,,,,,,,,,12.229741,10.307546,9.7387305,11.458475,12.491741,4.6767209,2.5969736,2.1931763,3.6689125,5.0997799,,,,,,,,,,,4.80271,7.3713428,8.0164556,5.9181357,4.3900464,0.40206788,1.0529568,1.2968169,0.6318708,0.33353545,,,,,,,,,,,1.3674272,1.7170732,1.7802641,1.5375552,1.2973894,1.778132,1.4593918,1.36382,1.6542454,1.8161293,,,,,,,,,,,1.7902564,1.8993828,1.8881666,1.8687266,1.747889,0.62519632,0.98800826,1.0864298,0.77731306,0.5708151,,,,,,,,,,,,,,,,,,,,,,,,,,,,,,,,,,,,,,,,,,,,,,,,,,,,,,,,,,,,,,,,,,,,,,,,,,,,,,,,,,,,,,,,,,,,,,,,,,,,,,,,,,,,,,,,,,,,,,,,,,,,,,,,,,,,,,,,,,,,,,,,,,,,,,,,,,,,,,,,,,,,,,,,,,,,,,,,,,,,,,,,,,,,,,,,,,,,,,,,,,,,,,,,,,,,,,,,,,,,,,,,,,,,,,,,,,,,,,,,,,,,,,,,,,,,,,,,,
nh,5,5,10,7904,5230.668048188059,-10441.33609637612,-10371.584853981842,2026-07-23T11:43:41+00:00,0.228,5216.9509,-0.17075301,0.81473807,2.3237181,0.14705151,1.7035028,0.78050041,0.4646332,1.1745534,1.5654208,,,,,,13.701328,-0.17075301,-0.17075301,-0.17075301,-0.17075301,-0.17075301,0.81473807,0.81473807,0.81473807,0.81473807,0.81473807,,,,,,,,,,,2.3237181,2.3237181,2.3237181,2.3237181,2.3237181,2.3237181,2.3237181,2.3237181,2.3237181,2.3237181,,,,,,,,,,,1.7035028,0.78050041,0.4646332,1.1745534,1.5654208,1.7035028,0.78050041,0.4646332,1.1745534,1.5654208,,,,,,,,,,,0.84672889,0.71260233,0.65655149,0.77578341,0.82982234,0.51476282,0.33560503,0.28014141,0.41003251,0.48722499,,,,,,,,,,,0.24793625,0.41313138,0.47545519,0.33851341,0.27028297,0.047807981,0.11410391,0.14753718,0.080455416,0.055082888,,,,,,,,,,,11.60131,9.7635981,8.9956272,10.629263,11.369668,7.0529341,4.5982345,3.8383093,5.6179898,6.6756294,,,,,,,,,,,3.3970559,5.6604485,6.5143674,4.6380832,3.7032356,0.65503282,1.5633751,2.0214553,1.102346,0.75470871,,,,,,,,,,,1.3334713,1.6751225,1.7577072,1.5437801,1.3909937,1.8499583,1.7478684,1.6622394,1.820558,1.850161,,,,,,,,,,,1.598375,1.8226189,1.8485339,1.7515792,1.6438717,0.78975757,1.1768551,1.312713,1.006805,0.84447449,,,,,,,,,,,,,,,,,,,,,,,,,,,,,,,,,,,,,,,,,,,,,,,,,,,,,,,,,,,,,,,,,,,,,,,,,,,,,,,,,,,,,,,,,,,,,,,,,,,,,,,,,,,,,,,,,,,,,,,,,,,,,,,,,,,,,,,,,,,,,,,,,,,,,,,,,,,,,,,,,,,,,,,,,,,,,,,,,,,,,,,,,,,,,,,,,,,,,,,,,,,,,,,,,,,,,,,,,,,,,,,,,,,,,,,,,,,,,,,,,,,,,,,,,,,,,,,,,
jf,7,7,12,7174,3381.2305826711304,-6738.461165342261,-6655.922541445154,2026-07-23T11:44:16+00:00,0.21,3357.7941,-0.51448101,0.85152835,3.3494201,0.080760774,1.1983479,1.0020258,0.50297174,0.29714959,0.68730743,0.92408981,1.030445,,,,15.991447,-0.51448101,-0.51448101,-0.51448101,-0.51448101,-0.51448101,-0.51448101,-0.51448101,0.85152835,0.85152835,0.85152835,0.85152835,0.85152835,0.85152835,0.85152835,,,,,,,3.3494201,3.3494201,3.3494201,3.3494201,3.3494201,3.3494201,3.3494201,3.3494201,3.3494201,3.3494201,3.3494201,3.3494201,3.3494201,3.3494201,,,,,,,1.1983479,1.0020258,0.50297174,0.29714959,0.68730743,0.92408981,1.030445,1.1983479,1.0020258,0.50297174,0.29714959,0.68730743,0.92408981,1.030445,,,,,,,0.86728638,0.84506477,0.77815199,0.74635259,0.80459096,0.83559804,0.8484254,0.40038357,0.36297594,0.27423896,0.24104235,0.30577063,0.34845928,0.36832013,,,,,,,0.46625276,0.50537284,0.60372284,0.64278247,0.56782022,0.5209094,0.49970418,0.073431389,0.088101118,0.1350105,0.1586303,0.11600795,0.094494927,0.085851703,,,,,,,13.869164,13.513809,12.443776,11.935258,12.866574,13.362422,13.56755,6.4027126,5.8045106,4.3854778,3.8546159,4.8897149,5.5723681,5.8899718,,,,,,,7.4560563,8.0816431,9.6544018,10.279022,9.080267,8.3300951,7.990993,1.1742742,1.4088644,2.1590132,2.536728,1.855135,1.5111106,1.372893,,,,,,,1.3566971,1.4469848,1.6615135,1.7399274,1.585637,1.4821634,1.4340488,1.9593804,1.9229178,1.7840429,1.7104065,1.8424396,1.9054198,1.9288796,,,,,,,1.9949059,1.9993499,1.9559701,1.9162064,1.9809866,1.9977163,1.999465,1.0430942,1.1334645,1.3665737,1.4609333,1.2805954,1.1697514,1.1202802,,,,,,,,,,,,,,,,,,,,,,,,,,,,,,,,,,,,,,,,,,,,,,,,,,,,,,,,,,,,,,,,,,,,,,,,,,,,,,,,,,,,,,,,,,,,,,,,,,,,,,,,,,,,,,,,,,,,,,,,,,,,,,,,,,,,,,,,,,,,,,,,,,,,,,,,,,,,,,,,,,,,,,,,,,,,,,,,,,,,,,,,,,,,,,,,,,,,,,,,,,,,,,,,,,,,,,,,,,,,,,,,,,,,,,,,,,,,,,,,,,,,,,,,,,,,,
kr,7,7,12,7039,3250.73494229494,-6477.46988458988,-6395.159227866583,2026-07-23T11:44:35+00:00,0.209,3230.754,-0.27942617,1.1932673,2.0813846,0.13988614,1.5038531,0.93211315,0.39657441,0.31165963,0.88078256,1.3717296,1.6572538,,,,14.812826,-0.27942617,-0.27942617,-0.27942617,-0.27942617,-0.27942617,-0.27942617,-0.27942617,1.1932673,1.1932673,1.1932673,1.1932673,1.1932673,1.1932673,1.1932673,,,,,,,2.0813846,2.0813846,2.0813846,2.0813846,2.0813846,2.0813846,2.0813846,2.0813846,2.0813846,2.0813846,2.0813846,2.0813846,2.0813846,2.0813846,,,,,,,1.5038531,0.93211315,0.39657441,0.31165963,0.88078256,1.3717296,1.6572538,1.5038531,0.93211315,0.39657441,0.31165963,0.88078256,1.3717296,1.6572538,,,,,,,0.84881228,0.77201003,0.68357289,0.66831169,0.7641813,0.83280045,0.86608055,0.32948316,0.23354843,0.15987297,0.149766,0.2257622,0.3059362,0.35768992,,,,,,,0.31828484,0.42597521,0.53233428,0.54918256,0.43606044,0.34221018,0.29143385,0.025875825,0.048525272,0.082028669,0.088652885,0.051165279,0.03011323,0.021593641,,,,,,,12.573308,11.43565,10.125646,9.8995846,11.319684,12.336128,12.8291,4.8805766,3.4595123,2.3681704,2.2184577,3.3441762,4.5317797,5.2983985,,,,,,,4.7146978,6.3098966,7.885375,8.1349456,6.4592873,5.0690998,4.3169589,0.38329409,0.7187964,1.2150764,1.3131997,0.75790236,0.44606203,0.31986284,,,,,,,1.3787421,1.6146868,1.7899802,1.8120642,1.6338278,1.4361738,1.3107502,1.8090077,1.6283576,1.4105191,1.3733929,1.6090953,1.7735118,1.8447804,,,,,,,1.7927858,1.903165,1.9203436,1.9150393,1.9085722,1.8260346,1.7489571,0.61104504,0.82699251,1.0561275,1.0939748,0.84801184,0.65774589,0.55942456,,,,,,,,,,,,,,,,,,,,,,,,,,,,,,,,,,,,,,,,,,,,,,,,,,,,,,,,,,,,,,,,,,,,,,,,,,,,,,,,,,,,,,,,,,,,,,,,,,,,,,,,,,,,,,,,,,,,,,,,,,,,,,,,,,,,,,,,,,,,,,,,,,,,,,,,,,,,,,,,,,,,,,,,,,,,,,,,,,,,,,,,,,,,,,,,,,,,,,,,,,,,,,,,,,,,,,,,,,,,,,,,,,,,,,,,,,,,,,,,,,,,,,,,,,,,,
nh,7,7,12,7899,5260.404265099691,-10496.80853019938,-10413.114632821407,2026-07-23T11:45:23+00:00,0.226,5246.1804,-0.17042956,0.81837023,2.3286051,0.14712474,1.8026758,1.4060433,0.69856254,0.46555302,1.11367,1.4818903,1.5901445,,,,13.723801,-0.17042956,-0.17042956,-0.17042956,-0.17042956,-0.17042956,-0.17042956,-0.17042956,0.81837023,0.81837023,0.81837023,0.81837023,0.81837023,0.81837023,0.81837023,,,,,,,2.3286051,2.3286051,2.3286051,2.3286051,2.3286051,2.3286051,2.3286051,2.3286051,2.3286051,2.3286051,2.3286051,2.3286051,2.3286051,2.3286051,,,,,,,1.8026758,1.4060433,0.69856254,0.46555302,1.11367,1.4818903,1.5901445,1.8026758,1.4060433,0.69856254,0.46555302,1.11367,1.4818903,1.5901445,,,,,,,0.85808776,0.8087914,0.69836743,0.65660168,0.76646805,0.81895101,0.83285324,0.53306138,0.45408442,0.31950303,0.27907429,0.3968399,0.46914269,0.4907063,,,,,,,0.23241757,0.29715799,0.42902707,0.47514327,0.34959821,0.28416403,0.26610279,0.042742754,0.064080765,0.12147369,0.1465956,0.084533912,0.059460878,0.053324204,,,,,,,11.776226,11.099693,9.584256,9.0110712,10.518855,11.239121,11.429913,7.3156286,6.2317644,4.3847961,3.8299601,5.446152,6.4384212,6.7343558,,,,,,,3.1896526,4.0781373,5.8878824,6.5207719,4.7978164,3.8998107,3.6519419,0.58659308,0.87943169,1.6670807,2.0118489,1.1601266,0.81602929,0.73181079,,,,,,,1.2927454,1.456831,1.7002717,1.7590869,1.567319,1.4264752,1.3821986,1.8482287,1.8444558,1.7273797,1.6616608,1.8124297,1.8487517,1.8519625,,,,,,,1.5647112,1.693011,1.833527,1.8499922,1.7664961,1.6708156,1.6371164,0.7493467,0.90723593,1.210196,1.3103132,1.0305613,0.87607504,0.83233861,,,,,,,,,,,,,,,,,,,,,,,,,,,,,,,,,,,,,,,,,,,,,,,,,,,,,,,,,,,,,,,,,,,,,,,,,,,,,,,,,,,,,,,,,,,,,,,,,,,,,,,,,,,,,,,,,,,,,,,,,,,,,,,,,,,,,,,,,,,,,,,,,,,,,,,,,,,,,,,,,,,,,,,,,,,,,,,,,,,,,,,,,,,,,,,,,,,,,,,,,,,,,,,,,,,,,,,,,,,,,,,,,,,,,,,,,,,,,,,,,,,,,,,,,,,,,
jf,9,9,14,7167,3451.656172886497,-6875.312345772994,-6779.0309516690795,2026-07-23T11:45:58+00:00,0.208,3425.4914,-0.5118135,0.85864588,3.3509593,0.081139274,1.2191609,1.1044633,0.83862992,0.40162139,0.19016654,0.58618029,0.8417087,0.98670632,1.0577953,,16.025069,-0.5118135,-0.5118135,-0.5118135,-0.5118135,-0.5118135,-0.5118135,-0.5118135,-0.5118135,-0.5118135,0.85864588,0.85864588,0.85864588,0.85864588,0.85864588,0.85864588,0.85864588,0.85864588,0.85864588,,,3.3509593,3.3509593,3.3509593,3.3509593,3.3509593,3.3509593,3.3509593,3.3509593,3.3509593,3.3509593,3.3509593,3.3509593,3.3509593,3.3509593,3.3509593,3.3509593,3.3509593,3.3509593,,,1.2191609,1.1044633,0.83862992,0.40162139,0.19016654,0.58618029,0.8417087,0.98670632,1.0577953,1.2191609,1.1044633,0.83862992,0.40162139,0.19016654,0.58618029,0.8417087,0.98670632,1.0577953,,,0.86893989,0.85634588,0.82410644,0.76196083,0.72804029,0.78956236,0.82450426,0.8425917,0.85099519,0.40165508,0.37964464,0.33021089,0.25532202,0.22256397,0.28584791,0.33076871,0.35744645,0.3707951,,,0.46105868,0.48387988,0.53684903,0.62210076,0.66156213,0.58656722,0.53623748,0.50736419,0.49318474,0.071021378,0.079140363,0.10063162,0.14469595,0.17011038,0.12471478,0.10036048,0.08818781,0.082638043,,,13.924822,13.723002,13.206362,12.210475,11.666896,12.652791,13.212737,13.50259,13.637256,6.4365503,6.0838315,5.2916522,4.091553,3.5666029,4.5807325,5.3005913,5.7281041,5.9420171,,,7.3884971,7.7542084,8.6030426,9.9692075,10.601579,9.3997802,8.5932425,8.1305461,7.9033195,1.1381225,1.2682298,1.6126286,2.3187625,2.7260305,1.9985629,1.6082836,1.4132157,1.3242803,,,1.3509214,1.4040533,1.5241109,1.7048669,1.7812708,1.6317547,1.5227538,1.4578819,1.4254883,1.9624671,1.9427139,1.8826288,1.7455341,1.6651744,1.8086845,1.8834335,1.9184925,1.9335838,,,1.9954865,2.0005257,1.9961231,1.9409678,1.8941953,1.9713389,1.9963025,2.0013491,2.0013802,1.0282468,1.0806765,1.2043036,1.408278,1.5040959,1.3226158,1.2028614,1.1351596,1.1021998,,,,,,,,,,,,,,,,,,,,,,,,,,,,,,,,,,,,,,,,,,,,,,,,,,,,,,,,,,,,,,,,,,,,,,,,,,,,,,,,,,,,,,,,,,,,,,,,,,,,,,,,,,,,,,,,,,,,,,,,,,,,,,,,,,,,,,,,,,,,,,,,,,,,,,,,,,,,,,,,,,,,,,,,,,,,,,,,,,,,,,,,,,,,,,,,,,,,,,,,,,,,,,,,,,,,,,,,,,,,,,,,,,,,,,,,,,,,,,,,,,,,,,,,,
kr,9,9,14,7029,3361.8480342991597,-6695.6960685983195,-6599.686872417857,2026-07-23T11:46:18+00:00,0.206,3339.8253,-0.31159922,1.1759929,2.1510624,0.13485167,1.5678163,1.1467024,0.70628694,0.14397602,0.44548393,0.72559149,1.1824243,1.5672019,1.6902486,,14.711737,-0.31159922,-0.31159922,-0.31159922,-0.31159922,-0.31159922,-0.31159922,-0.31159922,-0.31159922,-0.31159922,1.1759929,1.1759929,1.1759929,1.1759929,1.1759929,1.1759929,1.1759929,1.1759929,1.1759929,,,2.1510624,2.1510624,2.1510624,2.1510624,2.1510624,2.1510624,2.1510624,2.1510624,2.1510624,2.1510624,2.1510624,2.1510624,2.1510624,2.1510624,2.1510624,2.1510624,2.1510624,2.1510624,,,1.5678163,1.1467024,0.70628694,0.14397602,0.44548393,0.72559149,1.1824243,1.5672019,1.6902486,1.5678163,1.1467024,0.70628694,0.14397602,0.44548393,0.72559149,1.1824243,1.5672019,1.6902486,,,0.86335279,0.81190832,0.74689246,0.6493578,0.70344725,0.74996988,0.81668699,0.86328553,0.87630733,0.34749779,0.27337353,0.20529681,0.1347955,0.17023147,0.20805251,0.27934757,0.34738431,0.37037186,,,0.31835315,0.39675633,0.48343101,0.59468416,0.53540232,0.47958446,0.38988724,0.31846278,0.29683508,0.025003678,0.040115777,0.063115318,0.10601902,0.080946249,0.061927949,0.038596945,0.025021639,0.021633816,,,12.701419,11.944581,10.988085,9.5531809,10.348931,11.033359,12.014884,12.700429,12.892003,5.1122959,4.0217994,3.0202726,1.983076,2.5044005,3.0608137,4.1096879,5.1106265,5.4488133,,,4.6835278,5.8369747,7.1121097,8.7488368,7.876698,7.0555203,5.7359184,4.6851405,4.3669595,0.36784752,0.59017274,0.92853593,1.5597239,1.1908599,0.91106768,0.5678281,0.36811176,0.31827101,,,1.3174268,1.4988917,1.6676832,1.8302318,1.7518573,1.6609251,1.484077,1.3176997,1.262793,1.826413,1.709487,1.5492644,1.3098726,1.4415522,1.5569212,1.7209464,1.8262735,1.852222,,,1.7867602,1.8764642,1.9167408,1.8830938,1.9129808,1.9161948,1.8707103,1.7869241,1.7523392,0.59887393,0.75266028,0.93270097,1.1808317,1.0461665,0.92447127,0.73885835,0.59908347,0.55801935,,,,,,,,,,,,,,,,,,,,,,,,,,,,,,,,,,,,,,,,,,,,,,,,,,,,,,,,,,,,,,,,,,,,,,,,,,,,,,,,,,,,,,,,,,,,,,,,,,,,,,,,,,,,,,,,,,,,,,,,,,,,,,,,,,,,,,,,,,,,,,,,,,,,,,,,,,,,,,,,,,,,,,,,,,,,,,,,,,,,,,,,,,,,,,,,,,,,,,,,,,,,,,,,,,,,,,,,,,,,,,,,,,,,,,,,,,,,,,,,,,,,,,,,,
nh,9,9,14,7892,5328.91474319883,-10629.82948639766,-10532.199018257666,2026-07-23T11:47:06+00:00,0.226,5312.864,-0.17322858,0.81671549,2.3679934,0.14559186,1.8252637,1.5929136,1.1006927,0.58571616,0.34603671,0.94795058,1.3413495,1.5653018,1.5777424,,13.840029,-0.17322858,-0.17322858,-0.17322858,-0.17322858,-0.17322858,-0.17322858,-0.17322858,-0.17322858,-0.17322858,0.81671549,0.81671549,0.81671549,0.81671549,0.81671549,0.81671549,0.81671549,0.81671549,0.81671549,,,2.3679934,2.3679934,2.3679934,2.3679934,2.3679934,2.3679934,2.3679934,2.3679934,2.3679934,2.3679934,2.3679934,2.3679934,2.3679934,2.3679934,2.3679934,2.3679934,2.3679934,2.3679934,,,1.8252637,1.5929136,1.1006927,0.58571616,0.34603671,0.94795058,1.3413495,1.5653018,1.5777424,1.8252637,1.5929136,1.1006927,0.58571616,0.34603671,0.94795058,1.3413495,1.5653018,1.5777424,,,0.86122962,0.83389833,0.76533663,0.67942326,0.63542143,0.74125,0.80063829,0.83043344,0.83200025,0.53820649,0.49191851,0.39497746,0.30018886,0.25988592,0.36589696,0.44194462,0.48641283,0.48889317,,,0.22983109,0.26656727,0.35304304,0.45238833,0.50008387,0.38180382,0.30943722,0.27112227,0.26906521,0.041873476,0.053353539,0.085802961,0.13359141,0.16115211,0.098405461,0.068455884,0.054869605,0.054182377,,,11.919443,11.541177,10.592281,9.4032373,8.7942507,10.258921,11.080857,11.493223,11.514907,7.4487932,6.8081662,5.4664994,4.1546224,3.5968286,5.0640243,6.1165261,6.7319674,6.7662954,,,3.1808688,3.6892987,4.8861258,6.2610673,6.921175,5.2841758,4.28262,3.7523399,3.7238702,0.5795301,0.7384145,1.1875154,1.848909,2.2303498,1.3619344,0.94743139,0.7593969,0.74988564,,,1.2861048,1.3845608,1.576585,1.7362198,1.7905852,1.6292624,1.4863037,1.396018,1.3908636,1.854671,1.8598665,1.8186136,1.7051249,1.6315831,1.7919579,1.8475282,1.8594225,1.8596505,,,1.5651857,1.6449475,1.7779519,1.851657,1.8601094,1.8073896,1.7197145,1.6537826,1.6498201,0.74515982,0.83607265,1.0419324,1.2656661,1.3678173,1.1081122,0.93945417,0.84718894,0.84217282,,,,,,,,,,,,,,,,,,,,,,,,,,,,,,,,,,,,,,,,,,,,,,,,,,,,,,,,,,,,,,,,,,,,,,,,,,,,,,,,,,,,,,,,,,,,,,,,,,,,,,,,,,,,,,,,,,,,,,,,,,,,,,,,,,,,,,,,,,,,,,,,,,,,,,,,,,,,,,,,,,,,,,,,,,,,,,,,,,,,,,,,,,,,,,,,,,,,,,,,,,,,,,,,,,,,,,,,,,,,,,,,,,,,,,,,,,,,,,,,,,,,,,,,,
kr,10,10,15,7030,3392.4648037026273,-6754.9296074052545,-6652.060477633184,2026-07-23T11:39:23+00:00,0.208,3367.8781,-0.30248873,1.1837931,2.1503193,0.13562488,1.5684814,1.2975517,0.77448898,0.29645749,7.2904969e-05,0.54352659,0.88695904,1.2900003,1.5687412,1.6891763,14.816684,-0.30248873,-0.30248873,-0.30248873,-0.30248873,-0.30248873,-0.30248873,-0.30248873,-0.30248873,-0.30248873,-0.30248873,1.1837931,1.1837931,1.1837931,1.1837931,1.1837931,1.1837931,1.1837931,1.1837931,1.1837931,1.1837931,2.1503193,2.1503193,2.1503193,2.1503193,2.1503193,2.1503193,2.1503193,2.1503193,2.1503193,2.1503193,2.1503193,2.1503193,2.1503193,2.1503193,2.1503193,2.1503193,2.1503193,2.1503193,2.1503193,2.1503193,1.5684814,1.2975517,0.77448898,0.29645749,7.2904969e-05,0.54352659,0.88695904,1.2900003,1.5687412,1.6891763,1.5684814,1.2975517,0.77448898,0.29645749,7.2904969e-05,0.54352659,0.88695904,1.2900003,1.5687412,1.6891763,0.8614218,0.82926496,0.75481901,0.67390341,0.61887413,0.71710136,0.7721567,0.82830514,0.86145051,0.87432508,0.34474312,0.29631898,0.21285662,0.15020272,0.11825471,0.18087652,0.22955488,0.29501488,0.34479096,0.36722768,0.31499108,0.36456347,0.46622778,0.56129762,0.61884634,0.51225575,0.44393861,0.36598302,0.31494493,0.293875,0.024532076,0.03343335,0.058086961,0.091426508,0.11824027,0.072757648,0.051839608,0.033715294,0.024524604,0.021260676,12.763415,12.286957,11.183915,9.9850138,9.1696624,10.625064,11.440802,12.272736,12.76384,12.954598,5.1079498,4.3904646,3.1538293,2.2255062,1.7521426,2.6799902,3.4012421,4.3711422,5.1086588,5.4410965,4.6671232,5.4016217,6.9079497,8.3165695,9.1692507,7.5899315,6.5776981,5.4226547,4.6664395,4.354253,0.36348402,0.49537138,0.86065614,1.3546377,1.7519288,1.0780271,0.76809108,0.49954885,0.36337331,0.31501272,1.3299365,1.4483833,1.6559237,1.8044609,1.8694372,1.733729,1.6145309,1.4516079,1.3298209,1.2759577,1.8294861,1.7576936,1.5756002,1.3752197,1.2429576,1.4816352,1.6187867,1.7554459,1.8295462,1.8555256,1.7880215,1.8526704,1.920227,1.9101044,1.8694634,1.924044,1.9124863,1.8541993,1.7879508,1.7534671,0.59545529,0.69196059,0.90036839,1.1094088,1.2428919,0.99979616,0.85338944,0.69477076,0.59536688,0.5552615,,,,,,,,,,,,,,,,,,,,,,,,,,,,,,,,,,,,,,,,,,,,,,,,,,,,,,,,,,,,,,,,,,,,,,,,,,,,,,,,,,,,,,,,,,,,,,,,,,,,,,,,,,,,,,,,,,,,,,,,,,,,,,,,,,,,,,,,,,,,,,,,,,,,,,,,,,,,,,,,,,,,,,,,,,,,,,,,,,,,,,,,,,,,,,,,,,,,,,,,,,,,,,,,,,,,,,,,,,,,,,,,,,,,,,,,,,,,,,,,,,,,,,,
nh,10,10,15,7889,5350.898178773372,-10671.796357546744,-10567.197987600315,2026-07-23T11:40:15+00:00,0.226,5332.8221,-0.17317085,0.81681921,2.3762596,0.14554285,1.823739,1.5916023,1.0996644,0.58492459,0.221399,0.6208482,1.0511801,1.3402239,1.5639744,1.5762363,13.888597,-0.17317085,-0.17317085,-0.17317085,-0.17317085,-0.17317085,-0.17317085,-0.17317085,-0.17317085,-0.17317085,-0.17317085,0.81681921,0.81681921,0.81681921,0.81681921,0.81681921,0.81681921,0.81681921,0.81681921,0.81681921,0.81681921,2.3762596,2.3762596,2.3762596,2.3762596,2.3762596,2.3762596,2.3762596,2.3762596,2.3762596,2.3762596,2.3762596,2.3762596,2.3762596,2.3762596,2.3762596,2.3762596,2.3762596,2.3762596,2.3762596,2.3762596,1.823739,1.5916023,1.0996644,0.58492459,0.221399,0.6208482,1.0511801,1.3402239,1.5639744,1.5762363,1.823739,1.5916023,1.0996644,0.58492459,0.221399,0.6208482,1.0511801,1.3402239,1.5639744,1.5762363,0.86104811,0.83372042,0.76516099,0.67926094,0.61174513,0.68566332,0.75764927,0.80046485,0.83025111,0.83179656,0.53786257,0.49161562,0.39473958,0.30001516,0.24005685,0.30628966,0.38543803,0.44168154,0.48610685,0.48855151,0.230045,0.26676376,0.35321265,0.45252223,0.52490626,0.44541531,0.36226195,0.3096153,0.27132309,0.26929476,0.04193241,0.053413509,0.0858673,0.13365438,0.17682864,0.12981981,0.089731667,0.068516499,0.054931812,0.054253796,11.95875,11.579207,10.627013,9.4339815,8.4962816,9.5229015,10.522685,11.117334,11.531023,11.552487,7.4701564,6.8278512,5.4823789,4.1667896,3.3340528,4.2539336,5.3531935,6.1343369,6.7513421,6.785295,3.1950023,3.7049743,4.9056281,6.2848989,7.2902115,6.1861937,5.0313102,4.3001221,3.768297,3.7401264,0.58238234,0.7418387,1.1925763,1.8562718,2.4559017,1.803015,1.246247,0.95159805,0.7629258,0.7535091,1.2890659,1.3875827,1.5797586,1.739496,1.8162386,1.7301437,1.5969285,1.4893955,1.3990634,1.3939756,1.8580202,1.8631084,1.8216111,1.7078318,1.5917571,1.7178468,1.8137996,1.8506522,1.8626509,1.8628819,1.5684413,1.6482177,1.7812631,1.8549508,1.8610572,1.8522333,1.7912727,1.7230028,1.657067,1.6531576,0.7469683,0.83798239,1.0441135,1.2681376,1.4218396,1.2525765,1.0650911,0.94148706,0.84912714,0.84417319,,,,,,,,,,,,,,,,,,,,,,,,,,,,,,,,,,,,,,,,,,,,,,,,,,,,,,,,,,,,,,,,,,,,,,,,,,,,,,,,,,,,,,,,,,,,,,,,,,,,,,,,,,,,,,,,,,,,,,,,,,,,,,,,,,,,,,,,,,,,,,,,,,,,,,,,,,,,,,,,,,,,,,,,,,,,,,,,,,,,,,,,,,,,,,,,,,,,,,,,,,,,,,,,,,,,,,,,,,,,,,,,,,,,,,,,,,,,,,,,,,,,,,,
jf,11,11,16,7164,3459.8893929519404,-6887.778785903881,-6777.749605692991,2026-07-23T11:47:44+00:00,0.207,3431.4887,-0.50989413,0.86027289,3.3626751,0.080966602,1.250945,1.1247265,0.97547268,0.64632716,0.15813244,0.35584281,0.58613982,0.80386881,0.94169785,1.0030945,16.082675,-0.50989413,-0.50989413,-0.50989413,-0.50989413,-0.50989413,-0.50989413,-0.50989413,-0.50989413,-0.50989413,-0.50989413,-0.50989413,0.86027289,0.86027289,0.86027289,0.86027289,0.86027289,0.86027289,0.86027289,0.86027289,0.86027289,3.3626751,3.3626751,3.3626751,3.3626751,3.3626751,3.3626751,3.3626751,3.3626751,3.3626751,3.3626751,3.3626751,3.3626751,3.3626751,3.3626751,3.3626751,3.3626751,3.3626751,3.3626751,3.3626751,3.3626751,1.250945,1.1247265,0.97547268,0.64632716,0.15813244,0.35584281,0.58613982,0.80386881,0.94169785,1.0030945,1.0584097,1.250945,1.1247265,0.97547268,0.64632716,0.15813244,0.35584281,0.58613982,0.80386881,0.94169785,0.87188914,0.85819777,0.84077071,0.79759391,0.72205607,0.75421553,0.78900224,0.81907051,0.83664027,0.84409739,0.85062065,0.40718184,0.38288606,0.3547467,0.29559606,0.21734048,0.24750836,0.28528814,0.32335464,0.34848127,0.45399335,0.47907746,0.50883896,0.57406405,0.66670325,0.63004507,0.58582733,0.54298618,0.51557283,0.50332988,0.49229662,0.068673239,0.077420834,0.088827707,0.11831811,0.17377833,0.1495898,0.12438486,0.1034371,0.091574466,14.022309,13.802116,13.521842,12.827444,11.612593,12.129803,12.689266,13.172845,13.455413,13.575344,13.680255,6.5485731,6.157832,5.7052759,4.7539752,3.4954162,3.9805965,4.5881964,5.2004075,5.604511,7.3014275,7.704847,8.1834915,9.2324855,10.722372,10.13281,9.4216705,8.7326702,8.2917902,8.0948909,7.9174464,1.1044494,1.2451341,1.4285871,1.9028716,2.7948204,2.4058042,2.0004412,1.6635453,1.4727624,1.3403023,1.3989892,1.4673354,1.6113202,1.7965661,1.7266491,1.6362783,1.5438122,1.4825899,1.454796,1.4295271,1.9703079,1.9493804,1.9186839,1.8299505,1.6540014,1.7307125,1.8108668,1.8758549,1.9108752,1.9966542,2.0034042,2.0048472,1.98304,1.8904316,1.9361516,1.9753983,1.9977365,2.0041877,2.0051161,2.0049225,1.0142008,1.0717905,1.1409159,1.2952712,1.5195859,1.4303567,1.3234865,1.2212588,1.1566741,1.0584097,0.86027289,0.86027289,3.3626751,3.3626751,1.0030945,1.0584097,0.35990017,0.37029655,0.086627326,0.082343763,5.7881575,5.955359,1.3931991,1.324308,1.9248373,1.9365201,1.1280559,1.1023881,,,,,,,,,,,,,,,,,,,,,,,,,,,,,,,,,,,,,,,,,,,,,,,,,,,,,,,,,,,,,,,,,,,,,,,,,,,,,,,,,,,,,,,,,,,,,,,,,,,,,,,,,,,,,,,,,,,,,,,,,,,,,,,,,,,,,,,,,,,,,,,,,,,,,,,,,,,,,,,,,,,,,,,,,,,,,,,,,,,,,,,,,,,,,,,,,,,,,,,,,,,,,,,,,,,,,,,,,,,,,,,,,,,,
kr,11,11,16,7027,3389.91260557429,-6747.82521114858,-6638.104968729504,2026-07-23T11:48:12+00:00,0.206,3365.5636,-0.29987842,1.1861025,2.1459262,0.13632371,1.5761631,1.3435182,0.83778302,0.51040164,0.047746732,0.44515943,0.72580836,1.0916273,1.4158215,1.6317619,14.858614,-0.29987842,-0.29987842,-0.29987842,-0.29987842,-0.29987842,-0.29987842,-0.29987842,-0.29987842,-0.29987842,-0.29987842,-0.29987842,1.1861025,1.1861025,1.1861025,1.1861025,1.1861025,1.1861025,1.1861025,1.1861025,1.1861025,2.1459262,2.1459262,2.1459262,2.1459262,2.1459262,2.1459262,2.1459262,2.1459262,2.1459262,2.1459262,2.1459262,2.1459262,2.1459262,2.1459262,2.1459262,2.1459262,2.1459262,2.1459262,2.1459262,2.1459262,1.5761631,1.3435182,0.83778302,0.51040164,0.047746732,0.44515943,0.72580836,1.0916273,1.4158215,1.6317619,1.6870667,1.5761631,1.3435182,0.83778302,0.51040164,0.047746732,0.44515943,0.72580836,1.0916273,1.4158215,0.86169361,0.83438454,0.76385866,0.71057977,0.62693702,0.69932431,0.7462651,0.80113773,0.84322216,0.86773742,0.87356617,0.34530736,0.30350595,0.22147803,0.17595221,0.1225712,0.16764261,0.20519761,0.26099241,0.31625686,0.31270299,0.35499085,0.45263249,0.51781786,0.60872791,0.53080704,0.474873,0.40286619,0.34162497,0.30292633,0.29333948,0.024180409,0.031594334,0.054247559,0.074749502,0.11314407,0.079464575,0.060690054,0.041644244,0.029111624,12.803572,12.397798,11.349881,10.55823,9.315415,10.39099,11.088465,11.903796,12.529112,12.893375,12.979982,5.1307886,4.5096777,3.2908565,2.6144059,1.8212381,2.4909368,3.0489519,3.8779853,4.6991385,4.6463329,5.2746719,6.7254913,7.6940555,9.0448528,7.8870567,7.0559544,5.986033,5.0760734,4.5010653,4.358618,0.35928735,0.46944801,0.80604352,1.110674,1.6811641,1.1807334,0.90177007,0.61877574,0.43255837,1.3307201,1.4329225,1.6371243,1.7480748,1.8641986,1.7675741,1.6773582,1.5385759,1.4015303,1.3058756,1.2810577,1.8327819,1.7722764,1.6006262,1.4677859,1.2641229,1.4399131,1.5566998,1.6928853,1.7924853,1.7870117,1.8445085,1.9186754,1.9261195,1.8812226,1.9236818,1.9249084,1.890625,1.8281028,1.7713199,1.7550109,0.59211455,0.67425226,0.87310802,1.0137315,1.2210448,1.0425483,0.92034863,0.77006966,0.64804775,1.6870667,1.1861025,1.1861025,2.1459262,2.1459262,1.6317619,1.6870667,0.3556087,0.3659613,0.022643256,0.021196783,5.2838522,5.4376775,0.33644739,0.31495481,1.8452286,1.8567978,0.57343624,0.55522858,,,,,,,,,,,,,,,,,,,,,,,,,,,,,,,,,,,,,,,,,,,,,,,,,,,,,,,,,,,,,,,,,,,,,,,,,,,,,,,,,,,,,,,,,,,,,,,,,,,,,,,,,,,,,,,,,,,,,,,,,,,,,,,,,,,,,,,,,,,,,,,,,,,,,,,,,,,,,,,,,,,,,,,,,,,,,,,,,,,,,,,,,,,,,,,,,,,,,,,,,,,,,,,,,,,,,,,,,,,,,,,,,,,,
nh,11,11,16,7889,5353.0811836569,-10674.1623673138,-10562.59077270428,2026-07-23T11:48:57+00:00,0.226,5335.7826,-0.18575685,0.80898968,2.3855122,0.14373023,1.8527161,1.6983848,1.3267188,0.84569225,0.35058356,0.49890418,0.86409519,1.2365468,1.462639,1.5176889,13.759099,-0.18575685,-0.18575685,-0.18575685,-0.18575685,-0.18575685,-0.18575685,-0.18575685,-0.18575685,-0.18575685,-0.18575685,-0.18575685,0.80898968,0.80898968,0.80898968,0.80898968,0.80898968,0.80898968,0.80898968,0.80898968,0.80898968,2.3855122,2.3855122,2.3855122,2.3855122,2.3855122,2.3855122,2.3855122,2.3855122,2.3855122,2.3855122,2.3855122,2.3855122,2.3855122,2.3855122,2.3855122,2.3855122,2.3855122,2.3855122,2.3855122,2.3855122,1.8527161,1.6983848,1.3267188,0.84569225,0.35058356,0.49890418,0.86409519,1.2365468,1.462639,1.5176889,1.6983721,1.8527161,1.6983848,1.3267188,0.84569225,0.35058356,0.49890418,0.86409519,1.2365468,1.462639,0.86695563,0.84965369,0.8020917,0.72860618,0.64096845,0.66829461,0.73164787,0.78931024,0.82044868,0.82756877,0.84965221,0.54671593,0.51603424,0.44210664,0.34969518,0.263139,0.28789744,0.35310832,0.42437394,0.4690452,0.22946763,0.25352582,0.31646655,0.40629377,0.50417488,0.47460645,0.40272859,0.33268302,0.2926833,0.28329268,0.25352786,0.041339614,0.048640361,0.070463315,0.10900521,0.16248857,0.14492704,0.10729599,0.076752041,0.061742504,11.928528,11.690469,11.036059,10.024964,8.8191482,9.1951315,10.066815,10.860198,11.288634,11.3866,11.690449,7.5223185,7.1001661,6.0829889,4.8114904,3.6205554,3.9612093,4.8584522,5.8390029,6.4536392,3.1572678,3.4882868,4.3542945,5.590236,6.936992,6.5301569,5.5411824,4.5774185,4.0270585,3.897852,3.4883148,0.56879583,0.66924752,0.96951171,1.4998135,2.2356963,1.9940655,1.4762961,1.0560389,0.84952121,1.2597712,1.3257522,1.4778794,1.6494585,1.7794247,1.7464463,1.6436092,1.5126574,1.4236886,1.4012157,1.3257576,1.8465501,1.853709,1.8421887,1.7688797,1.6333542,1.67952,1.7728204,1.8333255,1.8511053,1.5597362,1.6136654,1.7251974,1.8218007,1.8545983,1.8522695,1.8192278,1.7477383,1.687722,1.6714123,1.6136697,0.73843214,0.79793175,0.9493138,1.1559957,1.3683644,1.3057838,1.1479963,0.98741367,0.89278757,1.6983721,0.80898968,0.80898968,2.3855122,2.3855122,1.5176889,1.6983721,0.48000334,0.51603171,0.058459921,0.048641002,6.6044133,7.1001312,0.80435582,0.66925635,1.8531791,1.8537094,0.87024896,0.79793674,,,,,,,,,,,,,,,,,,,,,,,,,,,,,,,,,,,,,,,,,,,,,,,,,,,,,,,,,,,,,,,,,,,,,,,,,,,,,,,,,,,,,,,,,,,,,,,,,,,,,,,,,,,,,,,,,,,,,,,,,,,,,,,,,,,,,,,,,,,,,,,,,,,,,,,,,,,,,,,,,,,,,,,,,,,,,,,,,,,,,,,,,,,,,,,,,,,,,,,,,,,,,,,,,,,,,,,,,,,,,,,,,,,,
jf,13,13,18,7167,3466.9816016355894,-6897.963203271179,-6774.172839423289,2026-07-23T11:49:34+00:00,0.207,3437.0317,-0.52190359,0.85417334,3.3578007,0.078654028,1.259023,1.1534265,1.0875268,0.84415914,0.54203552,0.15902878,0.35848157,0.55009131,0.69580163,0.91860116,15.83667,-0.52190359,-0.52190359,-0.52190359,-0.52190359,-0.52190359,-0.52190359,-0.52190359,-0.52190359,-0.52190359,-0.52190359,-0.52190359,-0.52190359,-0.52190359,0.85417334,0.85417334,0.85417334,0.85417334,0.85417334,0.85417334,0.85417334,3.3578007,3.3578007,3.3578007,3.3578007,3.3578007,3.3578007,3.3578007,3.3578007,3.3578007,3.3578007,3.3578007,3.3578007,3.3578007,3.3578007,3.3578007,3.3578007,3.3578007,3.3578007,3.3578007,3.3578007,1.259023,1.1534265,1.0875268,0.84415914,0.54203552,0.15902878,0.35848157,0.55009131,0.69580163,0.91860116,0.97447589,1.0820032,1.0442398,1.259023,1.1534265,1.0875268,0.84415914,0.54203552,0.15902878,0.35848157,0.87521924,0.86403239,0.8567129,0.82741087,0.78608818,0.72621919,0.75839354,0.78725974,0.80779635,0.83675397,0.84354662,0.85608752,0.85176274,0.41112117,0.39071343,0.37812463,0.33283663,0.27989429,0.21927061,0.24985931,0.45715337,0.47814505,0.49127988,0.53975798,0.59904881,0.6708962,0.63407393,0.59749091,0.56906836,0.52495868,0.51382682,0.49238146,0.4999137,0.068946278,0.07623136,0.081066031,0.10093307,0.13025403,0.1752325,0.15070507,13.860559,13.683396,13.56748,13.103433,12.449019,11.500894,12.010429,12.467573,12.792805,13.251397,13.35897,13.557576,13.489086,6.5107905,6.1875998,5.9882351,5.271024,4.4325936,3.4725163,3.9569395,7.2397872,7.5722255,7.7802376,8.5479692,9.4869385,10.624762,10.04162,9.4622667,9.012148,8.3135976,8.137306,7.797683,7.9169685,1.0918795,1.2072509,1.283816,1.5984437,2.0627902,2.7750993,2.3866665,1.3151164,1.364001,1.3942901,1.5038318,1.6318678,1.7744645,1.7034662,1.6286051,1.5680637,1.470795,1.4457026,1.3968194,1.4140669,1.9580773,1.9416543,1.9297502,1.8752691,1.786599,1.6465405,1.7228643,1.9824465,1.987864,1.9894631,1.9834653,1.9503331,1.869933,1.9168961,1.9515759,1.9706902,1.9872852,1.9890048,1.9895347,1.9897657,1.0082651,1.05604,1.0861594,1.1987943,1.3394415,1.5128819,1.4237218,0.97447589,0.85417334,0.85417334,3.3578007,3.3578007,0.55009131,0.69580163,0.28125151,0.30633268,0.12940273,0.1146674,4.4540875,4.8512896,2.0493084,1.8159498,1.7892369,1.834443,1.3357104,1.2679588,1.0820032,1.0442398,0.85417334,0.85417334,0.85417334,0.85417334,3.3578007,3.3578007,3.3578007,3.3578007,0.91860116,0.97447589,1.0820032,1.0442398,0.3464684,0.35683361,0.37707509,0.36992446,0.094511652,0.089893478,0.081481549,0.084365432,5.4869058,5.6510562,5.9716139,5.8583717,1.4967499,1.4236134,1.2903964,1.3360675,1.8936384,1.9064547,1.9286957,1.9212539,1.1641691,1.1382618,1.0886932,1.1060514,,,,,,,,,,,,,,,,,,,,,,,,,,,,,,,,,,,,,,,,,,,,,,,,,,,,,,,,,,,,,,,,,,,,,,,,,,,,,,,,,,,,,,,,,,,,,,,,,,,,,,,,,,,,,,,,,,,,,,,,,,,,,,,,,,,,,,,,,,,,,,,,,,,,,,,,,,,,,,,,,,,,,,,,,,,,,,,,,,,,,,,,,,,,,,
kr,13,13,18,7025,3382.9282024087233,-6729.856404817447,-6606.426255921811,2026-07-23T11:50:04+00:00,0.206,3356.8757,-0.31261113,1.1786605,2.1535785,0.13492788,1.5788401,1.4209158,1.0769028,0.70760524,0.38627246,0.048482144,0.44562338,0.67903569,0.8871644,1.2909354,14.732653,-0.31261113,-0.31261113,-0.31261113,-0.31261113,-0.31261113,-0.31261113,-0.31261113,-0.31261113,-0.31261113,-0.31261113,-0.31261113,-0.31261113,-0.31261113,1.1786605,1.1786605,1.1786605,1.1786605,1.1786605,1.1786605,1.1786605,2.1535785,2.1535785,2.1535785,2.1535785,2.1535785,2.1535785,2.1535785,2.1535785,2.1535785,2.1535785,2.1535785,2.1535785,2.1535785,2.1535785,2.1535785,2.1535785,2.1535785,2.1535785,2.1535785,2.1535785,1.5788401,1.4209158,1.0769028,0.70760524,0.38627246,0.048482144,0.44562338,0.67903569,0.8871644,1.2909354,1.5392814,1.5680374,1.7554885,1.5788401,1.4209158,1.0769028,0.70760524,0.38627246,0.048482144,0.44562338,0.86477594,0.8468624,0.80263269,0.74742666,0.69348299,0.63188584,0.70382124,0.74284101,0.77523335,0.83098849,0.86042968,0.86359838,0.88304663,0.34854914,0.31981985,0.26101833,0.20472614,0.16218331,0.12416413,0.16957431,0.31674909,0.34537157,0.41066283,0.48357162,0.54755044,0.61346826,0.5357767,0.48926707,0.4478991,0.36962128,0.3238249,0.31867485,0.28599161,0.024529384,0.029437982,0.042979364,0.062704095,0.085063361,0.1145072,0.080536458,12.740444,12.47653,11.824909,11.011578,10.216845,9.3093551,10.369154,10.944019,11.421244,12.242665,12.676412,12.723096,13.00962,5.1350537,4.7117951,3.8454926,3.0161592,2.3893904,1.829267,2.4982795,4.6665546,5.0882396,6.0501532,7.1242931,8.0668709,9.0380153,7.8934125,7.2082022,6.5987422,5.4455023,4.7708,4.6949261,4.2134153,0.36138291,0.43369959,0.63320007,0.9237977,1.253209,1.686995,1.1865157,1.3125603,1.3822539,1.5276945,1.6677023,1.7696431,1.8511903,1.7524621,1.6776033,1.6022218,1.4384545,1.3301319,1.3173651,1.2334986,1.8289984,1.7902149,1.6857487,1.5487649,1.414875,1.2657558,1.4403595,1.7856169,1.8250771,1.8882744,1.9181207,1.9104586,1.8690853,1.9142377,1.9187147,1.9087094,1.8527625,1.796078,1.7885109,1.734478,0.59373261,0.64879299,0.77845073,0.93052233,1.0707973,1.2222201,1.0444893,1.5392814,1.1786605,1.1786605,2.1535785,2.1535785,0.67903569,0.8871644,0.20069463,0.2311459,0.064484721,0.052375695,2.9567644,3.4053925,0.95003105,0.77163297,1.5373216,1.6181007,0.94274523,0.85511295,1.5680374,1.7554885,1.1786605,1.1786605,1.1786605,1.1786605,2.1535785,2.1535785,2.1535785,2.1535785,1.2909354,1.5392814,1.5680374,1.7554885,0.29695006,0.34126256,0.34655363,0.38173918,0.034066347,0.025689466,0.024841729,0.019871759,4.3748623,5.0277031,5.1056546,5.624031,0.50188768,0.37847401,0.36598459,0.29276374,1.7537807,1.8198726,1.8265463,1.8647032,0.69626877,0.60724889,0.59740513,0.53567342,,,,,,,,,,,,,,,,,,,,,,,,,,,,,,,,,,,,,,,,,,,,,,,,,,,,,,,,,,,,,,,,,,,,,,,,,,,,,,,,,,,,,,,,,,,,,,,,,,,,,,,,,,,,,,,,,,,,,,,,,,,,,,,,,,,,,,,,,,,,,,,,,,,,,,,,,,,,,,,,,,,,,,,,,,,,,,,,,,,,,,,,,,,,,,
nh,13,13,18,7882,5380.06909659682,-10724.13819319364,-10598.63612795405,2026-07-23T11:50:52+00:00,0.226,5361.9132,-0.18442823,0.81071785,2.38941,0.14398806,1.8534921,1.7500786,1.5732173,1.1032483,0.70509581,0.35016799,0.49941572,0.86463773,1.2077163,1.3458956,13.795726,-0.18442823,-0.18442823,-0.18442823,-0.18442823,-0.18442823,-0.18442823,-0.18442823,-0.18442823,-0.18442823,-0.18442823,-0.18442823,-0.18442823,-0.18442823,0.81071785,0.81071785,0.81071785,0.81071785,0.81071785,0.81071785,0.81071785,2.38941,2.38941,2.38941,2.38941,2.38941,2.38941,2.38941,2.38941,2.38941,2.38941,2.38941,2.38941,2.38941,2.38941,2.38941,2.38941,2.38941,2.38941,2.38941,2.38941,1.8534921,1.7500786,1.5732173,1.1032483,0.70509581,0.35016799,0.49941572,0.86463773,1.2077163,1.3458956,1.5316364,1.4946665,1.6986958,1.8534921,1.7500786,1.5732173,1.1032483,0.70509581,0.35016799,0.49941572,0.86675333,0.85530655,0.83423504,0.76915059,0.70435795,0.64039403,0.66790519,0.73129922,0.78473539,0.80438145,0.82900648,0.8242701,0.84937959,0.54618491,0.52564286,0.49038275,0.39778147,0.32341518,0.26250755,0.28739536,0.22894739,0.24490499,0.27352703,0.35673644,0.43324457,0.50372776,0.47397568,0.40210951,0.33745099,0.31259093,0.28048882,0.28674977,0.25305093,0.041152659,0.045921292,0.055096475,0.08654499,0.12236085,0.16211518,0.14447549,11.957491,11.799575,11.508878,10.610991,9.7171292,8.8347005,9.2142369,10.088804,10.825994,11.097026,11.436746,11.371404,11.717808,7.5350173,7.2516248,6.765186,5.4876841,4.4617471,3.6214822,3.9648276,3.1584954,3.3786422,3.7735039,4.9214381,5.9769232,6.94929,6.5388385,5.5473926,4.6553813,4.3124187,3.8695469,3.9559213,3.4910213,0.56773079,0.63351756,0.76009586,1.193951,1.6880567,2.2364966,1.9931442,1.2622582,1.306645,1.38122,1.5651009,1.6949313,1.7824172,1.7492856,1.6464718,1.5265823,1.4733581,1.3984311,1.4136109,1.3285108,1.8491902,1.854686,1.8567863,1.8179068,1.7374551,1.6342631,1.6808791,1.560566,1.5972463,1.6557018,1.7792644,1.8405037,1.8570783,1.8546127,1.8211901,1.7562512,1.7217421,1.6685869,1.6797505,1.6148112,0.73781242,0.77744814,0.84747699,1.0443278,1.2171708,1.3689144,1.3058268,1.5316364,0.81071785,0.81071785,2.38941,2.38941,0.86463773,1.2077163,0.35256711,0.41805971,0.10692715,0.078596428,4.8639192,5.7674371,1.4751377,1.0842948,1.7745595,1.8320218,1.1477828,0.99953643,1.4946665,1.6986958,0.81071785,0.81071785,0.81071785,0.81071785,2.38941,2.38941,2.38941,2.38941,1.3458956,1.5316364,1.4946665,1.6986958,0.44521108,0.48209365,0.47473013,0.51540733,0.06894882,0.057451158,0.059610566,0.048450612,6.14201,6.6508318,6.5492468,7.1104183,0.95119902,0.79258042,0.82237102,0.66841136,1.8459467,1.8559386,1.8547566,1.856248,0.94107118,0.86431809,0.87940265,0.79751265,,,,,,,,,,,,,,,,,,,,,,,,,,,,,,,,,,,,,,,,,,,,,,,,,,,,,,,,,,,,,,,,,,,,,,,,,,,,,,,,,,,,,,,,,,,,,,,,,,,,,,,,,,,,,,,,,,,,,,,,,,,,,,,,,,,,,,,,,,,,,,,,,,,,,,,,,,,,,,,,,,,,,,,,,,,,,,,,,,,,,,,,,,,,,,
jf,15,15,20,7155,3469.8885650260404,-6899.777130052081,-6762.265796212269,2026-07-23T11:51:36+00:00,0.208,3436.8739,-0.53551461,0.84267756,3.397015,0.076712181,1.2090159,1.1773304,1.1112678,0.97666821,0.79610129,0.40264214,0.043908148,0.35699237,0.54769528,0.64706948,15.845766,-0.53551461,-0.53551461,-0.53551461,-0.53551461,-0.53551461,-0.53551461,-0.53551461,-0.53551461,-0.53551461,-0.53551461,-0.53551461,-0.53551461,-0.53551461,-0.53551461,-0.53551461,0.84267756,0.84267756,0.84267756,0.84267756,0.84267756,3.397015,3.397015,3.397015,3.397015,3.397015,3.397015,3.397015,3.397015,3.397015,3.397015,3.397015,3.397015,3.397015,3.397015,3.397015,3.397015,3.397015,3.397015,3.397015,3.397015,1.2090159,1.1773304,1.1112678,0.97666821,0.79610129,0.40264214,0.043908148,0.35699237,0.54769528,0.64706948,0.80529734,0.93449506,0.97005121,1.0523203,1.0632455,1.2090159,1.1773304,1.1112678,0.97666821,0.79610129,0.87286155,0.86953162,0.86239623,0.84704663,0.8247359,0.76938886,0.71139638,0.76238975,0.7908466,0.80484336,0.82591975,0.84201218,0.84626384,0.85580832,0.85704509,0.40587478,0.399743,0.38703944,0.36154075,0.3282947,0.47249745,0.47880597,0.49197411,0.51881532,0.55466796,0.63088324,0.69622036,0.63946099,0.6032109,0.58393863,0.5528503,0.52721349,0.52013365,0.50373183,0.50155263,0.073922484,0.076166004,0.08100978,0.091592586,0.10735309,13.83116,13.778394,13.665329,13.422102,13.068572,12.191556,11.27262,12.080649,12.53157,12.753359,13.087331,13.342328,13.409698,13.560938,13.580536,6.4313967,6.3342339,6.1329363,5.7288901,5.2020809,7.4870839,7.5870472,7.7957065,8.221026,8.7891386,9.996828,11.032145,10.132749,9.5583385,9.2529547,8.7603363,8.3541014,8.2419159,7.9820165,7.9474854,1.1713584,1.2069087,1.283662,1.4513547,1.7010918,1.326074,1.3407628,1.371277,1.4328139,1.5134238,1.6767554,1.8036959,1.6942509,1.6189566,1.5776257,1.5093859,1.4518696,1.4358118,1.398347,1.3933428,1.9547519,1.9499149,1.938878,1.9125017,1.8692954,1.9873238,1.9885481,1.9900806,1.9889273,1.9784047,1.9209364,1.8306668,1.911348,1.9474713,1.96209,1.9791871,1.9873868,1.9887227,1.9902816,1.9903274,1.0415223,1.0559277,1.0861274,1.1482253,1.2322639,0.80529734,0.84267756,0.84267756,3.397015,3.397015,0.40264214,0.043908148,0.26064555,0.20590189,0.14824301,0.1936205,4.1301283,3.2626732,2.349024,3.0680651,1.7474635,1.6096219,1.4144955,1.5729033,0.93449506,0.97005121,0.84267756,0.84267756,0.84267756,0.84267756,3.397015,3.397015,3.397015,3.397015,0.35699237,0.54769528,0.64706948,0.80529734,0.25328712,0.28473578,0.30183057,0.32995809,0.15358606,0.13209869,0.12176431,0.10650593,4.0135283,4.5118565,4.7827366,5.2284386,2.4336888,2.093205,1.9294487,1.687668,1.7311711,1.7964324,1.827337,1.8717032,1.435238,1.3478484,1.3017337,1.2279745,1.0523203,1.0632455,0.84267756,0.84267756,0.84267756,0.84267756,3.397015,3.397015,3.397015,3.397015,0.93449506,0.97005121,1.0523203,1.0632455,0.35367034,0.3603019,0.37580491,0.37787947,0.095110589,0.092138094,0.085525002,0.084674237,5.6041773,5.7092594,5.9549166,5.9877896,1.5071001,1.4599986,1.3552091,1.3417281,1.9031936,1.9110736,1.92796,1.9300588,1.1678009,1.1512937,1.1132407,1.108205,,,,,,,,,,,,,,,,,,,,,,,,,,,,,,,,,,,,,,,,,,,,,,,,,,,,,,,,,,,,,,,,,,,,,,,,,,,,,,,,,,,,,,,,,,,,,,,,,,,,,,,,,,,,,,,,,,,,,,,,,,,,,,,,,,,,,,,,,,,,,,,,,,,,,,,,
kr,15,15,20,7021,3410.7356096815206,-6781.471219363041,-6644.338000622696,2026-07-23T11:52:25+00:00,0.205,3382.6143,-0.30235913,1.1871269,2.1455649,0.13610489,1.5650715,1.4751536,1.2635126,0.84069127,0.67581353,0.29710446,2.1225069e-05,0.44582148,0.68016432,0.78502293,14.813478,-0.30235913,-0.30235913,-0.30235913,-0.30235913,-0.30235913,-0.30235913,-0.30235913,-0.30235913,-0.30235913,-0.30235913,-0.30235913,-0.30235913,-0.30235913,-0.30235913,-0.30235913,1.1871269,1.1871269,1.1871269,1.1871269,1.1871269,2.1455649,2.1455649,2.1455649,2.1455649,2.1455649,2.1455649,2.1455649,2.1455649,2.1455649,2.1455649,2.1455649,2.1455649,2.1455649,2.1455649,2.1455649,2.1455649,2.1455649,2.1455649,2.1455649,2.1455649,1.5650715,1.4751536,1.2635126,0.84069127,0.67581353,0.29710446,2.1225069e-05,0.44582148,0.68016432,0.78502293,1.0950558,1.4022065,1.5407262,1.6306517,1.7279943,1.5650715,1.4751536,1.2635126,0.84069127,0.67581353,0.86101589,0.85081517,0.82487782,0.76506935,0.73900012,0.67397328,0.61881489,0.7003022,0.73970665,0.7564318,0.80230605,0.84218109,0.85830212,0.86814922,0.87826479,0.34288904,0.32651746,0.28932061,0.2216058,0.19787941,0.31555091,0.33170221,0.37092775,0.45303917,0.48582153,0.561119,0.6188068,0.53166201,0.48495426,0.46408308,0.40316287,0.34504087,0.31989087,0.3039873,0.28718133,0.024438525,0.027133219,0.034464629,0.053975378,0.063625354,12.75464,12.603532,12.219309,11.333338,10.947162,9.9838882,9.1668006,10.373911,10.957628,11.205386,11.884943,12.475631,12.714439,12.860309,13.010156,5.0793792,4.8368591,4.2858444,3.2827525,2.9312823,4.6744063,4.9136633,5.49473,6.7110857,7.1967064,8.3121238,9.1666808,7.8757633,7.1838591,6.8746843,5.9722442,5.1112552,4.7386963,4.5031092,4.2541543,0.36201955,0.40193734,0.51054101,0.79956306,0.94251277,1.3314249,1.3712242,1.4628302,1.6317317,1.6903277,1.8041658,1.8692907,1.7632465,1.6888451,1.6520519,1.5328344,1.4031716,1.3422403,1.3021681,1.2584888,1.8269416,1.8048657,1.7452396,1.5985229,1.533376,1.7886848,1.8121232,1.8591886,1.9159074,1.9236402,1.9099825,1.8692984,1.9205518,1.9235426,1.9194425,1.887977,1.8296621,1.7952244,1.7703732,1.7413904,0.59428304,0.6253251,0.70210071,0.86971624,0.9394387,1.0950558,1.1871269,1.1871269,2.1455649,2.1455649,0.29710446,2.1225069e-05,0.1495013,0.11759088,0.090827092,0.1175867,2.2146342,1.7419299,1.3454651,1.7418679,1.3724225,1.2397963,1.106011,1.2397772,1.4022065,1.5407262,1.1871269,1.1871269,1.1871269,1.1871269,2.1455649,2.1455649,2.1455649,2.1455649,0.44582148,0.68016432,0.78502293,1.0950558,0.16746879,0.1984851,0.21341863,0.26121668,0.079264289,0.063354521,0.057094857,0.041400985,2.4807952,2.9402546,3.1614721,3.8695275,1.1741798,0.93850079,0.8457734,0.61329256,1.4371289,1.535141,1.5769448,1.6907816,1.039764,0.93757267,0.89301964,0.76674745,1.6306517,1.7279943,1.1871269,1.1871269,1.1871269,1.1871269,2.1455649,2.1455649,2.1455649,2.1455649,1.4022065,1.5407262,1.6306517,1.7279943,0.31347522,0.3384256,0.3550205,0.3732985,0.02949753,0.025144945,0.022618032,0.020127435,4.6436582,5.0132602,5.2590882,5.5298491,0.43696101,0.37248408,0.33505172,0.29815731,1.7854933,1.8211657,1.8417394,1.8616027,0.65120791,0.60259272,0.57225301,0.54051473,,,,,,,,,,,,,,,,,,,,,,,,,,,,,,,,,,,,,,,,,,,,,,,,,,,,,,,,,,,,,,,,,,,,,,,,,,,,,,,,,,,,,,,,,,,,,,,,,,,,,,,,,,,,,,,,,,,,,,,,,,,,,,,,,,,,,,,,,,,,,,,,,,,,,,,,
nh,15,15,20,7881,5376.653830564261,-10713.30766112852,-10573.863459561448,2026-07-23T11:53:15+00:00,0.226,5356.4901,-0.1805001,0.8133379,2.3931484,0.1438608,1.8348185,1.7935832,1.5733337,1.1660164,1.0403712,0.5863107,0.22109664,0.49920405,0.78212814,1.0538794,13.836845,-0.1805001,-0.1805001,-0.1805001,-0.1805001,-0.1805001,-0.1805001,-0.1805001,-0.1805001,-0.1805001,-0.1805001,-0.1805001,-0.1805001,-0.1805001,-0.1805001,-0.1805001,0.8133379,0.8133379,0.8133379,0.8133379,0.8133379,2.3931484,2.3931484,2.3931484,2.3931484,2.3931484,2.3931484,2.3931484,2.3931484,2.3931484,2.3931484,2.3931484,2.3931484,2.3931484,2.3931484,2.3931484,2.3931484,2.3931484,2.3931484,2.3931484,2.3931484,1.8348185,1.7935832,1.5733337,1.1660164,1.0403712,0.5863107,0.22109664,0.49920405,0.78212814,1.0538794,1.2605609,1.44416,1.5304869,1.5159327,1.7327909,1.8348185,1.7935832,1.5733337,1.1660164,1.0403712,0.86387796,0.85932501,0.83326971,0.77741984,0.7582504,0.68212719,0.61449286,0.66643932,0.71619136,0.76035339,0.79125414,0.8166256,0.82786029,0.82599763,0.85242612,0.54144363,0.5332546,0.48936105,0.40891778,0.38470287,0.2305888,0.23690569,0.27220201,0.34365507,0.36704669,0.45515194,0.52788398,0.47245424,0.41661376,0.36450619,0.32643442,0.29405397,0.27936015,0.28181226,0.24638955,0.041748437,0.043620965,0.054798764,0.081305151,0.091180036,11.953345,11.890347,11.529824,10.757038,10.491793,9.4384881,8.5026424,9.2214176,9.9098289,10.520892,10.948461,11.299522,11.454975,11.429201,11.794888,7.4918716,7.3785613,6.771213,5.658132,5.3230739,3.1906215,3.2780273,3.7664171,4.755102,5.0787682,6.2978669,7.3042488,6.5372762,5.7646201,5.0436156,4.5168225,4.0687792,3.8654631,3.8993926,3.4092541,0.57766665,0.60357653,0.758242,1.1250068,1.261644,1.2755837,1.2933191,1.3864959,1.5473536,1.5926038,1.7321197,1.8104777,1.7538251,1.6770495,1.587859,1.5117691,1.4394593,1.4042279,1.4102156,1.3193246,1.8534955,1.8557773,1.8594744,1.8287759,1.8097713,1.566812,1.5815954,1.6556542,1.7666316,1.792937,1.8523986,1.857001,1.8570709,1.8338484,1.7903035,1.7442409,1.6947975,1.6690137,1.6734682,1.6028879,0.74400939,0.75976834,0.84657621,1.0166307,1.0707975,1.2605609,0.8133379,0.8133379,2.3931484,2.3931484,0.5863107,0.22109664,0.30146817,0.24109345,0.13425654,0.17777278,4.1713684,3.3359726,1.857687,2.4598144,1.7069955,1.591129,1.2681799,1.4221555,1.44416,1.5304869,0.8133379,0.8133379,0.8133379,0.8133379,2.3931484,2.3931484,2.3931484,2.3931484,0.49920405,0.78212814,1.0538794,1.2605609,0.28646695,0.33641258,0.38728657,0.42737646,0.1439046,0.11421713,0.090077556,0.074423183,3.9637988,4.6548887,5.3588243,5.9135419,1.9911856,1.5804047,1.2463892,1.029782,1.6817555,1.757534,1.812022,1.8401721,1.3056205,1.1831717,1.0649495,0.97629011,1.5159327,1.7327909,0.8133379,0.8133379,0.8133379,0.8133379,2.3931484,2.3931484,2.3931484,2.3931484,1.44416,1.5304869,1.5159327,1.7327909,0.46364383,0.48082048,0.47792123,0.52115697,0.062340605,0.057216058,0.058055996,0.046504605,6.4153678,6.6530384,6.612922,7.2111682,0.86259729,0.79168973,0.80331181,0.64347701,1.8549723,1.8585267,1.8580813,1.8582297,0.89934557,0.86394003,0.86987053,0.78329584,,,,,,,,,,,,,,,,,,,,,,,,,,,,,,,,,,,,,,,,,,,,,,,,,,,,,,,,,,,,,,,,,,,,,,,,,,,,,,,,,,,,,,,,,,,,,,,,,,,,,,,,,,,,,,,,,,,,,,,,,,,,,,,,,,,,,,,,,,,,,,,,,,,,,,,,
jf,16,16,21,7158,3463.68573885641,-6885.37147771282,-6740.975773994975,2026-07-23T13:10:40+00:00,0.208,3429.7878,-0.53210818,0.84518723,3.3838919,0.076996868,1.2110484,1.19061,1.1311466,0.97849002,0.79775862,0.54042482,0.29382676,0.043409784,0.4370622,0.64784215,15.814493,-0.53210818,-0.53210818,-0.53210818,-0.53210818,-0.53210818,-0.53210818,-0.53210818,-0.53210818,-0.53210818,-0.53210818,-0.53210818,-0.53210818,-0.53210818,-0.53210818,-0.53210818,-0.53210818,0.84518723,0.84518723,0.84518723,0.84518723,3.3838919,3.3838919,3.3838919,3.3838919,3.3838919,3.3838919,3.3838919,3.3838919,3.3838919,3.3838919,3.3838919,3.3838919,3.3838919,3.3838919,3.3838919,3.3838919,3.3838919,3.3838919,3.3838919,3.3838919,1.2110484,1.19061,1.1311466,0.97849002,0.79775862,0.54042482,0.29382676,0.043409784,0.4370622,0.64784215,0.75143209,0.89865347,0.94585879,0.98010899,1.0542881,1.0653205,1.2110484,1.19061,1.1311466,0.97849002,0.87236299,0.87021608,0.8638282,0.84645643,0.82406998,0.78881623,0.7514379,0.71014661,0.77356511,0.8040092,0.81801445,0.83681084,0.84256062,0.84664804,0.85525754,0.85650963,0.40529574,0.40133921,0.38988686,0.36094192,0.47073754,0.47480489,0.48665183,0.5170947,0.55299381,0.6032991,0.64995345,0.69511552,0.62307887,0.58245856,0.56213803,0.53298734,0.52359515,0.51677205,0.5019804,0.49977976,0.073430117,0.074864094,0.079157615,0.091031119,13.795978,13.762026,13.661005,13.386279,13.032249,12.474729,11.883609,11.230609,12.23354,12.714998,12.936484,13.233739,13.324669,13.38931,13.525464,13.545266,6.4095467,6.3469761,6.1658631,5.7081135,7.4444756,7.5087987,7.6961521,8.1775905,8.7453168,9.5408695,10.278684,10.9929,9.8536764,9.2112869,8.889928,8.4289246,8.2803918,8.172488,7.9385655,7.9037635,1.1612601,1.1839377,1.2518376,1.439611,1.3269806,1.3364467,1.3639075,1.4336586,1.5141875,1.623102,1.7186666,1.8042256,1.6643618,1.5786141,1.5343576,1.4695587,1.4483879,1.432926,1.3991816,1.394136,1.9523792,1.9492783,1.9395551,1.9099257,1.9849638,1.985846,1.9876633,1.9872096,1.9771724,1.9454746,1.8968442,1.8307279,1.9271894,1.9611461,1.9729575,1.9840399,1.9861568,1.987253,1.9883564,1.9883718,1.0372987,1.0465674,1.0736597,1.1439238,0.75143209,0.84518723,0.84518723,3.3838919,3.3838919,0.79775862,0.54042482,0.32768742,0.28265416,0.10673754,0.1323396,5.1822104,4.4700323,1.688,2.0928837,1.8665651,1.7906868,1.2279361,1.3475579,0.89865347,0.94585879,0.84518723,0.84518723,0.84518723,0.84518723,3.3838919,3.3838919,3.3838919,3.3838919,0.29382676,0.043409784,0.4370622,0.64784215,0.24250297,0.20511688,0.26544233,0.30109069,0.16057422,0.19300056,0.14372816,0.12118,3.8350616,3.2438194,4.1978359,4.7615966,2.5394,3.052206,2.272988,1.9164002,1.7044201,1.6057576,1.7560047,1.8242599,1.4600129,1.5694357,1.395097,1.2977561,0.98010899,1.0542881,0.84518723,0.84518723,0.84518723,0.84518723,3.3838919,3.3838919,3.3838919,3.3838919,0.75143209,0.89865347,0.94585879,0.98010899,0.31936644,0.34610397,0.35485044,0.36124508,0.11106132,0.097743973,0.093732304,0.090898621,5.0506183,5.4734589,5.6117799,5.7129078,1.7563785,1.5457714,1.4823289,1.4375156,1.8540821,1.8918438,1.9027447,1.9102743,1.249525,1.1809664,1.1590456,1.1431743,1.0653205,,0.84518723,0.84518723,,,3.3838919,3.3838919,,,1.0542881,1.0653205,,,0.37522609,0.37732003,,,0.084980166,0.084125191,,,5.9340104,5.967125,,,1.3439183,1.3303973,,,1.9254648,1.9275916,,,1.1089237,1.1038466,,,,,,,,,,,,,,,,,,,,,,,,,,,,,,,,,,,,,,,,,,,,,,,,,,,,,,,,,,,,,,,,,,,,,,,,,,,,,,,,,,,,,,,,,,,,,,,,,,,,,,,,,,,,,,,,,,,,
kr,16,16,21,7023,3406.8931899221047,-6771.7863798442095,-6627.79051896487,2026-07-23T13:11:23+00:00,0.206,3376.5424,-0.29337789,1.1899658,2.149517,0.1364985,1.5627837,1.5366939,1.2968821,0.83874545,0.67374823,0.38495291,0.21292594,0.0024632976,0.44502031,0.72616158,14.926993,-0.29337789,-0.29337789,-0.29337789,-0.29337789,-0.29337789,-0.29337789,-0.29337789,-0.29337789,-0.29337789,-0.29337789,-0.29337789,-0.29337789,-0.29337789,-0.29337789,-0.29337789,-0.29337789,1.1899658,1.1899658,1.1899658,1.1899658,2.149517,2.149517,2.149517,2.149517,2.149517,2.149517,2.149517,2.149517,2.149517,2.149517,2.149517,2.149517,2.149517,2.149517,2.149517,2.149517,2.149517,2.149517,2.149517,2.149517,1.5627837,1.5366939,1.2968821,0.83874545,0.67374823,0.38495291,0.21292594,0.0024632976,0.44502031,0.72616158,1.0143821,1.1937825,1.4173141,1.6218007,1.6283066,1.7255692,1.5627837,1.5366939,1.2968821,0.83874545,0.85876109,0.8558197,0.82685733,0.76199996,0.73573514,0.68646478,0.65536313,0.61585391,0.6970337,0.74423548,0.78830937,0.8133393,0.84183664,0.86526377,0.86596783,0.87619265,0.34142617,0.33665162,0.29407297,0.22047408,0.31276997,0.31740451,0.36127113,0.44986801,0.48265299,0.54018565,0.57413633,0.61491259,0.52824849,0.47221507,0.41534639,0.38074934,0.33896877,0.30239574,0.30126163,0.28454009,0.024341489,0.02509666,0.033001235,0.053771167,12.818721,12.774815,12.342494,11.374368,10.982313,10.246855,9.782601,9.1928471,10.404617,11.109198,11.767089,12.14071,12.56609,12.915786,12.926296,13.078922,5.0964661,5.0251965,4.3896252,3.291015,4.6687153,4.7378949,5.3926917,6.7151766,7.2045578,8.0633474,8.570129,9.1787961,7.8851615,7.0487511,6.1998727,5.6834427,5.0597845,4.5138591,4.4969302,4.2473279,0.36334524,0.37461768,0.49260921,0.80264184,1.345549,1.3571576,1.4618523,1.6453267,1.703596,1.7924146,1.8361495,1.879201,1.7754572,1.6856271,1.5782846,1.5053881,1.4097854,1.3191756,1.3162597,1.2725041,1.8320478,1.8257754,1.7603281,1.6016965,1.7912234,1.7983508,1.8559278,1.9220389,1.9306104,1.9255241,1.9104205,1.8800635,1.9286879,1.9287884,1.903885,1.8760266,1.8288454,1.7745105,1.7726189,1.7432134,0.59539976,0.60433106,0.69018294,0.87148313,1.0143821,1.1899658,1.1899658,2.149517,2.149517,0.67374823,0.38495291,0.19680423,0.15926352,0.063400409,0.083417971,2.9376953,2.3773254,0.94637747,1.2451795,1.5360809,1.4137554,0.94147584,1.0683207,1.1937825,1.4173141,1.1899658,1.1899658,1.1899658,1.1899658,2.149517,2.149517,2.149517,2.149517,0.21292594,0.0024632976,0.44502031,0.72616158,0.13929264,0.11727214,0.16665815,0.20415111,0.097413899,0.11678804,0.07890493,0.060206,2.0792203,1.7505205,2.487705,3.0473623,1.4540966,1.7432942,1.1778133,0.89869455,1.3377594,1.2430741,1.4398294,1.5573182,1.145621,1.2408458,1.0415748,0.91901455,1.6218007,1.6283066,1.1899658,1.1899658,1.1899658,1.1899658,2.149517,2.149517,2.149517,2.149517,1.0143821,1.1937825,1.4173141,1.6218007,0.24737458,0.27656562,0.31514854,0.35231963,0.044833506,0.036980297,0.028807039,0.022703406,3.6925586,4.1282931,4.70422,5.2590727,0.66922943,0.55200464,0.43000247,0.33889359,1.6670673,1.7281635,1.7949072,1.8455888,0.79951581,0.72910311,0.64623167,0.57549939,1.7255692,,1.1899658,1.1899658,,,2.149517,2.149517,,,1.6283066,1.7255692,,,0.35352813,0.37176541,,,0.022528652,0.020048395,,,5.277112,5.5493397,,,0.33628504,0.29926226,,,1.8470258,1.8671602,,,0.57333148,0.54153719,,,,,,,,,,,,,,,,,,,,,,,,,,,,,,,,,,,,,,,,,,,,,,,,,,,,,,,,,,,,,,,,,,,,,,,,,,,,,,,,,,,,,,,,,,,,,,,,,,,,,,,,,,,,,,,,,,,,
nh,16,16,21,7879,5373.696125852,-10705.392251704,-10558.981170007839,2026-07-23T13:12:17+00:00,0.226,5353.286,-0.1838445,0.8098454,2.3923074,0.14368497,1.8336109,1.7928824,1.6252281,1.3266634,1.0402159,0.70447931,0.5048383,0.22104252,0.62183612,0.95684873,13.800098,-0.1838445,-0.1838445,-0.1838445,-0.1838445,-0.1838445,-0.1838445,-0.1838445,-0.1838445,-0.1838445,-0.1838445,-0.1838445,-0.1838445,-0.1838445,-0.1838445,-0.1838445,-0.1838445,0.8098454,0.8098454,0.8098454,0.8098454,2.3923074,2.3923074,2.3923074,2.3923074,2.3923074,2.3923074,2.3923074,2.3923074,2.3923074,2.3923074,2.3923074,2.3923074,2.3923074,2.3923074,2.3923074,2.3923074,2.3923074,2.3923074,2.3923074,2.3923074,1.8336109,1.7928824,1.6252281,1.3266634,1.0402159,0.70447931,0.5048383,0.22104252,0.62183612,0.95684873,1.2067275,1.2611467,1.4622938,1.5643278,1.5159077,1.733304,1.8336109,1.7928824,1.6252281,1.3266634,0.86447548,0.85999252,0.84048631,0.80155154,0.7592688,0.7040498,0.66867727,0.61576078,0.68961613,0.74610054,0.78442001,0.79229718,0.81990193,0.83298,0.82685205,0.85325505,0.54258967,0.53450361,0.50110454,0.44175794,0.23179112,0.23804767,0.26474996,0.31579603,0.36833611,0.43313621,0.4726641,0.52922555,0.44944109,0.38415742,0.33741835,0.32753543,0.29208549,0.27481342,0.2829469,0.24736424,0.042115194,0.043977364,0.052352502,0.070351644,11.929846,11.867981,11.598793,11.06149,10.477984,9.7159562,9.2278118,8.497559,9.5167701,10.29626,10.825073,10.933779,11.314727,11.495206,11.410639,11.775003,7.4877904,7.3762021,6.9152917,6.0963028,3.1987402,3.2850811,3.6535753,4.3580161,5.0830743,5.977322,6.5228108,7.3033644,6.202331,5.30141,4.6564062,4.520021,4.0308084,3.7924521,3.9046949,3.4136508,0.5811938,0.60689192,0.72246965,0.97085957,1.2715293,1.289033,1.3602082,1.481599,1.5881995,1.695712,1.7485376,1.8069575,1.7186774,1.6168534,1.5276351,1.506976,1.4275015,1.3856151,1.4056062,1.3145046,1.8506736,1.8529963,1.8574196,1.8447798,1.5675779,1.582111,1.638991,1.7267808,1.791869,1.840741,1.8546461,1.8542485,1.8479038,1.8068852,1.7564878,1.7434317,1.689221,1.6583834,1.6732823,1.6028835,0.74613451,0.76171019,0.82743372,0.95003053,1.2067275,0.8098454,0.8098454,2.3923074,2.3923074,1.0402159,0.70447931,0.38600855,0.32361786,0.091766824,0.12260046,5.3269557,4.4659581,1.2663911,1.6918983,1.8085091,1.7380145,1.0724637,1.2183886,1.2611467,1.4622938,0.8098454,0.8098454,0.8098454,0.8098454,2.3923074,2.3923074,2.3923074,2.3923074,0.5048383,0.22104252,0.62183612,0.95684873,0.28861812,0.24217474,0.30891529,0.37016324,0.1440578,0.17869059,0.13119428,0.098826038,3.9829583,3.3420351,4.2630612,5.1082889,1.9880118,2.4659477,1.8104939,1.363809,1.6832719,1.5914392,1.7164313,1.7937079,1.3044628,1.4231325,1.25418,1.1086159,1.5643278,1.5159077,0.8098454,0.8098454,0.8098454,0.8098454,2.3923074,2.3923074,2.3923074,2.3923074,1.2067275,1.2611467,1.4622938,1.5643278,0.41820735,0.42886204,0.46863622,0.48895808,0.07879712,0.074874485,0.06165933,0.05569131,5.7713023,5.9183381,6.4672257,6.7476693,1.087408,1.0332752,0.85090478,0.76854553,1.8324031,1.8385286,1.8537663,1.8569712,1.0008613,0.97770612,0.89355389,0.85190623,1.733304,,0.8098454,0.8098454,,,2.3923074,2.3923074,,,1.5159077,1.733304,,,0.47930755,0.52265037,,,0.058463996,0.046820403,,,6.6144911,7.2126263,,,0.80680886,0.64612614,,,1.8558328,1.8555173,,,0.87157306,0.78477656,,,,,,,,,,,,,,,,,,,,,,,,,,,,,,,,,,,,,,,,,,,,,,,,,,,,,,,,,,,,,,,,,,,,,,,,,,,,,,,,,,,,,,,,,,,,,,,,,,,,,,,,,,,,,,,,,,,,
jf,17,17,22,7159,3471.5879560107896,-6899.175912021579,-6747.901149142863,2026-07-23T11:53:56+00:00,0.208,3435.9985,-0.53225684,0.84662584,3.378547,0.077073135,1.2127664,1.1925576,1.1331079,1.0766199,0.84281716,0.54121306,0.29439932,0.045361134,0.3577948,0.54956032,15.791822,-0.53225684,-0.53225684,-0.53225684,-0.53225684,-0.53225684,-0.53225684,-0.53225684,-0.53225684,-0.53225684,-0.53225684,-0.53225684,-0.53225684,-0.53225684,-0.53225684,-0.53225684,-0.53225684,-0.53225684,0.84662584,0.84662584,0.84662584,3.378547,3.378547,3.378547,3.378547,3.378547,3.378547,3.378547,3.378547,3.378547,3.378547,3.378547,3.378547,3.378547,3.378547,3.378547,3.378547,3.378547,3.378547,3.378547,3.378547,1.2127664,1.1925576,1.1331079,1.0766199,0.84281716,0.54121306,0.29439932,0.045361134,0.3577948,0.54956032,0.6489576,0.75259432,0.90032367,0.94744246,1.0089188,1.0667288,1.0670368,1.2127664,1.1925576,1.1331079,0.87257334,0.87045311,0.86407469,0.85781787,0.82987348,0.78897314,0.75157567,0.71053126,0.76150567,0.79017742,0.8042045,0.8182072,0.83705318,0.84278694,0.85006594,0.85670255,0.85673737,0.40507108,0.40115948,0.38971117,0.47045492,0.47447638,0.48632012,0.49758517,0.54413166,0.60320447,0.64990247,0.69482582,0.6380905,0.60159459,0.58229886,0.5619676,0.53271442,0.523339,0.51108814,0.49955815,0.4994967,0.073110624,0.074523671,0.078801436,13.779523,13.746041,13.645314,13.546507,13.105214,12.459323,11.868749,11.220583,12.025562,12.478341,12.699854,12.920982,13.218595,13.309141,13.42409,13.528894,13.529444,6.3968103,6.3350392,6.1542494,7.4293404,7.4928465,7.6798807,7.8577765,8.5928303,9.5256977,10.263144,10.972566,10.076612,9.5002747,9.1955599,8.8744923,8.4125312,8.2644763,8.071013,7.8889335,7.887963,1.15455,1.1768645,1.2444182,1.3250957,1.33445,1.3618897,1.3878297,1.4931659,1.6214968,1.7171156,1.8022231,1.6935254,1.618097,1.5768875,1.5326257,1.4676266,1.446503,1.4187066,1.3923563,1.3922154,1.9508069,1.9477367,1.9380066,1.9834744,1.9843558,1.9862025,1.9869231,1.9791916,1.944159,1.8955478,1.8299026,1.9096653,1.9454976,1.9598459,1.9716275,1.9826887,1.9847805,1.9864576,1.9869455,1.9869453,1.0344758,1.0436284,1.0706803,0.6489576,0.84662584,0.84662584,3.378547,3.378547,1.0766199,0.84281716,0.37892099,0.33533915,0.083036053,0.10239283,5.9838528,5.2956162,1.3112906,1.6169693,1.9278084,1.87611,1.0965428,1.204742,0.75259432,0.90032367,0.84662584,0.84662584,0.84662584,0.84662584,3.378547,3.378547,3.378547,3.378547,0.54121306,0.29439932,0.045361134,0.3577948,0.28230107,0.24214287,0.20498533,0.25215348,0.13194749,0.16015392,0.19233978,0.15255818,4.4580482,3.823877,3.2370918,3.9819628,2.0836913,2.5291221,3.0373956,2.4091717,1.7887248,1.7023374,1.6042243,1.7256584,1.3448991,1.4574201,1.5662642,1.4288572,0.94744246,1.0089188,0.84662584,0.84662584,0.84662584,0.84662584,3.378547,3.378547,3.378547,3.378547,0.54956032,0.6489576,0.75259432,0.90032367,0.28371326,0.30078398,0.31906011,0.34588138,0.13105754,0.12077836,0.11067939,0.097352126,4.4803494,4.7499271,5.0385404,5.4620972,2.0696374,1.9073104,1.7478292,1.5373675,1.7914282,1.8224229,1.8522805,1.8902009,1.3410428,1.2949705,1.246748,1.1780074,1.0667288,1.0670368,0.84662584,0.84662584,0.84662584,0.84662584,3.378547,3.378547,3.378547,3.378547,0.94744246,1.0089188,1.0667288,1.0670368,0.35460972,0.36611282,0.37704101,0.37709953,0.093359584,0.088334064,0.083794829,0.083771117,5.5999336,5.7815885,5.9541646,5.9550886,1.4743179,1.3949558,1.323273,1.3228986,1.9010899,1.9143863,1.9259284,1.9259874,1.1561471,1.1277117,1.1010856,1.1009441,,,,,,,,,,,,,,,,,,,,,,,,,,,,,,,,,,,,,,,,,,,,,,,,,,,,,,,,,,,,,,,,,,,,,,,,,,,,,,,,,,,,,,,,,,,,,,,,,,,,,,,,,,,,,,,,,,
kr,17,17,22,7018,3413.3749774489206,-6782.749954897841,-6631.9128166626915,2026-07-23T11:54:51+00:00,0.205,3382.5185,-0.31173284,1.1789237,2.1693232,0.1343954,1.5668252,1.5388735,1.3004165,0.94990724,0.70813577,0.38593398,0.21277723,0.00014202733,0.44558559,0.67927205,14.796411,-0.31173284,-0.31173284,-0.31173284,-0.31173284,-0.31173284,-0.31173284,-0.31173284,-0.31173284,-0.31173284,-0.31173284,-0.31173284,-0.31173284,-0.31173284,-0.31173284,-0.31173284,-0.31173284,-0.31173284,1.1789237,1.1789237,1.1789237,2.1693232,2.1693232,2.1693232,2.1693232,2.1693232,2.1693232,2.1693232,2.1693232,2.1693232,2.1693232,2.1693232,2.1693232,2.1693232,2.1693232,2.1693232,2.1693232,2.1693232,2.1693232,2.1693232,2.1693232,1.5668252,1.5388735,1.3004165,0.94990724,0.70813577,0.38593398,0.21277723,0.00014202733,0.44558559,0.67927205,0.78377666,1.0150096,1.292091,1.4734005,1.6365374,1.6334143,1.7296859,1.5668252,1.5388735,1.3004165,0.86327354,0.86018916,0.83196041,0.78426728,0.74723076,0.69311516,0.66207084,0.6224052,0.70351104,0.7425958,0.75916564,0.79367458,0.83091272,0.85278044,0.87076221,0.87043293,0.88031757,0.34623288,0.34109117,0.29850144,0.31857768,0.32358259,0.36750247,0.4351723,0.4831158,0.54726957,0.5813484,0.62235123,0.53543522,0.48886968,0.46805679,0.42239432,0.36907182,0.33543021,0.30624026,0.30678843,0.290094,0.024861671,0.025685926,0.033689922,12.77335,12.727713,12.310028,11.604341,11.056334,10.255617,9.7962725,9.2093634,10.409439,10.987753,11.232927,11.743536,12.294526,12.61809,12.884156,12.879284,13.025541,5.1230041,5.0469253,4.4167501,4.7138065,4.7878612,5.4377177,6.4389884,7.1483802,8.0976257,8.6018701,9.2085648,7.9225198,7.233517,6.9255609,6.2499201,5.4609386,4.9631634,4.5312569,4.5393678,4.2923501,0.36786352,0.38005953,0.49848994,1.3215351,1.3339686,1.4382532,1.582225,1.671736,1.7740613,1.8194631,1.8647809,1.7567822,1.6817532,1.644772,1.5565956,1.4418211,1.3629489,1.2903952,1.2917937,1.2485705,1.8300961,1.8235854,1.7602113,1.7922313,1.799609,1.8545466,1.9070708,1.9222083,1.914691,1.8976793,1.8648333,1.9184691,1.9228286,1.9193762,1.8999972,1.856195,1.8161411,1.773021,1.7739059,1.7456131,0.59893056,0.60852062,0.69404312,0.78377666,1.1789237,1.1789237,2.1693232,2.1693232,0.94990724,0.70813577,0.24072571,0.20472673,0.049076223,0.062638966,3.5618766,3.0292209,0.72615198,0.92683192,1.6445186,1.5521142,0.83097243,0.93208161,1.0150096,1.292091,1.1789237,1.1789237,1.1789237,1.1789237,2.1693232,2.1693232,2.1693232,2.1693232,0.38593398,0.21277723,0.00014202733,0.44558559,0.16207718,0.14173989,0.11922842,0.16950305,0.085048737,0.099341587,0.11920014,0.080499964,2.3981607,2.0972417,1.7641528,2.5080369,1.2584161,1.469899,1.7637344,1.1911106,1.417559,1.3416329,1.2465214,1.4432314,1.0730281,1.1505985,1.2463936,1.0465306,1.4734005,1.6365374,1.1789237,1.1789237,1.1789237,1.1789237,2.1693232,2.1693232,2.1693232,2.1693232,0.67927205,0.78377666,1.0150096,1.292091,0.20065395,0.21563059,0.25097687,0.29705895,0.06443668,0.05811316,0.045856648,0.034002841,2.9689584,3.1905589,3.7135569,4.3954064,0.95343162,0.85986623,0.67851382,0.50312003,1.5405276,1.5819535,1.667795,1.7577575,0.94445522,0.8999426,0.80461137,0.69714598,1.6334143,1.7296859,1.1789237,1.1789237,1.1789237,1.1789237,2.1693232,2.1693232,2.1693232,2.1693232,1.4734005,1.6365374,1.6334143,1.7296859,0.32916377,0.35917869,0.35859512,0.37672987,0.02770649,0.022902145,0.022987059,0.020488302,4.8704425,5.3145556,5.3059209,5.5742501,0.40995663,0.33886955,0.34012598,0.30315335,1.8075589,1.8454486,1.8447882,1.8639377,0.63134631,0.57542047,0.57646118,0.54492408,,,,,,,,,,,,,,,,,,,,,,,,,,,,,,,,,,,,,,,,,,,,,,,,,,,,,,,,,,,,,,,,,,,,,,,,,,,,,,,,,,,,,,,,,,,,,,,,,,,,,,,,,,,,,,,,,,
nh,17,17,22,7878,5396.486034074599,-10748.972068149198,-10595.59182259152,2026-07-23T11:55:42+00:00,0.226,5374.4324,-0.17844618,0.81224625,2.4115372,0.14384573,1.8285164,1.825108,1.6576835,1.5171441,1.0978721,0.70157737,0.50277433,0.22036281,0.49691572,0.77880754,13.965687,-0.17844618,-0.17844618,-0.17844618,-0.17844618,-0.17844618,-0.17844618,-0.17844618,-0.17844618,-0.17844618,-0.17844618,-0.17844618,-0.17844618,-0.17844618,-0.17844618,-0.17844618,-0.17844618,-0.17844618,0.81224625,0.81224625,0.81224625,2.4115372,2.4115372,2.4115372,2.4115372,2.4115372,2.4115372,2.4115372,2.4115372,2.4115372,2.4115372,2.4115372,2.4115372,2.4115372,2.4115372,2.4115372,2.4115372,2.4115372,2.4115372,2.4115372,2.4115372,1.8285164,1.825108,1.6576835,1.5171441,1.0978721,0.70157737,0.50277433,0.22036281,0.49691572,0.77880754,0.95314937,1.2019169,1.3397012,1.500821,1.5943637,1.4300452,1.7271274,1.8285164,1.825108,1.6576835,0.86273819,0.8623636,0.84310179,0.82562541,0.76650408,0.70167873,0.66634156,0.61356681,0.66527539,0.71493157,0.74377284,0.7821293,0.80186364,0.82351831,0.83537559,0.81419691,0.85129645,0.5406264,0.53995,0.50662034,0.23092256,0.23144151,0.25771837,0.28091488,0.35550876,0.43158413,0.47092654,0.52721257,0.47209218,0.41646018,0.38280254,0.33632558,0.31157023,0.28367308,0.26804525,0.29578012,0.24663488,0.042128351,0.042281738,0.050389574,12.048731,12.0435,11.774495,11.530426,10.704756,9.7994254,9.3059175,8.5688818,9.2910277,9.9845104,10.387298,10.922973,11.198576,11.500999,11.666594,11.370819,11.88894,7.5502189,7.5407726,7.075301,3.2249921,3.2322397,3.599214,3.9231692,4.964924,6.0273688,6.5768125,7.3628856,6.5930915,5.8161525,5.3461004,4.6970176,4.3512922,3.9616894,3.743436,4.1307725,3.4444255,0.58835136,0.59049351,0.70372501,1.2860135,1.2874875,1.3591899,1.417961,1.580986,1.7097886,1.7621004,1.8196979,1.763501,1.6870888,1.6314129,1.5426587,1.4895789,1.4246809,1.3858593,1.4535244,1.3296344,1.8623564,1.8625607,1.8683708,1.5748869,1.5761235,1.6345123,1.6796108,1.7888125,1.8509598,1.8653731,1.8657652,1.8656218,1.8422694,1.81648,1.765585,1.7307684,1.6845963,1.6553023,1.7055709,1.6108724,0.75070972,0.7520149,0.81747453,0.95314937,0.81224625,0.81224625,2.4115372,2.4115372,1.5171441,1.0978721,0.47859736,0.39615575,0.058112432,0.086728043,6.6839408,5.5325871,0.81158002,1.2112167,1.866822,1.8277913,0.87430952,1.0517463,1.2019169,1.3397012,0.81224625,0.81224625,0.81224625,0.81224625,2.4115372,2.4115372,2.4115372,2.4115372,0.70157737,0.50277433,0.22036281,0.49691572,0.32223518,0.2874468,0.24131936,0.28644908,0.12240766,0.1437474,0.17815278,0.1444122,4.5002356,4.014392,3.3701906,4.0004581,1.7095071,2.0075312,2.4880258,2.0168155,1.7464539,1.6912918,1.5990304,1.6895356,1.2248471,1.3110888,1.429957,1.3136068,1.500821,1.5943637,0.81224625,0.81224625,0.81224625,0.81224625,2.4115372,2.4115372,2.4115372,2.4115372,0.77880754,0.95314937,1.2019169,1.3397012,0.3362051,0.36855928,0.41633135,0.44338374,0.11474958,0.098730173,0.078797773,0.069157266,4.695335,5.1471834,5.8143532,6.1921584,1.6025566,1.3788347,1.100465,0.96582872,1.765429,1.8028148,1.8421877,1.8565172,1.1910768,1.1147655,1.0068519,0.94817437,1.4300452,1.7271274,0.81224625,0.81224625,0.81224625,0.81224625,2.4115372,2.4115372,2.4115372,2.4115372,1.500821,1.5943637,1.4300452,1.7271274,0.47534681,0.49399041,0.46127439,0.52046372,0.059066679,0.053761381,0.063347086,0.046887713,6.6385446,6.8989153,6.4420137,7.2686332,0.82490673,0.75081461,0.88468556,0.65481911,1.8662619,1.8683997,1.8629218,1.866969,0.88101205,0.84288183,0.91029847,0.79001021,,,,,,,,,,,,,,,,,,,,,,,,,,,,,,,,,,,,,,,,,,,,,,,,,,,,,,,,,,,,,,,,,,,,,,,,,,,,,,,,,,,,,,,,,,,,,,,,,,,,,,,,,,,,,,,,,,
jf,19,19,24,7149,3509.6702923451503,-6971.340584690301,-6806.347118311896,2026-07-23T11:56:25+00:00,0.208,3472.6665,-0.52438454,0.85696584,3.3647413,0.079828945,1.3008235,1.185581,1.1764286,1.0874025,0.90318271,0.79938716,0.54150617,0.29461844,0.043259552,0.35738007,15.92929,-0.52438454,-0.52438454,-0.52438454,-0.52438454,-0.52438454,-0.52438454,-0.52438454,-0.52438454,-0.52438454,-0.52438454,-0.52438454,-0.52438454,-0.52438454,-0.52438454,-0.52438454,-0.52438454,-0.52438454,-0.52438454,-0.52438454,0.85696584,3.3647413,3.3647413,3.3647413,3.3647413,3.3647413,3.3647413,3.3647413,3.3647413,3.3647413,3.3647413,3.3647413,3.3647413,3.3647413,3.3647413,3.3647413,3.3647413,3.3647413,3.3647413,3.3647413,3.3647413,1.3008235,1.185581,1.1764286,1.0874025,0.90318271,0.79938716,0.54150617,0.29461844,0.043259552,0.35738007,0.54964694,0.64925044,0.75318973,0.90125828,0.93803996,0.99023615,1.0098641,1.0675409,1.0673901,1.3008235,0.87996189,0.86804026,0.86705961,0.85725909,0.83546179,0.82227718,0.78673327,0.74911066,0.70747195,0.75899536,0.7879151,0.80206207,0.81620036,0.83522326,0.83974357,0.84601779,0.84833454,0.85500761,0.85499042,0.41817906,0.44985519,0.47273123,0.4745529,0.49229423,0.52901465,0.54961589,0.60010985,0.64694118,0.69243165,0.63521384,0.59853659,0.57916559,0.55874562,0.52939749,0.52207598,0.51167396,0.50775992,0.49625561,0.4962857,0.065856949,14.017168,13.827265,13.811644,13.655528,13.308313,13.098291,12.532102,11.932801,11.269526,12.090257,12.550928,12.776279,13.001492,13.304513,13.376518,13.476462,13.513367,13.619664,13.61939,6.6612954,7.1658735,7.5302727,7.5592906,7.8418974,8.4268276,8.7549907,9.5593236,10.305313,11.029944,10.118505,9.5342627,9.2256964,8.9004208,8.432926,8.3162995,8.1506027,8.0882549,7.9049994,7.9054786,1.0490544,1.2971485,1.3507932,1.355037,1.3961385,1.4797723,1.5257343,1.6348334,1.7302637,1.8156686,1.706988,1.6315215,1.5902548,1.5458556,1.4806331,1.4641288,1.440533,1.4316113,1.4052571,1.4053263,1.968675,1.9855146,1.9926057,1.9929895,1.9953387,1.9922129,1.9857262,1.9551673,1.9074543,1.8418637,1.9212211,1.95644,1.9704036,1.9817542,1.9921235,1.9936297,1.9950317,1.9953354,1.9955197,1.9955206,0.98993277,0.54964694,0.85696584,0.85696584,3.3647413,3.3647413,1.185581,1.1764286,0.39582242,0.39406044,0.073563237,0.07420365,6.3051699,6.2771028,1.1718101,1.1820114,1.9517793,1.9502679,1.0419251,1.0460888,0.64925044,0.75318973,0.85696584,0.85696584,0.85696584,0.85696584,3.3647413,3.3647413,3.3647413,3.3647413,1.0874025,0.90318271,0.79938716,0.54150617,0.37703982,0.34260113,0.32373768,0.27886628,0.080656828,0.095342195,0.10443849,0.12971932,6.0059764,5.4573926,5.1569113,4.4421417,1.284806,1.5187334,1.663631,2.0663366,1.9342916,1.8941182,1.8674648,1.7897984,1.0868199,1.1721493,1.220608,1.3410044,0.90125828,0.93803996,0.85696584,0.85696584,0.85696584,0.85696584,3.3647413,3.3647413,3.3647413,3.3647413,0.29461844,0.043259552,0.35738007,0.54964694,0.23895855,0.20176426,0.24879842,0.2802354,0.15762303,0.18981029,0.15018136,0.12886151,3.80644,3.2139613,3.9631821,4.4639508,2.5108228,3.023543,2.3922824,2.0526723,1.702016,1.6017175,1.7254416,1.7924826,1.4543244,1.5651337,1.4258352,1.3372217,0.99023615,1.0098641,0.85696584,0.85696584,0.85696584,0.85696584,3.3647413,3.3647413,3.3647413,3.3647413,0.64925044,0.75318973,0.90125828,0.93803996,0.29724505,0.31548182,0.34224761,0.34902805,0.118684,0.10868332,0.095505361,0.092422198,4.7349025,5.0254012,5.4517613,5.5597689,1.8905518,1.7312481,1.5213326,1.47222,1.8241371,1.8547179,1.8936497,1.9024336,1.2908035,1.2422119,1.1730461,1.1559213,1.0675409,1.0673901,0.85696584,0.85696584,0.85696584,0.85696584,3.3647413,3.3647413,3.3647413,3.3647413,0.99023615,1.0098641,1.0675409,1.0673901,0.3587329,0.36240647,0.37327364,0.37324509,0.088174236,0.086615055,0.082152703,0.082164141,5.7143603,5.7728776,5.9459839,5.9455291,1.4045529,1.3797163,1.3086342,1.3088164,1.9142704,1.9185279,1.9304157,1.9303859,1.1316835,1.1225917,1.0959591,1.0960286,,,,,,,,,,,,,,,,,,,,,,,,,,,,,,,,,,,,,,,,,,,,,,,,,,,,,,,,,,,,,,,,,,,,,,,,,,,,
kr,19,19,24,7018,3412.76316417035,-6777.5263283407,-6612.976722993264,2026-07-23T11:57:41+00:00,0.205,3380.9373,-0.31394182,1.1772128,2.1722835,0.13373846,1.561816,1.5599004,1.3815078,1.0792372,0.75180575,0.6753937,0.3864708,0.21347389,7.0973124e-06,0.44611523,14.754024,-0.31394182,-0.31394182,-0.31394182,-0.31394182,-0.31394182,-0.31394182,-0.31394182,-0.31394182,-0.31394182,-0.31394182,-0.31394182,-0.31394182,-0.31394182,-0.31394182,-0.31394182,-0.31394182,-0.31394182,-0.31394182,-0.31394182,1.1772128,2.1722835,2.1722835,2.1722835,2.1722835,2.1722835,2.1722835,2.1722835,2.1722835,2.1722835,2.1722835,2.1722835,2.1722835,2.1722835,2.1722835,2.1722835,2.1722835,2.1722835,2.1722835,2.1722835,2.1722835,1.561816,1.5599004,1.3815078,1.0792372,0.75180575,0.6753937,0.3864708,0.21347389,7.0973124e-06,0.44611523,0.6798921,0.78463322,1.0161525,1.1969667,1.4027303,1.475086,1.638706,1.6356065,1.7316319,1.561816,0.86320878,0.86299883,0.84247831,0.8033257,0.75485407,0.74268285,0.69398476,0.66300517,0.62321874,0.704366,0.74340798,0.75998628,0.79446669,0.81922753,0.84502024,0.85348201,0.87145477,0.87112919,0.88095171,0.34594011,0.32026204,0.32060475,0.35315662,0.41072642,0.47529692,0.49052401,0.54803821,0.58207507,0.62321604,0.5362077,0.48962698,0.46876496,0.42303532,0.3879977,0.34922141,0.33592835,0.30663503,0.30717938,0.2905173,0.025107923,12.735803,12.732706,12.429945,11.852287,11.137135,10.957561,10.239068,9.7819942,9.1949842,10.392233,10.968259,11.212856,11.721581,12.086903,12.467449,12.592294,12.857465,12.852661,12.997583,5.1040087,4.7251538,4.7302102,5.2104814,6.0598675,7.0125423,7.237203,8.085769,8.5879496,9.1949445,7.9112213,7.2239683,6.9161696,6.2414733,5.7245275,5.1524212,4.956295,4.5241006,4.5321319,4.2862993,0.3704429,1.3199038,1.3207557,1.3992805,1.5267745,1.6523387,1.679157,1.770116,1.8156215,1.8613161,1.752797,1.6776078,1.6404997,1.5521518,1.4781675,1.3900368,1.3583069,1.2855994,1.286986,1.2439212,1.827109,1.7921681,1.7926746,1.8358555,1.8896878,1.9182029,1.9202034,1.9116638,1.8944968,1.8613188,1.9155061,1.920135,1.9167972,1.897659,1.8717436,1.8311432,1.8142037,1.7711163,1.7719917,1.7438621,0.60095079,0.6798921,1.1772128,1.1772128,2.1722835,2.1722835,1.5599004,1.3815078,0.34558693,0.31332094,0.025164156,0.030883358,5.0987979,4.6227448,0.37127257,0.45565381,1.8266691,1.7816683,0.60160603,0.66451614,0.78463322,1.0161525,1.1772128,1.1772128,1.1772128,1.1772128,2.1722835,2.1722835,2.1722835,2.1722835,1.0792372,0.75180575,0.6753937,0.3864708,0.26186894,0.21147614,0.20058994,0.16256332,0.043004998,0.060197757,0.064897649,0.085273525,3.8636207,3.120124,2.9595087,2.3984632,0.63449677,0.88815915,0.95750148,1.2581276,1.6887446,1.5685319,1.5381356,1.4172371,0.77923696,0.91361587,0.94623564,1.0727734,1.1969667,1.4027303,1.1772128,1.1772128,1.1772128,1.1772128,2.1722835,2.1722835,2.1722835,2.1722835,0.21347389,7.0973124e-06,0.44611523,0.6798921,0.1422026,0.11955601,0.17000256,0.20122134,0.099579779,0.11955459,0.080716186,0.064613298,2.0980605,1.7639322,2.5082219,2.9688244,1.4692025,1.7639113,1.1908885,0.95330616,1.341533,1.2462117,1.4428506,1.539946,1.1501737,1.2462053,1.04631,0.94430392,1.475086,1.638706,1.1772128,1.1772128,1.1772128,1.1772128,2.1722835,2.1722835,2.1722835,2.1722835,0.78463322,1.0161525,1.1969667,1.4027303,0.21625723,0.2517042,0.28138589,0.31709148,0.058262322,0.045966415,0.03789151,0.030151075,3.1906644,3.7136498,4.1515742,4.6783754,0.8596037,0.6781896,0.55905225,0.44484968,1.5813476,1.6670059,1.7272463,1.787429,0.89973396,0.80437283,0.73339547,0.65683863,1.6356065,1.7316319,1.1772128,1.1772128,1.1772128,1.1772128,2.1722835,2.1722835,2.1722835,2.1722835,1.475086,1.638706,1.6356065,1.7316319,0.33008815,0.36022415,0.35964439,0.37774949,0.027761831,0.022936187,0.023020567,0.020524799,4.8701286,5.3147557,5.306202,5.573325,0.40959872,0.33840105,0.339646,0.30282339,1.8062549,1.8439773,1.8433275,1.8622579,0.6310527,0.57501254,0.57604441,0.54461729,,,,,,,,,,,,,,,,,,,,,,,,,,,,,,,,,,,,,,,,,,,,,,,,,,,,,,,,,,,,,,,,,,,,,,,,,,,,
nh,19,19,24,7878,5393.00835721988,-10738.01671443976,-10570.69281019502,2026-07-23T11:58:29+00:00,0.226,5370.6471,-0.18238608,0.80995455,2.4139161,0.14297899,1.8316561,1.8291251,1.6616508,1.5201072,1.1633648,1.0377183,0.70267488,0.50342922,0.22040175,0.49742423,13.900562,-0.18238608,-0.18238608,-0.18238608,-0.18238608,-0.18238608,-0.18238608,-0.18238608,-0.18238608,-0.18238608,-0.18238608,-0.18238608,-0.18238608,-0.18238608,-0.18238608,-0.18238608,-0.18238608,-0.18238608,-0.18238608,-0.18238608,0.80995455,2.4139161,2.4139161,2.4139161,2.4139161,2.4139161,2.4139161,2.4139161,2.4139161,2.4139161,2.4139161,2.4139161,2.4139161,2.4139161,2.4139161,2.4139161,2.4139161,2.4139161,2.4139161,2.4139161,2.4139161,1.8316561,1.8291251,1.6616508,1.5201072,1.1633648,1.0377183,0.70267488,0.50342922,0.22040175,0.49742423,0.77999283,0.95479458,1.2042004,1.2587567,1.4415942,1.5038241,1.5984253,1.4333717,1.7306285,1.8316561,0.8639445,0.86366807,0.84452042,0.8270162,0.77758678,0.758425,0.70323358,0.66789234,0.61508106,0.66680151,0.71646856,0.74530357,0.78362258,0.79153659,0.81678565,0.82492493,0.83685121,0.81569283,0.85261165,0.54215864,0.23164445,0.23203043,0.25835042,0.28174431,0.34483744,0.36825709,0.43291745,0.47236406,0.52877274,0.47355913,0.41776662,0.38399266,0.33734716,0.32744032,0.29514667,0.28449963,0.26867456,0.29656707,0.24732612,0.042193264,12.009314,12.005472,11.739308,11.49599,10.808893,10.542534,9.775342,9.2840789,8.5499724,9.2689158,9.9593157,10.360139,10.892794,11.002804,11.35378,11.46692,11.632702,11.338589,11.851781,7.5363098,3.2199881,3.2253534,3.5912161,3.9164043,4.7934343,5.1189805,6.0177959,6.5661259,7.3502383,6.582738,5.8071908,5.3377137,4.6893152,4.5516044,4.1027045,3.9547047,3.7347274,4.122449,3.4379721,0.58651009,1.278254,1.2793471,1.3510081,1.4101844,1.5504969,1.5958736,1.7032302,1.7559367,1.8141241,1.7573812,1.6804104,1.6244046,1.5352377,1.5144906,1.4422813,1.4168881,1.3776289,1.4456083,1.3216711,1.8575345,1.5729258,1.5738403,1.632,1.677194,1.7721396,1.7982991,1.8473189,1.8613232,1.8610837,1.8615645,1.8387877,1.8133039,1.7627785,1.7496359,1.7005308,1.6821393,1.6526649,1.7028994,1.6086242,0.74950872,0.77999283,0.80995455,0.80995455,2.4139161,2.4139161,1.8291251,1.6616508,0.54165656,0.50832566,0.042307268,0.050421551,7.5293306,7.0660123,0.5880948,0.7008879,1.8576919,1.8639144,0.75047593,0.81581128,0.95479458,1.2042004,0.80995455,0.80995455,0.80995455,0.80995455,2.4139161,2.4139161,2.4139161,2.4139161,1.5201072,1.1633648,1.0377183,0.70267488,0.48010065,0.40971733,0.38548917,0.32325457,0.05820661,0.082016183,0.091954724,0.12276159,6.6736689,5.6953012,5.3585161,4.4934202,0.80910459,1.140071,1.2782223,1.7064551,1.8626959,1.8335315,1.8146256,1.7438181,0.87293147,1.0230185,1.0773503,1.2235064,1.2587567,1.4415942,0.80995455,0.80995455,0.80995455,0.80995455,2.4139161,2.4139161,2.4139161,2.4139161,0.50342922,0.22040175,0.49742423,0.77999283,0.28834027,0.24204057,0.28731614,0.33725802,0.14419295,0.17874577,0.14487581,0.11507919,4.0080919,3.3645,3.9938558,4.688076,2.0043631,2.4846667,2.0138551,1.5996654,1.6889042,1.5969203,1.6871149,1.7626641,1.309713,1.4284758,1.3122867,1.1897803,1.5038241,1.5984253,0.80995455,0.80995455,0.80995455,0.80995455,2.4139161,2.4139161,2.4139161,2.4139161,0.95479458,1.2042004,1.2587567,1.4415942,0.36973425,0.41767134,0.42835012,0.46447838,0.09898584,0.078966924,0.075028111,0.062915394,5.1395139,5.8058663,5.9543074,6.4565106,1.3759588,1.0976846,1.0429329,0.87455933,1.7997943,1.8387285,1.8449334,1.8594626,1.1134444,1.0054869,0.98218309,0.90528232,1.4333717,1.7306285,0.80995455,0.80995455,0.80995455,0.80995455,2.4139161,2.4139161,2.4139161,2.4139161,1.5038241,1.5984253,1.4333717,1.7306285,0.47685738,0.49571468,0.46284505,0.52207404,0.05915971,0.053789893,0.063425226,0.046940753,6.6285856,6.8907127,6.4338064,7.2571226,0.82235322,0.74770975,0.88164628,0.65250285,1.862175,1.8641044,1.8590188,1.8623553,0.87960391,0.84112456,0.90869559,0.7885898,,,,,,,,,,,,,,,,,,,,,,,,,,,,,,,,,,,,,,,,,,,,,,,,,,,,,,,,,,,,,,,,,,,,,,,,,,,,
jf,21,21,26,7147,3510.12509417829,-6968.25018835658,-6789.5145412088605,2026-07-23T11:59:12+00:00,0.207,3472.8924,-0.53201376,0.84960817,3.3940633,0.077466582,1.3005669,1.2114158,1.152067,1.1157614,1.076897,0.9026164,0.79895633,0.5412804,0.2937658,0.043302079,15.890987,-0.53201376,-0.53201376,-0.53201376,-0.53201376,-0.53201376,-0.53201376,-0.53201376,-0.53201376,-0.53201376,-0.53201376,-0.53201376,-0.53201376,-0.53201376,-0.53201376,-0.53201376,-0.53201376,-0.53201376,-0.53201376,-0.53201376,-0.53201376,3.3940633,3.3940633,3.3940633,3.3940633,3.3940633,3.3940633,3.3940633,3.3940633,3.3940633,3.3940633,3.3940633,3.3940633,3.3940633,3.3940633,3.3940633,3.3940633,3.3940633,3.3940633,3.3940633,3.3940633,1.3005669,1.2114158,1.152067,1.1157614,1.076897,0.9026164,0.79895633,0.5412804,0.2937658,0.043302079,0.35763326,0.54958562,0.64887215,0.75282043,0.9007333,0.93804957,0.97377699,1.0675645,1.067158,1.0672755,0.8814561,0.87238164,0.8660793,0.86212018,0.85779435,0.8372755,0.82420042,0.78891261,0.75139833,0.71009587,0.76140533,0.79011103,0.8041255,0.81817287,0.83704376,0.84159591,0.84587531,0.85674207,0.85669611,0.8567094,0.45292699,0.47062688,0.48244433,0.48968173,0.49743294,0.53216194,0.55271966,0.60309778,0.64992977,0.69510132,0.63802967,0.60149589,0.58222064,0.56182723,0.53253633,0.52511236,0.51799627,0.49929447,0.49937556,0.49935211,14.007207,13.863005,13.762854,13.69994,13.631199,13.305134,13.097358,12.5366,11.940461,11.284124,12.099482,12.555644,12.778347,13.001574,13.301451,13.373789,13.441793,13.614477,13.613746,13.613958,7.1974568,7.4787255,7.6665164,7.7815258,7.9047001,8.4565783,8.7832608,9.5838187,10.328025,11.045846,10.138921,9.5583632,9.2520603,8.927989,8.4625277,8.3445534,8.2314718,7.9342817,7.9355703,7.9351977,1.2885918,1.330103,1.3576197,1.374389,1.3922763,1.4714181,1.5174024,1.6267508,1.7229099,1.8086775,1.6990797,1.623358,1.5820722,1.5375431,1.4722617,1.455494,1.4393444,1.3965607,1.3967472,1.3966933,1.9843221,1.9897327,1.991946,1.9927506,1.9931487,1.9890473,1.9820645,1.9503433,1.9014558,1.8351741,1.9157214,1.951678,1.9660417,1.9778781,1.9889505,1.9906595,1.9918836,1.993173,1.9931735,1.9931733,0.35763326,-0.53201376,0.84960817,3.3940633,3.3940633,1.5,1.3005669,0.90008109,0.42100436,0.41371992,0.066821242,14.303177,6.6901747,6.5744176,1.0618555,1.1954739,1.9681417,1.9632754,0.99544008,0.54958562,0.64887215,0.84960817,0.84960817,0.84960817,0.84960817,3.3940633,3.3940633,3.3940633,3.3940633,1.2114158,1.152067,1.1157614,1.076897,0.40365403,0.39220575,0.38524751,0.37783961,0.07279089,0.0769859,0.079641235,0.082559897,6.4144607,6.2325363,6.1219629,6.0042442,1.1567191,1.2233819,1.2655778,1.3119582,1.9558215,1.9463041,1.9399722,1.9327708,1.0356256,1.0626376,1.0792523,1.0971067,0.75282043,0.9007333,0.84960817,0.84960817,0.84960817,0.84960817,3.3940633,3.3940633,3.3940633,3.3940633,0.9026164,0.79895633,0.5412804,0.2937658,0.34520454,0.32630835,0.28130539,0.24111349,0.09664354,0.10581675,0.13130397,0.1595058,5.4856407,5.1853616,4.4702202,3.8315312,1.5357612,1.6815325,2.0865496,2.5347045,1.89525,1.8690465,1.7924071,1.7051972,1.1778539,1.226213,1.3463199,1.4595905,0.93804957,0.97377699,0.84960817,0.84960817,0.84960817,0.84960817,3.3940633,3.3940633,3.3940633,3.3940633,0.043302079,0.35763326,0.54958562,0.64887215,0.20384739,0.25117667,0.28270809,0.29973178,0.19180632,0.15187502,0.13042148,0.12018865,3.2393361,3.9914451,4.4925104,4.7630337,3.0479916,2.4134439,2.0725259,1.9099162,1.6059284,1.7288398,1.795116,1.8263081,1.5695119,1.4306999,1.3424694,1.2962893,1.0675645,1.067158,0.84960817,0.84960817,0.84960817,0.84960817,3.3940633,3.3940633,3.3940633,3.3940633,0.75282043,0.9007333,0.93804957,0.97377699,0.31803598,0.34485763,0.35175621,0.35840715,0.11009588,0.096804799,0.093645924,0.090693495,5.0539054,5.4801279,5.5897531,5.6954432,1.7495321,1.5383238,1.4881261,1.4412091,1.8564972,1.8947992,1.9035553,1.9115846,1.2477643,1.1787309,1.1613652,1.1447711,1.0672755,1.5,0.84960817,0.84960817,0.84960817,0.84960817,3.3940633,3.3940633,3.3940633,3.3940633,1.0675645,1.067158,1.0672755,1.5,0.37606733,0.37599018,0.37601249,0.4603277,0.08327259,0.083303742,0.083294733,0.054842767,5.9760808,5.9748549,5.9752094,7.3150613,1.3232836,1.3237786,1.3236355,0.87150567,1.930977,1.9308983,1.930921,1.986891,1.1014038,1.1015911,1.1015369,0.90758465,,,,,,,,,,,,,,,,,,,,,,,,,,,,,,,,,,,,,,
kr,21,21,26,7014,3411.7567093778507,-6771.513418755701,-6593.266169557498,2026-07-23T12:00:22+00:00,0.205,3379.6396,-0.312523,1.1810537,2.1576609,0.13470361,1.5613269,1.5878593,1.4259904,1.2668932,0.95192379,0.75275505,0.67655786,0.38684996,0.21413974,4.9087725e-06,14.729092,-0.312523,-0.312523,-0.312523,-0.312523,-0.312523,-0.312523,-0.312523,-0.312523,-0.312523,-0.312523,-0.312523,-0.312523,-0.312523,-0.312523,-0.312523,-0.312523,-0.312523,-0.312523,-0.312523,-0.312523,2.1576609,2.1576609,2.1576609,2.1576609,2.1576609,2.1576609,2.1576609,2.1576609,2.1576609,2.1576609,2.1576609,2.1576609,2.1576609,2.1576609,2.1576609,2.1576609,2.1576609,2.1576609,2.1576609,2.1576609,1.5613269,1.5878593,1.4259904,1.2668932,0.95192379,0.75275505,0.67655786,0.38684996,0.21413974,4.9087725e-06,0.44644303,0.68108005,0.78589111,1.0177633,1.1981717,1.404392,1.5446752,1.6489847,1.6354778,1.731252,0.86284403,0.86573467,0.84744063,0.82791796,0.78479344,0.75455707,0.74241282,0.69355342,0.66260855,0.62267939,0.70393243,0.74314218,0.75974065,0.7942921,0.81901267,0.84488011,0.8610083,0.87223407,0.87081705,0.8806314,0.31984208,0.31511376,0.34440439,0.37413414,0.43508644,0.47454303,0.48972601,0.54740115,0.58139094,0.62267753,0.53557884,0.48882429,0.4679506,0.42216473,0.38722353,0.34838918,0.32282465,0.30433623,0.30670361,0.29009644,12.708909,12.751485,12.482031,12.194479,11.559294,11.11394,10.935067,10.215412,9.7596221,9.1715018,10.368285,10.945809,11.19029,11.699201,12.063313,12.444317,12.68187,12.847215,12.826344,12.970901,4.7109833,4.6413395,5.0727638,5.5106561,6.4084281,6.9895878,7.2132192,8.0627217,8.5633605,9.1714743,7.8885899,7.1999377,6.8924872,6.218103,5.7034509,5.1314562,4.7549138,4.4825963,4.5174656,4.272857,1.3202662,1.3084656,1.3799459,1.4486031,1.5772242,1.6516168,1.6783125,1.7693157,1.814611,1.8602679,1.7520596,1.6767578,1.6396865,1.5513279,1.4776017,1.3893743,1.3276576,1.2811856,1.2872237,1.2443144,1.7900314,1.782916,1.8236452,1.8571299,1.9026844,1.9164362,1.9185198,1.9102823,1.8933305,1.8602697,1.9140606,1.9184455,1.9149788,1.8955314,1.869476,1.8285821,1.7944109,1.7658935,1.7697295,1.7416419,0.44644303,-0.312523,1.1810537,2.1576609,2.1576609,1.5,1.5613269,0.85600084,0.34443454,0.33088273,0.02489771,12.608115,5.073208,4.873602,0.36672065,1.3474264,1.8236831,1.805827,0.59798842,0.68108005,0.78589111,1.1810537,1.1810537,1.1810537,1.1810537,2.1576609,2.1576609,2.1576609,2.1576609,1.5878593,1.4259904,1.2668932,0.95192379,0.34933217,0.31987136,0.29198085,0.24037654,0.024135018,0.029109259,0.034800366,0.048758158,5.1453456,4.7114146,4.3006127,3.5405281,0.35548689,0.42875294,0.51257778,0.71816338,1.8297297,1.7900749,1.7449688,1.6399598,0.58898829,0.64519165,0.70337748,0.82652711,1.0177633,1.1981717,1.1810537,1.1810537,1.1810537,1.1810537,2.1576609,2.1576609,2.1576609,2.1576609,0.75275505,0.67655786,0.38684996,0.21413974,0.21050328,0.1996772,0.16166725,0.14141496,0.059684065,0.064339391,0.084646558,0.09885147,3.1005221,2.9410638,2.3812117,2.0829139,0.87909207,0.94766079,1.2467669,1.4559924,1.5645613,1.53421,1.4128863,1.3372953,0.9091888,0.94164158,1.0682848,1.1454542,1.404392,1.5446752,1.1810537,1.1810537,1.1810537,1.1810537,2.1576609,2.1576609,2.1576609,2.1576609,4.9087725e-06,0.44644303,0.68108005,0.78589111,0.11879118,0.16907369,0.20031021,0.21531672,0.1187902,0.080118452,0.064055452,0.057743808,1.7496861,2.4903018,2.9503874,3.1714197,1.7496718,1.180072,0.94347862,0.85051383,1.241708,1.4384913,1.5360321,1.577517,1.2417036,1.041886,0.93970403,0.89521055,1.6489847,1.6354778,1.1810537,1.1810537,1.1810537,1.1810537,2.1576609,2.1576609,2.1576609,2.1576609,1.0177633,1.1981717,1.404392,1.5446752,0.25073708,0.28029416,0.31601993,0.341374,0.045520158,0.03752656,0.029833266,0.025386621,3.6931294,4.1284784,4.6546864,5.028129,0.67047058,0.55273214,0.4394169,0.37392186,1.6634677,1.723743,1.7842962,1.8197957,0.79996916,0.72937645,0.6529224,0.60367976,1.731252,1.5,1.1810537,1.1810537,1.1810537,1.1810537,2.1576609,2.1576609,2.1576609,2.1576609,1.6489847,1.6354778,1.731252,1.5,0.3607101,0.35818485,0.37621847,0.33321465,0.02245235,0.022815399,0.020344769,0.026738204,5.3129321,5.2757375,5.5413563,4.9079491,0.33070272,0.3360501,0.29965997,0.39382946,1.8429606,1.8401218,1.8591922,1.8090187,0.56857512,0.57304711,0.54181497,0.6191116,,,,,,,,,,,,,,,,,,,,,,,,,,,,,,,,,,,,,,
nh,21,21,26,7873,5405.333785777273,-10758.667571554546,-10577.41651551175,2026-07-23T12:01:13+00:00,0.226,5382.8755,-0.1881097,0.80779835,2.406999,0.14281387,1.7786366,1.9692659,1.7523014,1.6280559,1.5239902,1.1673555,1.0413349,0.70526334,0.50564388,0.22166383,13.80092,-0.1881097,-0.1881097,-0.1881097,-0.1881097,-0.1881097,-0.1881097,-0.1881097,-0.1881097,-0.1881097,-0.1881097,-0.1881097,-0.1881097,-0.1881097,-0.1881097,-0.1881097,-0.1881097,-0.1881097,-0.1881097,-0.1881097,-0.1881097,2.406999,2.406999,2.406999,2.406999,2.406999,2.406999,2.406999,2.406999,2.406999,2.406999,2.406999,2.406999,2.406999,2.406999,2.406999,2.406999,2.406999,2.406999,2.406999,2.406999,1.7786366,1.9692659,1.7523014,1.6280559,1.5239902,1.1673555,1.0413349,0.70526334,0.50564388,0.22166383,0.49929468,0.78246892,0.95772634,1.208425,1.2630932,1.4467236,1.5091845,1.5674,1.6648211,1.4378051,0.85935545,0.87955049,0.85639463,0.84186144,0.82897049,0.77987984,0.7607686,0.70565707,0.67036875,0.6175077,0.66921879,0.71882151,0.74760527,0.78591358,0.79379396,0.8189765,0.82708331,0.83442739,0.84625911,0.81779984,0.24158642,0.21286399,0.24571348,0.26568428,0.28302268,0.34621185,0.36973408,0.43466012,0.47420156,0.53079872,0.47546552,0.41951876,0.38561994,0.33866739,0.32872488,0.29623777,0.28553289,0.27572447,0.25969018,0.29778116,11.859895,12.138605,11.819033,11.618462,11.440555,10.763059,10.499306,9.7387164,9.2517053,8.5221741,9.2358347,9.9203979,10.31764,10.84633,10.955087,11.302629,11.41451,11.515865,11.679154,11.28639,3.3341148,2.9377187,3.3910719,3.6666874,3.9059732,4.7780419,5.1026702,5.9987094,6.5444175,7.3255104,6.5618614,5.7897446,5.3219097,4.6739214,4.5367056,4.0883536,3.9406165,3.8052513,3.5839633,4.1096539,1.2915222,1.2091688,1.3027957,1.3554803,1.3988111,1.5392096,1.5848545,1.6930807,1.746325,1.8054545,1.7478674,1.6701504,1.613728,1.5238281,1.5029987,1.430399,1.4049054,1.3808374,1.3399864,1.4340091,1.5901691,1.5206526,1.5993248,1.6408858,1.6734677,1.7674352,1.7933319,1.8415509,1.8550053,1.8539522,1.8552419,1.8332589,1.8082243,1.7581287,1.745101,1.6962396,1.6779275,1.6601357,1.6288779,1.6987867,0.49929468,-0.1881097,0.80779835,2.406999,2.406999,1.7355032,1.7786366,0.85448421,0.53248577,0.24836561,0.044837305,11.792668,7.3487932,3.4276738,0.61879603,1.3099692,1.8535548,1.6051036,0.76879834,0.78246892,0.95772634,0.80779835,0.80779835,0.80779835,0.80779835,2.406999,2.406999,2.406999,2.406999,1.9692659,1.7523014,1.6280559,1.5239902,0.57018084,0.52724743,0.50248523,0.48173353,0.036531953,0.046095756,0.052420273,0.058231587,7.8690199,7.2764993,6.9347582,6.6483657,0.50417455,0.63616383,0.72344797,0.80364944,1.839091,1.8547193,1.8574565,1.8562395,0.69696203,0.77899896,0.82796415,0.86997222,1.208425,1.2630932,0.80779835,0.80779835,0.80779835,0.80779835,2.406999,2.406999,2.406999,2.406999,1.1673555,1.0413349,0.70526334,0.50564388,0.41133173,0.38700604,0.32449466,0.2894554,0.08204055,0.09201214,0.12293688,0.14443125,5.6767562,5.3410392,4.4783247,3.9947506,1.132235,1.2698521,1.6966421,1.993284,1.8280389,1.8094266,1.7392907,1.6847696,1.0194831,1.0737832,1.2198615,1.3059064,1.4467236,1.5091845,0.80779835,0.80779835,0.80779835,0.80779835,2.406999,2.406999,2.406999,2.406999,0.22166383,0.49929468,0.78246892,0.95772634,0.2429119,0.28837063,0.33849871,0.37110234,0.1791445,0.14515411,0.11525759,0.099106145,3.3524076,3.9797799,4.6715935,5.1215535,2.4723588,2.0032602,1.5906608,1.3677559,1.5931315,1.6828928,1.757915,1.7946958,1.4245874,1.3086171,1.1863073,1.1100464,1.5674,1.6648211,0.80779835,0.80779835,0.80779835,0.80779835,2.406999,2.406999,2.406999,2.406999,1.208425,1.2630932,1.4467236,1.5091845,0.41933857,0.43004808,0.46635468,0.47878385,0.078973384,0.075026408,0.062864907,0.059097998,5.7872579,5.9350589,6.4361234,6.6076574,1.0899053,1.0354334,0.86759353,0.81560672,1.8331496,1.8392113,1.8532693,1.8558065,1.0019141,0.97864629,0.90169415,0.87601712,1.4378051,1.7355032,0.80779835,0.80779835,0.80779835,0.80779835,2.406999,2.406999,2.406999,2.406999,1.5674,1.6648211,1.4378051,1.7355032,0.49038708,0.50981786,0.46458236,0.52390357,0.055748732,0.050480869,0.0634177,0.046913188,6.7677927,7.0359552,6.4116638,7.230351,0.76938376,0.69668241,0.87522258,0.64744514,1.8571361,1.8571213,1.8528135,1.8553556,0.85234476,0.81333466,0.90538278,0.78553894,,,,,,,,,,,,,,,,,,,,,,,,,,,,,,,,,,,,,,
jf,25,22,27,7139,3522.72092344103,-6991.44184688206,-6805.861991165494,2026-07-23T12:04:14+00:00,0.207,3484.6127,-0.52763544,0.85304157,3.3931493,0.078565198,1.2996584,1.2103455,1.1388683,1.1749027,1.115081,1.0761957,0.90180065,0.79816297,0.5408471,0.29369736,15.974518,-0.52763544,-0.52763544,-0.52763544,-0.52763544,-0.52763544,-0.52763544,-0.52763544,-0.52763544,-0.52763544,-0.52763544,-0.52763544,-0.52763544,-0.52763544,-0.52763544,-0.52763544,-0.52763544,-0.52763544,-0.52763544,-0.52763544,-0.52763544,3.3931493,3.3931493,3.3931493,3.3931493,3.3931493,3.3931493,3.3931493,3.3931493,3.3931493,3.3931493,3.3931493,3.3931493,3.3931493,3.3931493,3.3931493,3.3931493,3.3931493,3.3931493,3.3931493,3.3931493,1.2996584,1.2103455,1.1388683,1.1749027,1.115081,1.0761957,0.90180065,0.79816297,0.5408471,0.29369736,0.045513345,0.35751954,0.54889313,0.64826204,0.75209742,0.89969594,0.93695415,0.98870644,0.98119993,1.0798864,0.88049495,0.8713526,0.86369451,0.86759339,0.86107813,0.85672789,0.8360953,0.82296324,0.78758187,0.74999821,0.70897477,0.7600288,0.78874724,0.80282814,0.81691855,0.83583506,0.84040226,0.84660687,0.84571695,0.85714469,0.45137278,0.46909805,0.48332959,0.47615112,0.48807139,0.49582618,0.53058287,0.5511447,0.6014924,0.64831926,0.69317801,0.63640868,0.59993887,0.5806296,0.56024355,0.53100144,0.52358701,0.51327523,0.51477164,0.49509003,14.065483,13.919438,13.797104,13.859386,13.755308,13.685815,13.35622,13.146441,12.581241,11.98086,11.32553,12.141094,12.599857,12.824793,13.04988,13.352062,13.425021,13.524137,13.509921,13.692474,7.2104626,7.4936153,7.7209573,7.6062848,7.7967053,7.9205844,8.4758057,8.8042711,9.6085513,10.356588,11.073185,10.166322,9.5837344,9.2752782,8.9496208,8.4824923,8.3640503,8.1993246,8.223229,7.9088247,1.2964938,1.3381702,1.3713573,1.3546492,1.3823578,1.4002841,1.4795767,1.525583,1.6347733,1.7306751,1.8154931,1.7069015,1.6314885,1.590185,1.5457008,1.4805204,1.4637633,1.4403158,1.4437284,1.3985859,1.9889334,1.9945864,1.9972957,1.9961322,1.997838,1.9983371,1.994665,1.9879245,1.9568037,1.9084581,1.8432299,1.9225989,1.9580806,1.9722518,1.9838481,1.9945618,1.9961819,1.9977023,1.9975345,1.9983104,0.045513345,-0.52763544,-0.52763544,3.3931493,3.3931493,1.0007728,1.126226,0.84803023,0.8623082,0.51086944,0.48584947,13.546874,13.774958,8.1608933,7.7612113,1.4348224,1.3772069,1.9979345,1.9976063,0.35751954,0.54889313,0.85304157,0.85304157,0.85304157,0.85304157,3.3931493,3.3931493,3.3931493,3.3931493,1.2996584,1.2103455,1.1388683,1.1749027,0.41948453,0.40211796,0.38835562,0.39527741,0.066436183,0.072390736,0.077444099,0.074863995,6.7010633,6.4236407,6.203794,6.3143662,1.061286,1.1564071,1.2371322,1.1959162,1.9723263,1.9597396,1.9479517,1.9540829,0.99537843,1.0357094,1.0683275,1.0518485,0.64826204,0.75209742,0.85304157,0.85304157,0.85304157,0.85304157,3.3931493,3.3931493,3.3931493,3.3931493,1.115081,1.0761957,0.90180065,0.79816297,0.38380557,0.37640219,0.34379004,0.32492878,0.079183941,0.082091579,0.096126697,0.10526251,6.131109,6.0128436,5.4918803,5.1905807,1.2649253,1.3113734,1.5355777,1.681518,1.9436963,1.9363874,1.8983747,1.8719005,1.0792421,1.0971421,1.1781204,1.2265876,0.89969594,0.93695415,0.85304157,0.85304157,0.85304157,0.85304157,3.3931493,3.3931493,3.3931493,3.3931493,0.5408471,0.29369736,0.045513345,0.35751954,0.28007524,0.2400341,0.20318886,0.25006609,0.13062,0.15868181,0.19056986,0.1510826,4.474067,3.834429,3.2458442,3.9946853,2.0865916,2.5348655,3.0442618,2.4134717,1.7947121,1.7070546,1.6082055,1.7308235,1.3468634,1.4603522,1.5697507,1.4313763,0.98870644,0.98119993,0.85304157,0.85304157,0.85304157,0.85304157,3.3931493,3.3931493,3.3931493,3.3931493,0.54889313,0.64826204,0.75209742,0.89969594,0.28143124,0.29843375,0.3166836,0.3434029,0.12976808,0.11956331,0.10951898,0.096306238,4.4957285,4.7673354,5.058868,5.4856959,2.0729825,1.9099663,1.7495129,1.5384458,1.7973564,1.8288252,1.8592492,1.8978651,1.3431216,1.2967669,1.2481619,1.179103,1.0798864,1.0007728,0.85304157,0.85304157,0.85304157,0.85304157,3.3931493,3.3931493,3.3931493,3.3931493,0.93695415,0.98870644,0.98119993,1.0798864,0.35028005,0.35991412,0.35851103,0.37710297,0.093164245,0.088926559,0.089532166,0.081812195,5.5955551,5.7494547,5.7270409,6.0240383,1.4882539,1.4205589,1.4302332,1.3069104,1.9067102,1.9183703,1.9167247,1.9370998,1.1617237,1.1376438,1.1411316,1.0954402,1.126226,0.85304157,0.85304157,3.3931493,3.3931493,1.0007728,1.126226,0.36217349,0.38593544,0.087959471,0.078365128,5.785547,6.1651327,1.4051102,1.2518452,1.9209829,1.9457105,1.1320413,1.0741248,,,,,,,,,,,,,,,,,,,
kr,25,22,27,7008,3432.7085153427197,-6811.417030685439,-6626.337224604801,2026-07-23T12:05:02+00:00,0.205,3400.3707,-0.3189341,1.1761377,2.1771356,0.1336465,1.5624062,1.588261,1.4922561,1.3839385,1.2671774,0.95212531,0.75248252,0.67643173,0.38650303,0.21308768,14.744194,-0.3189341,-0.3189341,-0.3189341,-0.3189341,-0.3189341,-0.3189341,-0.3189341,-0.3189341,-0.3189341,-0.3189341,-0.3189341,-0.3189341,-0.3189341,-0.3189341,-0.3189341,-0.3189341,-0.3189341,-0.3189341,-0.3189341,-0.3189341,2.1771356,2.1771356,2.1771356,2.1771356,2.1771356,2.1771356,2.1771356,2.1771356,2.1771356,2.1771356,2.1771356,2.1771356,2.1771356,2.1771356,2.1771356,2.1771356,2.1771356,2.1771356,2.1771356,2.1771356,1.5624062,1.588261,1.4922561,1.3839385,1.2671774,0.95212531,0.75248252,0.67643173,0.38650303,0.21308768,9.4027146e-05,0.44587134,0.68070046,0.78542164,1.0171872,1.1980598,1.4043434,1.4771153,1.6402647,1.5017556,0.86436383,0.86715965,0.8565761,0.84396865,0.82958404,0.7866923,0.75652729,0.74445775,0.69573945,0.66475585,0.62512958,0.70604589,0.7451434,0.76165766,0.79603098,0.82068115,0.84639784,0.8548564,0.87266228,0.85764801,0.32194421,0.3173235,0.33461903,0.35456115,0.37651196,0.43757177,0.47715026,0.49230817,0.55000841,0.58409871,0.62509393,0.53823909,0.49145685,0.47059402,0.42478798,0.389702,0.3507718,0.33738023,0.3081158,0.33289117,12.744348,12.78557,12.629524,12.443638,12.231548,11.599144,11.154385,10.97643,10.258117,9.8012893,9.2170319,10.410078,10.986539,11.230028,11.736835,12.100282,12.479454,12.604169,12.866702,12.645329,4.7468079,4.6786793,4.9336879,5.2277184,5.5513654,6.4516431,7.035196,7.2586871,8.1094307,8.6120647,9.2165063,7.9359016,7.2461352,6.9385296,6.2631565,5.7458419,5.1718475,4.9743996,4.5429191,4.908212,1.3147603,1.3032419,1.3458736,1.3934122,1.4437628,1.5729548,1.6479649,1.674796,1.766675,1.8126844,1.8588148,1.7493099,1.6733177,1.6360291,1.5472397,1.4730271,1.3845111,1.3525585,1.2800064,1.3416735,1.7940459,1.7871834,1.8118449,1.8368921,1.8604327,1.9048848,1.9179026,1.9196813,1.9102816,1.8925562,1.8588502,1.9142855,1.9196282,1.9165853,1.8980629,1.872612,1.8324053,1.8155262,1.7728999,1.8095059,9.4027146e-05,-0.3189341,-0.3189341,2.1771356,2.1771356,1.8199807,1.7327335,0.89044993,0.88205074,0.27724137,0.29204077,13.128967,13.005127,4.0877005,4.3059058,1.1992828,1.2385254,1.7188429,1.7459684,0.44587134,0.68070046,1.1761377,1.1761377,1.1761377,1.1761377,2.1771356,2.1771356,2.1771356,2.1771356,1.5624062,1.588261,1.4922561,1.3839385,0.34644559,0.35122802,0.33359433,0.31413316,0.025153707,0.024403823,0.027286164,0.030873586,5.108061,5.178574,4.9185795,4.6316403,0.37087114,0.3598147,0.4023125,0.45520614,1.8271277,1.8329522,1.8104611,1.7823267,0.60128392,0.59248109,0.62556769,0.66419296,0.78542164,1.0171872,1.1761377,1.1761377,1.1761377,1.1761377,2.1771356,2.1771356,2.1771356,2.1771356,1.2671774,0.95212531,0.75248252,0.67643173,0.29372019,0.24194023,0.21188541,0.20103731,0.035169116,0.049246859,0.06028579,0.064968098,4.3306674,3.5672137,3.1240796,2.9641331,0.51854027,0.72610525,0.88886539,0.95790224,1.7489034,1.6444334,1.5691184,1.538906,0.70732147,0.83087114,0.91393623,0.94639799,1.1980598,1.4043434,1.1761377,1.1761377,1.1761377,1.1761377,2.1771356,2.1771356,2.1771356,2.1771356,0.38650303,0.21308768,9.4027146e-05,0.44587134,0.16283174,0.14240109,0.11977932,0.17024386,0.085438825,0.099801839,0.11976054,0.080895495,2.4008227,2.0995892,1.7660496,2.5101086,1.2597266,1.4714977,1.7657727,1.1927389,1.4177068,1.3418664,1.2468013,1.4431833,1.0733578,1.1509298,1.2467168,1.0470204,1.4771153,1.6402647,1.1761377,1.1761377,1.1761377,1.1761377,2.1771356,2.1771356,2.1771356,2.1771356,0.68070046,0.78542164,1.0171872,1.1980598,0.20163724,0.21668825,0.25221233,0.28193333,0.064698013,0.058341622,0.046020216,0.03793511,2.9729787,3.1948935,3.7186675,4.1568797,0.95392006,0.8602002,0.67853099,0.55932263,1.5406218,1.5819601,1.6675652,1.7276912,0.94456515,0.90000818,0.80455258,0.73355617,1.5017556,1.8199807,1.1761377,1.1761377,1.1761377,1.1761377,2.1771356,2.1771356,2.1771356,2.1771356,1.4043434,1.4771153,1.6402647,1.5017556,0.31776208,0.33084538,0.36091829,0.33532362,0.030169427,0.027765684,0.022952269,0.026988851,4.6851458,4.8780486,5.3214494,4.9440765,0.44482389,0.40938263,0.3384127,0.39792886,1.7878434,1.8067011,1.8441369,1.8127909,0.65681338,0.63088496,0.57501771,0.6222453,1.7327335,1.1761377,1.1761377,2.1771356,2.1771356,1.8199807,1.7327335,0.39506287,0.37836757,0.018483514,0.020550761,5.8248837,5.578725,0.27252451,0.30300441,1.877149,1.8622342,0.51719175,0.54477283,,,,,,,,,,,,,,,,,,,
nh,25,22,27,7872,5403.66978254141,-10753.33956508282,-10565.120744237054,2026-07-23T12:05:52+00:00,0.226,5380.9581,-0.18416061,0.81097464,2.4020686,0.14356102,1.7773772,1.9672498,1.7650106,1.6650154,1.5227466,1.1660809,1.0404331,0.70463951,0.50516735,0.22102012,13.843228,-0.18416061,-0.18416061,-0.18416061,-0.18416061,-0.18416061,-0.18416061,-0.18416061,-0.18416061,-0.18416061,-0.18416061,-0.18416061,-0.18416061,-0.18416061,-0.18416061,-0.18416061,-0.18416061,-0.18416061,-0.18416061,-0.18416061,-0.18416061,2.4020686,2.4020686,2.4020686,2.4020686,2.4020686,2.4020686,2.4020686,2.4020686,2.4020686,2.4020686,2.4020686,2.4020686,2.4020686,2.4020686,2.4020686,2.4020686,2.4020686,2.4020686,2.4020686,2.4020686,1.7773772,1.9672498,1.7650106,1.6650154,1.5227466,1.1660809,1.0404331,0.70463951,0.50516735,0.22102012,0.49896944,0.7818858,0.95734443,1.2072962,1.261432,1.4450958,1.5074307,1.6020184,1.310494,1.6151855,0.85833061,0.87855336,0.85693864,0.84534437,0.82780682,0.77851901,0.75940104,0.7041867,0.6688516,0.61587727,0.66772699,0.71738935,0.74628119,0.7845957,0.79242853,0.81771953,0.82584592,0.83772967,0.79937969,0.83934108,0.24055201,0.21201062,0.24248083,0.25838025,0.28189789,0.34499087,0.36841434,0.43322904,0.47272443,0.52935578,0.47395797,0.41808994,0.3841835,0.33742995,0.32759805,0.29515484,0.28448986,0.2686673,0.31878953,0.26650029,11.882066,12.162014,11.862797,11.702294,11.459518,10.777216,10.512561,9.7482167,9.2590648,8.5257291,9.2434967,9.930984,10.33094,10.861337,10.969768,11.319877,11.432373,11.596882,11.065995,11.619189,3.3300162,2.9349112,3.3567173,3.5768166,3.9023766,4.7757871,5.1000436,5.9972882,6.5440319,7.3279924,6.5611081,5.7877142,5.3183396,4.6711195,4.5350144,4.0858956,3.9382579,3.7192225,4.4130759,3.6892241,1.2974301,1.2153336,1.3027309,1.3452976,1.4047245,1.5449752,1.5903809,1.698132,1.7510353,1.8096758,1.7525309,1.6752916,1.6189978,1.5295681,1.5089768,1.4364514,1.411026,1.3717981,1.4899877,1.366282,1.5902749,1.5207494,1.5946089,1.6286921,1.6740086,1.7686673,1.7947463,1.8436618,1.8575543,1.8571153,1.8577994,1.8351918,1.8097296,1.7592453,1.7462395,1.6970338,1.6786493,1.6492389,1.7338493,1.645006,0.49896944,-0.18416061,-0.18416061,2.4020686,2.4020686,1.8229412,1.5,0.8633799,0.82488947,0.23351805,0.28575148,11.951964,11.419133,3.2326435,3.9557228,1.2778414,1.4140758,1.5740911,1.6808834,0.7818858,0.95734443,0.81097464,0.81097464,0.81097464,0.81097464,2.4020686,2.4020686,2.4020686,2.4020686,1.7773772,1.9672498,1.7650106,1.6650154,0.53097221,0.56853683,0.52851229,0.50858977,0.044597143,0.036358761,0.045182074,0.05014159,7.3503691,7.8703847,7.3163158,7.0405239,0.61736839,0.50332261,0.62546573,0.69412144,1.8567518,1.8427645,1.8572972,1.8600499,0.7680075,0.69643551,0.77279098,0.81198343,1.2072962,1.261432,0.81097464,0.81097464,0.81097464,0.81097464,2.4020686,2.4020686,2.4020686,2.4020686,1.5227466,1.1660809,1.0404331,0.70463951,0.48022005,0.4098487,0.38561817,0.32324101,0.057934938,0.081656522,0.091563055,0.12235504,6.6477953,5.6736288,5.3382,4.4746988,0.80200652,1.1303898,1.2675282,1.6937886,1.8588681,1.8298359,1.8109923,1.740199,0.86921938,1.0188651,1.0730654,1.2192395,1.4450958,1.5074307,0.81097464,0.81097464,0.81097464,0.81097464,2.4020686,2.4020686,2.4020686,2.4020686,0.50516735,0.22102012,0.49896944,0.7818858,0.28828872,0.24181861,0.2872318,0.33723113,0.14376442,0.17839871,0.14446783,0.11469774,3.9908463,3.34755,3.9762151,4.6683673,1.9901635,2.4696139,1.9999011,1.5877869,1.685328,1.5931259,1.6834844,1.7589908,1.3053922,1.424443,1.3080442,1.1856101,1.6020184,1.310494,0.81097464,0.81097464,0.81097464,0.81097464,2.4020686,2.4020686,2.4020686,2.4020686,0.95734443,1.2072962,1.261432,1.4450958,0.36983045,0.41787742,0.42847476,0.46476876,0.098586649,0.078589568,0.074694831,0.062573575,5.1196471,5.7847723,5.9314736,6.4338997,1.3647574,1.0879333,1.0340175,0.86622024,1.7961753,1.8350604,1.8411917,1.8557004,1.1091486,1.0012158,0.97815222,0.90112027,1.6151855,1.8229412,0.81097464,0.81097464,0.81097464,0.81097464,2.4020686,2.4020686,2.4020686,2.4020686,1.5074307,1.6020184,1.310494,1.6151855,0.47716933,0.49602443,0.43812385,0.49865083,0.058827807,0.053482727,0.071293958,0.052770187,6.6055635,6.866579,6.0650481,6.9029368,0.81436671,0.74037356,0.98693849,0.7305097,1.858384,1.8602656,1.8460243,1.8603176,0.87547662,0.83712387,0.95737962,0.83184167,1.5,0.81097464,0.81097464,2.4020686,2.4020686,1.8229412,1.5,0.54002469,0.4756897,0.042494449,0.059264867,7.4756847,6.5850808,0.58826033,0.82041703,1.8543544,1.8581242,0.75050818,0.87851871,,,,,,,,,,,,,,,,,,,
jf,31,23,28,7133,3523.9615334814625,-6991.923066962925,-6799.49342585914,2026-07-23T12:21:52+00:00,0.207,3485.7133,-0.53389398,0.85192129,3.387955,0.078502357,1.2897498,1.2397267,1.2741499,1.1514221,1.1163498,1.0776699,0.9025576,0.79893733,0.54138297,0.29371804,15.914049,-0.53389398,-0.53389398,-0.53389398,-0.53389398,-0.53389398,-0.53389398,-0.53389398,-0.53389398,-0.53389398,-0.53389398,-0.53389398,-0.53389398,-0.53389398,-0.53389398,-0.53389398,-0.53389398,-0.53389398,-0.53389398,-0.53389398,-0.53389398,3.387955,3.387955,3.387955,3.387955,3.387955,3.387955,3.387955,3.387955,3.387955,3.387955,3.387955,3.387955,3.387955,3.387955,3.387955,3.387955,3.387955,3.387955,3.387955,3.387955,1.2897498,1.2397267,1.2741499,1.1514221,1.1163498,1.0776699,0.9025576,0.79893733,0.54138297,0.29371804,0.043094659,0.35712094,0.54942962,0.64921246,0.75319372,0.90084224,0.93821853,0.98997903,0.98251305,1.0678189,0.88075489,0.87570016,0.87919436,0.86641537,0.86259859,0.85830362,0.8377304,0.82468362,0.78947054,0.7519861,0.71070358,0.7619083,0.7906299,0.80469184,0.81871815,0.8375197,0.84207035,0.84823279,0.84735391,0.8571954,0.45581574,0.46574539,0.45890968,0.48332227,0.49031426,0.49802885,0.53292124,0.55346687,0.60380275,0.65063484,0.69579579,0.63883012,0.6022515,0.58288819,0.56249466,0.53326222,0.5258273,0.51551672,0.51700473,0.49999384,14.016376,13.935935,13.991542,13.788176,13.727436,13.659086,13.331682,13.124055,12.563673,11.967143,11.310171,12.125046,12.582123,12.805905,13.02912,13.328329,13.400749,13.498818,13.484831,13.641449,7.2538739,7.4118947,7.3031109,7.6916141,7.802885,7.9256553,8.4809345,8.8078987,9.6089463,10.354234,11.072928,10.166374,9.5842597,9.2761111,8.9515673,8.4863609,8.3680412,8.2039582,8.2276384,7.9569263,1.2928203,1.3161438,1.3000989,1.3571619,1.3733787,1.391202,1.4708252,1.5168592,1.6263527,1.7227936,1.8088649,1.69908,1.6230589,1.5814859,1.5368614,1.4715947,1.4547768,1.4313204,1.4347149,1.3957298,1.9868176,1.9899344,1.9878739,1.9935109,1.9942465,1.9946053,1.9902925,1.9831839,1.9511633,1.9019487,1.8353287,1.916191,1.9524664,1.967022,1.9789792,1.9902023,1.991958,1.9936601,1.9934669,1.9946208,0.043094659,-0.53389398,-0.53389398,3.387955,3.387955,1.068003,1.0009866,0.85721617,0.84952242,0.49995711,0.51332247,13.64178,13.519341,7.9563417,8.1690388,1.3956452,1.4263091,1.9946208,1.9939126,0.35712094,0.54942962,-0.53389398,0.85192129,0.85192129,0.85192129,3.387955,3.387955,3.387955,3.387955,1.1275246,1.2897498,1.2397267,1.2741499,0.86382269,0.41798681,0.4082465,0.41494355,0.48808604,0.067223149,0.070539522,0.068244181,13.746916,6.6518624,6.4968547,6.6034319,7.767425,1.0697925,1.1225694,1.0860412,1.3682171,1.9676056,1.960749,1.9655484,1.9940545,0.99893826,1.0214616,1.0059449,0.64921246,0.75319372,0.85192129,0.85192129,0.85192129,0.85192129,3.387955,3.387955,3.387955,3.387955,1.1514221,1.1163498,1.0776699,0.9025576,0.39119329,0.38447585,0.37710753,0.34434168,0.076698856,0.079255639,0.082149679,0.096253229,6.2254691,6.1185675,6.0013076,5.4798702,1.2205893,1.2612781,1.307334,1.5317786,1.9468198,1.9406509,1.9334346,1.8955006,1.0615891,1.0776431,1.0954163,1.1765798,0.90084224,0.93821853,0.85192129,0.85192129,0.85192129,0.85192129,3.387955,3.387955,3.387955,3.387955,0.79893733,0.54138297,0.29371804,0.043094659,0.32547147,0.28054279,0.24038574,0.20316369,0.10539612,0.13080099,0.15895056,0.19120385,5.1795688,4.4645716,3.8255104,3.2331569,1.677279,2.0815734,2.529547,3.0428274,1.8691621,1.7922244,1.7046736,1.6050847,1.2249491,1.3451028,1.4585863,1.5687661,0.98997903,0.98251305,0.85192129,0.85192129,0.85192129,0.85192129,3.387955,3.387955,3.387955,3.387955,0.35712094,0.54942962,0.64921246,0.75319372,0.25035888,0.28189999,0.29898741,0.31727787,0.15139195,0.12994818,0.11969207,0.10962626,3.9842234,4.4861701,4.7581001,5.0491755,2.4092589,2.0680017,1.9047854,1.7445976,1.7282181,1.794859,1.8263319,1.8566593,1.4298659,1.3413682,1.2949122,1.2463322,1.0678189,1.068003,0.85192129,0.85192129,0.85192129,0.85192129,3.387955,3.387955,3.387955,3.387955,0.90084224,0.93821853,0.98997903,0.98251305,0.34402596,0.35092957,0.36057144,0.35917503,0.096399679,0.093245588,0.08900448,0.089607201,5.4748458,5.5847103,5.7381514,5.7159289,1.5341092,1.4839148,1.4164216,1.4260134,1.8950875,1.9039092,1.9154994,1.913873,1.1773791,1.1599769,1.1359374,1.1394,1.0009866,0.85192129,0.85192129,3.387955,3.387955,1.0678189,1.068003,0.37523797,0.37527289,0.0828993,0.082885239,5.9715553,5.972111,1.3192635,1.3190397,1.9315282,1.931564,1.0999534,1.0998685,1.1275246,0.85192129,0.85192129,3.387955,3.387955,1.0009866,1.1275246,0.36263364,0.38661251,0.088121364,0.078434084,5.7709693,6.1525703,1.4023677,1.2482038,1.9178691,1.9426553,1.1308356,1.0725214
kr,31,23,28,7006,3442.7383009633386,-6829.476601926677,-6637.549980221469,2026-07-23T12:22:52+00:00,0.205,3410.0582,-0.31797181,1.1817535,2.1608011,0.13461369,1.8556668,1.3890476,1.6115697,1.4309203,1.2713143,0.95433572,0.75489142,0.67848728,0.38726016,0.21531565,14.701759,-0.31797181,-0.31797181,-0.31797181,-0.31797181,-0.31797181,-0.31797181,-0.31797181,-0.31797181,-0.31797181,-0.31797181,-0.31797181,-0.31797181,-0.31797181,-0.31797181,-0.31797181,-0.31797181,-0.31797181,-0.31797181,-0.31797181,-0.31797181,2.1608011,2.1608011,2.1608011,2.1608011,2.1608011,2.1608011,2.1608011,2.1608011,2.1608011,2.1608011,2.1608011,2.1608011,2.1608011,2.1608011,2.1608011,2.1608011,2.1608011,2.1608011,2.1608011,2.1608011,1.8556668,1.3890476,1.6115697,1.4309203,1.2713143,0.95433572,0.75489142,0.67848728,0.38726016,0.21531565,8.5974102e-05,0.44698152,0.68309054,0.78796891,1.0210427,1.2016688,1.4086162,1.4816432,1.6373141,1.6515725,0.89358204,0.84434942,0.86944187,0.8492991,0.82986425,0.78673387,0.75660316,0.7444788,0.69553517,0.66481113,0.62476314,0.7059056,0.74521811,0.76175407,0.79630437,0.82090153,0.84667578,0.85515306,0.87215326,0.873638,0.27097676,0.35325329,0.31284113,0.34550369,0.37536182,0.43675721,0.47628732,0.49151441,0.54947765,0.58328869,0.62473053,0.53763648,0.49059642,0.46970452,0.42365588,0.38864108,0.34962381,0.33620243,0.30829633,0.30579174,13.137228,12.413422,12.782325,12.486191,12.200464,11.566372,11.123397,10.945148,10.22559,9.773893,9.1851172,10.378054,10.956017,11.199125,11.707075,12.068696,12.447623,12.572254,12.822187,12.844015,3.983835,5.1934447,4.5993149,5.079512,5.518479,6.4210992,7.0022615,7.2261263,8.0782879,8.5753697,9.1846378,7.904202,7.2126303,6.9054826,6.2284866,5.7137075,5.1400851,4.9427671,4.5324984,4.4956765,1.1823862,1.3900202,1.2918345,1.3717435,1.4407412,1.570578,1.6454178,1.6723389,1.7644639,1.81,1.8565006,1.7470339,1.6707468,1.633446,1.5442409,1.470199,1.3814927,1.3494638,1.2803417,1.2739684,1.7042031,1.8327147,1.7777683,1.8233271,1.856624,1.901746,1.9149864,1.9168675,1.9077341,1.8903581,1.8565328,1.9117046,1.9168046,1.9136212,1.894664,1.8689906,1.8283842,1.8113522,1.7706343,1.766617,8.5974102e-05,-0.31797181,-0.31797181,2.1608011,2.1608011,1.6396486,1.6268303,0.87239718,0.87105387,0.30788565,0.3101436,12.825773,12.806024,4.5264606,4.5596564,1.2792986,1.2850242,1.7699798,1.7735581,0.44698152,0.68309054,-0.31797181,1.1817535,1.1817535,1.1817535,2.1608011,2.1608011,2.1608011,2.1608011,1.9499134,1.8556668,1.3890476,1.6115697,0.9019821,0.39977865,0.31304779,0.35347013,0.25559532,0.01744698,0.03030861,0.023431387,13.260724,5.8774494,4.6023532,5.1966326,3.7577008,0.25650129,0.44558988,0.3444826,1.1400826,1.878236,1.7780879,1.8329698,1.6724982,0.50202203,0.65733148,0.58000939,0.78796891,1.0210427,1.1817535,1.1817535,1.1817535,1.1817535,2.1608011,2.1608011,2.1608011,2.1608011,1.4309203,1.2713143,0.95433572,0.75489142,0.32050278,0.29249987,0.24053408,0.21060963,0.028899877,0.034577133,0.048565825,0.059474624,4.7119547,4.3002626,3.5362741,3.0963321,0.42487902,0.50834468,0.71400305,0.8743816,1.7893463,1.7442581,1.6388043,1.5633985,0.64233953,0.70054805,0.8242129,0.90685064,1.2016688,1.4086162,1.1817535,1.1817535,1.1817535,1.1817535,2.1608011,2.1608011,2.1608011,2.1608011,0.67848728,0.38726016,0.21531565,8.5974102e-05,0.19975133,0.16154611,0.14138991,0.1186603,0.064130284,0.084506286,0.098627571,0.11864324,2.9366958,2.3750121,2.0786804,1.7445152,0.94282797,1.2423911,1.4499988,1.7442643,1.5329993,1.4111478,1.3359551,1.2399639,0.9393424,1.0664901,1.1432362,1.2398868,1.4816432,1.6373141,1.1817535,1.1817535,1.1817535,1.1817535,2.1608011,2.1608011,2.1608011,2.1608011,0.44698152,0.68309054,0.78796891,1.0210427,0.16896516,0.20039584,0.21541592,0.25103634,0.079974336,0.063841994,0.057543109,0.045296794,2.484085,2.9461713,3.1669929,3.6906758,1.1757634,0.93858961,0.84598492,0.66594256,1.4367885,1.5348521,1.576316,1.6625829,1.0400637,0.93737302,0.89291899,0.79735657,1.6515725,1.6396486,1.1817535,1.1817535,1.1817535,1.1817535,2.1608011,2.1608011,2.1608011,2.1608011,1.2016688,1.4086162,1.4816432,1.6373141,0.28064751,0.31652251,0.32963117,0.35826643,0.037326708,0.029643331,0.02726672,0.022727978,4.1260121,4.6534377,4.846158,5.2671468,0.54876826,0.4358091,0.40086875,0.33414126,1.722805,1.7834012,1.8024187,1.8385062,0.72683186,0.65030014,0.62445046,0.57144283,1.6268303,1.1817535,1.1817535,2.1608011,2.1608011,1.6515725,1.6396486,0.36093256,0.35870248,0.022346114,0.022665083,5.3063435,5.2735575,0.32852719,0.33321658,1.841497,1.8389995,0.56673264,0.57066996,1.9499134,1.1817535,1.1817535,2.1608011,2.1608011,1.6268303,1.9499134,0.3563105,0.41808429,0.023012246,0.015514129,5.2383912,6.1465745,0.3383205,0.22808498,1.8362727,1.8912399,0.57492172,0.47386331
nh,31,23,28,7864,5406.3451863832,-10756.6903727664,-10561.528954235244,2026-07-23T12:23:41+00:00,0.226,5383.412,-0.18340758,0.81124748,2.4146204,0.1436246,1.7891255,1.9007685,1.8270632,1.7240165,1.621694,1.5183354,1.1624686,1.036768,0.70234454,0.50325184,13.941345,-0.18340758,-0.18340758,-0.18340758,-0.18340758,-0.18340758,-0.18340758,-0.18340758,-0.18340758,-0.18340758,-0.18340758,-0.18340758,-0.18340758,-0.18340758,-0.18340758,-0.18340758,-0.18340758,-0.18340758,-0.18340758,-0.18340758,-0.18340758,2.4146204,2.4146204,2.4146204,2.4146204,2.4146204,2.4146204,2.4146204,2.4146204,2.4146204,2.4146204,2.4146204,2.4146204,2.4146204,2.4146204,2.4146204,2.4146204,2.4146204,2.4146204,2.4146204,2.4146204,1.7891255,1.9007685,1.8270632,1.7240165,1.621694,1.5183354,1.1624686,1.036768,0.70234454,0.50325184,0.22070947,0.49735803,0.77945325,0.95429367,1.203483,1.2581523,1.4408921,1.50274,1.5599554,1.6578954,0.8594765,0.87155906,0.86366601,0.85208458,0.83995053,0.82705091,0.77775758,0.75859543,0.70352979,0.66823094,0.61553023,0.66716076,0.71672309,0.74555095,0.78381692,0.79174294,0.81696348,0.82504854,0.83232289,0.8443159,0.23849404,0.22154769,0.23265719,0.24869547,0.26518561,0.28238866,0.34537896,0.36882143,0.4333842,0.47280591,0.52911797,0.47397894,0.41827085,0.38447858,0.33785149,0.32791834,0.29562053,0.28503024,0.27539721,0.25928861,11.982258,12.150706,12.040666,11.879205,11.71004,11.530202,10.842987,10.575841,9.8081515,9.3160381,8.5813193,9.3011183,9.9920838,10.393983,10.927462,11.037961,11.38957,11.502286,11.603701,11.770899,3.3249277,3.0886728,3.2435541,3.4671493,3.6970441,3.9368777,4.8150473,5.1418668,6.0419587,6.5915504,7.3766161,6.607904,5.8312582,5.3601485,4.7101042,4.5716227,4.1213478,3.9737049,3.8394076,3.6148319,1.2976089,1.249259,1.2812307,1.3255631,1.369009,1.4121395,1.5523439,1.5978286,1.7052345,1.7580595,1.8163859,1.7594821,1.6824169,1.6262654,1.5369881,1.5161574,1.4438515,1.4185703,1.3948745,1.3537141,1.5912109,1.5506078,1.5776305,1.6139656,1.6482237,1.6808177,1.7753961,1.8015094,1.8502619,1.8641423,1.8637371,1.8643757,1.8417961,1.8163937,1.7660092,1.7528559,1.7038171,1.68555,1.6679465,1.6363212,0.22070947,-0.18340758,-0.18340758,2.4146204,2.4146204,1.4318973,1.6111342,0.81576853,0.83866224,0.29717564,0.26691849,11.372911,11.69208,4.1430282,3.7212028,1.4474971,1.3734533,1.7064059,1.6516492,0.49735803,0.77945325,-0.18340758,0.81124748,0.81124748,0.81124748,2.4146204,2.4146204,2.4146204,2.4146204,1.8181733,1.7891255,1.9007685,1.8270632,0.86269204,0.53319957,0.55532896,0.54073442,0.23401776,0.044021709,0.039065769,0.042283646,12.027087,7.4335191,7.7420327,7.5385651,3.2625223,0.61372184,0.54462937,0.5894909,1.2850739,1.8627855,1.85544,1.8606997,1.5808334,0.76596655,0.72343141,0.75137545,0.95429367,1.203483,0.81124748,0.81124748,0.81124748,0.81124748,2.4146204,2.4146204,2.4146204,2.4146204,1.7240165,1.621694,1.5183354,1.1624686,0.52024191,0.49984023,0.47923257,0.40904076,0.047138484,0.052391559,0.058159275,0.081888279,7.252872,6.9684452,6.6811466,5.7025783,0.65717387,0.7304088,0.81081851,1.1416328,1.865375,1.8669054,1.8652945,1.8357536,0.79132527,0.83195045,0.87387751,1.0237902,1.2581523,1.4408921,0.81124748,0.81124748,0.81124748,0.81124748,2.4146204,2.4146204,2.4146204,2.4146204,1.036768,0.70234454,0.50325184,0.22070947,0.38481326,0.32273112,0.2878688,0.24168498,0.091819857,0.1225325,0.14391968,0.17836805,5.3648144,4.4993058,4.0132782,3.3694136,1.2800923,1.7082679,2.006434,2.4866905,1.81669,1.7456345,1.6905563,1.5984608,1.0782182,1.224316,1.3105986,1.429386,1.50274,1.5599554,0.81124748,0.81124748,0.81124748,0.81124748,2.4146204,2.4146204,2.4146204,2.4146204,0.49735803,0.77945325,0.95429367,1.203483,0.28686439,0.33668739,0.36915181,0.41702664,0.14458902,0.11488062,0.098804368,0.07882948,3.9992754,4.6938751,5.1464727,5.8139123,2.0157654,1.6015904,1.3774658,1.098989,1.6887942,1.7645131,1.8018443,1.8410204,1.313129,1.1906295,1.1141661,1.0061592,1.6578954,1.4318973,0.81124748,0.81124748,0.81124748,0.81124748,2.4146204,2.4146204,2.4146204,2.4146204,1.2581523,1.4408921,1.50274,1.5599554,0.42772413,0.46382518,0.47612661,0.4875272,0.07488793,0.062799043,0.059071295,0.055779454,5.9630497,6.4663468,6.6378454,6.7967848,1.0440385,0.87550312,0.8235333,0.77764061,1.8472979,1.862013,1.8647763,1.8663246,0.982778,0.90582689,0.88027616,0.8568922,1.6111342,0.81124748,0.81124748,2.4146204,2.4146204,1.6578954,1.4318973,0.507061,0.46203875,0.050482294,0.063356121,7.0691124,6.4414415,0.70379108,0.88326954,1.8667194,1.8615171,0.81747299,0.90956529,1.8181733,0.81124748,0.81124748,2.4146204,2.4146204,1.6111342,1.8181733,0.49773387,0.53897001,0.052959155,0.042685859,6.9390796,7.5139668,0.73832186,0.59509829,1.8668864,1.8612265,0.83619433,0.75478209
